filepath,source,label,duration_sec,sample_rate,channels,corrupt
data\raw\deep_voice\real\biden-original.wav,deep_voice,real,600.0029791666667,48000,2,False
data\raw\deep_voice\real\linus-original.wav,deep_voice,real,570.3575510204082,44100,2,False
data\raw\deep_voice\real\margot-original.wav,deep_voice,real,79.48718820861679,44100,2,False
data\raw\deep_voice\real\musk-original.wav,deep_voice,real,600.1337641723356,44100,2,False
data\raw\deep_voice\real\obama-original.wav,deep_voice,real,600.4493541666667,48000,2,False
data\raw\deep_voice\real\ryan-original.wav,deep_voice,real,93.69036281179139,44100,2,False
data\raw\deep_voice\real\taylor-original.wav,deep_voice,real,600.1763038548753,44100,2,False
data\raw\deep_voice\real\trump-original.wav,deep_voice,real,600.4309375,48000,2,False
data\raw\deep_voice\fake\biden-to-linus.wav,deep_voice,fake,600.0,44100,2,False
data\raw\deep_voice\fake\biden-to-margot.wav,deep_voice,fake,600.0,44100,2,False
data\raw\deep_voice\fake\biden-to-musk.wav,deep_voice,fake,600.0,44100,2,False
data\raw\deep_voice\fake\biden-to-Obama.wav,deep_voice,fake,600.0,40000,2,False
data\raw\deep_voice\fake\biden-to-ryan.wav,deep_voice,fake,600.0,44100,2,False
data\raw\deep_voice\fake\biden-to-taylor.wav,deep_voice,fake,600.0,44100,2,False
data\raw\deep_voice\fake\biden-to-Trump.wav,deep_voice,fake,600.0,40000,2,False
data\raw\deep_voice\fake\linus-to-biden.wav,deep_voice,fake,570.3575510204082,44100,2,False
data\raw\deep_voice\fake\linus-to-margot.wav,deep_voice,fake,570.3575510204082,44100,2,False
data\raw\deep_voice\fake\linus-to-musk.wav,deep_voice,fake,570.3575510204082,44100,2,False
data\raw\deep_voice\fake\linus-to-obama.wav,deep_voice,fake,570.3575510204082,44100,2,False
data\raw\deep_voice\fake\linus-to-ryan.wav,deep_voice,fake,570.3575510204082,44100,2,False
data\raw\deep_voice\fake\linus-to-taylor.wav,deep_voice,fake,570.3575510204082,44100,2,False
data\raw\deep_voice\fake\linus-to-trump.wav,deep_voice,fake,570.3575510204082,44100,2,False
data\raw\deep_voice\fake\margot-to-biden.wav,deep_voice,fake,79.48718820861679,44100,2,False
data\raw\deep_voice\fake\margot-to-linus.wav,deep_voice,fake,79.48718820861679,44100,2,False
data\raw\deep_voice\fake\margot-to-musk.wav,deep_voice,fake,79.48718820861679,44100,2,False
data\raw\deep_voice\fake\margot-to-obama.wav,deep_voice,fake,79.48718820861679,44100,2,False
data\raw\deep_voice\fake\margot-to-ryan.wav,deep_voice,fake,79.48718820861679,44100,2,False
data\raw\deep_voice\fake\margot-to-taylor.wav,deep_voice,fake,79.48718820861679,44100,2,False
data\raw\deep_voice\fake\margot-to-trump.wav,deep_voice,fake,79.48718820861679,44100,2,False
data\raw\deep_voice\fake\musk-to-biden.wav,deep_voice,fake,600.0,44100,2,False
data\raw\deep_voice\fake\musk-to-linus.wav,deep_voice,fake,600.0,44100,2,False
data\raw\deep_voice\fake\musk-to-margot.wav,deep_voice,fake,600.0,44100,2,False
data\raw\deep_voice\fake\musk-to-obama.wav,deep_voice,fake,600.0,44100,2,False
data\raw\deep_voice\fake\musk-to-ryan.wav,deep_voice,fake,600.0,44100,2,False
data\raw\deep_voice\fake\musk-to-taylor.wav,deep_voice,fake,600.0,44100,2,False
data\raw\deep_voice\fake\musk-to-trump.wav,deep_voice,fake,600.0,44100,2,False
data\raw\deep_voice\fake\Obama-to-Biden.wav,deep_voice,fake,600.0,40000,2,False
data\raw\deep_voice\fake\obama-to-linus.wav,deep_voice,fake,600.0,44100,2,False
data\raw\deep_voice\fake\obama-to-margot.wav,deep_voice,fake,600.0,44100,2,False
data\raw\deep_voice\fake\obama-to-musk.wav,deep_voice,fake,600.0,44100,2,False
data\raw\deep_voice\fake\obama-to-ryan.wav,deep_voice,fake,600.0,44100,2,False
data\raw\deep_voice\fake\obama-to-taylor.wav,deep_voice,fake,600.0,44100,2,False
data\raw\deep_voice\fake\Obama-to-Trump.wav,deep_voice,fake,600.0,40000,2,False
data\raw\deep_voice\fake\ryan-to-biden.wav,deep_voice,fake,93.69036281179139,44100,2,False
data\raw\deep_voice\fake\ryan-to-linus.wav,deep_voice,fake,93.69036281179139,44100,2,False
data\raw\deep_voice\fake\ryan-to-margot.wav,deep_voice,fake,93.69036281179139,44100,2,False
data\raw\deep_voice\fake\ryan-to-musk.wav,deep_voice,fake,93.69036281179139,44100,2,False
data\raw\deep_voice\fake\ryan-to-obama.wav,deep_voice,fake,93.69036281179139,44100,2,False
data\raw\deep_voice\fake\ryan-to-taylor.wav,deep_voice,fake,93.69036281179139,44100,2,False
data\raw\deep_voice\fake\ryan-to-trump.wav,deep_voice,fake,93.69036281179139,44100,2,False
data\raw\deep_voice\fake\taylor-to-biden.wav,deep_voice,fake,600.0,44100,2,False
data\raw\deep_voice\fake\taylor-to-linus.wav,deep_voice,fake,600.0,44100,2,False
data\raw\deep_voice\fake\taylor-to-margot.wav,deep_voice,fake,600.0,44100,2,False
data\raw\deep_voice\fake\taylor-to-musk.wav,deep_voice,fake,600.0,44100,2,False
data\raw\deep_voice\fake\taylor-to-obama.wav,deep_voice,fake,600.0,44100,2,False
data\raw\deep_voice\fake\taylor-to-ryan.wav,deep_voice,fake,600.0,44100,2,False
data\raw\deep_voice\fake\taylor-to-trump.wav,deep_voice,fake,600.0,44100,2,False
data\raw\deep_voice\fake\trump-to-Biden.wav,deep_voice,fake,600.0,44100,2,False
data\raw\deep_voice\fake\trump-to-linus.wav,deep_voice,fake,600.0,44100,2,False
data\raw\deep_voice\fake\trump-to-margot.wav,deep_voice,fake,600.0,44100,2,False
data\raw\deep_voice\fake\trump-to-musk.wav,deep_voice,fake,600.0,44100,2,False
data\raw\deep_voice\fake\trump-to-Obama.wav,deep_voice,fake,600.0,44100,2,False
data\raw\deep_voice\fake\trump-to-ryan.wav,deep_voice,fake,600.0,44100,2,False
data\raw\deep_voice\fake\trump-to-taylor.wav,deep_voice,fake,600.0,44100,2,False
data\raw\gary_stafford\real\gs_00000.wav,gary_stafford,real,5.236984126984127,44100,2,False
data\raw\gary_stafford\real\gs_00001.wav,gary_stafford,real,4.641995464852608,44100,2,False
data\raw\gary_stafford\real\gs_00002.wav,gary_stafford,real,5.79,44100,2,False
data\raw\gary_stafford\real\gs_00003.wav,gary_stafford,real,3.7209977324263037,44100,2,False
data\raw\gary_stafford\real\gs_00004.wav,gary_stafford,real,4.447006802721089,44100,2,False
data\raw\gary_stafford\real\gs_00005.wav,gary_stafford,real,9.442993197278911,44100,2,False
data\raw\gary_stafford\real\gs_00006.wav,gary_stafford,real,6.533015873015873,44100,2,False
data\raw\gary_stafford\real\gs_00007.wav,gary_stafford,real,2.8060090702947846,44100,2,False
data\raw\gary_stafford\real\gs_00008.wav,gary_stafford,real,3.33,44100,2,False
data\raw\gary_stafford\real\gs_00009.wav,gary_stafford,real,4.092993197278911,44100,2,False
data\raw\gary_stafford\real\gs_00010.wav,gary_stafford,real,10.311995464852608,44100,2,False
data\raw\gary_stafford\real\gs_00011.wav,gary_stafford,real,2.804988662131519,44100,2,False
data\raw\gary_stafford\real\gs_00012.wav,gary_stafford,real,3.74,44100,2,False
data\raw\gary_stafford\real\gs_00013.wav,gary_stafford,real,2.8060090702947846,44100,2,False
data\raw\gary_stafford\real\gs_00014.wav,gary_stafford,real,4.980997732426304,44100,2,False
data\raw\gary_stafford\real\gs_00015.wav,gary_stafford,real,5.545986394557823,44100,2,False
data\raw\gary_stafford\real\gs_00016.wav,gary_stafford,real,5.609002267573696,44100,2,False
data\raw\gary_stafford\real\gs_00017.wav,gary_stafford,real,3.9250113378684808,44100,2,False
data\raw\gary_stafford\real\gs_00018.wav,gary_stafford,real,3.949002267573696,44100,2,False
data\raw\gary_stafford\real\gs_00019.wav,gary_stafford,real,3.0419954648526075,44100,2,False
data\raw\gary_stafford\real\gs_00020.wav,gary_stafford,real,4.61498866213152,44100,2,False
data\raw\gary_stafford\real\gs_00021.wav,gary_stafford,real,7.290997732426304,44100,2,False
data\raw\gary_stafford\real\gs_00022.wav,gary_stafford,real,5.74498866213152,44100,2,False
data\raw\gary_stafford\real\gs_00023.wav,gary_stafford,real,9.410997732426305,44100,2,False
data\raw\gary_stafford\real\gs_00024.wav,gary_stafford,real,6.754988662131519,44100,2,False
data\raw\gary_stafford\real\gs_00025.wav,gary_stafford,real,3.044013605442177,44100,2,False
data\raw\gary_stafford\real\gs_00026.wav,gary_stafford,real,6.3139909297052155,44100,2,False
data\raw\gary_stafford\real\gs_00027.wav,gary_stafford,real,3.282018140589569,44100,2,False
data\raw\gary_stafford\real\gs_00028.wav,gary_stafford,real,3.5270068027210884,44100,2,False
data\raw\gary_stafford\real\gs_00029.wav,gary_stafford,real,2.855986394557823,44100,2,False
data\raw\gary_stafford\real\gs_00030.wav,gary_stafford,real,2.9070068027210882,44100,2,False
data\raw\gary_stafford\real\gs_00031.wav,gary_stafford,real,5.952018140589569,44100,2,False
data\raw\gary_stafford\real\gs_00032.wav,gary_stafford,real,3.4539909297052156,44100,2,False
data\raw\gary_stafford\real\gs_00033.wav,gary_stafford,real,4.382993197278911,44100,2,False
data\raw\gary_stafford\real\gs_00034.wav,gary_stafford,real,3.2850113378684807,44100,2,False
data\raw\gary_stafford\real\gs_00035.wav,gary_stafford,real,4.890997732426304,44100,2,False
data\raw\gary_stafford\real\gs_00036.wav,gary_stafford,real,3.3249886621315192,44100,2,False
data\raw\gary_stafford\real\gs_00037.wav,gary_stafford,real,3.0970068027210886,44100,2,False
data\raw\gary_stafford\real\gs_00038.wav,gary_stafford,real,6.137006802721088,44100,2,False
data\raw\gary_stafford\real\gs_00039.wav,gary_stafford,real,3.0870068027210884,44100,2,False
data\raw\gary_stafford\real\gs_00040.wav,gary_stafford,real,6.430997732426304,44100,2,False
data\raw\gary_stafford\real\gs_00041.wav,gary_stafford,real,5.051995464852608,44100,2,False
data\raw\gary_stafford\real\gs_00042.wav,gary_stafford,real,3.3719954648526076,44100,2,False
data\raw\gary_stafford\real\gs_00043.wav,gary_stafford,real,6.433015873015873,44100,2,False
data\raw\gary_stafford\real\gs_00044.wav,gary_stafford,real,3.156984126984127,44100,2,False
data\raw\gary_stafford\real\gs_00045.wav,gary_stafford,real,4.742993197278912,44100,2,False
data\raw\gary_stafford\real\gs_00046.wav,gary_stafford,real,4.221995464852608,44100,2,False
data\raw\gary_stafford\real\gs_00047.wav,gary_stafford,real,4.148004535147392,44100,2,False
data\raw\gary_stafford\real\gs_00048.wav,gary_stafford,real,3.9170068027210885,44100,2,False
data\raw\gary_stafford\real\gs_00049.wav,gary_stafford,real,4.34,44100,2,False
data\raw\gary_stafford\real\gs_00050.wav,gary_stafford,real,3.9319954648526076,44100,2,False
data\raw\gary_stafford\real\gs_00051.wav,gary_stafford,real,3.954988662131519,44100,2,False
data\raw\gary_stafford\real\gs_00052.wav,gary_stafford,real,3.5570068027210886,44100,2,False
data\raw\gary_stafford\real\gs_00053.wav,gary_stafford,real,2.981995464852608,44100,2,False
data\raw\gary_stafford\real\gs_00054.wav,gary_stafford,real,3.691995464852608,44100,2,False
data\raw\gary_stafford\real\gs_00055.wav,gary_stafford,real,5.382993197278911,44100,2,False
data\raw\gary_stafford\real\gs_00056.wav,gary_stafford,real,3.5090022675736963,44100,2,False
data\raw\gary_stafford\real\gs_00057.wav,gary_stafford,real,4.516984126984127,44100,2,False
data\raw\gary_stafford\real\gs_00058.wav,gary_stafford,real,3.144988662131519,44100,2,False
data\raw\gary_stafford\real\gs_00059.wav,gary_stafford,real,11.18498866213152,44100,2,False
data\raw\gary_stafford\real\gs_00060.wav,gary_stafford,real,2.631995464852608,44100,2,False
data\raw\gary_stafford\real\gs_00061.wav,gary_stafford,real,2.734013605442177,44100,2,False
data\raw\gary_stafford\real\gs_00062.wav,gary_stafford,real,3.977981859410431,44100,2,False
data\raw\gary_stafford\real\gs_00063.wav,gary_stafford,real,2.7919954648526075,44100,2,False
data\raw\gary_stafford\real\gs_00064.wav,gary_stafford,real,2.7739909297052154,44100,2,False
data\raw\gary_stafford\real\gs_00065.wav,gary_stafford,real,3.976984126984127,44100,2,False
data\raw\gary_stafford\real\gs_00066.wav,gary_stafford,real,2.7439909297052156,44100,2,False
data\raw\gary_stafford\real\gs_00067.wav,gary_stafford,real,2.74,44100,2,False
data\raw\gary_stafford\real\gs_00068.wav,gary_stafford,real,4.047006802721088,44100,2,False
data\raw\gary_stafford\real\gs_00069.wav,gary_stafford,real,3.0570068027210886,44100,2,False
data\raw\gary_stafford\real\gs_00070.wav,gary_stafford,real,2.546984126984127,44100,2,False
data\raw\gary_stafford\real\gs_00071.wav,gary_stafford,real,3.513990929705215,44100,2,False
data\raw\gary_stafford\real\gs_00072.wav,gary_stafford,real,4.95,44100,2,False
data\raw\gary_stafford\real\gs_00073.wav,gary_stafford,real,2.71,44100,2,False
data\raw\gary_stafford\real\gs_00074.wav,gary_stafford,real,3.0849886621315195,44100,2,False
data\raw\gary_stafford\real\gs_00075.wav,gary_stafford,real,5.46501133786848,44100,2,False
data\raw\gary_stafford\real\gs_00076.wav,gary_stafford,real,2.796984126984127,44100,2,False
data\raw\gary_stafford\real\gs_00077.wav,gary_stafford,real,3.1460090702947845,44100,2,False
data\raw\gary_stafford\real\gs_00078.wav,gary_stafford,real,4.113015873015873,44100,2,False
data\raw\gary_stafford\real\gs_00079.wav,gary_stafford,real,5.008004535147392,44100,2,False
data\raw\gary_stafford\real\gs_00080.wav,gary_stafford,real,4.45498866213152,44100,2,False
data\raw\gary_stafford\real\gs_00081.wav,gary_stafford,real,3.372018140589569,44100,2,False
data\raw\gary_stafford\real\gs_00082.wav,gary_stafford,real,3.2339909297052154,44100,2,False
data\raw\gary_stafford\real\gs_00083.wav,gary_stafford,real,6.459002267573696,44100,2,False
data\raw\gary_stafford\real\gs_00084.wav,gary_stafford,real,12.131995464852608,44100,2,False
data\raw\gary_stafford\real\gs_00085.wav,gary_stafford,real,5.594013605442177,44100,2,False
data\raw\gary_stafford\real\gs_00086.wav,gary_stafford,real,3.1370068027210882,44100,2,False
data\raw\gary_stafford\real\gs_00087.wav,gary_stafford,real,4.690997732426304,44100,2,False
data\raw\gary_stafford\real\gs_00088.wav,gary_stafford,real,7.344013605442177,44100,2,False
data\raw\gary_stafford\real\gs_00089.wav,gary_stafford,real,3.9309977324263037,44100,2,False
data\raw\gary_stafford\real\gs_00090.wav,gary_stafford,real,2.6670068027210885,44100,2,False
data\raw\gary_stafford\real\gs_00091.wav,gary_stafford,real,2.9270068027210883,44100,2,False
data\raw\gary_stafford\real\gs_00092.wav,gary_stafford,real,2.710997732426304,44100,2,False
data\raw\gary_stafford\real\gs_00093.wav,gary_stafford,real,5.859002267573696,44100,2,False
data\raw\gary_stafford\real\gs_00094.wav,gary_stafford,real,3.8160090702947844,44100,2,False
data\raw\gary_stafford\real\gs_00095.wav,gary_stafford,real,6.95,44100,2,False
data\raw\gary_stafford\real\gs_00096.wav,gary_stafford,real,5.3119954648526075,44100,2,False
data\raw\gary_stafford\real\gs_00097.wav,gary_stafford,real,3.58,44100,2,False
data\raw\gary_stafford\real\gs_00098.wav,gary_stafford,real,3.8519954648526076,44100,2,False
data\raw\gary_stafford\real\gs_00099.wav,gary_stafford,real,3.6880045351473925,44100,2,False
data\raw\gary_stafford\real\gs_00100.wav,gary_stafford,real,11.783990929705215,44100,2,False
data\raw\gary_stafford\real\gs_00101.wav,gary_stafford,real,9.1,44100,2,False
data\raw\gary_stafford\real\gs_00102.wav,gary_stafford,real,3.3050113378684807,44100,2,False
data\raw\gary_stafford\real\gs_00103.wav,gary_stafford,real,4.379002267573696,44100,2,False
data\raw\gary_stafford\real\gs_00104.wav,gary_stafford,real,5.002018140589569,44100,2,False
data\raw\gary_stafford\real\gs_00105.wav,gary_stafford,real,5.969002267573696,44100,2,False
data\raw\gary_stafford\real\gs_00106.wav,gary_stafford,real,3.3580045351473924,44100,2,False
data\raw\gary_stafford\real\gs_00107.wav,gary_stafford,real,3.5270068027210884,44100,2,False
data\raw\gary_stafford\real\gs_00108.wav,gary_stafford,real,2.840997732426304,44100,2,False
data\raw\gary_stafford\real\gs_00109.wav,gary_stafford,real,2.920997732426304,44100,2,False
data\raw\gary_stafford\real\gs_00110.wav,gary_stafford,real,4.155986394557823,44100,2,False
data\raw\gary_stafford\real\gs_00111.wav,gary_stafford,real,7.566984126984127,44100,2,False
data\raw\gary_stafford\real\gs_00112.wav,gary_stafford,real,2.56,44100,2,False
data\raw\gary_stafford\real\gs_00113.wav,gary_stafford,real,3.122018140589569,44100,2,False
data\raw\gary_stafford\real\gs_00114.wav,gary_stafford,real,7.238979591836735,44100,2,False
data\raw\gary_stafford\real\gs_00115.wav,gary_stafford,real,9.174013605442177,44100,2,False
data\raw\gary_stafford\real\gs_00116.wav,gary_stafford,real,4.975011337868481,44100,2,False
data\raw\gary_stafford\real\gs_00117.wav,gary_stafford,real,3.7580045351473923,44100,2,False
data\raw\gary_stafford\real\gs_00118.wav,gary_stafford,real,2.7529931972789115,44100,2,False
data\raw\gary_stafford\real\gs_00119.wav,gary_stafford,real,4.238979591836735,44100,2,False
data\raw\gary_stafford\real\gs_00120.wav,gary_stafford,real,6.221995464852608,44100,2,False
data\raw\gary_stafford\real\gs_00121.wav,gary_stafford,real,4.7319954648526075,44100,2,False
data\raw\gary_stafford\real\gs_00122.wav,gary_stafford,real,8.529002267573697,44100,2,False
data\raw\gary_stafford\real\gs_00123.wav,gary_stafford,real,3.435986394557823,44100,2,False
data\raw\gary_stafford\real\gs_00124.wav,gary_stafford,real,4.160997732426304,44100,2,False
data\raw\gary_stafford\real\gs_00125.wav,gary_stafford,real,2.563015873015873,44100,2,False
data\raw\gary_stafford\real\gs_00126.wav,gary_stafford,real,3.5460090702947844,44100,2,False
data\raw\gary_stafford\real\gs_00127.wav,gary_stafford,real,2.870997732426304,44100,2,False
data\raw\gary_stafford\real\gs_00128.wav,gary_stafford,real,2.6129931972789118,44100,2,False
data\raw\gary_stafford\real\gs_00129.wav,gary_stafford,real,5.822993197278912,44100,2,False
data\raw\gary_stafford\real\gs_00130.wav,gary_stafford,real,4.446009070294784,44100,2,False
data\raw\gary_stafford\real\gs_00131.wav,gary_stafford,real,3.1760090702947847,44100,2,False
data\raw\gary_stafford\real\gs_00132.wav,gary_stafford,real,3.7580045351473923,44100,2,False
data\raw\gary_stafford\real\gs_00133.wav,gary_stafford,real,3.8129931972789115,44100,2,False
data\raw\gary_stafford\real\gs_00134.wav,gary_stafford,real,3.809002267573696,44100,2,False
data\raw\gary_stafford\real\gs_00135.wav,gary_stafford,real,3.007981859410431,44100,2,False
data\raw\gary_stafford\real\gs_00136.wav,gary_stafford,real,3.236984126984127,44100,2,False
data\raw\gary_stafford\real\gs_00137.wav,gary_stafford,real,4.93,44100,2,False
data\raw\gary_stafford\real\gs_00138.wav,gary_stafford,real,2.7650113378684806,44100,2,False
data\raw\gary_stafford\real\gs_00139.wav,gary_stafford,real,2.749002267573696,44100,2,False
data\raw\gary_stafford\real\gs_00140.wav,gary_stafford,real,3.11,44100,2,False
data\raw\gary_stafford\real\gs_00141.wav,gary_stafford,real,2.618004535147392,44100,2,False
data\raw\gary_stafford\real\gs_00142.wav,gary_stafford,real,3.001995464852608,44100,2,False
data\raw\gary_stafford\real\gs_00143.wav,gary_stafford,real,3.5570068027210886,44100,2,False
data\raw\gary_stafford\real\gs_00144.wav,gary_stafford,real,3.2660090702947846,44100,2,False
data\raw\gary_stafford\real\gs_00145.wav,gary_stafford,real,2.7570068027210883,44100,2,False
data\raw\gary_stafford\real\gs_00146.wav,gary_stafford,real,6.330997732426304,44100,2,False
data\raw\gary_stafford\real\gs_00147.wav,gary_stafford,real,3.8510204081632655,44100,2,False
data\raw\gary_stafford\real\gs_00148.wav,gary_stafford,real,2.9639909297052154,44100,2,False
data\raw\gary_stafford\real\gs_00149.wav,gary_stafford,real,4.024988662131519,44100,2,False
data\raw\gary_stafford\real\gs_00150.wav,gary_stafford,real,2.7819954648526077,44100,2,False
data\raw\gary_stafford\real\gs_00151.wav,gary_stafford,real,4.984988662131519,44100,2,False
data\raw\gary_stafford\real\gs_00152.wav,gary_stafford,real,7.556984126984127,44100,2,False
data\raw\gary_stafford\real\gs_00153.wav,gary_stafford,real,5.948004535147392,44100,2,False
data\raw\gary_stafford\real\gs_00154.wav,gary_stafford,real,2.7089795918367345,44100,2,False
data\raw\gary_stafford\real\gs_00155.wav,gary_stafford,real,5.291995464852608,44100,2,False
data\raw\gary_stafford\real\gs_00156.wav,gary_stafford,real,4.911995464852608,44100,2,False
data\raw\gary_stafford\real\gs_00157.wav,gary_stafford,real,3.659002267573696,44100,2,False
data\raw\gary_stafford\real\gs_00158.wav,gary_stafford,real,2.61,44100,2,False
data\raw\gary_stafford\real\gs_00159.wav,gary_stafford,real,6.964988662131519,44100,2,False
data\raw\gary_stafford\real\gs_00160.wav,gary_stafford,real,6.21,44100,2,False
data\raw\gary_stafford\real\gs_00161.wav,gary_stafford,real,2.8249886621315192,44100,2,False
data\raw\gary_stafford\real\gs_00162.wav,gary_stafford,real,2.9470068027210883,44100,2,False
data\raw\gary_stafford\real\gs_00163.wav,gary_stafford,real,3.0519954648526078,44100,2,False
data\raw\gary_stafford\real\gs_00164.wav,gary_stafford,real,3.268004535147392,44100,2,False
data\raw\gary_stafford\real\gs_00165.wav,gary_stafford,real,2.91,44100,2,False
data\raw\gary_stafford\real\gs_00166.wav,gary_stafford,real,5.368004535147392,44100,2,False
data\raw\gary_stafford\real\gs_00167.wav,gary_stafford,real,2.808004535147392,44100,2,False
data\raw\gary_stafford\real\gs_00168.wav,gary_stafford,real,2.854013605442177,44100,2,False
data\raw\gary_stafford\real\gs_00169.wav,gary_stafford,real,8.004013605442177,44100,2,False
data\raw\gary_stafford\real\gs_00170.wav,gary_stafford,real,4.922993197278911,44100,2,False
data\raw\gary_stafford\real\gs_00171.wav,gary_stafford,real,6.888004535147393,44100,2,False
data\raw\gary_stafford\real\gs_00172.wav,gary_stafford,real,4.511995464852608,44100,2,False
data\raw\gary_stafford\real\gs_00173.wav,gary_stafford,real,3.1129931972789118,44100,2,False
data\raw\gary_stafford\real\gs_00174.wav,gary_stafford,real,5.533015873015873,44100,2,False
data\raw\gary_stafford\real\gs_00175.wav,gary_stafford,real,8.890997732426303,44100,2,False
data\raw\gary_stafford\real\gs_00176.wav,gary_stafford,real,3.0340136054421767,44100,2,False
data\raw\gary_stafford\real\gs_00177.wav,gary_stafford,real,2.9460090702947848,44100,2,False
data\raw\gary_stafford\real\gs_00178.wav,gary_stafford,real,7.07,44100,2,False
data\raw\gary_stafford\real\gs_00179.wav,gary_stafford,real,4.237981859410431,44100,2,False
data\raw\gary_stafford\real\gs_00180.wav,gary_stafford,real,5.398004535147392,44100,2,False
data\raw\gary_stafford\real\gs_00181.wav,gary_stafford,real,3.5310204081632652,44100,2,False
data\raw\gary_stafford\real\gs_00182.wav,gary_stafford,real,6.321995464852607,44100,2,False
data\raw\gary_stafford\real\gs_00183.wav,gary_stafford,real,4.28,44100,2,False
data\raw\gary_stafford\real\gs_00184.wav,gary_stafford,real,2.8580045351473924,44100,2,False
data\raw\gary_stafford\real\gs_00185.wav,gary_stafford,real,2.848004535147392,44100,2,False
data\raw\gary_stafford\real\gs_00186.wav,gary_stafford,real,3.1360090702947847,44100,2,False
data\raw\gary_stafford\real\gs_00187.wav,gary_stafford,real,2.7870068027210886,44100,2,False
data\raw\gary_stafford\real\gs_00188.wav,gary_stafford,real,3.514988662131519,44100,2,False
data\raw\gary_stafford\real\gs_00189.wav,gary_stafford,real,3.6260090702947845,44100,2,False
data\raw\gary_stafford\real\gs_00190.wav,gary_stafford,real,3.611995464852608,44100,2,False
data\raw\gary_stafford\real\gs_00191.wav,gary_stafford,real,2.8839909297052153,44100,2,False
data\raw\gary_stafford\real\gs_00192.wav,gary_stafford,real,5.402018140589569,44100,2,False
data\raw\gary_stafford\real\gs_00193.wav,gary_stafford,real,4.047006802721088,44100,2,False
data\raw\gary_stafford\real\gs_00194.wav,gary_stafford,real,2.650997732426304,44100,2,False
data\raw\gary_stafford\real\gs_00195.wav,gary_stafford,real,4.143015873015873,44100,2,False
data\raw\gary_stafford\real\gs_00196.wav,gary_stafford,real,3.750997732426304,44100,2,False
data\raw\gary_stafford\real\gs_00197.wav,gary_stafford,real,2.8909977324263036,44100,2,False
data\raw\gary_stafford\real\gs_00198.wav,gary_stafford,real,6.82498866213152,44100,2,False
data\raw\gary_stafford\real\gs_00199.wav,gary_stafford,real,6.826009070294784,44100,2,False
data\raw\gary_stafford\real\gs_00200.wav,gary_stafford,real,6.82498866213152,44100,2,False
data\raw\gary_stafford\real\gs_00201.wav,gary_stafford,real,6.825986394557823,44100,2,False
data\raw\gary_stafford\real\gs_00202.wav,gary_stafford,real,7.1039909297052155,44100,2,False
data\raw\gary_stafford\real\gs_00203.wav,gary_stafford,real,7.105011337868481,44100,2,False
data\raw\gary_stafford\real\gs_00204.wav,gary_stafford,real,7.1039909297052155,44100,2,False
data\raw\gary_stafford\real\gs_00205.wav,gary_stafford,real,7.104988662131519,44100,2,False
data\raw\gary_stafford\real\gs_00206.wav,gary_stafford,real,7.1040136054421765,44100,2,False
data\raw\gary_stafford\real\gs_00207.wav,gary_stafford,real,7.104988662131519,44100,2,False
data\raw\gary_stafford\real\gs_00208.wav,gary_stafford,real,7.105011337868481,44100,2,False
data\raw\gary_stafford\real\gs_00209.wav,gary_stafford,real,7.104988662131519,44100,2,False
data\raw\gary_stafford\real\gs_00210.wav,gary_stafford,real,7.1040136054421765,44100,2,False
data\raw\gary_stafford\real\gs_00211.wav,gary_stafford,real,7.105011337868481,44100,2,False
data\raw\gary_stafford\real\gs_00212.wav,gary_stafford,real,7.104988662131519,44100,2,False
data\raw\gary_stafford\real\gs_00213.wav,gary_stafford,real,6.8,44100,2,False
data\raw\gary_stafford\real\gs_00214.wav,gary_stafford,real,6.94,44100,2,False
data\raw\gary_stafford\real\gs_00215.wav,gary_stafford,real,6.940997732426304,44100,2,False
data\raw\gary_stafford\real\gs_00216.wav,gary_stafford,real,6.940997732426304,44100,2,False
data\raw\gary_stafford\real\gs_00217.wav,gary_stafford,real,6.940997732426304,44100,2,False
data\raw\gary_stafford\real\gs_00218.wav,gary_stafford,real,6.940997732426304,44100,2,False
data\raw\gary_stafford\real\gs_00219.wav,gary_stafford,real,6.940997732426304,44100,2,False
data\raw\gary_stafford\real\gs_00220.wav,gary_stafford,real,6.940997732426304,44100,2,False
data\raw\gary_stafford\real\gs_00221.wav,gary_stafford,real,6.940997732426304,44100,2,False
data\raw\gary_stafford\real\gs_00222.wav,gary_stafford,real,6.940997732426304,44100,2,False
data\raw\gary_stafford\real\gs_00223.wav,gary_stafford,real,6.29,44100,2,False
data\raw\gary_stafford\real\gs_00224.wav,gary_stafford,real,6.290997732426304,44100,2,False
data\raw\gary_stafford\real\gs_00225.wav,gary_stafford,real,6.290997732426304,44100,2,False
data\raw\gary_stafford\real\gs_00226.wav,gary_stafford,real,6.588979591836734,44100,2,False
data\raw\gary_stafford\real\gs_00227.wav,gary_stafford,real,6.589002267573696,44100,2,False
data\raw\gary_stafford\real\gs_00228.wav,gary_stafford,real,6.589002267573696,44100,2,False
data\raw\gary_stafford\real\gs_00229.wav,gary_stafford,real,9.518979591836734,44100,2,False
data\raw\gary_stafford\real\gs_00230.wav,gary_stafford,real,8.429002267573695,44100,2,False
data\raw\gary_stafford\real\gs_00231.wav,gary_stafford,real,2.9529931972789116,44100,2,False
data\raw\gary_stafford\real\gs_00232.wav,gary_stafford,real,5.013990929705216,44100,2,False
data\raw\gary_stafford\real\gs_00233.wav,gary_stafford,real,6.82498866213152,44100,2,False
data\raw\gary_stafford\real\gs_00234.wav,gary_stafford,real,6.825011337868481,44100,2,False
data\raw\gary_stafford\real\gs_00235.wav,gary_stafford,real,6.82498866213152,44100,2,False
data\raw\gary_stafford\real\gs_00236.wav,gary_stafford,real,6.825011337868481,44100,2,False
data\raw\gary_stafford\real\gs_00237.wav,gary_stafford,real,6.825011337868481,44100,2,False
data\raw\gary_stafford\real\gs_00238.wav,gary_stafford,real,6.825986394557823,44100,2,False
data\raw\gary_stafford\real\gs_00239.wav,gary_stafford,real,7.1039909297052155,44100,2,False
data\raw\gary_stafford\real\gs_00240.wav,gary_stafford,real,7.104988662131519,44100,2,False
data\raw\gary_stafford\real\gs_00241.wav,gary_stafford,real,7.105011337868481,44100,2,False
data\raw\gary_stafford\real\gs_00242.wav,gary_stafford,real,7.1039909297052155,44100,2,False
data\raw\gary_stafford\real\gs_00243.wav,gary_stafford,real,7.105011337868481,44100,2,False
data\raw\gary_stafford\real\gs_00244.wav,gary_stafford,real,7.104988662131519,44100,2,False
data\raw\gary_stafford\real\gs_00245.wav,gary_stafford,real,7.105011337868481,44100,2,False
data\raw\gary_stafford\real\gs_00246.wav,gary_stafford,real,7.104988662131519,44100,2,False
data\raw\gary_stafford\real\gs_00247.wav,gary_stafford,real,7.104988662131519,44100,2,False
data\raw\gary_stafford\real\gs_00248.wav,gary_stafford,real,7.105011337868481,44100,2,False
data\raw\gary_stafford\real\gs_00249.wav,gary_stafford,real,7.1039909297052155,44100,2,False
data\raw\gary_stafford\real\gs_00250.wav,gary_stafford,real,7.104988662131519,44100,2,False
data\raw\gary_stafford\real\gs_00251.wav,gary_stafford,real,7.105011337868481,44100,2,False
data\raw\gary_stafford\real\gs_00252.wav,gary_stafford,real,6.794988662131519,44100,2,False
data\raw\gary_stafford\real\gs_00253.wav,gary_stafford,real,6.79501133786848,44100,2,False
data\raw\gary_stafford\real\gs_00254.wav,gary_stafford,real,6.939002267573696,44100,2,False
data\raw\gary_stafford\real\gs_00255.wav,gary_stafford,real,6.94,44100,2,False
data\raw\gary_stafford\real\gs_00256.wav,gary_stafford,real,6.939002267573696,44100,2,False
data\raw\gary_stafford\real\gs_00257.wav,gary_stafford,real,6.939002267573696,44100,2,False
data\raw\gary_stafford\real\gs_00258.wav,gary_stafford,real,6.939002267573696,44100,2,False
data\raw\gary_stafford\real\gs_00259.wav,gary_stafford,real,6.94,44100,2,False
data\raw\gary_stafford\real\gs_00260.wav,gary_stafford,real,6.287981859410431,44100,2,False
data\raw\gary_stafford\real\gs_00261.wav,gary_stafford,real,6.2890022675736965,44100,2,False
data\raw\gary_stafford\real\gs_00262.wav,gary_stafford,real,6.2890022675736965,44100,2,False
data\raw\gary_stafford\real\gs_00263.wav,gary_stafford,real,6.588979591836734,44100,2,False
data\raw\gary_stafford\real\gs_00264.wav,gary_stafford,real,6.589002267573696,44100,2,False
data\raw\gary_stafford\real\gs_00265.wav,gary_stafford,real,6.589002267573696,44100,2,False
data\raw\gary_stafford\real\gs_00266.wav,gary_stafford,real,6.8979818594104305,44100,2,False
data\raw\gary_stafford\real\gs_00267.wav,gary_stafford,real,6.898004535147392,44100,2,False
data\raw\gary_stafford\real\gs_00268.wav,gary_stafford,real,6.9570068027210885,44100,2,False
data\raw\gary_stafford\real\gs_00269.wav,gary_stafford,real,6.487981859410431,44100,2,False
data\raw\gary_stafford\real\gs_00270.wav,gary_stafford,real,6.489002267573696,44100,2,False
data\raw\gary_stafford\real\gs_00271.wav,gary_stafford,real,6.488004535147392,44100,2,False
data\raw\gary_stafford\real\gs_00272.wav,gary_stafford,real,2.679002267573696,44100,2,False
data\raw\gary_stafford\real\gs_00273.wav,gary_stafford,real,3.0260090702947844,44100,2,False
data\raw\gary_stafford\real\gs_00274.wav,gary_stafford,real,3.05,44100,2,False
data\raw\gary_stafford\real\gs_00275.wav,gary_stafford,real,8.161995464852607,44100,2,False
data\raw\gary_stafford\real\gs_00276.wav,gary_stafford,real,6.3750113378684805,44100,2,False
data\raw\gary_stafford\real\gs_00277.wav,gary_stafford,real,5.040997732426304,44100,2,False
data\raw\gary_stafford\real\gs_00278.wav,gary_stafford,real,7.8520181405895695,44100,2,False
data\raw\gary_stafford\real\gs_00279.wav,gary_stafford,real,4.921995464852608,44100,2,False
data\raw\gary_stafford\real\gs_00280.wav,gary_stafford,real,2.7990022675736963,44100,2,False
data\raw\gary_stafford\real\gs_00281.wav,gary_stafford,real,4.388004535147393,44100,2,False
data\raw\gary_stafford\real\gs_00282.wav,gary_stafford,real,6.629002267573696,44100,2,False
data\raw\gary_stafford\real\gs_00283.wav,gary_stafford,real,6.629002267573696,44100,2,False
data\raw\gary_stafford\real\gs_00284.wav,gary_stafford,real,6.598979591836735,44100,2,False
data\raw\gary_stafford\real\gs_00285.wav,gary_stafford,real,6.6,44100,2,False
data\raw\gary_stafford\real\gs_00286.wav,gary_stafford,real,6.595986394557823,44100,2,False
data\raw\gary_stafford\real\gs_00287.wav,gary_stafford,real,6.596009070294785,44100,2,False
data\raw\gary_stafford\real\gs_00288.wav,gary_stafford,real,5.508979591836734,44100,2,False
data\raw\gary_stafford\real\gs_00289.wav,gary_stafford,real,5.072993197278912,44100,2,False
data\raw\gary_stafford\real\gs_00290.wav,gary_stafford,real,2.63,44100,2,False
data\raw\gary_stafford\real\gs_00291.wav,gary_stafford,real,4.439002267573696,44100,2,False
data\raw\gary_stafford\real\gs_00292.wav,gary_stafford,real,4.36498866213152,44100,2,False
data\raw\gary_stafford\real\gs_00293.wav,gary_stafford,real,3.6770068027210883,44100,2,False
data\raw\gary_stafford\real\gs_00294.wav,gary_stafford,real,3.211995464852608,44100,2,False
data\raw\gary_stafford\real\gs_00295.wav,gary_stafford,real,2.5249886621315194,44100,2,False
data\raw\gary_stafford\real\gs_00296.wav,gary_stafford,real,3.1710204081632654,44100,2,False
data\raw\gary_stafford\real\gs_00297.wav,gary_stafford,real,3.861995464852608,44100,2,False
data\raw\gary_stafford\real\gs_00298.wav,gary_stafford,real,3.8110204081632655,44100,2,False
data\raw\gary_stafford\real\gs_00299.wav,gary_stafford,real,7.0790022675736965,44100,2,False
data\raw\gary_stafford\real\gs_00300.wav,gary_stafford,real,2.924013605442177,44100,2,False
data\raw\gary_stafford\real\gs_00301.wav,gary_stafford,real,8.260997732426304,44100,2,False
data\raw\gary_stafford\real\gs_00302.wav,gary_stafford,real,7.027006802721089,44100,2,False
data\raw\gary_stafford\real\gs_00303.wav,gary_stafford,real,9.371020408163265,44100,2,False
data\raw\gary_stafford\real\gs_00304.wav,gary_stafford,real,5.13,44100,2,False
data\raw\gary_stafford\real\gs_00305.wav,gary_stafford,real,4.969002267573696,44100,2,False
data\raw\gary_stafford\real\gs_00306.wav,gary_stafford,real,3.3060090702947846,44100,2,False
data\raw\gary_stafford\real\gs_00307.wav,gary_stafford,real,3.5540136054421767,44100,2,False
data\raw\gary_stafford\real\gs_00308.wav,gary_stafford,real,7.296984126984127,44100,2,False
data\raw\gary_stafford\real\gs_00309.wav,gary_stafford,real,3.9870068027210883,44100,2,False
data\raw\gary_stafford\real\gs_00310.wav,gary_stafford,real,3.3580045351473924,44100,2,False
data\raw\gary_stafford\real\gs_00311.wav,gary_stafford,real,3.2380045351473923,44100,2,False
data\raw\gary_stafford\real\gs_00312.wav,gary_stafford,real,3.1929931972789114,44100,2,False
data\raw\gary_stafford\real\gs_00313.wav,gary_stafford,real,3.312018140589569,44100,2,False
data\raw\gary_stafford\real\gs_00314.wav,gary_stafford,real,5.735011337868481,44100,2,False
data\raw\gary_stafford\real\gs_00315.wav,gary_stafford,real,6.943990929705215,44100,2,False
data\raw\gary_stafford\real\gs_00316.wav,gary_stafford,real,5.637006802721088,44100,2,False
data\raw\gary_stafford\real\gs_00317.wav,gary_stafford,real,3.4070068027210882,44100,2,False
data\raw\gary_stafford\real\gs_00318.wav,gary_stafford,real,6.3579818594104305,44100,2,False
data\raw\gary_stafford\real\gs_00319.wav,gary_stafford,real,2.9350113378684806,44100,2,False
data\raw\gary_stafford\real\gs_00320.wav,gary_stafford,real,2.8909977324263036,44100,2,False
data\raw\gary_stafford\real\gs_00321.wav,gary_stafford,real,10.097006802721088,44100,2,False
data\raw\gary_stafford\real\gs_00322.wav,gary_stafford,real,7.96501133786848,44100,2,False
data\raw\gary_stafford\real\gs_00323.wav,gary_stafford,real,6.353015873015873,44100,2,False
data\raw\gary_stafford\real\gs_00324.wav,gary_stafford,real,3.356984126984127,44100,2,False
data\raw\gary_stafford\real\gs_00325.wav,gary_stafford,real,3.098004535147392,44100,2,False
data\raw\gary_stafford\real\gs_00326.wav,gary_stafford,real,4.151995464852607,44100,2,False
data\raw\gary_stafford\real\gs_00327.wav,gary_stafford,real,8.995011337868482,44100,2,False
data\raw\gary_stafford\real\gs_00328.wav,gary_stafford,real,2.5119954648526077,44100,2,False
data\raw\gary_stafford\real\gs_00329.wav,gary_stafford,real,3.4890022675736962,44100,2,False
data\raw\gary_stafford\real\gs_00330.wav,gary_stafford,real,6.316009070294784,44100,2,False
data\raw\gary_stafford\real\gs_00331.wav,gary_stafford,real,6.374013605442177,44100,2,False
data\raw\gary_stafford\real\gs_00332.wav,gary_stafford,real,7.037981859410431,44100,2,False
data\raw\gary_stafford\real\gs_00333.wav,gary_stafford,real,3.419002267573696,44100,2,False
data\raw\gary_stafford\real\gs_00334.wav,gary_stafford,real,5.260997732426304,44100,2,False
data\raw\gary_stafford\real\gs_00335.wav,gary_stafford,real,10.169002267573696,44100,2,False
data\raw\gary_stafford\real\gs_00336.wav,gary_stafford,real,3.545011337868481,44100,2,False
data\raw\gary_stafford\real\gs_00337.wav,gary_stafford,real,4.511995464852608,44100,2,False
data\raw\gary_stafford\real\gs_00338.wav,gary_stafford,real,2.6429931972789116,44100,2,False
data\raw\gary_stafford\real\gs_00339.wav,gary_stafford,real,2.6839909297052156,44100,2,False
data\raw\gary_stafford\real\gs_00340.wav,gary_stafford,real,5.847006802721088,44100,2,False
data\raw\gary_stafford\real\gs_00341.wav,gary_stafford,real,7.932993197278911,44100,2,False
data\raw\gary_stafford\real\gs_00342.wav,gary_stafford,real,3.75,44100,2,False
data\raw\gary_stafford\real\gs_00343.wav,gary_stafford,real,2.6809977324263037,44100,2,False
data\raw\gary_stafford\real\gs_00344.wav,gary_stafford,real,4.8349886621315195,44100,2,False
data\raw\gary_stafford\real\gs_00345.wav,gary_stafford,real,3.8859863945578232,44100,2,False
data\raw\gary_stafford\real\gs_00346.wav,gary_stafford,real,5.360997732426304,44100,2,False
data\raw\gary_stafford\real\gs_00347.wav,gary_stafford,real,3.6329931972789113,44100,2,False
data\raw\gary_stafford\real\gs_00348.wav,gary_stafford,real,4.815986394557823,44100,2,False
data\raw\gary_stafford\real\gs_00349.wav,gary_stafford,real,2.5719954648526078,44100,2,False
data\raw\gary_stafford\real\gs_00350.wav,gary_stafford,real,3.099002267573696,44100,2,False
data\raw\gary_stafford\real\gs_00351.wav,gary_stafford,real,3.130997732426304,44100,2,False
data\raw\gary_stafford\real\gs_00352.wav,gary_stafford,real,2.940997732426304,44100,2,False
data\raw\gary_stafford\real\gs_00353.wav,gary_stafford,real,4.399002267573696,44100,2,False
data\raw\gary_stafford\real\gs_00354.wav,gary_stafford,real,3.4950113378684806,44100,2,False
data\raw\gary_stafford\real\gs_00355.wav,gary_stafford,real,2.7429931972789117,44100,2,False
data\raw\gary_stafford\real\gs_00356.wav,gary_stafford,real,2.869002267573696,44100,2,False
data\raw\gary_stafford\real\gs_00357.wav,gary_stafford,real,2.959002267573696,44100,2,False
data\raw\gary_stafford\real\gs_00358.wav,gary_stafford,real,2.650997732426304,44100,2,False
data\raw\gary_stafford\real\gs_00359.wav,gary_stafford,real,4.345986394557823,44100,2,False
data\raw\gary_stafford\real\gs_00360.wav,gary_stafford,real,4.852993197278912,44100,2,False
data\raw\gary_stafford\real\gs_00361.wav,gary_stafford,real,4.5849886621315195,44100,2,False
data\raw\gary_stafford\real\gs_00362.wav,gary_stafford,real,2.9780045351473925,44100,2,False
data\raw\gary_stafford\real\gs_00363.wav,gary_stafford,real,3.383015873015873,44100,2,False
data\raw\gary_stafford\real\gs_00364.wav,gary_stafford,real,2.501995464852608,44100,2,False
data\raw\gary_stafford\real\gs_00365.wav,gary_stafford,real,4.748004535147392,44100,2,False
data\raw\gary_stafford\real\gs_00366.wav,gary_stafford,real,3.170997732426304,44100,2,False
data\raw\gary_stafford\real\gs_00367.wav,gary_stafford,real,3.5339909297052152,44100,2,False
data\raw\gary_stafford\real\gs_00368.wav,gary_stafford,real,2.921995464852608,44100,2,False
data\raw\gary_stafford\real\gs_00369.wav,gary_stafford,real,4.658004535147392,44100,2,False
data\raw\gary_stafford\real\gs_00370.wav,gary_stafford,real,8.577006802721089,44100,2,False
data\raw\gary_stafford\real\gs_00371.wav,gary_stafford,real,5.0429931972789115,44100,2,False
data\raw\gary_stafford\real\gs_00372.wav,gary_stafford,real,5.903015873015873,44100,2,False
data\raw\gary_stafford\real\gs_00373.wav,gary_stafford,real,4.454013605442177,44100,2,False
data\raw\gary_stafford\real\gs_00374.wav,gary_stafford,real,4.743990929705215,44100,2,False
data\raw\gary_stafford\real\gs_00375.wav,gary_stafford,real,5.931995464852608,44100,2,False
data\raw\gary_stafford\real\gs_00376.wav,gary_stafford,real,4.045986394557823,44100,2,False
data\raw\gary_stafford\real\gs_00377.wav,gary_stafford,real,4.165986394557823,44100,2,False
data\raw\gary_stafford\real\gs_00378.wav,gary_stafford,real,7.484013605442177,44100,2,False
data\raw\gary_stafford\real\gs_00379.wav,gary_stafford,real,5.221995464852608,44100,2,False
data\raw\gary_stafford\real\gs_00380.wav,gary_stafford,real,3.439002267573696,44100,2,False
data\raw\gary_stafford\real\gs_00381.wav,gary_stafford,real,3.7739909297052154,44100,2,False
data\raw\gary_stafford\real\gs_00382.wav,gary_stafford,real,6.842993197278911,44100,2,False
data\raw\gary_stafford\real\gs_00383.wav,gary_stafford,real,4.078004535147392,44100,2,False
data\raw\gary_stafford\real\gs_00384.wav,gary_stafford,real,4.189002267573696,44100,2,False
data\raw\gary_stafford\real\gs_00385.wav,gary_stafford,real,4.208004535147392,44100,2,False
data\raw\gary_stafford\real\gs_00386.wav,gary_stafford,real,4.675986394557823,44100,2,False
data\raw\gary_stafford\real\gs_00387.wav,gary_stafford,real,4.149002267573696,44100,2,False
data\raw\gary_stafford\real\gs_00388.wav,gary_stafford,real,5.013990929705216,44100,2,False
data\raw\gary_stafford\real\gs_00389.wav,gary_stafford,real,2.68,44100,2,False
data\raw\gary_stafford\real\gs_00390.wav,gary_stafford,real,2.8739909297052155,44100,2,False
data\raw\gary_stafford\real\gs_00391.wav,gary_stafford,real,7.17501133786848,44100,2,False
data\raw\gary_stafford\real\gs_00392.wav,gary_stafford,real,2.829002267573696,44100,2,False
data\raw\gary_stafford\real\gs_00393.wav,gary_stafford,real,12.526009070294785,44100,2,False
data\raw\gary_stafford\real\gs_00394.wav,gary_stafford,real,3.2190022675736962,44100,2,False
data\raw\gary_stafford\real\gs_00395.wav,gary_stafford,real,7.848004535147393,44100,2,False
data\raw\gary_stafford\real\gs_00396.wav,gary_stafford,real,5.153015873015873,44100,2,False
data\raw\gary_stafford\real\gs_00397.wav,gary_stafford,real,8.907006802721089,44100,2,False
data\raw\gary_stafford\real\gs_00398.wav,gary_stafford,real,3.45,44100,2,False
data\raw\gary_stafford\real\gs_00399.wav,gary_stafford,real,5.581995464852608,44100,2,False
data\raw\gary_stafford\real\gs_00400.wav,gary_stafford,real,3.1549886621315193,44100,2,False
data\raw\gary_stafford\real\gs_00401.wav,gary_stafford,real,4.182993197278911,44100,2,False
data\raw\gary_stafford\real\gs_00402.wav,gary_stafford,real,7.226009070294785,44100,2,False
data\raw\gary_stafford\real\gs_00403.wav,gary_stafford,real,7.5390022675736965,44100,2,False
data\raw\gary_stafford\real\gs_00404.wav,gary_stafford,real,6.759002267573696,44100,2,False
data\raw\gary_stafford\real\gs_00405.wav,gary_stafford,real,3.1650113378684805,44100,2,False
data\raw\gary_stafford\real\gs_00406.wav,gary_stafford,real,2.6609977324263037,44100,2,False
data\raw\gary_stafford\real\gs_00407.wav,gary_stafford,real,2.7470068027210885,44100,2,False
data\raw\gary_stafford\real\gs_00408.wav,gary_stafford,real,7.986984126984127,44100,2,False
data\raw\gary_stafford\real\gs_00409.wav,gary_stafford,real,9.113990929705215,44100,2,False
data\raw\gary_stafford\real\gs_00410.wav,gary_stafford,real,7.382993197278911,44100,2,False
data\raw\gary_stafford\real\gs_00411.wav,gary_stafford,real,9.261995464852607,44100,2,False
data\raw\gary_stafford\real\gs_00412.wav,gary_stafford,real,2.790997732426304,44100,2,False
data\raw\gary_stafford\real\gs_00413.wav,gary_stafford,real,4.398004535147392,44100,2,False
data\raw\gary_stafford\real\gs_00414.wav,gary_stafford,real,7.196009070294784,44100,2,False
data\raw\gary_stafford\real\gs_00415.wav,gary_stafford,real,3.5309977324263038,44100,2,False
data\raw\gary_stafford\real\gs_00416.wav,gary_stafford,real,6.451995464852608,44100,2,False
data\raw\gary_stafford\real\gs_00417.wav,gary_stafford,real,4.18,44100,2,False
data\raw\gary_stafford\real\gs_00418.wav,gary_stafford,real,4.048004535147392,44100,2,False
data\raw\gary_stafford\real\gs_00419.wav,gary_stafford,real,3.060997732426304,44100,2,False
data\raw\gary_stafford\real\gs_00420.wav,gary_stafford,real,2.770997732426304,44100,2,False
data\raw\gary_stafford\real\gs_00421.wav,gary_stafford,real,5.169002267573696,44100,2,False
data\raw\gary_stafford\real\gs_00422.wav,gary_stafford,real,9.951995464852608,44100,2,False
data\raw\gary_stafford\real\gs_00423.wav,gary_stafford,real,5.234013605442177,44100,2,False
data\raw\gary_stafford\real\gs_00424.wav,gary_stafford,real,4.4819954648526075,44100,2,False
data\raw\gary_stafford\real\gs_00425.wav,gary_stafford,real,3.8219954648526078,44100,2,False
data\raw\gary_stafford\real\gs_00426.wav,gary_stafford,real,2.76,44100,2,False
data\raw\gary_stafford\real\gs_00427.wav,gary_stafford,real,3.244988662131519,44100,2,False
data\raw\gary_stafford\real\gs_00428.wav,gary_stafford,real,4.602993197278912,44100,2,False
data\raw\gary_stafford\real\gs_00429.wav,gary_stafford,real,3.0239909297052154,44100,2,False
data\raw\gary_stafford\real\gs_00430.wav,gary_stafford,real,2.5419954648526075,44100,2,False
data\raw\gary_stafford\real\gs_00431.wav,gary_stafford,real,9.45501133786848,44100,2,False
data\raw\gary_stafford\real\gs_00432.wav,gary_stafford,real,2.9560090702947845,44100,2,False
data\raw\gary_stafford\real\gs_00433.wav,gary_stafford,real,5.919002267573696,44100,2,False
data\raw\gary_stafford\real\gs_00434.wav,gary_stafford,real,2.7790022675736963,44100,2,False
data\raw\gary_stafford\real\gs_00435.wav,gary_stafford,real,3.4420181405895693,44100,2,False
data\raw\gary_stafford\real\gs_00436.wav,gary_stafford,real,2.6520181405895693,44100,2,False
data\raw\gary_stafford\real\gs_00437.wav,gary_stafford,real,4.036009070294784,44100,2,False
data\raw\gary_stafford\real\gs_00438.wav,gary_stafford,real,8.820997732426305,44100,2,False
data\raw\gary_stafford\real\gs_00439.wav,gary_stafford,real,2.600997732426304,44100,2,False
data\raw\gary_stafford\real\gs_00440.wav,gary_stafford,real,2.610997732426304,44100,2,False
data\raw\gary_stafford\real\gs_00441.wav,gary_stafford,real,3.268004535147392,44100,2,False
data\raw\gary_stafford\real\gs_00442.wav,gary_stafford,real,3.4829931972789114,44100,2,False
data\raw\gary_stafford\real\gs_00443.wav,gary_stafford,real,7.421995464852608,44100,2,False
data\raw\gary_stafford\real\gs_00444.wav,gary_stafford,real,7.421995464852608,44100,2,False
data\raw\gary_stafford\real\gs_00445.wav,gary_stafford,real,5.5219954648526075,44100,2,False
data\raw\gary_stafford\real\gs_00446.wav,gary_stafford,real,5.8329931972789115,44100,2,False
data\raw\gary_stafford\real\gs_00447.wav,gary_stafford,real,5.8329931972789115,44100,2,False
data\raw\gary_stafford\real\gs_00448.wav,gary_stafford,real,5.121995464852608,44100,2,False
data\raw\gary_stafford\real\gs_00449.wav,gary_stafford,real,5.257006802721088,44100,2,False
data\raw\gary_stafford\real\gs_00450.wav,gary_stafford,real,4.803015873015873,44100,2,False
data\raw\gary_stafford\real\gs_00451.wav,gary_stafford,real,3.5560090702947846,44100,2,False
data\raw\gary_stafford\real\gs_00452.wav,gary_stafford,real,3.24,44100,2,False
data\raw\gary_stafford\real\gs_00453.wav,gary_stafford,real,5.256009070294785,44100,2,False
data\raw\gary_stafford\real\gs_00454.wav,gary_stafford,real,2.88,44100,2,False
data\raw\gary_stafford\real\gs_00455.wav,gary_stafford,real,4.648004535147392,44100,2,False
data\raw\gary_stafford\real\gs_00456.wav,gary_stafford,real,2.5049886621315194,44100,2,False
data\raw\gary_stafford\real\gs_00457.wav,gary_stafford,real,5.102993197278912,44100,2,False
data\raw\gary_stafford\real\gs_00458.wav,gary_stafford,real,5.753990929705216,44100,2,False
data\raw\gary_stafford\real\gs_00459.wav,gary_stafford,real,2.7209977324263037,44100,2,False
data\raw\gary_stafford\real\gs_00460.wav,gary_stafford,real,8.565986394557823,44100,2,False
data\raw\gary_stafford\real\gs_00461.wav,gary_stafford,real,3.2860090702947846,44100,2,False
data\raw\gary_stafford\real\gs_00462.wav,gary_stafford,real,6.269002267573696,44100,2,False
data\raw\gary_stafford\real\gs_00463.wav,gary_stafford,real,4.841995464852608,44100,2,False
data\raw\gary_stafford\real\gs_00464.wav,gary_stafford,real,3.578004535147392,44100,2,False
data\raw\gary_stafford\real\gs_00465.wav,gary_stafford,real,5.115011337868481,44100,2,False
data\raw\gary_stafford\real\gs_00466.wav,gary_stafford,real,2.6280045351473924,44100,2,False
data\raw\gary_stafford\real\gs_00467.wav,gary_stafford,real,4.4990022675736965,44100,2,False
data\raw\gary_stafford\real\gs_00468.wav,gary_stafford,real,3.848004535147392,44100,2,False
data\raw\gary_stafford\real\gs_00469.wav,gary_stafford,real,5.543990929705215,44100,2,False
data\raw\gary_stafford\real\gs_00470.wav,gary_stafford,real,2.833015873015873,44100,2,False
data\raw\gary_stafford\real\gs_00471.wav,gary_stafford,real,3.050997732426304,44100,2,False
data\raw\gary_stafford\real\gs_00472.wav,gary_stafford,real,5.5240136054421765,44100,2,False
data\raw\gary_stafford\real\gs_00473.wav,gary_stafford,real,2.752018140589569,44100,2,False
data\raw\gary_stafford\real\gs_00474.wav,gary_stafford,real,4.728979591836735,44100,2,False
data\raw\gary_stafford\real\gs_00475.wav,gary_stafford,real,6.480997732426304,44100,2,False
data\raw\gary_stafford\real\gs_00476.wav,gary_stafford,real,3.4690022675736962,44100,2,False
data\raw\gary_stafford\real\gs_00477.wav,gary_stafford,real,2.888004535147392,44100,2,False
data\raw\gary_stafford\real\gs_00478.wav,gary_stafford,real,3.580997732426304,44100,2,False
data\raw\gary_stafford\real\gs_00479.wav,gary_stafford,real,3.3570068027210884,44100,2,False
data\raw\gary_stafford\real\gs_00480.wav,gary_stafford,real,5.156009070294784,44100,2,False
data\raw\gary_stafford\real\gs_00481.wav,gary_stafford,real,2.679002267573696,44100,2,False
data\raw\gary_stafford\real\gs_00482.wav,gary_stafford,real,8.907006802721089,44100,2,False
data\raw\gary_stafford\real\gs_00483.wav,gary_stafford,real,2.78,44100,2,False
data\raw\gary_stafford\real\gs_00484.wav,gary_stafford,real,4.451995464852608,44100,2,False
data\raw\gary_stafford\real\gs_00485.wav,gary_stafford,real,6.573990929705215,44100,2,False
data\raw\gary_stafford\real\gs_00486.wav,gary_stafford,real,3.3869841269841268,44100,2,False
data\raw\gary_stafford\real\gs_00487.wav,gary_stafford,real,3.2180045351473923,44100,2,False
data\raw\gary_stafford\real\gs_00488.wav,gary_stafford,real,4.270997732426304,44100,2,False
data\raw\gary_stafford\real\gs_00489.wav,gary_stafford,real,3.0090022675736963,44100,2,False
data\raw\gary_stafford\real\gs_00490.wav,gary_stafford,real,3.2470068027210885,44100,2,False
data\raw\gary_stafford\real\gs_00491.wav,gary_stafford,real,3.03,44100,2,False
data\raw\gary_stafford\real\gs_00492.wav,gary_stafford,real,3.295011337868481,44100,2,False
data\raw\gary_stafford\real\gs_00493.wav,gary_stafford,real,4.483990929705215,44100,2,False
data\raw\gary_stafford\real\gs_00494.wav,gary_stafford,real,3.696984126984127,44100,2,False
data\raw\gary_stafford\real\gs_00495.wav,gary_stafford,real,3.495986394557823,44100,2,False
data\raw\gary_stafford\real\gs_00496.wav,gary_stafford,real,4.569002267573696,44100,2,False
data\raw\gary_stafford\real\gs_00497.wav,gary_stafford,real,3.38,44100,2,False
data\raw\gary_stafford\real\gs_00498.wav,gary_stafford,real,3.3970068027210885,44100,2,False
data\raw\gary_stafford\real\gs_00499.wav,gary_stafford,real,2.7850113378684807,44100,2,False
data\raw\gary_stafford\real\gs_00500.wav,gary_stafford,real,5.680997732426304,44100,2,False
data\raw\gary_stafford\real\gs_00501.wav,gary_stafford,real,2.9690022675736962,44100,2,False
data\raw\gary_stafford\real\gs_00502.wav,gary_stafford,real,3.0290022675736963,44100,2,False
data\raw\gary_stafford\real\gs_00503.wav,gary_stafford,real,2.71,44100,2,False
data\raw\gary_stafford\real\gs_00504.wav,gary_stafford,real,2.880997732426304,44100,2,False
data\raw\gary_stafford\real\gs_00505.wav,gary_stafford,real,2.7470068027210885,44100,2,False
data\raw\gary_stafford\real\gs_00506.wav,gary_stafford,real,2.9070068027210882,44100,2,False
data\raw\gary_stafford\real\gs_00507.wav,gary_stafford,real,3.7409977324263037,44100,2,False
data\raw\gary_stafford\real\gs_00508.wav,gary_stafford,real,4.213990929705216,44100,2,False
data\raw\gary_stafford\real\gs_00509.wav,gary_stafford,real,2.5570068027210886,44100,2,False
data\raw\gary_stafford\real\gs_00510.wav,gary_stafford,real,7.125986394557823,44100,2,False
data\raw\gary_stafford\real\gs_00511.wav,gary_stafford,real,3.5950113378684807,44100,2,False
data\raw\gary_stafford\real\gs_00512.wav,gary_stafford,real,4.269002267573696,44100,2,False
data\raw\gary_stafford\real\gs_00513.wav,gary_stafford,real,3.355011337868481,44100,2,False
data\raw\gary_stafford\real\gs_00514.wav,gary_stafford,real,4.782993197278912,44100,2,False
data\raw\gary_stafford\real\gs_00515.wav,gary_stafford,real,3.2929931972789115,44100,2,False
data\raw\gary_stafford\real\gs_00516.wav,gary_stafford,real,3.713015873015873,44100,2,False
data\raw\gary_stafford\real\gs_00517.wav,gary_stafford,real,3.5529931972789117,44100,2,False
data\raw\gary_stafford\real\gs_00518.wav,gary_stafford,real,5.095011337868481,44100,2,False
data\raw\gary_stafford\real\gs_00519.wav,gary_stafford,real,3.3370068027210884,44100,2,False
data\raw\gary_stafford\real\gs_00520.wav,gary_stafford,real,4.134013605442177,44100,2,False
data\raw\gary_stafford\real\gs_00521.wav,gary_stafford,real,4.558004535147393,44100,2,False
data\raw\gary_stafford\real\gs_00522.wav,gary_stafford,real,4.0009977324263035,44100,2,False
data\raw\gary_stafford\real\gs_00523.wav,gary_stafford,real,3.4319954648526076,44100,2,False
data\raw\gary_stafford\real\gs_00524.wav,gary_stafford,real,3.9370068027210885,44100,2,False
data\raw\gary_stafford\real\gs_00525.wav,gary_stafford,real,2.5290022675736963,44100,2,False
data\raw\gary_stafford\real\gs_00526.wav,gary_stafford,real,4.527006802721089,44100,2,False
data\raw\gary_stafford\real\gs_00527.wav,gary_stafford,real,4.512993197278911,44100,2,False
data\raw\gary_stafford\real\gs_00528.wav,gary_stafford,real,5.908004535147392,44100,2,False
data\raw\gary_stafford\real\gs_00529.wav,gary_stafford,real,3.8760090702947845,44100,2,False
data\raw\gary_stafford\real\gs_00530.wav,gary_stafford,real,3.255011337868481,44100,2,False
data\raw\gary_stafford\real\gs_00531.wav,gary_stafford,real,6.672993197278911,44100,2,False
data\raw\gary_stafford\real\gs_00532.wav,gary_stafford,real,2.6070068027210884,44100,2,False
data\raw\gary_stafford\real\gs_00533.wav,gary_stafford,real,2.848004535147392,44100,2,False
data\raw\gary_stafford\real\gs_00534.wav,gary_stafford,real,2.7460090702947846,44100,2,False
data\raw\gary_stafford\real\gs_00535.wav,gary_stafford,real,7.646984126984127,44100,2,False
data\raw\gary_stafford\real\gs_00536.wav,gary_stafford,real,3.77,44100,2,False
data\raw\gary_stafford\real\gs_00537.wav,gary_stafford,real,5.67501133786848,44100,2,False
data\raw\gary_stafford\real\gs_00538.wav,gary_stafford,real,5.155986394557823,44100,2,False
data\raw\gary_stafford\real\gs_00539.wav,gary_stafford,real,9.453990929705215,44100,2,False
data\raw\gary_stafford\real\gs_00540.wav,gary_stafford,real,3.11,44100,2,False
data\raw\gary_stafford\real\gs_00541.wav,gary_stafford,real,2.9250113378684808,44100,2,False
data\raw\gary_stafford\real\gs_00542.wav,gary_stafford,real,3.308004535147392,44100,2,False
data\raw\gary_stafford\real\gs_00543.wav,gary_stafford,real,2.980997732426304,44100,2,False
data\raw\gary_stafford\real\gs_00544.wav,gary_stafford,real,4.608004535147392,44100,2,False
data\raw\gary_stafford\real\gs_00545.wav,gary_stafford,real,3.4880045351473923,44100,2,False
data\raw\gary_stafford\real\gs_00546.wav,gary_stafford,real,3.7609977324263038,44100,2,False
data\raw\gary_stafford\real\gs_00547.wav,gary_stafford,real,2.800997732426304,44100,2,False
data\raw\gary_stafford\real\gs_00548.wav,gary_stafford,real,3.642018140589569,44100,2,False
data\raw\gary_stafford\real\gs_00549.wav,gary_stafford,real,2.763015873015873,44100,2,False
data\raw\gary_stafford\real\gs_00550.wav,gary_stafford,real,4.394988662131519,44100,2,False
data\raw\gary_stafford\real\gs_00551.wav,gary_stafford,real,5.808004535147393,44100,2,False
data\raw\gary_stafford\real\gs_00552.wav,gary_stafford,real,4.4780045351473925,44100,2,False
data\raw\gary_stafford\real\gs_00553.wav,gary_stafford,real,3.1750113378684808,44100,2,False
data\raw\gary_stafford\real\gs_00554.wav,gary_stafford,real,3.08,44100,2,False
data\raw\gary_stafford\real\gs_00555.wav,gary_stafford,real,3.315011337868481,44100,2,False
data\raw\gary_stafford\real\gs_00556.wav,gary_stafford,real,3.3240136054421767,44100,2,False
data\raw\gary_stafford\real\gs_00557.wav,gary_stafford,real,2.8580045351473924,44100,2,False
data\raw\gary_stafford\real\gs_00558.wav,gary_stafford,real,4.244013605442177,44100,2,False
data\raw\gary_stafford\real\gs_00559.wav,gary_stafford,real,6.009002267573696,44100,2,False
data\raw\gary_stafford\real\gs_00560.wav,gary_stafford,real,2.909002267573696,44100,2,False
data\raw\gary_stafford\real\gs_00561.wav,gary_stafford,real,2.71,44100,2,False
data\raw\gary_stafford\real\gs_00562.wav,gary_stafford,real,5.367006802721089,44100,2,False
data\raw\gary_stafford\real\gs_00563.wav,gary_stafford,real,4.3579818594104305,44100,2,False
data\raw\gary_stafford\real\gs_00564.wav,gary_stafford,real,3.0,44100,2,False
data\raw\gary_stafford\real\gs_00565.wav,gary_stafford,real,3.0740136054421767,44100,2,False
data\raw\gary_stafford\real\gs_00566.wav,gary_stafford,real,3.2850113378684807,44100,2,False
data\raw\gary_stafford\real\gs_00567.wav,gary_stafford,real,5.541995464852608,44100,2,False
data\raw\gary_stafford\real\gs_00568.wav,gary_stafford,real,3.209002267573696,44100,2,False
data\raw\gary_stafford\real\gs_00569.wav,gary_stafford,real,2.795011337868481,44100,2,False
data\raw\gary_stafford\real\gs_00570.wav,gary_stafford,real,4.367006802721089,44100,2,False
data\raw\gary_stafford\real\gs_00571.wav,gary_stafford,real,3.2349886621315194,44100,2,False
data\raw\gary_stafford\real\gs_00572.wav,gary_stafford,real,4.16,44100,2,False
data\raw\gary_stafford\real\gs_00573.wav,gary_stafford,real,3.473015873015873,44100,2,False
data\raw\gary_stafford\real\gs_00574.wav,gary_stafford,real,3.190997732426304,44100,2,False
data\raw\gary_stafford\real\gs_00575.wav,gary_stafford,real,6.933990929705216,44100,2,False
data\raw\gary_stafford\real\gs_00576.wav,gary_stafford,real,3.399002267573696,44100,2,False
data\raw\gary_stafford\real\gs_00577.wav,gary_stafford,real,2.598004535147392,44100,2,False
data\raw\gary_stafford\real\gs_00578.wav,gary_stafford,real,2.783015873015873,44100,2,False
data\raw\gary_stafford\real\gs_00579.wav,gary_stafford,real,4.532993197278912,44100,2,False
data\raw\gary_stafford\real\gs_00580.wav,gary_stafford,real,3.31,44100,2,False
data\raw\gary_stafford\real\gs_00581.wav,gary_stafford,real,8.914988662131519,44100,2,False
data\raw\gary_stafford\real\gs_00582.wav,gary_stafford,real,2.690997732426304,44100,2,False
data\raw\gary_stafford\real\gs_00583.wav,gary_stafford,real,4.107006802721089,44100,2,False
data\raw\gary_stafford\real\gs_00584.wav,gary_stafford,real,3.8549886621315195,44100,2,False
data\raw\gary_stafford\real\gs_00585.wav,gary_stafford,real,5.706009070294785,44100,2,False
data\raw\gary_stafford\real\gs_00586.wav,gary_stafford,real,2.893015873015873,44100,2,False
data\raw\gary_stafford\real\gs_00587.wav,gary_stafford,real,3.8449886621315192,44100,2,False
data\raw\gary_stafford\real\gs_00588.wav,gary_stafford,real,5.096984126984127,44100,2,False
data\raw\gary_stafford\real\gs_00589.wav,gary_stafford,real,6.0390022675736965,44100,2,False
data\raw\gary_stafford\real\gs_00590.wav,gary_stafford,real,3.1229931972789116,44100,2,False
data\raw\gary_stafford\real\gs_00591.wav,gary_stafford,real,3.654013605442177,44100,2,False
data\raw\gary_stafford\real\gs_00592.wav,gary_stafford,real,4.623990929705215,44100,2,False
data\raw\gary_stafford\real\gs_00593.wav,gary_stafford,real,5.8959863945578235,44100,2,False
data\raw\gary_stafford\real\gs_00594.wav,gary_stafford,real,3.5119954648526077,44100,2,False
data\raw\gary_stafford\real\gs_00595.wav,gary_stafford,real,8.654988662131519,44100,2,False
data\raw\gary_stafford\real\gs_00596.wav,gary_stafford,real,3.86,44100,2,False
data\raw\gary_stafford\real\gs_00597.wav,gary_stafford,real,3.065986394557823,44100,2,False
data\raw\gary_stafford\real\gs_00598.wav,gary_stafford,real,2.81,44100,2,False
data\raw\gary_stafford\real\gs_00599.wav,gary_stafford,real,2.9360090702947845,44100,2,False
data\raw\gary_stafford\real\gs_00600.wav,gary_stafford,real,3.24,44100,2,False
data\raw\gary_stafford\real\gs_00601.wav,gary_stafford,real,3.6720181405895693,44100,2,False
data\raw\gary_stafford\real\gs_00602.wav,gary_stafford,real,3.5439909297052155,44100,2,False
data\raw\gary_stafford\real\gs_00603.wav,gary_stafford,real,5.333990929705215,44100,2,False
data\raw\gary_stafford\real\gs_00604.wav,gary_stafford,real,4.135986394557823,44100,2,False
data\raw\gary_stafford\real\gs_00605.wav,gary_stafford,real,3.419002267573696,44100,2,False
data\raw\gary_stafford\real\gs_00606.wav,gary_stafford,real,7.641995464852608,44100,2,False
data\raw\gary_stafford\real\gs_00607.wav,gary_stafford,real,2.5739909297052153,44100,2,False
data\raw\gary_stafford\real\gs_00608.wav,gary_stafford,real,2.61,44100,2,False
data\raw\gary_stafford\real\gs_00609.wav,gary_stafford,real,3.070997732426304,44100,2,False
data\raw\gary_stafford\real\gs_00610.wav,gary_stafford,real,3.028979591836735,44100,2,False
data\raw\gary_stafford\real\gs_00611.wav,gary_stafford,real,3.691995464852608,44100,2,False
data\raw\gary_stafford\real\gs_00612.wav,gary_stafford,real,4.194988662131519,44100,2,False
data\raw\gary_stafford\real\gs_00613.wav,gary_stafford,real,3.379002267573696,44100,2,False
data\raw\gary_stafford\real\gs_00614.wav,gary_stafford,real,2.8370068027210884,44100,2,False
data\raw\gary_stafford\real\gs_00615.wav,gary_stafford,real,2.8560090702947845,44100,2,False
data\raw\gary_stafford\real\gs_00616.wav,gary_stafford,real,3.494988662131519,44100,2,False
data\raw\gary_stafford\real\gs_00617.wav,gary_stafford,real,4.473015873015873,44100,2,False
data\raw\gary_stafford\real\gs_00618.wav,gary_stafford,real,4.1670068027210885,44100,2,False
data\raw\gary_stafford\real\gs_00619.wav,gary_stafford,real,6.572993197278912,44100,2,False
data\raw\gary_stafford\real\gs_00620.wav,gary_stafford,real,4.4609977324263035,44100,2,False
data\raw\gary_stafford\real\gs_00621.wav,gary_stafford,real,3.4509977324263037,44100,2,False
data\raw\gary_stafford\real\gs_00622.wav,gary_stafford,real,2.6150113378684807,44100,2,False
data\raw\gary_stafford\real\gs_00623.wav,gary_stafford,real,2.6250113378684805,44100,2,False
data\raw\gary_stafford\real\gs_00624.wav,gary_stafford,real,3.237981859410431,44100,2,False
data\raw\gary_stafford\real\gs_00625.wav,gary_stafford,real,4.672993197278911,44100,2,False
data\raw\gary_stafford\real\gs_00626.wav,gary_stafford,real,8.743015873015873,44100,2,False
data\raw\gary_stafford\real\gs_00627.wav,gary_stafford,real,2.620997732426304,44100,2,False
data\raw\gary_stafford\real\gs_00628.wav,gary_stafford,real,3.4690022675736962,44100,2,False
data\raw\gary_stafford\real\gs_00629.wav,gary_stafford,real,3.070997732426304,44100,2,False
data\raw\gary_stafford\real\gs_00630.wav,gary_stafford,real,3.744988662131519,44100,2,False
data\raw\gary_stafford\real\gs_00631.wav,gary_stafford,real,5.105011337868481,44100,2,False
data\raw\gary_stafford\real\gs_00632.wav,gary_stafford,real,2.514988662131519,44100,2,False
data\raw\gary_stafford\real\gs_00633.wav,gary_stafford,real,3.0329931972789117,44100,2,False
data\raw\gary_stafford\real\gs_00634.wav,gary_stafford,real,6.531995464852607,44100,2,False
data\raw\gary_stafford\real\gs_00635.wav,gary_stafford,real,3.9649886621315193,44100,2,False
data\raw\gary_stafford\real\gs_00636.wav,gary_stafford,real,2.689002267573696,44100,2,False
data\raw\gary_stafford\real\gs_00637.wav,gary_stafford,real,2.5339909297052152,44100,2,False
data\raw\gary_stafford\real\gs_00638.wav,gary_stafford,real,3.6370068027210882,44100,2,False
data\raw\gary_stafford\real\gs_00639.wav,gary_stafford,real,4.132993197278911,44100,2,False
data\raw\gary_stafford\real\gs_00640.wav,gary_stafford,real,2.6779818594104308,44100,2,False
data\raw\gary_stafford\real\gs_00641.wav,gary_stafford,real,8.053015873015873,44100,2,False
data\raw\gary_stafford\real\gs_00642.wav,gary_stafford,real,3.4280045351473922,44100,2,False
data\raw\gary_stafford\real\gs_00643.wav,gary_stafford,real,2.725986394557823,44100,2,False
data\raw\gary_stafford\real\gs_00644.wav,gary_stafford,real,3.3239909297052153,44100,2,False
data\raw\gary_stafford\real\gs_00645.wav,gary_stafford,real,2.651995464852608,44100,2,False
data\raw\gary_stafford\real\gs_00646.wav,gary_stafford,real,2.9370068027210885,44100,2,False
data\raw\gary_stafford\real\gs_00647.wav,gary_stafford,real,2.539002267573696,44100,2,False
data\raw\gary_stafford\real\gs_00648.wav,gary_stafford,real,9.761995464852607,44100,2,False
data\raw\gary_stafford\real\gs_00649.wav,gary_stafford,real,3.555986394557823,44100,2,False
data\raw\gary_stafford\real\gs_00650.wav,gary_stafford,real,5.790997732426304,44100,2,False
data\raw\gary_stafford\real\gs_00651.wav,gary_stafford,real,5.033015873015873,44100,2,False
data\raw\gary_stafford\real\gs_00652.wav,gary_stafford,real,3.447981859410431,44100,2,False
data\raw\gary_stafford\real\gs_00653.wav,gary_stafford,real,3.533015873015873,44100,2,False
data\raw\gary_stafford\real\gs_00654.wav,gary_stafford,real,4.025986394557823,44100,2,False
data\raw\gary_stafford\real\gs_00655.wav,gary_stafford,real,2.7239909297052156,44100,2,False
data\raw\gary_stafford\real\gs_00656.wav,gary_stafford,real,3.44,44100,2,False
data\raw\gary_stafford\real\gs_00657.wav,gary_stafford,real,2.5039909297052154,44100,2,False
data\raw\gary_stafford\real\gs_00658.wav,gary_stafford,real,3.9170068027210885,44100,2,False
data\raw\gary_stafford\real\gs_00659.wav,gary_stafford,real,2.5210204081632654,44100,2,False
data\raw\gary_stafford\real\gs_00660.wav,gary_stafford,real,6.4150113378684805,44100,2,False
data\raw\gary_stafford\real\gs_00661.wav,gary_stafford,real,6.840997732426304,44100,2,False
data\raw\gary_stafford\real\gs_00662.wav,gary_stafford,real,6.841995464852608,44100,2,False
data\raw\gary_stafford\real\gs_00663.wav,gary_stafford,real,6.9359863945578235,44100,2,False
data\raw\gary_stafford\real\gs_00664.wav,gary_stafford,real,6.75,44100,2,False
data\raw\gary_stafford\real\gs_00665.wav,gary_stafford,real,3.6320181405895693,44100,2,False
data\raw\gary_stafford\real\gs_00666.wav,gary_stafford,real,2.952018140589569,44100,2,False
data\raw\gary_stafford\real\gs_00667.wav,gary_stafford,real,3.5229931972789115,44100,2,False
data\raw\gary_stafford\real\gs_00668.wav,gary_stafford,real,3.607981859410431,44100,2,False
data\raw\gary_stafford\real\gs_00669.wav,gary_stafford,real,2.5539909297052152,44100,2,False
data\raw\gary_stafford\real\gs_00670.wav,gary_stafford,real,4.414013605442177,44100,2,False
data\raw\gary_stafford\real\gs_00671.wav,gary_stafford,real,4.225011337868481,44100,2,False
data\raw\gary_stafford\real\gs_00672.wav,gary_stafford,real,2.8440136054421767,44100,2,False
data\raw\gary_stafford\real\gs_00673.wav,gary_stafford,real,3.9460090702947848,44100,2,False
data\raw\gary_stafford\real\gs_00674.wav,gary_stafford,real,3.61,44100,2,False
data\raw\gary_stafford\real\gs_00675.wav,gary_stafford,real,6.803015873015873,44100,2,False
data\raw\gary_stafford\real\gs_00676.wav,gary_stafford,real,6.683990929705216,44100,2,False
data\raw\gary_stafford\real\gs_00677.wav,gary_stafford,real,2.860997732426304,44100,2,False
data\raw\gary_stafford\real\gs_00678.wav,gary_stafford,real,2.6080045351473924,44100,2,False
data\raw\gary_stafford\real\gs_00679.wav,gary_stafford,real,2.923015873015873,44100,2,False
data\raw\gary_stafford\real\gs_00680.wav,gary_stafford,real,2.963015873015873,44100,2,False
data\raw\gary_stafford\real\gs_00681.wav,gary_stafford,real,4.39,44100,2,False
data\raw\gary_stafford\real\gs_00682.wav,gary_stafford,real,4.03498866213152,44100,2,False
data\raw\gary_stafford\real\gs_00683.wav,gary_stafford,real,4.966984126984127,44100,2,False
data\raw\gary_stafford\real\gs_00684.wav,gary_stafford,real,7.596009070294785,44100,2,False
data\raw\gary_stafford\real\gs_00685.wav,gary_stafford,real,4.183990929705216,44100,2,False
data\raw\gary_stafford\real\gs_00686.wav,gary_stafford,real,8.1,44100,2,False
data\raw\gary_stafford\real\gs_00687.wav,gary_stafford,real,4.031995464852607,44100,2,False
data\raw\gary_stafford\real\gs_00688.wav,gary_stafford,real,3.8429931972789118,44100,2,False
data\raw\gary_stafford\real\gs_00689.wav,gary_stafford,real,2.6060090702947845,44100,2,False
data\raw\gary_stafford\real\gs_00690.wav,gary_stafford,real,4.700997732426304,44100,2,False
data\raw\gary_stafford\real\gs_00691.wav,gary_stafford,real,3.2670068027210886,44100,2,False
data\raw\gary_stafford\real\gs_00692.wav,gary_stafford,real,8.808979591836735,44100,2,False
data\raw\gary_stafford\real\gs_00693.wav,gary_stafford,real,2.6350113378684807,44100,2,False
data\raw\gary_stafford\real\gs_00694.wav,gary_stafford,real,4.538004535147392,44100,2,False
data\raw\gary_stafford\real\gs_00695.wav,gary_stafford,real,3.2380045351473923,44100,2,False
data\raw\gary_stafford\real\gs_00696.wav,gary_stafford,real,3.9280045351473922,44100,2,False
data\raw\gary_stafford\real\gs_00697.wav,gary_stafford,real,4.448004535147392,44100,2,False
data\raw\gary_stafford\real\gs_00698.wav,gary_stafford,real,7.093990929705216,44100,2,False
data\raw\gary_stafford\real\gs_00699.wav,gary_stafford,real,3.9829931972789114,44100,2,False
data\raw\gary_stafford\real\gs_00700.wav,gary_stafford,real,3.785986394557823,44100,2,False
data\raw\gary_stafford\real\gs_00701.wav,gary_stafford,real,6.726009070294785,44100,2,False
data\raw\gary_stafford\real\gs_00702.wav,gary_stafford,real,2.52,44100,2,False
data\raw\gary_stafford\real\gs_00703.wav,gary_stafford,real,3.8939909297052155,44100,2,False
data\raw\gary_stafford\real\gs_00704.wav,gary_stafford,real,4.141995464852608,44100,2,False
data\raw\gary_stafford\real\gs_00705.wav,gary_stafford,real,7.095011337868481,44100,2,False
data\raw\gary_stafford\real\gs_00706.wav,gary_stafford,real,5.134988662131519,44100,2,False
data\raw\gary_stafford\real\gs_00707.wav,gary_stafford,real,4.050997732426304,44100,2,False
data\raw\gary_stafford\real\gs_00708.wav,gary_stafford,real,4.242018140589569,44100,2,False
data\raw\gary_stafford\real\gs_00709.wav,gary_stafford,real,5.487006802721089,44100,2,False
data\raw\gary_stafford\real\gs_00710.wav,gary_stafford,real,3.0429931972789115,44100,2,False
data\raw\gary_stafford\real\gs_00711.wav,gary_stafford,real,3.1870068027210885,44100,2,False
data\raw\gary_stafford\real\gs_00712.wav,gary_stafford,real,5.742993197278912,44100,2,False
data\raw\gary_stafford\real\gs_00713.wav,gary_stafford,real,4.709002267573696,44100,2,False
data\raw\gary_stafford\real\gs_00714.wav,gary_stafford,real,4.115011337868481,44100,2,False
data\raw\gary_stafford\real\gs_00715.wav,gary_stafford,real,2.501995464852608,44100,2,False
data\raw\gary_stafford\real\gs_00716.wav,gary_stafford,real,3.0080045351473923,44100,2,False
data\raw\gary_stafford\real\gs_00717.wav,gary_stafford,real,3.61,44100,2,False
data\raw\gary_stafford\real\gs_00718.wav,gary_stafford,real,3.5060090702947844,44100,2,False
data\raw\gary_stafford\real\gs_00719.wav,gary_stafford,real,4.402018140589569,44100,2,False
data\raw\gary_stafford\real\gs_00720.wav,gary_stafford,real,10.860997732426304,44100,2,False
data\raw\gary_stafford\real\gs_00721.wav,gary_stafford,real,6.078004535147392,44100,2,False
data\raw\gary_stafford\real\gs_00722.wav,gary_stafford,real,2.6229931972789116,44100,2,False
data\raw\gary_stafford\real\gs_00723.wav,gary_stafford,real,5.131995464852608,44100,2,False
data\raw\gary_stafford\real\gs_00724.wav,gary_stafford,real,7.564988662131519,44100,2,False
data\raw\gary_stafford\real\gs_00725.wav,gary_stafford,real,7.212993197278911,44100,2,False
data\raw\gary_stafford\real\gs_00726.wav,gary_stafford,real,4.484988662131519,44100,2,False
data\raw\gary_stafford\real\gs_00727.wav,gary_stafford,real,6.564988662131519,44100,2,False
data\raw\gary_stafford\real\gs_00728.wav,gary_stafford,real,4.9359863945578235,44100,2,False
data\raw\gary_stafford\real\gs_00729.wav,gary_stafford,real,3.191995464852608,44100,2,False
data\raw\gary_stafford\real\gs_00730.wav,gary_stafford,real,5.8329931972789115,44100,2,False
data\raw\gary_stafford\real\gs_00731.wav,gary_stafford,real,3.869002267573696,44100,2,False
data\raw\gary_stafford\real\gs_00732.wav,gary_stafford,real,9.489002267573696,44100,2,False
data\raw\gary_stafford\real\gs_00733.wav,gary_stafford,real,6.278004535147392,44100,2,False
data\raw\gary_stafford\real\gs_00734.wav,gary_stafford,real,6.432993197278911,44100,2,False
data\raw\gary_stafford\real\gs_00735.wav,gary_stafford,real,2.9129931972789116,44100,2,False
data\raw\gary_stafford\real\gs_00736.wav,gary_stafford,real,3.5519954648526078,44100,2,False
data\raw\gary_stafford\real\gs_00737.wav,gary_stafford,real,5.099002267573696,44100,2,False
data\raw\gary_stafford\real\gs_00738.wav,gary_stafford,real,9.950997732426304,44100,2,False
data\raw\gary_stafford\real\gs_00739.wav,gary_stafford,real,7.449002267573696,44100,2,False
data\raw\gary_stafford\real\gs_00740.wav,gary_stafford,real,3.334013605442177,44100,2,False
data\raw\gary_stafford\real\gs_00741.wav,gary_stafford,real,2.94,44100,2,False
data\raw\gary_stafford\real\gs_00742.wav,gary_stafford,real,3.6929931972789114,44100,2,False
data\raw\gary_stafford\real\gs_00743.wav,gary_stafford,real,7.6439909297052155,44100,2,False
data\raw\gary_stafford\real\gs_00744.wav,gary_stafford,real,4.709002267573696,44100,2,False
data\raw\gary_stafford\real\gs_00745.wav,gary_stafford,real,6.450997732426304,44100,2,False
data\raw\gary_stafford\real\gs_00746.wav,gary_stafford,real,5.72,44100,2,False
data\raw\gary_stafford\real\gs_00747.wav,gary_stafford,real,5.109002267573696,44100,2,False
data\raw\gary_stafford\real\gs_00748.wav,gary_stafford,real,3.4429931972789114,44100,2,False
data\raw\gary_stafford\real\gs_00749.wav,gary_stafford,real,2.8850113378684807,44100,2,False
data\raw\gary_stafford\real\gs_00750.wav,gary_stafford,real,5.477006802721088,44100,2,False
data\raw\gary_stafford\real\gs_00751.wav,gary_stafford,real,4.1249886621315195,44100,2,False
data\raw\gary_stafford\real\gs_00752.wav,gary_stafford,real,2.6629931972789116,44100,2,False
data\raw\gary_stafford\real\gs_00753.wav,gary_stafford,real,8.062993197278912,44100,2,False
data\raw\gary_stafford\real\gs_00754.wav,gary_stafford,real,3.87,44100,2,False
data\raw\gary_stafford\real\gs_00755.wav,gary_stafford,real,4.291995464852608,44100,2,False
data\raw\gary_stafford\real\gs_00756.wav,gary_stafford,real,5.06,44100,2,False
data\raw\gary_stafford\real\gs_00757.wav,gary_stafford,real,4.9320181405895696,44100,2,False
data\raw\gary_stafford\real\gs_00758.wav,gary_stafford,real,6.818979591836735,44100,2,False
data\raw\gary_stafford\real\gs_00759.wav,gary_stafford,real,5.8139909297052155,44100,2,False
data\raw\gary_stafford\real\gs_00760.wav,gary_stafford,real,3.18,44100,2,False
data\raw\gary_stafford\real\gs_00761.wav,gary_stafford,real,3.9229931972789114,44100,2,False
data\raw\gary_stafford\real\gs_00762.wav,gary_stafford,real,3.2549886621315194,44100,2,False
data\raw\gary_stafford\real\gs_00763.wav,gary_stafford,real,2.77,44100,2,False
data\raw\gary_stafford\real\gs_00764.wav,gary_stafford,real,9.822993197278912,44100,2,False
data\raw\gary_stafford\real\gs_00765.wav,gary_stafford,real,3.2160090702947848,44100,2,False
data\raw\gary_stafford\real\gs_00766.wav,gary_stafford,real,5.482993197278912,44100,2,False
data\raw\gary_stafford\real\gs_00767.wav,gary_stafford,real,5.482993197278912,44100,2,False
data\raw\gary_stafford\real\gs_00768.wav,gary_stafford,real,6.650997732426304,44100,2,False
data\raw\gary_stafford\real\gs_00769.wav,gary_stafford,real,6.650997732426304,44100,2,False
data\raw\gary_stafford\real\gs_00770.wav,gary_stafford,real,6.82,44100,2,False
data\raw\gary_stafford\real\gs_00771.wav,gary_stafford,real,5.569002267573696,44100,2,False
data\raw\gary_stafford\real\gs_00772.wav,gary_stafford,real,4.647006802721088,44100,2,False
data\raw\gary_stafford\real\gs_00773.wav,gary_stafford,real,6.173990929705216,44100,2,False
data\raw\gary_stafford\real\gs_00774.wav,gary_stafford,real,5.557006802721088,44100,2,False
data\raw\gary_stafford\real\gs_00775.wav,gary_stafford,real,2.607981859410431,44100,2,False
data\raw\gary_stafford\real\gs_00776.wav,gary_stafford,real,4.0640136054421765,44100,2,False
data\raw\gary_stafford\real\gs_00777.wav,gary_stafford,real,5.115011337868481,44100,2,False
data\raw\gary_stafford\real\gs_00778.wav,gary_stafford,real,3.49,44100,2,False
data\raw\gary_stafford\real\gs_00779.wav,gary_stafford,real,3.2619954648526077,44100,2,False
data\raw\gary_stafford\real\gs_00780.wav,gary_stafford,real,3.4629931972789114,44100,2,False
data\raw\gary_stafford\real\gs_00781.wav,gary_stafford,real,4.019002267573696,44100,2,False
data\raw\gary_stafford\real\gs_00782.wav,gary_stafford,real,7.633015873015873,44100,2,False
data\raw\gary_stafford\real\gs_00783.wav,gary_stafford,real,3.562018140589569,44100,2,False
data\raw\gary_stafford\real\gs_00784.wav,gary_stafford,real,3.2729931972789115,44100,2,False
data\raw\gary_stafford\real\gs_00785.wav,gary_stafford,real,10.042018140589569,44100,2,False
data\raw\gary_stafford\real\gs_00786.wav,gary_stafford,real,4.733015873015873,44100,2,False
data\raw\gary_stafford\real\gs_00787.wav,gary_stafford,real,6.350997732426304,44100,2,False
data\raw\gary_stafford\real\gs_00788.wav,gary_stafford,real,4.011995464852608,44100,2,False
data\raw\gary_stafford\real\gs_00789.wav,gary_stafford,real,5.043990929705215,44100,2,False
data\raw\gary_stafford\real\gs_00790.wav,gary_stafford,real,4.078004535147392,44100,2,False
data\raw\gary_stafford\real\gs_00791.wav,gary_stafford,real,4.248004535147392,44100,2,False
data\raw\gary_stafford\real\gs_00792.wav,gary_stafford,real,4.690997732426304,44100,2,False
data\raw\gary_stafford\real\gs_00793.wav,gary_stafford,real,8.428004535147393,44100,2,False
data\raw\gary_stafford\real\gs_00794.wav,gary_stafford,real,4.423990929705216,44100,2,False
data\raw\gary_stafford\real\gs_00795.wav,gary_stafford,real,3.716984126984127,44100,2,False
data\raw\gary_stafford\real\gs_00796.wav,gary_stafford,real,3.8260090702947847,44100,2,False
data\raw\gary_stafford\real\gs_00797.wav,gary_stafford,real,6.743990929705215,44100,2,False
data\raw\gary_stafford\real\gs_00798.wav,gary_stafford,real,4.254013605442177,44100,2,False
data\raw\gary_stafford\real\gs_00799.wav,gary_stafford,real,3.211995464852608,44100,2,False
data\raw\gary_stafford\real\gs_00800.wav,gary_stafford,real,8.09201814058957,44100,2,False
data\raw\gary_stafford\real\gs_00801.wav,gary_stafford,real,8.45,44100,2,False
data\raw\gary_stafford\real\gs_00802.wav,gary_stafford,real,5.769002267573696,44100,2,False
data\raw\gary_stafford\real\gs_00803.wav,gary_stafford,real,5.851995464852608,44100,2,False
data\raw\gary_stafford\real\gs_00804.wav,gary_stafford,real,4.0639909297052155,44100,2,False
data\raw\gary_stafford\real\gs_00805.wav,gary_stafford,real,5.263990929705216,44100,2,False
data\raw\gary_stafford\real\gs_00806.wav,gary_stafford,real,3.0819954648526076,44100,2,False
data\raw\gary_stafford\real\gs_00807.wav,gary_stafford,real,4.846984126984127,44100,2,False
data\raw\gary_stafford\real\gs_00808.wav,gary_stafford,real,5.905011337868481,44100,2,False
data\raw\gary_stafford\real\gs_00809.wav,gary_stafford,real,2.986009070294785,44100,2,False
data\raw\gary_stafford\real\gs_00810.wav,gary_stafford,real,2.6149886621315193,44100,2,False
data\raw\gary_stafford\real\gs_00811.wav,gary_stafford,real,4.526009070294784,44100,2,False
data\raw\gary_stafford\real\gs_00812.wav,gary_stafford,real,4.281995464852607,44100,2,False
data\raw\gary_stafford\real\gs_00813.wav,gary_stafford,real,3.15,44100,2,False
data\raw\gary_stafford\real\gs_00814.wav,gary_stafford,real,4.097006802721088,44100,2,False
data\raw\gary_stafford\real\gs_00815.wav,gary_stafford,real,2.941995464852608,44100,2,False
data\raw\gary_stafford\real\gs_00816.wav,gary_stafford,real,4.775986394557823,44100,2,False
data\raw\gary_stafford\real\gs_00817.wav,gary_stafford,real,11.324988662131519,44100,2,False
data\raw\gary_stafford\real\gs_00818.wav,gary_stafford,real,4.832018140589569,44100,2,False
data\raw\gary_stafford\real\gs_00819.wav,gary_stafford,real,2.5610204081632655,44100,2,False
data\raw\gary_stafford\real\gs_00820.wav,gary_stafford,real,3.2229931972789116,44100,2,False
data\raw\gary_stafford\real\gs_00821.wav,gary_stafford,real,2.965011337868481,44100,2,False
data\raw\gary_stafford\real\gs_00822.wav,gary_stafford,real,5.421995464852608,44100,2,False
data\raw\gary_stafford\real\gs_00823.wav,gary_stafford,real,6.482993197278912,44100,2,False
data\raw\gary_stafford\real\gs_00824.wav,gary_stafford,real,5.726009070294785,44100,2,False
data\raw\gary_stafford\real\gs_00825.wav,gary_stafford,real,3.3289795918367346,44100,2,False
data\raw\gary_stafford\real\gs_00826.wav,gary_stafford,real,4.580997732426304,44100,2,False
data\raw\gary_stafford\real\gs_00827.wav,gary_stafford,real,3.3219954648526078,44100,2,False
data\raw\gary_stafford\real\gs_00828.wav,gary_stafford,real,4.587006802721088,44100,2,False
data\raw\gary_stafford\real\gs_00829.wav,gary_stafford,real,3.7160090702947848,44100,2,False
data\raw\gary_stafford\real\gs_00830.wav,gary_stafford,real,7.300997732426304,44100,2,False
data\raw\gary_stafford\real\gs_00831.wav,gary_stafford,real,2.8919954648526076,44100,2,False
data\raw\gary_stafford\real\gs_00832.wav,gary_stafford,real,3.9780045351473925,44100,2,False
data\raw\gary_stafford\real\gs_00833.wav,gary_stafford,real,3.215011337868481,44100,2,False
data\raw\gary_stafford\real\gs_00834.wav,gary_stafford,real,4.0850113378684805,44100,2,False
data\raw\gary_stafford\real\gs_00835.wav,gary_stafford,real,7.620997732426304,44100,2,False
data\raw\gary_stafford\real\gs_00836.wav,gary_stafford,real,5.290997732426304,44100,2,False
data\raw\gary_stafford\real\gs_00837.wav,gary_stafford,real,7.0240136054421765,44100,2,False
data\raw\gary_stafford\real\gs_00838.wav,gary_stafford,real,2.9029931972789114,44100,2,False
data\raw\gary_stafford\real\gs_00839.wav,gary_stafford,real,2.5280045351473923,44100,2,False
data\raw\gary_stafford\real\gs_00840.wav,gary_stafford,real,3.639002267573696,44100,2,False
data\raw\gary_stafford\real\gs_00841.wav,gary_stafford,real,4.5829931972789115,44100,2,False
data\raw\gary_stafford\real\gs_00842.wav,gary_stafford,real,5.546984126984127,44100,2,False
data\raw\gary_stafford\real\gs_00843.wav,gary_stafford,real,6.004988662131519,44100,2,False
data\raw\gary_stafford\real\gs_00844.wav,gary_stafford,real,5.260997732426304,44100,2,False
data\raw\gary_stafford\real\gs_00845.wav,gary_stafford,real,7.482993197278912,44100,2,False
data\raw\gary_stafford\real\gs_00846.wav,gary_stafford,real,3.185986394557823,44100,2,False
data\raw\gary_stafford\real\gs_00847.wav,gary_stafford,real,4.879002267573696,44100,2,False
data\raw\gary_stafford\real\gs_00848.wav,gary_stafford,real,4.935011337868481,44100,2,False
data\raw\gary_stafford\real\gs_00849.wav,gary_stafford,real,6.0,44100,2,False
data\raw\gary_stafford\real\gs_00850.wav,gary_stafford,real,3.4449886621315193,44100,2,False
data\raw\gary_stafford\real\gs_00851.wav,gary_stafford,real,4.822993197278912,44100,2,False
data\raw\gary_stafford\real\gs_00852.wav,gary_stafford,real,2.5,44100,2,False
data\raw\gary_stafford\real\gs_00853.wav,gary_stafford,real,2.98,44100,2,False
data\raw\gary_stafford\real\gs_00854.wav,gary_stafford,real,2.7009977324263037,44100,2,False
data\raw\gary_stafford\real\gs_00855.wav,gary_stafford,real,3.4139909297052156,44100,2,False
data\raw\gary_stafford\real\gs_00856.wav,gary_stafford,real,4.386009070294785,44100,2,False
data\raw\gary_stafford\real\gs_00857.wav,gary_stafford,real,4.2319954648526075,44100,2,False
data\raw\gary_stafford\real\gs_00858.wav,gary_stafford,real,6.43,44100,2,False
data\raw\gary_stafford\real\gs_00859.wav,gary_stafford,real,6.101995464852608,44100,2,False
data\raw\gary_stafford\real\gs_00860.wav,gary_stafford,real,6.951995464852608,44100,2,False
data\raw\gary_stafford\real\gs_00861.wav,gary_stafford,real,5.838979591836734,44100,2,False
data\raw\gary_stafford\real\gs_00862.wav,gary_stafford,real,3.558004535147392,44100,2,False
data\raw\gary_stafford\real\gs_00863.wav,gary_stafford,real,5.739002267573696,44100,2,False
data\raw\gary_stafford\real\gs_00864.wav,gary_stafford,real,10.20299319727891,44100,2,False
data\raw\gary_stafford\real\gs_00865.wav,gary_stafford,real,6.613015873015873,44100,2,False
data\raw\gary_stafford\real\gs_00866.wav,gary_stafford,real,4.062993197278912,44100,2,False
data\raw\gary_stafford\real\gs_00867.wav,gary_stafford,real,6.733990929705215,44100,2,False
data\raw\gary_stafford\real\gs_00868.wav,gary_stafford,real,5.712993197278911,44100,2,False
data\raw\gary_stafford\real\gs_00869.wav,gary_stafford,real,7.18,44100,2,False
data\raw\gary_stafford\real\gs_00870.wav,gary_stafford,real,6.7680045351473925,44100,2,False
data\raw\gary_stafford\real\gs_00871.wav,gary_stafford,real,6.7680045351473925,44100,2,False
data\raw\gary_stafford\real\gs_00872.wav,gary_stafford,real,4.384988662131519,44100,2,False
data\raw\gary_stafford\real\gs_00873.wav,gary_stafford,real,5.699002267573696,44100,2,False
data\raw\gary_stafford\real\gs_00874.wav,gary_stafford,real,3.5739909297052153,44100,2,False
data\raw\gary_stafford\real\gs_00875.wav,gary_stafford,real,3.88,44100,2,False
data\raw\gary_stafford\real\gs_00876.wav,gary_stafford,real,5.649002267573696,44100,2,False
data\raw\gary_stafford\real\gs_00877.wav,gary_stafford,real,4.92,44100,2,False
data\raw\gary_stafford\real\gs_00878.wav,gary_stafford,real,2.9670068027210883,44100,2,False
data\raw\gary_stafford\real\gs_00879.wav,gary_stafford,real,4.785986394557823,44100,2,False
data\raw\gary_stafford\real\gs_00880.wav,gary_stafford,real,5.5619954648526075,44100,2,False
data\raw\gary_stafford\real\gs_00881.wav,gary_stafford,real,2.8260090702947847,44100,2,False
data\raw\gary_stafford\real\gs_00882.wav,gary_stafford,real,3.731995464852608,44100,2,False
data\raw\gary_stafford\real\gs_00883.wav,gary_stafford,real,2.5129931972789117,44100,2,False
data\raw\gary_stafford\real\gs_00884.wav,gary_stafford,real,2.8339909297052155,44100,2,False
data\raw\gary_stafford\real\gs_00885.wav,gary_stafford,real,4.390997732426304,44100,2,False
data\raw\gary_stafford\real\gs_00886.wav,gary_stafford,real,2.725986394557823,44100,2,False
data\raw\gary_stafford\real\gs_00887.wav,gary_stafford,real,3.2159863945578233,44100,2,False
data\raw\gary_stafford\real\gs_00888.wav,gary_stafford,real,2.663015873015873,44100,2,False
data\raw\gary_stafford\real\gs_00889.wav,gary_stafford,real,3.6429931972789116,44100,2,False
data\raw\gary_stafford\real\gs_00890.wav,gary_stafford,real,6.86498866213152,44100,2,False
data\raw\gary_stafford\real\gs_00891.wav,gary_stafford,real,3.659002267573696,44100,2,False
data\raw\gary_stafford\real\gs_00892.wav,gary_stafford,real,4.969002267573696,44100,2,False
data\raw\gary_stafford\real\gs_00893.wav,gary_stafford,real,3.18,44100,2,False
data\raw\gary_stafford\real\gs_00894.wav,gary_stafford,real,3.473015873015873,44100,2,False
data\raw\gary_stafford\real\gs_00895.wav,gary_stafford,real,2.585986394557823,44100,2,False
data\raw\gary_stafford\real\gs_00896.wav,gary_stafford,real,2.9380045351473925,44100,2,False
data\raw\gary_stafford\real\gs_00897.wav,gary_stafford,real,3.5960090702947847,44100,2,False
data\raw\gary_stafford\real\gs_00898.wav,gary_stafford,real,6.27,44100,2,False
data\raw\gary_stafford\real\gs_00899.wav,gary_stafford,real,4.969002267573696,44100,2,False
data\raw\gary_stafford\real\gs_00900.wav,gary_stafford,real,4.522993197278912,44100,2,False
data\raw\gary_stafford\real\gs_00901.wav,gary_stafford,real,6.734013605442177,44100,2,False
data\raw\gary_stafford\real\gs_00902.wav,gary_stafford,real,9.218004535147392,44100,2,False
data\raw\gary_stafford\real\gs_00903.wav,gary_stafford,real,3.893015873015873,44100,2,False
data\raw\gary_stafford\real\gs_00904.wav,gary_stafford,real,5.787006802721089,44100,2,False
data\raw\gary_stafford\real\gs_00905.wav,gary_stafford,real,4.100997732426304,44100,2,False
data\raw\gary_stafford\real\gs_00906.wav,gary_stafford,real,6.520997732426304,44100,2,False
data\raw\gary_stafford\real\gs_00907.wav,gary_stafford,real,4.962993197278911,44100,2,False
data\raw\gary_stafford\real\gs_00908.wav,gary_stafford,real,3.2619954648526077,44100,2,False
data\raw\gary_stafford\real\gs_00909.wav,gary_stafford,real,4.1060090702947845,44100,2,False
data\raw\gary_stafford\real\gs_00910.wav,gary_stafford,real,4.043990929705215,44100,2,False
data\raw\gary_stafford\real\gs_00911.wav,gary_stafford,real,3.190997732426304,44100,2,False
data\raw\gary_stafford\real\gs_00912.wav,gary_stafford,real,6.257981859410431,44100,2,False
data\raw\gary_stafford\real\gs_00913.wav,gary_stafford,real,4.237006802721089,44100,2,False
data\raw\gary_stafford\real\gs_00914.wav,gary_stafford,real,5.776009070294784,44100,2,False
data\raw\gary_stafford\real\gs_00915.wav,gary_stafford,real,3.5849886621315195,44100,2,False
data\raw\gary_stafford\real\gs_00916.wav,gary_stafford,real,2.6150113378684807,44100,2,False
data\raw\gary_stafford\real\gs_00917.wav,gary_stafford,real,5.507981859410431,44100,2,False
data\raw\gary_stafford\real\gs_00918.wav,gary_stafford,real,4.531995464852607,44100,2,False
data\raw\gary_stafford\real\gs_00919.wav,gary_stafford,real,4.2319954648526075,44100,2,False
data\raw\gary_stafford\real\gs_00920.wav,gary_stafford,real,4.679002267573696,44100,2,False
data\raw\gary_stafford\real\gs_00921.wav,gary_stafford,real,4.92,44100,2,False
data\raw\gary_stafford\real\gs_00922.wav,gary_stafford,real,6.623990929705215,44100,2,False
data\raw\gary_stafford\real\gs_00923.wav,gary_stafford,real,6.909002267573696,44100,2,False
data\raw\gary_stafford\real\gs_00924.wav,gary_stafford,real,3.9180045351473924,44100,2,False
data\raw\gary_stafford\real\gs_00925.wav,gary_stafford,real,3.79,44100,2,False
data\raw\gary_stafford\real\gs_00926.wav,gary_stafford,real,3.379002267573696,44100,2,False
data\raw\gary_stafford\real\gs_00927.wav,gary_stafford,real,8.56,44100,2,False
data\raw\gary_stafford\real\gs_00928.wav,gary_stafford,real,4.332018140589569,44100,2,False
data\raw\gary_stafford\real\gs_00929.wav,gary_stafford,real,2.65,44100,2,False
data\raw\gary_stafford\real\gs_00930.wav,gary_stafford,real,4.891995464852608,44100,2,False
data\raw\gary_stafford\real\gs_00931.wav,gary_stafford,real,3.5819954648526076,44100,2,False
data\raw\gary_stafford\real\gs_00932.wav,gary_stafford,real,3.582018140589569,44100,2,False
data\raw\gary_stafford\fake\gs_00933.wav,gary_stafford,fake,3.612,16000,1,False
data\raw\gary_stafford\fake\gs_00934.wav,gary_stafford,fake,3.309,16000,1,False
data\raw\gary_stafford\fake\gs_00935.wav,gary_stafford,fake,3.679,16000,1,False
data\raw\gary_stafford\fake\gs_00936.wav,gary_stafford,fake,3.568,16000,1,False
data\raw\gary_stafford\fake\gs_00937.wav,gary_stafford,fake,3.934,16000,1,False
data\raw\gary_stafford\fake\gs_00938.wav,gary_stafford,fake,2.694,16000,1,False
data\raw\gary_stafford\fake\gs_00939.wav,gary_stafford,fake,3.303,16000,1,False
data\raw\gary_stafford\fake\gs_00940.wav,gary_stafford,fake,2.562,16000,1,False
data\raw\gary_stafford\fake\gs_00941.wav,gary_stafford,fake,2.564,16000,1,False
data\raw\gary_stafford\fake\gs_00942.wav,gary_stafford,fake,3.162,16000,1,False
data\raw\gary_stafford\fake\gs_00943.wav,gary_stafford,fake,3.824,16000,1,False
data\raw\gary_stafford\fake\gs_00944.wav,gary_stafford,fake,2.599,16000,1,False
data\raw\gary_stafford\fake\gs_00945.wav,gary_stafford,fake,4.118,16000,1,False
data\raw\gary_stafford\fake\gs_00946.wav,gary_stafford,fake,4.264,16000,1,False
data\raw\gary_stafford\fake\gs_00947.wav,gary_stafford,fake,3.133,16000,1,False
data\raw\gary_stafford\fake\gs_00948.wav,gary_stafford,fake,2.6,16000,1,False
data\raw\gary_stafford\fake\gs_00949.wav,gary_stafford,fake,3.517,16000,1,False
data\raw\gary_stafford\fake\gs_00950.wav,gary_stafford,fake,3.075,16000,1,False
data\raw\gary_stafford\fake\gs_00951.wav,gary_stafford,fake,4.045,16000,1,False
data\raw\gary_stafford\fake\gs_00952.wav,gary_stafford,fake,4.306,16000,1,False
data\raw\gary_stafford\fake\gs_00953.wav,gary_stafford,fake,4.048,16000,1,False
data\raw\gary_stafford\fake\gs_00954.wav,gary_stafford,fake,3.775,16000,1,False
data\raw\gary_stafford\fake\gs_00955.wav,gary_stafford,fake,2.692,16000,1,False
data\raw\gary_stafford\fake\gs_00956.wav,gary_stafford,fake,2.925,16000,1,False
data\raw\gary_stafford\fake\gs_00957.wav,gary_stafford,fake,4.249,16000,1,False
data\raw\gary_stafford\fake\gs_00958.wav,gary_stafford,fake,2.526,16000,1,False
data\raw\gary_stafford\fake\gs_00959.wav,gary_stafford,fake,2.593,16000,1,False
data\raw\gary_stafford\fake\gs_00960.wav,gary_stafford,fake,3.595,16000,1,False
data\raw\gary_stafford\fake\gs_00961.wav,gary_stafford,fake,3.571,16000,1,False
data\raw\gary_stafford\fake\gs_00962.wav,gary_stafford,fake,2.915,16000,1,False
data\raw\gary_stafford\fake\gs_00963.wav,gary_stafford,fake,3.712,16000,1,False
data\raw\gary_stafford\fake\gs_00964.wav,gary_stafford,fake,2.515,16000,1,False
data\raw\gary_stafford\fake\gs_00965.wav,gary_stafford,fake,3.324,16000,1,False
data\raw\gary_stafford\fake\gs_00966.wav,gary_stafford,fake,3.733,16000,1,False
data\raw\gary_stafford\fake\gs_00967.wav,gary_stafford,fake,3.228,16000,1,False
data\raw\gary_stafford\fake\gs_00968.wav,gary_stafford,fake,3.411,16000,1,False
data\raw\gary_stafford\fake\gs_00969.wav,gary_stafford,fake,3.775,16000,1,False
data\raw\gary_stafford\fake\gs_00970.wav,gary_stafford,fake,3.293,16000,1,False
data\raw\gary_stafford\fake\gs_00971.wav,gary_stafford,fake,2.591,16000,1,False
data\raw\gary_stafford\fake\gs_00972.wav,gary_stafford,fake,3.762,16000,1,False
data\raw\gary_stafford\fake\gs_00973.wav,gary_stafford,fake,2.673,16000,1,False
data\raw\gary_stafford\fake\gs_00974.wav,gary_stafford,fake,3.444,16000,1,False
data\raw\gary_stafford\fake\gs_00975.wav,gary_stafford,fake,2.588,16000,1,False
data\raw\gary_stafford\fake\gs_00976.wav,gary_stafford,fake,2.62,16000,1,False
data\raw\gary_stafford\fake\gs_00977.wav,gary_stafford,fake,3.513,16000,1,False
data\raw\gary_stafford\fake\gs_00978.wav,gary_stafford,fake,3.554,16000,1,False
data\raw\gary_stafford\fake\gs_00979.wav,gary_stafford,fake,3.19,16000,1,False
data\raw\gary_stafford\fake\gs_00980.wav,gary_stafford,fake,2.541,16000,1,False
data\raw\gary_stafford\fake\gs_00981.wav,gary_stafford,fake,3.261,16000,1,False
data\raw\gary_stafford\fake\gs_00982.wav,gary_stafford,fake,3.009,16000,1,False
data\raw\gary_stafford\fake\gs_00983.wav,gary_stafford,fake,2.9,16000,1,False
data\raw\gary_stafford\fake\gs_00984.wav,gary_stafford,fake,3.177,16000,1,False
data\raw\gary_stafford\fake\gs_00985.wav,gary_stafford,fake,3.195,16000,1,False
data\raw\gary_stafford\fake\gs_00986.wav,gary_stafford,fake,2.583,16000,1,False
data\raw\gary_stafford\fake\gs_00987.wav,gary_stafford,fake,3.07,16000,1,False
data\raw\gary_stafford\fake\gs_00988.wav,gary_stafford,fake,3.309,16000,1,False
data\raw\gary_stafford\fake\gs_00989.wav,gary_stafford,fake,3.527,16000,1,False
data\raw\gary_stafford\fake\gs_00990.wav,gary_stafford,fake,2.789,16000,1,False
data\raw\gary_stafford\fake\gs_00991.wav,gary_stafford,fake,3.175,16000,1,False
data\raw\gary_stafford\fake\gs_00992.wav,gary_stafford,fake,3.196,16000,1,False
data\raw\gary_stafford\fake\gs_00993.wav,gary_stafford,fake,2.758,16000,1,False
data\raw\gary_stafford\fake\gs_00994.wav,gary_stafford,fake,2.757,16000,1,False
data\raw\gary_stafford\fake\gs_00995.wav,gary_stafford,fake,3.238,16000,1,False
data\raw\gary_stafford\fake\gs_00996.wav,gary_stafford,fake,3.815,16000,1,False
data\raw\gary_stafford\fake\gs_00997.wav,gary_stafford,fake,3.089,16000,1,False
data\raw\gary_stafford\fake\gs_00998.wav,gary_stafford,fake,4.052,16000,1,False
data\raw\gary_stafford\fake\gs_00999.wav,gary_stafford,fake,4.445,16000,1,False
data\raw\gary_stafford\fake\gs_01000.wav,gary_stafford,fake,3.082,16000,1,False
data\raw\gary_stafford\fake\gs_01001.wav,gary_stafford,fake,3.64,16000,1,False
data\raw\gary_stafford\fake\gs_01002.wav,gary_stafford,fake,4.384,16000,1,False
data\raw\gary_stafford\fake\gs_01003.wav,gary_stafford,fake,5.99,16000,1,False
data\raw\gary_stafford\fake\gs_01004.wav,gary_stafford,fake,2.533,16000,1,False
data\raw\gary_stafford\fake\gs_01005.wav,gary_stafford,fake,4.219,16000,1,False
data\raw\gary_stafford\fake\gs_01006.wav,gary_stafford,fake,2.565,16000,1,False
data\raw\gary_stafford\fake\gs_01007.wav,gary_stafford,fake,2.648,16000,1,False
data\raw\gary_stafford\fake\gs_01008.wav,gary_stafford,fake,3.493,16000,1,False
data\raw\gary_stafford\fake\gs_01009.wav,gary_stafford,fake,3.863,16000,1,False
data\raw\gary_stafford\fake\gs_01010.wav,gary_stafford,fake,2.645,16000,1,False
data\raw\gary_stafford\fake\gs_01011.wav,gary_stafford,fake,3.693,16000,1,False
data\raw\gary_stafford\fake\gs_01012.wav,gary_stafford,fake,2.765,16000,1,False
data\raw\gary_stafford\fake\gs_01013.wav,gary_stafford,fake,3.2,16000,1,False
data\raw\gary_stafford\fake\gs_01014.wav,gary_stafford,fake,3.49,16000,1,False
data\raw\gary_stafford\fake\gs_01015.wav,gary_stafford,fake,3.271,16000,1,False
data\raw\gary_stafford\fake\gs_01016.wav,gary_stafford,fake,3.676,16000,1,False
data\raw\gary_stafford\fake\gs_01017.wav,gary_stafford,fake,5.928,16000,1,False
data\raw\gary_stafford\fake\gs_01018.wav,gary_stafford,fake,3.866,16000,1,False
data\raw\gary_stafford\fake\gs_01019.wav,gary_stafford,fake,3.454,16000,1,False
data\raw\gary_stafford\fake\gs_01020.wav,gary_stafford,fake,5.201,16000,1,False
data\raw\gary_stafford\fake\gs_01021.wav,gary_stafford,fake,3.173,16000,1,False
data\raw\gary_stafford\fake\gs_01022.wav,gary_stafford,fake,2.5,16000,1,False
data\raw\gary_stafford\fake\gs_01023.wav,gary_stafford,fake,2.97,16000,1,False
data\raw\gary_stafford\fake\gs_01024.wav,gary_stafford,fake,3.959,16000,1,False
data\raw\gary_stafford\fake\gs_01025.wav,gary_stafford,fake,2.746,16000,1,False
data\raw\gary_stafford\fake\gs_01026.wav,gary_stafford,fake,4.677,16000,1,False
data\raw\gary_stafford\fake\gs_01027.wav,gary_stafford,fake,4.022,16000,1,False
data\raw\gary_stafford\fake\gs_01028.wav,gary_stafford,fake,3.506,16000,1,False
data\raw\gary_stafford\fake\gs_01029.wav,gary_stafford,fake,3.13,16000,1,False
data\raw\gary_stafford\fake\gs_01030.wav,gary_stafford,fake,4.331,16000,1,False
data\raw\gary_stafford\fake\gs_01031.wav,gary_stafford,fake,3.191,16000,1,False
data\raw\gary_stafford\fake\gs_01032.wav,gary_stafford,fake,2.781,16000,1,False
data\raw\gary_stafford\fake\gs_01033.wav,gary_stafford,fake,3.026,16000,1,False
data\raw\gary_stafford\fake\gs_01034.wav,gary_stafford,fake,3.257,16000,1,False
data\raw\gary_stafford\fake\gs_01035.wav,gary_stafford,fake,3.306,16000,1,False
data\raw\gary_stafford\fake\gs_01036.wav,gary_stafford,fake,3.283,16000,1,False
data\raw\gary_stafford\fake\gs_01037.wav,gary_stafford,fake,3.349,16000,1,False
data\raw\gary_stafford\fake\gs_01038.wav,gary_stafford,fake,2.536,16000,1,False
data\raw\gary_stafford\fake\gs_01039.wav,gary_stafford,fake,3.883,16000,1,False
data\raw\gary_stafford\fake\gs_01040.wav,gary_stafford,fake,2.886,16000,1,False
data\raw\gary_stafford\fake\gs_01041.wav,gary_stafford,fake,3.278,16000,1,False
data\raw\gary_stafford\fake\gs_01042.wav,gary_stafford,fake,3.026,16000,1,False
data\raw\gary_stafford\fake\gs_01043.wav,gary_stafford,fake,3.812,16000,1,False
data\raw\gary_stafford\fake\gs_01044.wav,gary_stafford,fake,4.231,16000,1,False
data\raw\gary_stafford\fake\gs_01045.wav,gary_stafford,fake,2.614,16000,1,False
data\raw\gary_stafford\fake\gs_01046.wav,gary_stafford,fake,3.979,16000,1,False
data\raw\gary_stafford\fake\gs_01047.wav,gary_stafford,fake,2.915,16000,1,False
data\raw\gary_stafford\fake\gs_01048.wav,gary_stafford,fake,3.227,16000,1,False
data\raw\gary_stafford\fake\gs_01049.wav,gary_stafford,fake,2.997,16000,1,False
data\raw\gary_stafford\fake\gs_01050.wav,gary_stafford,fake,3.064,16000,1,False
data\raw\gary_stafford\fake\gs_01051.wav,gary_stafford,fake,3.653,16000,1,False
data\raw\gary_stafford\fake\gs_01052.wav,gary_stafford,fake,3.361,16000,1,False
data\raw\gary_stafford\fake\gs_01053.wav,gary_stafford,fake,2.553,16000,1,False
data\raw\gary_stafford\fake\gs_01054.wav,gary_stafford,fake,2.803,16000,1,False
data\raw\gary_stafford\fake\gs_01055.wav,gary_stafford,fake,3.697,16000,1,False
data\raw\gary_stafford\fake\gs_01056.wav,gary_stafford,fake,3.107,16000,1,False
data\raw\gary_stafford\fake\gs_01057.wav,gary_stafford,fake,2.553,16000,1,False
data\raw\gary_stafford\fake\gs_01058.wav,gary_stafford,fake,4.304,16000,1,False
data\raw\gary_stafford\fake\gs_01059.wav,gary_stafford,fake,2.866,16000,1,False
data\raw\gary_stafford\fake\gs_01060.wav,gary_stafford,fake,3.105,16000,1,False
data\raw\gary_stafford\fake\gs_01061.wav,gary_stafford,fake,3.71,16000,1,False
data\raw\gary_stafford\fake\gs_01062.wav,gary_stafford,fake,3.339,16000,1,False
data\raw\gary_stafford\fake\gs_01063.wav,gary_stafford,fake,2.815,16000,1,False
data\raw\gary_stafford\fake\gs_01064.wav,gary_stafford,fake,2.869,16000,1,False
data\raw\gary_stafford\fake\gs_01065.wav,gary_stafford,fake,3.952,16000,1,False
data\raw\gary_stafford\fake\gs_01066.wav,gary_stafford,fake,3.932,16000,1,False
data\raw\gary_stafford\fake\gs_01067.wav,gary_stafford,fake,4.328,16000,1,False
data\raw\gary_stafford\fake\gs_01068.wav,gary_stafford,fake,2.948,16000,1,False
data\raw\gary_stafford\fake\gs_01069.wav,gary_stafford,fake,3.007,16000,1,False
data\raw\gary_stafford\fake\gs_01070.wav,gary_stafford,fake,3.348,16000,1,False
data\raw\gary_stafford\fake\gs_01071.wav,gary_stafford,fake,3.883,16000,1,False
data\raw\gary_stafford\fake\gs_01072.wav,gary_stafford,fake,2.868,16000,1,False
data\raw\gary_stafford\fake\gs_01073.wav,gary_stafford,fake,2.952,16000,1,False
data\raw\gary_stafford\fake\gs_01074.wav,gary_stafford,fake,3.153,16000,1,False
data\raw\gary_stafford\fake\gs_01075.wav,gary_stafford,fake,2.55,16000,1,False
data\raw\gary_stafford\fake\gs_01076.wav,gary_stafford,fake,2.846,16000,1,False
data\raw\gary_stafford\fake\gs_01077.wav,gary_stafford,fake,2.752,16000,1,False
data\raw\gary_stafford\fake\gs_01078.wav,gary_stafford,fake,2.777,16000,1,False
data\raw\gary_stafford\fake\gs_01079.wav,gary_stafford,fake,3.217,16000,1,False
data\raw\gary_stafford\fake\gs_01080.wav,gary_stafford,fake,3.325,16000,1,False
data\raw\gary_stafford\fake\gs_01081.wav,gary_stafford,fake,4.903,16000,1,False
data\raw\gary_stafford\fake\gs_01082.wav,gary_stafford,fake,3.188,16000,1,False
data\raw\gary_stafford\fake\gs_01083.wav,gary_stafford,fake,3.348,16000,1,False
data\raw\gary_stafford\fake\gs_01084.wav,gary_stafford,fake,2.751,16000,1,False
data\raw\gary_stafford\fake\gs_01085.wav,gary_stafford,fake,3.834,16000,1,False
data\raw\gary_stafford\fake\gs_01086.wav,gary_stafford,fake,3.515,16000,1,False
data\raw\gary_stafford\fake\gs_01087.wav,gary_stafford,fake,3.893,16000,1,False
data\raw\gary_stafford\fake\gs_01088.wav,gary_stafford,fake,3.596,16000,1,False
data\raw\gary_stafford\fake\gs_01089.wav,gary_stafford,fake,3.327,16000,1,False
data\raw\gary_stafford\fake\gs_01090.wav,gary_stafford,fake,3.758,16000,1,False
data\raw\gary_stafford\fake\gs_01091.wav,gary_stafford,fake,3.369,16000,1,False
data\raw\gary_stafford\fake\gs_01092.wav,gary_stafford,fake,3.758,16000,1,False
data\raw\gary_stafford\fake\gs_01093.wav,gary_stafford,fake,3.369,16000,1,False
data\raw\gary_stafford\fake\gs_01094.wav,gary_stafford,fake,3.728,16000,1,False
data\raw\gary_stafford\fake\gs_01095.wav,gary_stafford,fake,3.926,16000,1,False
data\raw\gary_stafford\fake\gs_01096.wav,gary_stafford,fake,2.738,16000,1,False
data\raw\gary_stafford\fake\gs_01097.wav,gary_stafford,fake,3.836,16000,1,False
data\raw\gary_stafford\fake\gs_01098.wav,gary_stafford,fake,3.033,16000,1,False
data\raw\gary_stafford\fake\gs_01099.wav,gary_stafford,fake,3.742,16000,1,False
data\raw\gary_stafford\fake\gs_01100.wav,gary_stafford,fake,4.175,16000,1,False
data\raw\gary_stafford\fake\gs_01101.wav,gary_stafford,fake,8.328,16000,1,False
data\raw\gary_stafford\fake\gs_01102.wav,gary_stafford,fake,3.75,16000,1,False
data\raw\gary_stafford\fake\gs_01103.wav,gary_stafford,fake,7.131,16000,1,False
data\raw\gary_stafford\fake\gs_01104.wav,gary_stafford,fake,2.769,16000,1,False
data\raw\gary_stafford\fake\gs_01105.wav,gary_stafford,fake,2.903,16000,1,False
data\raw\gary_stafford\fake\gs_01106.wav,gary_stafford,fake,3.375,16000,1,False
data\raw\gary_stafford\fake\gs_01107.wav,gary_stafford,fake,6.453,16000,1,False
data\raw\gary_stafford\fake\gs_01108.wav,gary_stafford,fake,3.076,16000,1,False
data\raw\gary_stafford\fake\gs_01109.wav,gary_stafford,fake,3.511,16000,1,False
data\raw\gary_stafford\fake\gs_01110.wav,gary_stafford,fake,3.332,16000,1,False
data\raw\gary_stafford\fake\gs_01111.wav,gary_stafford,fake,3.662,16000,1,False
data\raw\gary_stafford\fake\gs_01112.wav,gary_stafford,fake,10.33,16000,1,False
data\raw\gary_stafford\fake\gs_01113.wav,gary_stafford,fake,5.182,16000,1,False
data\raw\gary_stafford\fake\gs_01114.wav,gary_stafford,fake,4.703,16000,1,False
data\raw\gary_stafford\fake\gs_01115.wav,gary_stafford,fake,3.041,16000,1,False
data\raw\gary_stafford\fake\gs_01116.wav,gary_stafford,fake,2.979,16000,1,False
data\raw\gary_stafford\fake\gs_01117.wav,gary_stafford,fake,3.903,16000,1,False
data\raw\gary_stafford\fake\gs_01118.wav,gary_stafford,fake,5.995,16000,1,False
data\raw\gary_stafford\fake\gs_01119.wav,gary_stafford,fake,7.576,16000,1,False
data\raw\gary_stafford\fake\gs_01120.wav,gary_stafford,fake,3.54,16000,1,False
data\raw\gary_stafford\fake\gs_01121.wav,gary_stafford,fake,4.362,16000,1,False
data\raw\gary_stafford\fake\gs_01122.wav,gary_stafford,fake,3.534,16000,1,False
data\raw\gary_stafford\fake\gs_01123.wav,gary_stafford,fake,4.142,16000,1,False
data\raw\gary_stafford\fake\gs_01124.wav,gary_stafford,fake,5.727,16000,1,False
data\raw\gary_stafford\fake\gs_01125.wav,gary_stafford,fake,2.68,16000,1,False
data\raw\gary_stafford\fake\gs_01126.wav,gary_stafford,fake,3.711,16000,1,False
data\raw\gary_stafford\fake\gs_01127.wav,gary_stafford,fake,4.613,16000,1,False
data\raw\gary_stafford\fake\gs_01128.wav,gary_stafford,fake,3.241,16000,1,False
data\raw\gary_stafford\fake\gs_01129.wav,gary_stafford,fake,3.693,16000,1,False
data\raw\gary_stafford\fake\gs_01130.wav,gary_stafford,fake,2.61,16000,1,False
data\raw\gary_stafford\fake\gs_01131.wav,gary_stafford,fake,3.54,16000,1,False
data\raw\gary_stafford\fake\gs_01132.wav,gary_stafford,fake,3.139,16000,1,False
data\raw\gary_stafford\fake\gs_01133.wav,gary_stafford,fake,4.403,16000,1,False
data\raw\gary_stafford\fake\gs_01134.wav,gary_stafford,fake,2.622,16000,1,False
data\raw\gary_stafford\fake\gs_01135.wav,gary_stafford,fake,2.935,16000,1,False
data\raw\gary_stafford\fake\gs_01136.wav,gary_stafford,fake,3.225,16000,1,False
data\raw\gary_stafford\fake\gs_01137.wav,gary_stafford,fake,5.73,16000,1,False
data\raw\gary_stafford\fake\gs_01138.wav,gary_stafford,fake,5.538,16000,1,False
data\raw\gary_stafford\fake\gs_01139.wav,gary_stafford,fake,4.547,16000,1,False
data\raw\gary_stafford\fake\gs_01140.wav,gary_stafford,fake,6.646,16000,1,False
data\raw\gary_stafford\fake\gs_01141.wav,gary_stafford,fake,3.163,16000,1,False
data\raw\gary_stafford\fake\gs_01142.wav,gary_stafford,fake,5.939,16000,1,False
data\raw\gary_stafford\fake\gs_01143.wav,gary_stafford,fake,2.969,16000,1,False
data\raw\gary_stafford\fake\gs_01144.wav,gary_stafford,fake,2.975,16000,1,False
data\raw\gary_stafford\fake\gs_01145.wav,gary_stafford,fake,2.867,16000,1,False
data\raw\gary_stafford\fake\gs_01146.wav,gary_stafford,fake,3.782,16000,1,False
data\raw\gary_stafford\fake\gs_01147.wav,gary_stafford,fake,3.545,16000,1,False
data\raw\gary_stafford\fake\gs_01148.wav,gary_stafford,fake,3.368,16000,1,False
data\raw\gary_stafford\fake\gs_01149.wav,gary_stafford,fake,11.571,16000,1,False
data\raw\gary_stafford\fake\gs_01150.wav,gary_stafford,fake,5.661,16000,1,False
data\raw\gary_stafford\fake\gs_01151.wav,gary_stafford,fake,5.257,16000,1,False
data\raw\gary_stafford\fake\gs_01152.wav,gary_stafford,fake,2.648,16000,1,False
data\raw\gary_stafford\fake\gs_01153.wav,gary_stafford,fake,4.418,16000,1,False
data\raw\gary_stafford\fake\gs_01154.wav,gary_stafford,fake,3.32,16000,1,False
data\raw\gary_stafford\fake\gs_01155.wav,gary_stafford,fake,5.094,16000,1,False
data\raw\gary_stafford\fake\gs_01156.wav,gary_stafford,fake,3.759,16000,1,False
data\raw\gary_stafford\fake\gs_01157.wav,gary_stafford,fake,3.373,16000,1,False
data\raw\gary_stafford\fake\gs_01158.wav,gary_stafford,fake,4.529,16000,1,False
data\raw\gary_stafford\fake\gs_01159.wav,gary_stafford,fake,4.461,16000,1,False
data\raw\gary_stafford\fake\gs_01160.wav,gary_stafford,fake,3.373,16000,1,False
data\raw\gary_stafford\fake\gs_01161.wav,gary_stafford,fake,4.386,16000,1,False
data\raw\gary_stafford\fake\gs_01162.wav,gary_stafford,fake,4.445,16000,1,False
data\raw\gary_stafford\fake\gs_01163.wav,gary_stafford,fake,9.908,16000,1,False
data\raw\gary_stafford\fake\gs_01164.wav,gary_stafford,fake,2.671,16000,1,False
data\raw\gary_stafford\fake\gs_01165.wav,gary_stafford,fake,3.43,16000,1,False
data\raw\gary_stafford\fake\gs_01166.wav,gary_stafford,fake,4.711,16000,1,False
data\raw\gary_stafford\fake\gs_01167.wav,gary_stafford,fake,2.713,16000,1,False
data\raw\gary_stafford\fake\gs_01168.wav,gary_stafford,fake,3.129,16000,1,False
data\raw\gary_stafford\fake\gs_01169.wav,gary_stafford,fake,3.163,16000,1,False
data\raw\gary_stafford\fake\gs_01170.wav,gary_stafford,fake,5.432,16000,1,False
data\raw\gary_stafford\fake\gs_01171.wav,gary_stafford,fake,3.411,16000,1,False
data\raw\gary_stafford\fake\gs_01172.wav,gary_stafford,fake,5.851,16000,1,False
data\raw\gary_stafford\fake\gs_01173.wav,gary_stafford,fake,2.674,16000,1,False
data\raw\gary_stafford\fake\gs_01174.wav,gary_stafford,fake,3.321,16000,1,False
data\raw\gary_stafford\fake\gs_01175.wav,gary_stafford,fake,2.567,16000,1,False
data\raw\gary_stafford\fake\gs_01176.wav,gary_stafford,fake,4.061,16000,1,False
data\raw\gary_stafford\fake\gs_01177.wav,gary_stafford,fake,3.065,16000,1,False
data\raw\gary_stafford\fake\gs_01178.wav,gary_stafford,fake,8.831,16000,1,False
data\raw\gary_stafford\fake\gs_01179.wav,gary_stafford,fake,3.689,16000,1,False
data\raw\gary_stafford\fake\gs_01180.wav,gary_stafford,fake,8.691,16000,1,False
data\raw\gary_stafford\fake\gs_01181.wav,gary_stafford,fake,3.631,16000,1,False
data\raw\gary_stafford\fake\gs_01182.wav,gary_stafford,fake,2.846,16000,1,False
data\raw\gary_stafford\fake\gs_01183.wav,gary_stafford,fake,2.618,16000,1,False
data\raw\gary_stafford\fake\gs_01184.wav,gary_stafford,fake,3.253,16000,1,False
data\raw\gary_stafford\fake\gs_01185.wav,gary_stafford,fake,2.661,16000,1,False
data\raw\gary_stafford\fake\gs_01186.wav,gary_stafford,fake,4.137,16000,1,False
data\raw\gary_stafford\fake\gs_01187.wav,gary_stafford,fake,3.79,16000,1,False
data\raw\gary_stafford\fake\gs_01188.wav,gary_stafford,fake,2.911,16000,1,False
data\raw\gary_stafford\fake\gs_01189.wav,gary_stafford,fake,2.933,16000,1,False
data\raw\gary_stafford\fake\gs_01190.wav,gary_stafford,fake,3.802,16000,1,False
data\raw\gary_stafford\fake\gs_01191.wav,gary_stafford,fake,2.698,16000,1,False
data\raw\gary_stafford\fake\gs_01192.wav,gary_stafford,fake,4.795,16000,1,False
data\raw\gary_stafford\fake\gs_01193.wav,gary_stafford,fake,3.735,16000,1,False
data\raw\gary_stafford\fake\gs_01194.wav,gary_stafford,fake,3.169,16000,1,False
data\raw\gary_stafford\fake\gs_01195.wav,gary_stafford,fake,2.605,16000,1,False
data\raw\gary_stafford\fake\gs_01196.wav,gary_stafford,fake,4.97,16000,1,False
data\raw\gary_stafford\fake\gs_01197.wav,gary_stafford,fake,4.104,16000,1,False
data\raw\gary_stafford\fake\gs_01198.wav,gary_stafford,fake,3.067,16000,1,False
data\raw\gary_stafford\fake\gs_01199.wav,gary_stafford,fake,3.409,16000,1,False
data\raw\gary_stafford\fake\gs_01200.wav,gary_stafford,fake,2.904,16000,1,False
data\raw\gary_stafford\fake\gs_01201.wav,gary_stafford,fake,4.488,16000,1,False
data\raw\gary_stafford\fake\gs_01202.wav,gary_stafford,fake,4.437,16000,1,False
data\raw\gary_stafford\fake\gs_01203.wav,gary_stafford,fake,4.397,16000,1,False
data\raw\gary_stafford\fake\gs_01204.wav,gary_stafford,fake,3.964,16000,1,False
data\raw\gary_stafford\fake\gs_01205.wav,gary_stafford,fake,4.32,16000,1,False
data\raw\gary_stafford\fake\gs_01206.wav,gary_stafford,fake,4.227,16000,1,False
data\raw\gary_stafford\fake\gs_01207.wav,gary_stafford,fake,2.577,16000,1,False
data\raw\gary_stafford\fake\gs_01208.wav,gary_stafford,fake,2.543,16000,1,False
data\raw\gary_stafford\fake\gs_01209.wav,gary_stafford,fake,4.253,16000,1,False
data\raw\gary_stafford\fake\gs_01210.wav,gary_stafford,fake,2.741,16000,1,False
data\raw\gary_stafford\fake\gs_01211.wav,gary_stafford,fake,3.455,16000,1,False
data\raw\gary_stafford\fake\gs_01212.wav,gary_stafford,fake,3.06,16000,1,False
data\raw\gary_stafford\fake\gs_01213.wav,gary_stafford,fake,2.68,16000,1,False
data\raw\gary_stafford\fake\gs_01214.wav,gary_stafford,fake,3.241,16000,1,False
data\raw\gary_stafford\fake\gs_01215.wav,gary_stafford,fake,3.436,16000,1,False
data\raw\gary_stafford\fake\gs_01216.wav,gary_stafford,fake,4.222,16000,1,False
data\raw\gary_stafford\fake\gs_01217.wav,gary_stafford,fake,5.25,16000,1,False
data\raw\gary_stafford\fake\gs_01218.wav,gary_stafford,fake,2.552,16000,1,False
data\raw\gary_stafford\fake\gs_01219.wav,gary_stafford,fake,2.961,16000,1,False
data\raw\gary_stafford\fake\gs_01220.wav,gary_stafford,fake,2.954,16000,1,False
data\raw\gary_stafford\fake\gs_01221.wav,gary_stafford,fake,3.375,16000,1,False
data\raw\gary_stafford\fake\gs_01222.wav,gary_stafford,fake,5.375,16000,1,False
data\raw\gary_stafford\fake\gs_01223.wav,gary_stafford,fake,3.723,16000,1,False
data\raw\gary_stafford\fake\gs_01224.wav,gary_stafford,fake,2.826,16000,1,False
data\raw\gary_stafford\fake\gs_01225.wav,gary_stafford,fake,2.864,16000,1,False
data\raw\gary_stafford\fake\gs_01226.wav,gary_stafford,fake,3.986,16000,1,False
data\raw\gary_stafford\fake\gs_01227.wav,gary_stafford,fake,3.212,16000,1,False
data\raw\gary_stafford\fake\gs_01228.wav,gary_stafford,fake,4.155,16000,1,False
data\raw\gary_stafford\fake\gs_01229.wav,gary_stafford,fake,2.744,16000,1,False
data\raw\gary_stafford\fake\gs_01230.wav,gary_stafford,fake,3.199,16000,1,False
data\raw\gary_stafford\fake\gs_01231.wav,gary_stafford,fake,2.719,16000,1,False
data\raw\gary_stafford\fake\gs_01232.wav,gary_stafford,fake,3.137,16000,1,False
data\raw\gary_stafford\fake\gs_01233.wav,gary_stafford,fake,3.604,16000,1,False
data\raw\gary_stafford\fake\gs_01234.wav,gary_stafford,fake,4.522,16000,1,False
data\raw\gary_stafford\fake\gs_01235.wav,gary_stafford,fake,4.252,16000,1,False
data\raw\gary_stafford\fake\gs_01236.wav,gary_stafford,fake,4.999,16000,1,False
data\raw\gary_stafford\fake\gs_01237.wav,gary_stafford,fake,2.754,16000,1,False
data\raw\gary_stafford\fake\gs_01238.wav,gary_stafford,fake,3.432,16000,1,False
data\raw\gary_stafford\fake\gs_01239.wav,gary_stafford,fake,3.376,16000,1,False
data\raw\gary_stafford\fake\gs_01240.wav,gary_stafford,fake,2.702,16000,1,False
data\raw\gary_stafford\fake\gs_01241.wav,gary_stafford,fake,3.509,16000,1,False
data\raw\gary_stafford\fake\gs_01242.wav,gary_stafford,fake,2.802,16000,1,False
data\raw\gary_stafford\fake\gs_01243.wav,gary_stafford,fake,2.779,16000,1,False
data\raw\gary_stafford\fake\gs_01244.wav,gary_stafford,fake,4.304,16000,1,False
data\raw\gary_stafford\fake\gs_01245.wav,gary_stafford,fake,4.413,16000,1,False
data\raw\gary_stafford\fake\gs_01246.wav,gary_stafford,fake,7.781,16000,1,False
data\raw\gary_stafford\fake\gs_01247.wav,gary_stafford,fake,7.583,16000,1,False
data\raw\gary_stafford\fake\gs_01248.wav,gary_stafford,fake,3.004,16000,1,False
data\raw\gary_stafford\fake\gs_01249.wav,gary_stafford,fake,3.136,16000,1,False
data\raw\gary_stafford\fake\gs_01250.wav,gary_stafford,fake,2.724,16000,1,False
data\raw\gary_stafford\fake\gs_01251.wav,gary_stafford,fake,4.213,16000,1,False
data\raw\gary_stafford\fake\gs_01252.wav,gary_stafford,fake,4.482,16000,1,False
data\raw\gary_stafford\fake\gs_01253.wav,gary_stafford,fake,4.7,16000,1,False
data\raw\gary_stafford\fake\gs_01254.wav,gary_stafford,fake,4.008,16000,1,False
data\raw\gary_stafford\fake\gs_01255.wav,gary_stafford,fake,4.441,16000,1,False
data\raw\gary_stafford\fake\gs_01256.wav,gary_stafford,fake,2.742,16000,1,False
data\raw\gary_stafford\fake\gs_01257.wav,gary_stafford,fake,5.55,16000,1,False
data\raw\gary_stafford\fake\gs_01258.wav,gary_stafford,fake,3.378,16000,1,False
data\raw\gary_stafford\fake\gs_01259.wav,gary_stafford,fake,2.956,16000,1,False
data\raw\gary_stafford\fake\gs_01260.wav,gary_stafford,fake,3.785,16000,1,False
data\raw\gary_stafford\fake\gs_01261.wav,gary_stafford,fake,3.1,16000,1,False
data\raw\gary_stafford\fake\gs_01262.wav,gary_stafford,fake,4.409,16000,1,False
data\raw\gary_stafford\fake\gs_01263.wav,gary_stafford,fake,3.099,16000,1,False
data\raw\gary_stafford\fake\gs_01264.wav,gary_stafford,fake,2.925,16000,1,False
data\raw\gary_stafford\fake\gs_01265.wav,gary_stafford,fake,2.686,16000,1,False
data\raw\gary_stafford\fake\gs_01266.wav,gary_stafford,fake,3.402,16000,1,False
data\raw\gary_stafford\fake\gs_01267.wav,gary_stafford,fake,2.531,16000,1,False
data\raw\gary_stafford\fake\gs_01268.wav,gary_stafford,fake,3.772,16000,1,False
data\raw\gary_stafford\fake\gs_01269.wav,gary_stafford,fake,2.735,16000,1,False
data\raw\gary_stafford\fake\gs_01270.wav,gary_stafford,fake,3.359,16000,1,False
data\raw\gary_stafford\fake\gs_01271.wav,gary_stafford,fake,3.587,16000,1,False
data\raw\gary_stafford\fake\gs_01272.wav,gary_stafford,fake,3.269,16000,1,False
data\raw\gary_stafford\fake\gs_01273.wav,gary_stafford,fake,2.598,16000,1,False
data\raw\gary_stafford\fake\gs_01274.wav,gary_stafford,fake,2.76,16000,1,False
data\raw\gary_stafford\fake\gs_01275.wav,gary_stafford,fake,3.778,16000,1,False
data\raw\gary_stafford\fake\gs_01276.wav,gary_stafford,fake,2.535,16000,1,False
data\raw\gary_stafford\fake\gs_01277.wav,gary_stafford,fake,4.111,16000,1,False
data\raw\gary_stafford\fake\gs_01278.wav,gary_stafford,fake,3.713,16000,1,False
data\raw\gary_stafford\fake\gs_01279.wav,gary_stafford,fake,4.288,16000,1,False
data\raw\gary_stafford\fake\gs_01280.wav,gary_stafford,fake,4.054,16000,1,False
data\raw\gary_stafford\fake\gs_01281.wav,gary_stafford,fake,4.313,16000,1,False
data\raw\gary_stafford\fake\gs_01282.wav,gary_stafford,fake,3.633,16000,1,False
data\raw\gary_stafford\fake\gs_01283.wav,gary_stafford,fake,3.006,16000,1,False
data\raw\gary_stafford\fake\gs_01284.wav,gary_stafford,fake,2.682,16000,1,False
data\raw\gary_stafford\fake\gs_01285.wav,gary_stafford,fake,3.038,16000,1,False
data\raw\gary_stafford\fake\gs_01286.wav,gary_stafford,fake,4.164,16000,1,False
data\raw\gary_stafford\fake\gs_01287.wav,gary_stafford,fake,3.175,16000,1,False
data\raw\gary_stafford\fake\gs_01288.wav,gary_stafford,fake,3.547,16000,1,False
data\raw\gary_stafford\fake\gs_01289.wav,gary_stafford,fake,2.535,16000,1,False
data\raw\gary_stafford\fake\gs_01290.wav,gary_stafford,fake,2.919,16000,1,False
data\raw\gary_stafford\fake\gs_01291.wav,gary_stafford,fake,3.145,16000,1,False
data\raw\gary_stafford\fake\gs_01292.wav,gary_stafford,fake,4.337,16000,1,False
data\raw\gary_stafford\fake\gs_01293.wav,gary_stafford,fake,3.779,16000,1,False
data\raw\gary_stafford\fake\gs_01294.wav,gary_stafford,fake,2.703,16000,1,False
data\raw\gary_stafford\fake\gs_01295.wav,gary_stafford,fake,4.139,16000,1,False
data\raw\gary_stafford\fake\gs_01296.wav,gary_stafford,fake,3.021,16000,1,False
data\raw\gary_stafford\fake\gs_01297.wav,gary_stafford,fake,4.297,16000,1,False
data\raw\gary_stafford\fake\gs_01298.wav,gary_stafford,fake,2.848,16000,1,False
data\raw\gary_stafford\fake\gs_01299.wav,gary_stafford,fake,3.225,16000,1,False
data\raw\gary_stafford\fake\gs_01300.wav,gary_stafford,fake,5.171,16000,1,False
data\raw\gary_stafford\fake\gs_01301.wav,gary_stafford,fake,2.976,16000,1,False
data\raw\gary_stafford\fake\gs_01302.wav,gary_stafford,fake,8.052,16000,1,False
data\raw\gary_stafford\fake\gs_01303.wav,gary_stafford,fake,4.287,16000,1,False
data\raw\gary_stafford\fake\gs_01304.wav,gary_stafford,fake,4.398,16000,1,False
data\raw\gary_stafford\fake\gs_01305.wav,gary_stafford,fake,2.71,16000,1,False
data\raw\gary_stafford\fake\gs_01306.wav,gary_stafford,fake,5.497,16000,1,False
data\raw\gary_stafford\fake\gs_01307.wav,gary_stafford,fake,2.72,16000,1,False
data\raw\gary_stafford\fake\gs_01308.wav,gary_stafford,fake,4.798,16000,1,False
data\raw\gary_stafford\fake\gs_01309.wav,gary_stafford,fake,5.312,16000,1,False
data\raw\gary_stafford\fake\gs_01310.wav,gary_stafford,fake,3.341,16000,1,False
data\raw\gary_stafford\fake\gs_01311.wav,gary_stafford,fake,3.224,16000,1,False
data\raw\gary_stafford\fake\gs_01312.wav,gary_stafford,fake,4.681,16000,1,False
data\raw\gary_stafford\fake\gs_01313.wav,gary_stafford,fake,4.504,16000,1,False
data\raw\gary_stafford\fake\gs_01314.wav,gary_stafford,fake,2.858,16000,1,False
data\raw\gary_stafford\fake\gs_01315.wav,gary_stafford,fake,5.861,16000,1,False
data\raw\gary_stafford\fake\gs_01316.wav,gary_stafford,fake,2.73,16000,1,False
data\raw\gary_stafford\fake\gs_01317.wav,gary_stafford,fake,3.888,16000,1,False
data\raw\gary_stafford\fake\gs_01318.wav,gary_stafford,fake,4.09,16000,1,False
data\raw\gary_stafford\fake\gs_01319.wav,gary_stafford,fake,3.788,16000,1,False
data\raw\gary_stafford\fake\gs_01320.wav,gary_stafford,fake,4.327,16000,1,False
data\raw\gary_stafford\fake\gs_01321.wav,gary_stafford,fake,4.059,16000,1,False
data\raw\gary_stafford\fake\gs_01322.wav,gary_stafford,fake,3.227,16000,1,False
data\raw\gary_stafford\fake\gs_01323.wav,gary_stafford,fake,4.085,16000,1,False
data\raw\gary_stafford\fake\gs_01324.wav,gary_stafford,fake,3.499,16000,1,False
data\raw\gary_stafford\fake\gs_01325.wav,gary_stafford,fake,3.862,16000,1,False
data\raw\gary_stafford\fake\gs_01326.wav,gary_stafford,fake,3.215,16000,1,False
data\raw\gary_stafford\fake\gs_01327.wav,gary_stafford,fake,3.672,16000,1,False
data\raw\gary_stafford\fake\gs_01328.wav,gary_stafford,fake,3.459,16000,1,False
data\raw\gary_stafford\fake\gs_01329.wav,gary_stafford,fake,3.692,16000,1,False
data\raw\gary_stafford\fake\gs_01330.wav,gary_stafford,fake,2.868,16000,1,False
data\raw\gary_stafford\fake\gs_01331.wav,gary_stafford,fake,3.242,16000,1,False
data\raw\gary_stafford\fake\gs_01332.wav,gary_stafford,fake,3.108,16000,1,False
data\raw\gary_stafford\fake\gs_01333.wav,gary_stafford,fake,4.657,16000,1,False
data\raw\gary_stafford\fake\gs_01334.wav,gary_stafford,fake,3.385,16000,1,False
data\raw\gary_stafford\fake\gs_01335.wav,gary_stafford,fake,3.15,16000,1,False
data\raw\gary_stafford\fake\gs_01336.wav,gary_stafford,fake,2.545,16000,1,False
data\raw\gary_stafford\fake\gs_01337.wav,gary_stafford,fake,3.269,16000,1,False
data\raw\gary_stafford\fake\gs_01338.wav,gary_stafford,fake,2.891,16000,1,False
data\raw\gary_stafford\fake\gs_01339.wav,gary_stafford,fake,3.193,16000,1,False
data\raw\gary_stafford\fake\gs_01340.wav,gary_stafford,fake,3.825,16000,1,False
data\raw\gary_stafford\fake\gs_01341.wav,gary_stafford,fake,3.268,16000,1,False
data\raw\gary_stafford\fake\gs_01342.wav,gary_stafford,fake,3.888,16000,1,False
data\raw\gary_stafford\fake\gs_01343.wav,gary_stafford,fake,2.814,16000,1,False
data\raw\gary_stafford\fake\gs_01344.wav,gary_stafford,fake,2.769,16000,1,False
data\raw\gary_stafford\fake\gs_01345.wav,gary_stafford,fake,3.607,16000,1,False
data\raw\gary_stafford\fake\gs_01346.wav,gary_stafford,fake,3.682,16000,1,False
data\raw\gary_stafford\fake\gs_01347.wav,gary_stafford,fake,3.731,16000,1,False
data\raw\gary_stafford\fake\gs_01348.wav,gary_stafford,fake,3.995,16000,1,False
data\raw\gary_stafford\fake\gs_01349.wav,gary_stafford,fake,2.765,16000,1,False
data\raw\gary_stafford\fake\gs_01350.wav,gary_stafford,fake,2.918,16000,1,False
data\raw\gary_stafford\fake\gs_01351.wav,gary_stafford,fake,3.343,16000,1,False
data\raw\gary_stafford\fake\gs_01352.wav,gary_stafford,fake,4.736,16000,1,False
data\raw\gary_stafford\fake\gs_01353.wav,gary_stafford,fake,3.655,16000,1,False
data\raw\gary_stafford\fake\gs_01354.wav,gary_stafford,fake,4.207,16000,1,False
data\raw\gary_stafford\fake\gs_01355.wav,gary_stafford,fake,2.587,16000,1,False
data\raw\gary_stafford\fake\gs_01356.wav,gary_stafford,fake,4.408,16000,1,False
data\raw\gary_stafford\fake\gs_01357.wav,gary_stafford,fake,4.912,16000,1,False
data\raw\gary_stafford\fake\gs_01358.wav,gary_stafford,fake,5.173,16000,1,False
data\raw\gary_stafford\fake\gs_01359.wav,gary_stafford,fake,3.308,16000,1,False
data\raw\gary_stafford\fake\gs_01360.wav,gary_stafford,fake,3.731,16000,1,False
data\raw\gary_stafford\fake\gs_01361.wav,gary_stafford,fake,2.717,16000,1,False
data\raw\gary_stafford\fake\gs_01362.wav,gary_stafford,fake,4.316,16000,1,False
data\raw\gary_stafford\fake\gs_01363.wav,gary_stafford,fake,3.481,16000,1,False
data\raw\gary_stafford\fake\gs_01364.wav,gary_stafford,fake,3.332,16000,1,False
data\raw\gary_stafford\fake\gs_01365.wav,gary_stafford,fake,2.96,16000,1,False
data\raw\gary_stafford\fake\gs_01366.wav,gary_stafford,fake,3.42,16000,1,False
data\raw\gary_stafford\fake\gs_01367.wav,gary_stafford,fake,3.347,16000,1,False
data\raw\gary_stafford\fake\gs_01368.wav,gary_stafford,fake,3.485,16000,1,False
data\raw\gary_stafford\fake\gs_01369.wav,gary_stafford,fake,4.031,16000,1,False
data\raw\gary_stafford\fake\gs_01370.wav,gary_stafford,fake,2.979,16000,1,False
data\raw\gary_stafford\fake\gs_01371.wav,gary_stafford,fake,4.222,16000,1,False
data\raw\gary_stafford\fake\gs_01372.wav,gary_stafford,fake,2.921,16000,1,False
data\raw\gary_stafford\fake\gs_01373.wav,gary_stafford,fake,3.215,16000,1,False
data\raw\gary_stafford\fake\gs_01374.wav,gary_stafford,fake,2.771,16000,1,False
data\raw\gary_stafford\fake\gs_01375.wav,gary_stafford,fake,4.499,16000,1,False
data\raw\gary_stafford\fake\gs_01376.wav,gary_stafford,fake,3.105,16000,1,False
data\raw\gary_stafford\fake\gs_01377.wav,gary_stafford,fake,3.3,16000,1,False
data\raw\gary_stafford\fake\gs_01378.wav,gary_stafford,fake,4.271,16000,1,False
data\raw\gary_stafford\fake\gs_01379.wav,gary_stafford,fake,4.801,16000,1,False
data\raw\gary_stafford\fake\gs_01380.wav,gary_stafford,fake,4.179,16000,1,False
data\raw\gary_stafford\fake\gs_01381.wav,gary_stafford,fake,2.83,16000,1,False
data\raw\gary_stafford\fake\gs_01382.wav,gary_stafford,fake,3.082,16000,1,False
data\raw\gary_stafford\fake\gs_01383.wav,gary_stafford,fake,3.093,16000,1,False
data\raw\gary_stafford\fake\gs_01384.wav,gary_stafford,fake,3.676,16000,1,False
data\raw\gary_stafford\fake\gs_01385.wav,gary_stafford,fake,5.139,16000,1,False
data\raw\gary_stafford\fake\gs_01386.wav,gary_stafford,fake,5.735,16000,1,False
data\raw\gary_stafford\fake\gs_01387.wav,gary_stafford,fake,7.224,16000,1,False
data\raw\gary_stafford\fake\gs_01388.wav,gary_stafford,fake,2.826,16000,1,False
data\raw\gary_stafford\fake\gs_01389.wav,gary_stafford,fake,3.053,16000,1,False
data\raw\gary_stafford\fake\gs_01390.wav,gary_stafford,fake,3.166,16000,1,False
data\raw\gary_stafford\fake\gs_01391.wav,gary_stafford,fake,2.723,16000,1,False
data\raw\gary_stafford\fake\gs_01392.wav,gary_stafford,fake,3.471,16000,1,False
data\raw\gary_stafford\fake\gs_01393.wav,gary_stafford,fake,2.827,16000,1,False
data\raw\gary_stafford\fake\gs_01394.wav,gary_stafford,fake,3.113,16000,1,False
data\raw\gary_stafford\fake\gs_01395.wav,gary_stafford,fake,2.601,16000,1,False
data\raw\gary_stafford\fake\gs_01396.wav,gary_stafford,fake,3.36,16000,1,False
data\raw\gary_stafford\fake\gs_01397.wav,gary_stafford,fake,3.395,16000,1,False
data\raw\gary_stafford\fake\gs_01398.wav,gary_stafford,fake,3.255,16000,1,False
data\raw\gary_stafford\fake\gs_01399.wav,gary_stafford,fake,3.778,16000,1,False
data\raw\gary_stafford\fake\gs_01400.wav,gary_stafford,fake,4.215,16000,1,False
data\raw\gary_stafford\fake\gs_01401.wav,gary_stafford,fake,3.229,16000,1,False
data\raw\gary_stafford\fake\gs_01402.wav,gary_stafford,fake,2.878,16000,1,False
data\raw\gary_stafford\fake\gs_01403.wav,gary_stafford,fake,3.963,16000,1,False
data\raw\gary_stafford\fake\gs_01404.wav,gary_stafford,fake,2.961,16000,1,False
data\raw\gary_stafford\fake\gs_01405.wav,gary_stafford,fake,3.399,16000,1,False
data\raw\gary_stafford\fake\gs_01406.wav,gary_stafford,fake,5.615,16000,1,False
data\raw\gary_stafford\fake\gs_01407.wav,gary_stafford,fake,2.876,16000,1,False
data\raw\gary_stafford\fake\gs_01408.wav,gary_stafford,fake,5.794,16000,1,False
data\raw\gary_stafford\fake\gs_01409.wav,gary_stafford,fake,4.19,16000,1,False
data\raw\gary_stafford\fake\gs_01410.wav,gary_stafford,fake,3.677,16000,1,False
data\raw\gary_stafford\fake\gs_01411.wav,gary_stafford,fake,2.635,16000,1,False
data\raw\gary_stafford\fake\gs_01412.wav,gary_stafford,fake,2.974,16000,1,False
data\raw\gary_stafford\fake\gs_01413.wav,gary_stafford,fake,2.872,16000,1,False
data\raw\gary_stafford\fake\gs_01414.wav,gary_stafford,fake,4.862,16000,1,False
data\raw\gary_stafford\fake\gs_01415.wav,gary_stafford,fake,5.486,16000,1,False
data\raw\gary_stafford\fake\gs_01416.wav,gary_stafford,fake,3.363,16000,1,False
data\raw\gary_stafford\fake\gs_01417.wav,gary_stafford,fake,2.997,16000,1,False
data\raw\gary_stafford\fake\gs_01418.wav,gary_stafford,fake,4.347,16000,1,False
data\raw\gary_stafford\fake\gs_01419.wav,gary_stafford,fake,2.728,16000,1,False
data\raw\gary_stafford\fake\gs_01420.wav,gary_stafford,fake,5.927,16000,1,False
data\raw\gary_stafford\fake\gs_01421.wav,gary_stafford,fake,3.286,16000,1,False
data\raw\gary_stafford\fake\gs_01422.wav,gary_stafford,fake,2.925,16000,1,False
data\raw\gary_stafford\fake\gs_01423.wav,gary_stafford,fake,2.987,16000,1,False
data\raw\gary_stafford\fake\gs_01424.wav,gary_stafford,fake,3.556,16000,1,False
data\raw\gary_stafford\fake\gs_01425.wav,gary_stafford,fake,4.254,16000,1,False
data\raw\gary_stafford\fake\gs_01426.wav,gary_stafford,fake,2.689,16000,1,False
data\raw\gary_stafford\fake\gs_01427.wav,gary_stafford,fake,2.809,16000,1,False
data\raw\gary_stafford\fake\gs_01428.wav,gary_stafford,fake,6.886,16000,1,False
data\raw\gary_stafford\fake\gs_01429.wav,gary_stafford,fake,3.034,16000,1,False
data\raw\gary_stafford\fake\gs_01430.wav,gary_stafford,fake,4.616,16000,1,False
data\raw\gary_stafford\fake\gs_01431.wav,gary_stafford,fake,4.302,16000,1,False
data\raw\gary_stafford\fake\gs_01432.wav,gary_stafford,fake,5.074,16000,1,False
data\raw\gary_stafford\fake\gs_01433.wav,gary_stafford,fake,3.681,16000,1,False
data\raw\gary_stafford\fake\gs_01434.wav,gary_stafford,fake,2.75,16000,1,False
data\raw\gary_stafford\fake\gs_01435.wav,gary_stafford,fake,3.028,16000,1,False
data\raw\gary_stafford\fake\gs_01436.wav,gary_stafford,fake,4.162,16000,1,False
data\raw\gary_stafford\fake\gs_01437.wav,gary_stafford,fake,3.345,16000,1,False
data\raw\gary_stafford\fake\gs_01438.wav,gary_stafford,fake,4.452,16000,1,False
data\raw\gary_stafford\fake\gs_01439.wav,gary_stafford,fake,6.558,16000,1,False
data\raw\gary_stafford\fake\gs_01440.wav,gary_stafford,fake,3.952,16000,1,False
data\raw\gary_stafford\fake\gs_01441.wav,gary_stafford,fake,6.655,16000,1,False
data\raw\gary_stafford\fake\gs_01442.wav,gary_stafford,fake,2.576,16000,1,False
data\raw\gary_stafford\fake\gs_01443.wav,gary_stafford,fake,2.956,16000,1,False
data\raw\gary_stafford\fake\gs_01444.wav,gary_stafford,fake,2.931,16000,1,False
data\raw\gary_stafford\fake\gs_01445.wav,gary_stafford,fake,5.709,16000,1,False
data\raw\gary_stafford\fake\gs_01446.wav,gary_stafford,fake,3.052,16000,1,False
data\raw\gary_stafford\fake\gs_01447.wav,gary_stafford,fake,2.921,16000,1,False
data\raw\gary_stafford\fake\gs_01448.wav,gary_stafford,fake,2.674,16000,1,False
data\raw\gary_stafford\fake\gs_01449.wav,gary_stafford,fake,5.147,16000,1,False
data\raw\gary_stafford\fake\gs_01450.wav,gary_stafford,fake,2.767,16000,1,False
data\raw\gary_stafford\fake\gs_01451.wav,gary_stafford,fake,2.82,16000,1,False
data\raw\gary_stafford\fake\gs_01452.wav,gary_stafford,fake,3.351,16000,1,False
data\raw\gary_stafford\fake\gs_01453.wav,gary_stafford,fake,3.22,16000,1,False
data\raw\gary_stafford\fake\gs_01454.wav,gary_stafford,fake,3.953,16000,1,False
data\raw\gary_stafford\fake\gs_01455.wav,gary_stafford,fake,2.931,16000,1,False
data\raw\gary_stafford\fake\gs_01456.wav,gary_stafford,fake,3.048,16000,1,False
data\raw\gary_stafford\fake\gs_01457.wav,gary_stafford,fake,3.359,16000,1,False
data\raw\gary_stafford\fake\gs_01458.wav,gary_stafford,fake,2.697,16000,1,False
data\raw\gary_stafford\fake\gs_01459.wav,gary_stafford,fake,2.689,16000,1,False
data\raw\gary_stafford\fake\gs_01460.wav,gary_stafford,fake,2.888,16000,1,False
data\raw\gary_stafford\fake\gs_01461.wav,gary_stafford,fake,2.983,16000,1,False
data\raw\gary_stafford\fake\gs_01462.wav,gary_stafford,fake,3.781,16000,1,False
data\raw\gary_stafford\fake\gs_01463.wav,gary_stafford,fake,3.739,16000,1,False
data\raw\gary_stafford\fake\gs_01464.wav,gary_stafford,fake,4.684,16000,1,False
data\raw\gary_stafford\fake\gs_01465.wav,gary_stafford,fake,4.327,16000,1,False
data\raw\gary_stafford\fake\gs_01466.wav,gary_stafford,fake,3.289,16000,1,False
data\raw\gary_stafford\fake\gs_01467.wav,gary_stafford,fake,3.367,16000,1,False
data\raw\gary_stafford\fake\gs_01468.wav,gary_stafford,fake,2.951,16000,1,False
data\raw\gary_stafford\fake\gs_01469.wav,gary_stafford,fake,3.91,16000,1,False
data\raw\gary_stafford\fake\gs_01470.wav,gary_stafford,fake,3.699,16000,1,False
data\raw\gary_stafford\fake\gs_01471.wav,gary_stafford,fake,2.64,16000,1,False
data\raw\gary_stafford\fake\gs_01472.wav,gary_stafford,fake,2.79,16000,1,False
data\raw\gary_stafford\fake\gs_01473.wav,gary_stafford,fake,3.205,16000,1,False
data\raw\gary_stafford\fake\gs_01474.wav,gary_stafford,fake,2.728,16000,1,False
data\raw\gary_stafford\fake\gs_01475.wav,gary_stafford,fake,2.619,16000,1,False
data\raw\gary_stafford\fake\gs_01476.wav,gary_stafford,fake,2.917,16000,1,False
data\raw\gary_stafford\fake\gs_01477.wav,gary_stafford,fake,2.534,16000,1,False
data\raw\gary_stafford\fake\gs_01478.wav,gary_stafford,fake,3.007,16000,1,False
data\raw\gary_stafford\fake\gs_01479.wav,gary_stafford,fake,4.407,16000,1,False
data\raw\gary_stafford\fake\gs_01480.wav,gary_stafford,fake,3.375,16000,1,False
data\raw\gary_stafford\fake\gs_01481.wav,gary_stafford,fake,3.279,16000,1,False
data\raw\gary_stafford\fake\gs_01482.wav,gary_stafford,fake,3.432,16000,1,False
data\raw\gary_stafford\fake\gs_01483.wav,gary_stafford,fake,2.949,16000,1,False
data\raw\gary_stafford\fake\gs_01484.wav,gary_stafford,fake,3.988,16000,1,False
data\raw\gary_stafford\fake\gs_01485.wav,gary_stafford,fake,3.477,16000,1,False
data\raw\gary_stafford\fake\gs_01486.wav,gary_stafford,fake,6.304,16000,1,False
data\raw\gary_stafford\fake\gs_01487.wav,gary_stafford,fake,5.046,16000,1,False
data\raw\gary_stafford\fake\gs_01488.wav,gary_stafford,fake,2.505,16000,1,False
data\raw\gary_stafford\fake\gs_01489.wav,gary_stafford,fake,3.916,16000,1,False
data\raw\gary_stafford\fake\gs_01490.wav,gary_stafford,fake,4.326,16000,1,False
data\raw\gary_stafford\fake\gs_01491.wav,gary_stafford,fake,3.244,16000,1,False
data\raw\gary_stafford\fake\gs_01492.wav,gary_stafford,fake,3.18,16000,1,False
data\raw\gary_stafford\fake\gs_01493.wav,gary_stafford,fake,2.779,16000,1,False
data\raw\gary_stafford\fake\gs_01494.wav,gary_stafford,fake,2.534,16000,1,False
data\raw\gary_stafford\fake\gs_01495.wav,gary_stafford,fake,4.323,16000,1,False
data\raw\gary_stafford\fake\gs_01496.wav,gary_stafford,fake,2.526,16000,1,False
data\raw\gary_stafford\fake\gs_01497.wav,gary_stafford,fake,4.134,16000,1,False
data\raw\gary_stafford\fake\gs_01498.wav,gary_stafford,fake,2.836,16000,1,False
data\raw\gary_stafford\fake\gs_01499.wav,gary_stafford,fake,3.826,16000,1,False
data\raw\gary_stafford\fake\gs_01500.wav,gary_stafford,fake,4.259,16000,1,False
data\raw\gary_stafford\fake\gs_01501.wav,gary_stafford,fake,5.589,16000,1,False
data\raw\gary_stafford\fake\gs_01502.wav,gary_stafford,fake,4.247,16000,1,False
data\raw\gary_stafford\fake\gs_01503.wav,gary_stafford,fake,3.01,16000,1,False
data\raw\gary_stafford\fake\gs_01504.wav,gary_stafford,fake,2.665,16000,1,False
data\raw\gary_stafford\fake\gs_01505.wav,gary_stafford,fake,2.986,16000,1,False
data\raw\gary_stafford\fake\gs_01506.wav,gary_stafford,fake,4.27,16000,1,False
data\raw\gary_stafford\fake\gs_01507.wav,gary_stafford,fake,4.969,16000,1,False
data\raw\gary_stafford\fake\gs_01508.wav,gary_stafford,fake,2.793,16000,1,False
data\raw\gary_stafford\fake\gs_01509.wav,gary_stafford,fake,6.869,16000,1,False
data\raw\gary_stafford\fake\gs_01510.wav,gary_stafford,fake,3.855,16000,1,False
data\raw\gary_stafford\fake\gs_01511.wav,gary_stafford,fake,3.883,16000,1,False
data\raw\gary_stafford\fake\gs_01512.wav,gary_stafford,fake,4.593,16000,1,False
data\raw\gary_stafford\fake\gs_01513.wav,gary_stafford,fake,3.991,16000,1,False
data\raw\gary_stafford\fake\gs_01514.wav,gary_stafford,fake,3.25,16000,1,False
data\raw\gary_stafford\fake\gs_01515.wav,gary_stafford,fake,3.668,16000,1,False
data\raw\gary_stafford\fake\gs_01516.wav,gary_stafford,fake,4.62,16000,1,False
data\raw\gary_stafford\fake\gs_01517.wav,gary_stafford,fake,2.879,16000,1,False
data\raw\gary_stafford\fake\gs_01518.wav,gary_stafford,fake,3.634,16000,1,False
data\raw\gary_stafford\fake\gs_01519.wav,gary_stafford,fake,3.618,16000,1,False
data\raw\gary_stafford\fake\gs_01520.wav,gary_stafford,fake,2.725,16000,1,False
data\raw\gary_stafford\fake\gs_01521.wav,gary_stafford,fake,2.706,16000,1,False
data\raw\gary_stafford\fake\gs_01522.wav,gary_stafford,fake,2.65,16000,1,False
data\raw\gary_stafford\fake\gs_01523.wav,gary_stafford,fake,5.285,16000,1,False
data\raw\gary_stafford\fake\gs_01524.wav,gary_stafford,fake,4.008,16000,1,False
data\raw\gary_stafford\fake\gs_01525.wav,gary_stafford,fake,3.134,16000,1,False
data\raw\gary_stafford\fake\gs_01526.wav,gary_stafford,fake,4.312,16000,1,False
data\raw\gary_stafford\fake\gs_01527.wav,gary_stafford,fake,3.728,16000,1,False
data\raw\gary_stafford\fake\gs_01528.wav,gary_stafford,fake,3.956,16000,1,False
data\raw\gary_stafford\fake\gs_01529.wav,gary_stafford,fake,3.48,16000,1,False
data\raw\gary_stafford\fake\gs_01530.wav,gary_stafford,fake,3.354,16000,1,False
data\raw\gary_stafford\fake\gs_01531.wav,gary_stafford,fake,3.334,16000,1,False
data\raw\gary_stafford\fake\gs_01532.wav,gary_stafford,fake,3.181,16000,1,False
data\raw\gary_stafford\fake\gs_01533.wav,gary_stafford,fake,4.303,16000,1,False
data\raw\gary_stafford\fake\gs_01534.wav,gary_stafford,fake,3.083,16000,1,False
data\raw\gary_stafford\fake\gs_01535.wav,gary_stafford,fake,2.882,16000,1,False
data\raw\gary_stafford\fake\gs_01536.wav,gary_stafford,fake,2.508,16000,1,False
data\raw\gary_stafford\fake\gs_01537.wav,gary_stafford,fake,2.717,16000,1,False
data\raw\gary_stafford\fake\gs_01538.wav,gary_stafford,fake,4.974,16000,1,False
data\raw\gary_stafford\fake\gs_01539.wav,gary_stafford,fake,4.475,16000,1,False
data\raw\gary_stafford\fake\gs_01540.wav,gary_stafford,fake,8.28,16000,1,False
data\raw\gary_stafford\fake\gs_01541.wav,gary_stafford,fake,2.81,16000,1,False
data\raw\gary_stafford\fake\gs_01542.wav,gary_stafford,fake,5.449,16000,1,False
data\raw\gary_stafford\fake\gs_01543.wav,gary_stafford,fake,4.925,16000,1,False
data\raw\gary_stafford\fake\gs_01544.wav,gary_stafford,fake,5.029,16000,1,False
data\raw\gary_stafford\fake\gs_01545.wav,gary_stafford,fake,4.984,16000,1,False
data\raw\gary_stafford\fake\gs_01546.wav,gary_stafford,fake,4.523,16000,1,False
data\raw\gary_stafford\fake\gs_01547.wav,gary_stafford,fake,3.075,16000,1,False
data\raw\gary_stafford\fake\gs_01548.wav,gary_stafford,fake,4.817,16000,1,False
data\raw\gary_stafford\fake\gs_01549.wav,gary_stafford,fake,2.772,16000,1,False
data\raw\gary_stafford\fake\gs_01550.wav,gary_stafford,fake,2.82,16000,1,False
data\raw\gary_stafford\fake\gs_01551.wav,gary_stafford,fake,3.955,16000,1,False
data\raw\gary_stafford\fake\gs_01552.wav,gary_stafford,fake,3.297,16000,1,False
data\raw\gary_stafford\fake\gs_01553.wav,gary_stafford,fake,3.81,16000,1,False
data\raw\gary_stafford\fake\gs_01554.wav,gary_stafford,fake,3.422,16000,1,False
data\raw\gary_stafford\fake\gs_01555.wav,gary_stafford,fake,3.115,16000,1,False
data\raw\gary_stafford\fake\gs_01556.wav,gary_stafford,fake,3.03,16000,1,False
data\raw\gary_stafford\fake\gs_01557.wav,gary_stafford,fake,2.595,16000,1,False
data\raw\gary_stafford\fake\gs_01558.wav,gary_stafford,fake,2.649,16000,1,False
data\raw\gary_stafford\fake\gs_01559.wav,gary_stafford,fake,4.089,16000,1,False
data\raw\gary_stafford\fake\gs_01560.wav,gary_stafford,fake,3.288,16000,1,False
data\raw\gary_stafford\fake\gs_01561.wav,gary_stafford,fake,3.926,16000,1,False
data\raw\gary_stafford\fake\gs_01562.wav,gary_stafford,fake,3.233,16000,1,False
data\raw\gary_stafford\fake\gs_01563.wav,gary_stafford,fake,3.386,16000,1,False
data\raw\gary_stafford\fake\gs_01564.wav,gary_stafford,fake,2.894,16000,1,False
data\raw\gary_stafford\fake\gs_01565.wav,gary_stafford,fake,2.81,16000,1,False
data\raw\gary_stafford\fake\gs_01566.wav,gary_stafford,fake,2.732,16000,1,False
data\raw\gary_stafford\fake\gs_01567.wav,gary_stafford,fake,4.415,16000,1,False
data\raw\gary_stafford\fake\gs_01568.wav,gary_stafford,fake,3.527,16000,1,False
data\raw\gary_stafford\fake\gs_01569.wav,gary_stafford,fake,4.232,16000,1,False
data\raw\gary_stafford\fake\gs_01570.wav,gary_stafford,fake,3.886,16000,1,False
data\raw\gary_stafford\fake\gs_01571.wav,gary_stafford,fake,5.389,16000,1,False
data\raw\gary_stafford\fake\gs_01572.wav,gary_stafford,fake,3.921,16000,1,False
data\raw\gary_stafford\fake\gs_01573.wav,gary_stafford,fake,3.873,16000,1,False
data\raw\gary_stafford\fake\gs_01574.wav,gary_stafford,fake,2.874,16000,1,False
data\raw\gary_stafford\fake\gs_01575.wav,gary_stafford,fake,3.577,16000,1,False
data\raw\gary_stafford\fake\gs_01576.wav,gary_stafford,fake,3.945,16000,1,False
data\raw\gary_stafford\fake\gs_01577.wav,gary_stafford,fake,4.555,16000,1,False
data\raw\gary_stafford\fake\gs_01578.wav,gary_stafford,fake,3.491,16000,1,False
data\raw\gary_stafford\fake\gs_01579.wav,gary_stafford,fake,3.192,16000,1,False
data\raw\gary_stafford\fake\gs_01580.wav,gary_stafford,fake,3.225,16000,1,False
data\raw\gary_stafford\fake\gs_01581.wav,gary_stafford,fake,4.575,16000,1,False
data\raw\gary_stafford\fake\gs_01582.wav,gary_stafford,fake,3.519,16000,1,False
data\raw\gary_stafford\fake\gs_01583.wav,gary_stafford,fake,5.126,16000,1,False
data\raw\gary_stafford\fake\gs_01584.wav,gary_stafford,fake,3.374,16000,1,False
data\raw\gary_stafford\fake\gs_01585.wav,gary_stafford,fake,4.316,16000,1,False
data\raw\gary_stafford\fake\gs_01586.wav,gary_stafford,fake,4.61,16000,1,False
data\raw\gary_stafford\fake\gs_01587.wav,gary_stafford,fake,2.529,16000,1,False
data\raw\gary_stafford\fake\gs_01588.wav,gary_stafford,fake,4.261,16000,1,False
data\raw\gary_stafford\fake\gs_01589.wav,gary_stafford,fake,4.055,16000,1,False
data\raw\gary_stafford\fake\gs_01590.wav,gary_stafford,fake,3.243,16000,1,False
data\raw\gary_stafford\fake\gs_01591.wav,gary_stafford,fake,3.292,16000,1,False
data\raw\gary_stafford\fake\gs_01592.wav,gary_stafford,fake,2.683,16000,1,False
data\raw\gary_stafford\fake\gs_01593.wav,gary_stafford,fake,3.142,16000,1,False
data\raw\gary_stafford\fake\gs_01594.wav,gary_stafford,fake,4.567,16000,1,False
data\raw\gary_stafford\fake\gs_01595.wav,gary_stafford,fake,3.528,16000,1,False
data\raw\gary_stafford\fake\gs_01596.wav,gary_stafford,fake,5.273,16000,1,False
data\raw\gary_stafford\fake\gs_01597.wav,gary_stafford,fake,3.414,16000,1,False
data\raw\gary_stafford\fake\gs_01598.wav,gary_stafford,fake,4.382,16000,1,False
data\raw\gary_stafford\fake\gs_01599.wav,gary_stafford,fake,4.641,16000,1,False
data\raw\gary_stafford\fake\gs_01600.wav,gary_stafford,fake,2.61,16000,1,False
data\raw\gary_stafford\fake\gs_01601.wav,gary_stafford,fake,4.005,16000,1,False
data\raw\gary_stafford\fake\gs_01602.wav,gary_stafford,fake,2.82,16000,1,False
data\raw\gary_stafford\fake\gs_01603.wav,gary_stafford,fake,3.807,16000,1,False
data\raw\gary_stafford\fake\gs_01604.wav,gary_stafford,fake,4.327,16000,1,False
data\raw\gary_stafford\fake\gs_01605.wav,gary_stafford,fake,5.235,16000,1,False
data\raw\gary_stafford\fake\gs_01606.wav,gary_stafford,fake,3.423,16000,1,False
data\raw\gary_stafford\fake\gs_01607.wav,gary_stafford,fake,3.822,16000,1,False
data\raw\gary_stafford\fake\gs_01608.wav,gary_stafford,fake,2.873,16000,1,False
data\raw\gary_stafford\fake\gs_01609.wav,gary_stafford,fake,4.088,16000,1,False
data\raw\gary_stafford\fake\gs_01610.wav,gary_stafford,fake,3.411,16000,1,False
data\raw\gary_stafford\fake\gs_01611.wav,gary_stafford,fake,4.879,16000,1,False
data\raw\gary_stafford\fake\gs_01612.wav,gary_stafford,fake,3.766,16000,1,False
data\raw\gary_stafford\fake\gs_01613.wav,gary_stafford,fake,4.332,16000,1,False
data\raw\gary_stafford\fake\gs_01614.wav,gary_stafford,fake,3.344,16000,1,False
data\raw\gary_stafford\fake\gs_01615.wav,gary_stafford,fake,2.92,16000,1,False
data\raw\gary_stafford\fake\gs_01616.wav,gary_stafford,fake,3.603,16000,1,False
data\raw\gary_stafford\fake\gs_01617.wav,gary_stafford,fake,2.614,16000,1,False
data\raw\gary_stafford\fake\gs_01618.wav,gary_stafford,fake,5.491,16000,1,False
data\raw\gary_stafford\fake\gs_01619.wav,gary_stafford,fake,3.405,16000,1,False
data\raw\gary_stafford\fake\gs_01620.wav,gary_stafford,fake,2.631,16000,1,False
data\raw\gary_stafford\fake\gs_01621.wav,gary_stafford,fake,3.726,16000,1,False
data\raw\gary_stafford\fake\gs_01622.wav,gary_stafford,fake,3.035,16000,1,False
data\raw\gary_stafford\fake\gs_01623.wav,gary_stafford,fake,4.093,16000,1,False
data\raw\gary_stafford\fake\gs_01624.wav,gary_stafford,fake,3.436,16000,1,False
data\raw\gary_stafford\fake\gs_01625.wav,gary_stafford,fake,5.513,16000,1,False
data\raw\gary_stafford\fake\gs_01626.wav,gary_stafford,fake,3.809,16000,1,False
data\raw\gary_stafford\fake\gs_01627.wav,gary_stafford,fake,4.026,16000,1,False
data\raw\gary_stafford\fake\gs_01628.wav,gary_stafford,fake,2.974,16000,1,False
data\raw\gary_stafford\fake\gs_01629.wav,gary_stafford,fake,4.312,16000,1,False
data\raw\gary_stafford\fake\gs_01630.wav,gary_stafford,fake,4.622,16000,1,False
data\raw\gary_stafford\fake\gs_01631.wav,gary_stafford,fake,3.124,16000,1,False
data\raw\gary_stafford\fake\gs_01632.wav,gary_stafford,fake,3.276,16000,1,False
data\raw\gary_stafford\fake\gs_01633.wav,gary_stafford,fake,6.306,16000,1,False
data\raw\gary_stafford\fake\gs_01634.wav,gary_stafford,fake,3.207,16000,1,False
data\raw\gary_stafford\fake\gs_01635.wav,gary_stafford,fake,4.57,16000,1,False
data\raw\gary_stafford\fake\gs_01636.wav,gary_stafford,fake,3.345,16000,1,False
data\raw\gary_stafford\fake\gs_01637.wav,gary_stafford,fake,2.982,16000,1,False
data\raw\gary_stafford\fake\gs_01638.wav,gary_stafford,fake,4.186,16000,1,False
data\raw\gary_stafford\fake\gs_01639.wav,gary_stafford,fake,2.787,16000,1,False
data\raw\gary_stafford\fake\gs_01640.wav,gary_stafford,fake,3.435,16000,1,False
data\raw\gary_stafford\fake\gs_01641.wav,gary_stafford,fake,2.893,16000,1,False
data\raw\gary_stafford\fake\gs_01642.wav,gary_stafford,fake,3.194,16000,1,False
data\raw\gary_stafford\fake\gs_01643.wav,gary_stafford,fake,2.996,16000,1,False
data\raw\gary_stafford\fake\gs_01644.wav,gary_stafford,fake,2.735,16000,1,False
data\raw\gary_stafford\fake\gs_01645.wav,gary_stafford,fake,6.068,16000,1,False
data\raw\gary_stafford\fake\gs_01646.wav,gary_stafford,fake,4.069,16000,1,False
data\raw\gary_stafford\fake\gs_01647.wav,gary_stafford,fake,2.536,16000,1,False
data\raw\gary_stafford\fake\gs_01648.wav,gary_stafford,fake,3.802,16000,1,False
data\raw\gary_stafford\fake\gs_01649.wav,gary_stafford,fake,3.33,16000,1,False
data\raw\gary_stafford\fake\gs_01650.wav,gary_stafford,fake,4.792,16000,1,False
data\raw\gary_stafford\fake\gs_01651.wav,gary_stafford,fake,2.736,16000,1,False
data\raw\gary_stafford\fake\gs_01652.wav,gary_stafford,fake,3.385,16000,1,False
data\raw\gary_stafford\fake\gs_01653.wav,gary_stafford,fake,3.377,16000,1,False
data\raw\gary_stafford\fake\gs_01654.wav,gary_stafford,fake,2.711,16000,1,False
data\raw\gary_stafford\fake\gs_01655.wav,gary_stafford,fake,2.921,16000,1,False
data\raw\gary_stafford\fake\gs_01656.wav,gary_stafford,fake,2.919,16000,1,False
data\raw\gary_stafford\fake\gs_01657.wav,gary_stafford,fake,3.145,16000,1,False
data\raw\gary_stafford\fake\gs_01658.wav,gary_stafford,fake,4.337,16000,1,False
data\raw\gary_stafford\fake\gs_01659.wav,gary_stafford,fake,3.779,16000,1,False
data\raw\gary_stafford\fake\gs_01660.wav,gary_stafford,fake,2.703,16000,1,False
data\raw\gary_stafford\fake\gs_01661.wav,gary_stafford,fake,4.139,16000,1,False
data\raw\gary_stafford\fake\gs_01662.wav,gary_stafford,fake,3.021,16000,1,False
data\raw\gary_stafford\fake\gs_01663.wav,gary_stafford,fake,4.297,16000,1,False
data\raw\gary_stafford\fake\gs_01664.wav,gary_stafford,fake,2.848,16000,1,False
data\raw\gary_stafford\fake\gs_01665.wav,gary_stafford,fake,2.674,16000,1,False
data\raw\gary_stafford\fake\gs_01666.wav,gary_stafford,fake,5.147,16000,1,False
data\raw\gary_stafford\fake\gs_01667.wav,gary_stafford,fake,2.767,16000,1,False
data\raw\gary_stafford\fake\gs_01668.wav,gary_stafford,fake,2.82,16000,1,False
data\raw\gary_stafford\fake\gs_01669.wav,gary_stafford,fake,3.351,16000,1,False
data\raw\gary_stafford\fake\gs_01670.wav,gary_stafford,fake,4.398,16000,1,False
data\raw\gary_stafford\fake\gs_01671.wav,gary_stafford,fake,2.71,16000,1,False
data\raw\gary_stafford\fake\gs_01672.wav,gary_stafford,fake,5.497,16000,1,False
data\raw\gary_stafford\fake\gs_01673.wav,gary_stafford,fake,2.72,16000,1,False
data\raw\gary_stafford\fake\gs_01674.wav,gary_stafford,fake,4.798,16000,1,False
data\raw\gary_stafford\fake\gs_01675.wav,gary_stafford,fake,5.312,16000,1,False
data\raw\gary_stafford\fake\gs_01676.wav,gary_stafford,fake,3.341,16000,1,False
data\raw\gary_stafford\fake\gs_01677.wav,gary_stafford,fake,3.224,16000,1,False
data\raw\gary_stafford\fake\gs_01678.wav,gary_stafford,fake,4.681,16000,1,False
data\raw\gary_stafford\fake\gs_01679.wav,gary_stafford,fake,4.504,16000,1,False
data\raw\gary_stafford\fake\gs_01680.wav,gary_stafford,fake,2.858,16000,1,False
data\raw\gary_stafford\fake\gs_01681.wav,gary_stafford,fake,5.861,16000,1,False
data\raw\gary_stafford\fake\gs_01682.wav,gary_stafford,fake,3.953,16000,1,False
data\raw\gary_stafford\fake\gs_01683.wav,gary_stafford,fake,2.73,16000,1,False
data\raw\gary_stafford\fake\gs_01684.wav,gary_stafford,fake,3.888,16000,1,False
data\raw\gary_stafford\fake\gs_01685.wav,gary_stafford,fake,4.09,16000,1,False
data\raw\gary_stafford\fake\gs_01686.wav,gary_stafford,fake,3.788,16000,1,False
data\raw\gary_stafford\fake\gs_01687.wav,gary_stafford,fake,4.327,16000,1,False
data\raw\gary_stafford\fake\gs_01688.wav,gary_stafford,fake,4.059,16000,1,False
data\raw\gary_stafford\fake\gs_01689.wav,gary_stafford,fake,3.227,16000,1,False
data\raw\gary_stafford\fake\gs_01690.wav,gary_stafford,fake,4.085,16000,1,False
data\raw\gary_stafford\fake\gs_01691.wav,gary_stafford,fake,3.499,16000,1,False
data\raw\gary_stafford\fake\gs_01692.wav,gary_stafford,fake,3.862,16000,1,False
data\raw\gary_stafford\fake\gs_01693.wav,gary_stafford,fake,3.215,16000,1,False
data\raw\gary_stafford\fake\gs_01694.wav,gary_stafford,fake,3.672,16000,1,False
data\raw\gary_stafford\fake\gs_01695.wav,gary_stafford,fake,3.459,16000,1,False
data\raw\gary_stafford\fake\gs_01696.wav,gary_stafford,fake,3.692,16000,1,False
data\raw\gary_stafford\fake\gs_01697.wav,gary_stafford,fake,2.868,16000,1,False
data\raw\gary_stafford\fake\gs_01698.wav,gary_stafford,fake,2.931,16000,1,False
data\raw\gary_stafford\fake\gs_01699.wav,gary_stafford,fake,3.048,16000,1,False
data\raw\gary_stafford\fake\gs_01700.wav,gary_stafford,fake,3.359,16000,1,False
data\raw\gary_stafford\fake\gs_01701.wav,gary_stafford,fake,2.697,16000,1,False
data\raw\gary_stafford\fake\gs_01702.wav,gary_stafford,fake,2.689,16000,1,False
data\raw\gary_stafford\fake\gs_01703.wav,gary_stafford,fake,2.888,16000,1,False
data\raw\gary_stafford\fake\gs_01704.wav,gary_stafford,fake,2.983,16000,1,False
data\raw\gary_stafford\fake\gs_01705.wav,gary_stafford,fake,2.891,16000,1,False
data\raw\gary_stafford\fake\gs_01706.wav,gary_stafford,fake,3.193,16000,1,False
data\raw\gary_stafford\fake\gs_01707.wav,gary_stafford,fake,3.739,16000,1,False
data\raw\gary_stafford\fake\gs_01708.wav,gary_stafford,fake,4.684,16000,1,False
data\raw\gary_stafford\fake\gs_01709.wav,gary_stafford,fake,3.825,16000,1,False
data\raw\gary_stafford\fake\gs_01710.wav,gary_stafford,fake,3.268,16000,1,False
data\raw\gary_stafford\fake\gs_01711.wav,gary_stafford,fake,3.888,16000,1,False
data\raw\gary_stafford\fake\gs_01712.wav,gary_stafford,fake,2.814,16000,1,False
data\raw\gary_stafford\fake\gs_01713.wav,gary_stafford,fake,2.769,16000,1,False
data\raw\gary_stafford\fake\gs_01714.wav,gary_stafford,fake,3.607,16000,1,False
data\raw\gary_stafford\fake\gs_01715.wav,gary_stafford,fake,3.682,16000,1,False
data\raw\gary_stafford\fake\gs_01716.wav,gary_stafford,fake,3.731,16000,1,False
data\raw\gary_stafford\fake\gs_01717.wav,gary_stafford,fake,3.995,16000,1,False
data\raw\gary_stafford\fake\gs_01718.wav,gary_stafford,fake,2.765,16000,1,False
data\raw\gary_stafford\fake\gs_01719.wav,gary_stafford,fake,2.918,16000,1,False
data\raw\gary_stafford\fake\gs_01720.wav,gary_stafford,fake,4.327,16000,1,False
data\raw\gary_stafford\fake\gs_01721.wav,gary_stafford,fake,3.289,16000,1,False
data\raw\gary_stafford\fake\gs_01722.wav,gary_stafford,fake,3.367,16000,1,False
data\raw\gary_stafford\fake\gs_01723.wav,gary_stafford,fake,2.951,16000,1,False
data\raw\gary_stafford\fake\gs_01724.wav,gary_stafford,fake,2.587,16000,1,False
data\raw\gary_stafford\fake\gs_01725.wav,gary_stafford,fake,4.408,16000,1,False
data\raw\gary_stafford\fake\gs_01726.wav,gary_stafford,fake,4.912,16000,1,False
data\raw\gary_stafford\fake\gs_01727.wav,gary_stafford,fake,5.173,16000,1,False
data\raw\gary_stafford\fake\gs_01728.wav,gary_stafford,fake,3.308,16000,1,False
data\raw\gary_stafford\fake\gs_01729.wav,gary_stafford,fake,3.731,16000,1,False
data\raw\gary_stafford\fake\gs_01730.wav,gary_stafford,fake,2.717,16000,1,False
data\raw\gary_stafford\fake\gs_01731.wav,gary_stafford,fake,4.316,16000,1,False
data\raw\gary_stafford\fake\gs_01732.wav,gary_stafford,fake,3.699,16000,1,False
data\raw\gary_stafford\fake\gs_01733.wav,gary_stafford,fake,3.481,16000,1,False
data\raw\gary_stafford\fake\gs_01734.wav,gary_stafford,fake,3.332,16000,1,False
data\raw\gary_stafford\fake\gs_01735.wav,gary_stafford,fake,2.96,16000,1,False
data\raw\gary_stafford\fake\gs_01736.wav,gary_stafford,fake,3.42,16000,1,False
data\raw\gary_stafford\fake\gs_01737.wav,gary_stafford,fake,3.347,16000,1,False
data\raw\gary_stafford\fake\gs_01738.wav,gary_stafford,fake,3.485,16000,1,False
data\raw\gary_stafford\fake\gs_01739.wav,gary_stafford,fake,4.031,16000,1,False
data\raw\gary_stafford\fake\gs_01740.wav,gary_stafford,fake,2.979,16000,1,False
data\raw\gary_stafford\fake\gs_01741.wav,gary_stafford,fake,4.222,16000,1,False
data\raw\gary_stafford\fake\gs_01742.wav,gary_stafford,fake,2.64,16000,1,False
data\raw\gary_stafford\fake\gs_01743.wav,gary_stafford,fake,2.79,16000,1,False
data\raw\gary_stafford\fake\gs_01744.wav,gary_stafford,fake,3.205,16000,1,False
data\raw\gary_stafford\fake\gs_01745.wav,gary_stafford,fake,2.728,16000,1,False
data\raw\gary_stafford\fake\gs_01746.wav,gary_stafford,fake,2.619,16000,1,False
data\raw\gary_stafford\fake\gs_01747.wav,gary_stafford,fake,2.917,16000,1,False
data\raw\gary_stafford\fake\gs_01748.wav,gary_stafford,fake,2.534,16000,1,False
data\raw\gary_stafford\fake\gs_01749.wav,gary_stafford,fake,4.801,16000,1,False
data\raw\gary_stafford\fake\gs_01750.wav,gary_stafford,fake,4.179,16000,1,False
data\raw\gary_stafford\fake\gs_01751.wav,gary_stafford,fake,2.83,16000,1,False
data\raw\gary_stafford\fake\gs_01752.wav,gary_stafford,fake,3.082,16000,1,False
data\raw\gary_stafford\fake\gs_01753.wav,gary_stafford,fake,3.093,16000,1,False
data\raw\gary_stafford\fake\gs_01754.wav,gary_stafford,fake,3.676,16000,1,False
data\raw\gary_stafford\fake\gs_01755.wav,gary_stafford,fake,5.139,16000,1,False
data\raw\gary_stafford\fake\gs_01756.wav,gary_stafford,fake,5.735,16000,1,False
data\raw\gary_stafford\fake\gs_01757.wav,gary_stafford,fake,7.224,16000,1,False
data\raw\gary_stafford\fake\gs_01758.wav,gary_stafford,fake,2.826,16000,1,False
data\raw\gary_stafford\fake\gs_01759.wav,gary_stafford,fake,3.053,16000,1,False
data\raw\gary_stafford\fake\gs_01760.wav,gary_stafford,fake,3.166,16000,1,False
data\raw\gary_stafford\fake\gs_01761.wav,gary_stafford,fake,2.723,16000,1,False
data\raw\gary_stafford\fake\gs_01762.wav,gary_stafford,fake,3.007,16000,1,False
data\raw\gary_stafford\fake\gs_01763.wav,gary_stafford,fake,4.407,16000,1,False
data\raw\gary_stafford\fake\gs_01764.wav,gary_stafford,fake,3.375,16000,1,False
data\raw\gary_stafford\fake\gs_01765.wav,gary_stafford,fake,3.279,16000,1,False
data\raw\gary_stafford\fake\gs_01766.wav,gary_stafford,fake,3.432,16000,1,False
data\raw\gary_stafford\fake\gs_01767.wav,gary_stafford,fake,2.949,16000,1,False
data\raw\gary_stafford\fake\gs_01768.wav,gary_stafford,fake,3.988,16000,1,False
data\raw\gary_stafford\fake\gs_01769.wav,gary_stafford,fake,3.477,16000,1,False
data\raw\gary_stafford\fake\gs_01770.wav,gary_stafford,fake,3.471,16000,1,False
data\raw\gary_stafford\fake\gs_01771.wav,gary_stafford,fake,2.827,16000,1,False
data\raw\gary_stafford\fake\gs_01772.wav,gary_stafford,fake,3.113,16000,1,False
data\raw\gary_stafford\fake\gs_01773.wav,gary_stafford,fake,2.601,16000,1,False
data\raw\gary_stafford\fake\gs_01774.wav,gary_stafford,fake,3.36,16000,1,False
data\raw\gary_stafford\fake\gs_01775.wav,gary_stafford,fake,3.395,16000,1,False
data\raw\gary_stafford\fake\gs_01776.wav,gary_stafford,fake,3.255,16000,1,False
data\raw\gary_stafford\fake\gs_01777.wav,gary_stafford,fake,3.778,16000,1,False
data\raw\gary_stafford\fake\gs_01778.wav,gary_stafford,fake,4.215,16000,1,False
data\raw\gary_stafford\fake\gs_01779.wav,gary_stafford,fake,3.229,16000,1,False
data\raw\gary_stafford\fake\gs_01780.wav,gary_stafford,fake,2.878,16000,1,False
data\raw\gary_stafford\fake\gs_01781.wav,gary_stafford,fake,3.963,16000,1,False
data\raw\gary_stafford\fake\gs_01782.wav,gary_stafford,fake,2.961,16000,1,False
data\raw\gary_stafford\fake\gs_01783.wav,gary_stafford,fake,3.399,16000,1,False
data\raw\gary_stafford\fake\gs_01784.wav,gary_stafford,fake,6.304,16000,1,False
data\raw\gary_stafford\fake\gs_01785.wav,gary_stafford,fake,5.046,16000,1,False
data\raw\gary_stafford\fake\gs_01786.wav,gary_stafford,fake,2.505,16000,1,False
data\raw\gary_stafford\fake\gs_01787.wav,gary_stafford,fake,4.19,16000,1,False
data\raw\gary_stafford\fake\gs_01788.wav,gary_stafford,fake,3.677,16000,1,False
data\raw\gary_stafford\fake\gs_01789.wav,gary_stafford,fake,2.635,16000,1,False
data\raw\gary_stafford\fake\gs_01790.wav,gary_stafford,fake,2.974,16000,1,False
data\raw\gary_stafford\fake\gs_01791.wav,gary_stafford,fake,2.872,16000,1,False
data\raw\gary_stafford\fake\gs_01792.wav,gary_stafford,fake,4.862,16000,1,False
data\raw\gary_stafford\fake\gs_01793.wav,gary_stafford,fake,5.486,16000,1,False
data\raw\gary_stafford\fake\gs_01794.wav,gary_stafford,fake,3.363,16000,1,False
data\raw\gary_stafford\fake\gs_01795.wav,gary_stafford,fake,2.997,16000,1,False
data\raw\gary_stafford\fake\gs_01796.wav,gary_stafford,fake,4.347,16000,1,False
data\raw\gary_stafford\fake\gs_01797.wav,gary_stafford,fake,2.728,16000,1,False
data\raw\gary_stafford\fake\gs_01798.wav,gary_stafford,fake,5.927,16000,1,False
data\raw\gary_stafford\fake\gs_01799.wav,gary_stafford,fake,3.916,16000,1,False
data\raw\gary_stafford\fake\gs_01800.wav,gary_stafford,fake,3.286,16000,1,False
data\raw\gary_stafford\fake\gs_01801.wav,gary_stafford,fake,2.925,16000,1,False
data\raw\gary_stafford\fake\gs_01802.wav,gary_stafford,fake,2.987,16000,1,False
data\raw\gary_stafford\fake\gs_01803.wav,gary_stafford,fake,3.556,16000,1,False
data\raw\gary_stafford\fake\gs_01804.wav,gary_stafford,fake,4.254,16000,1,False
data\raw\gary_stafford\fake\gs_01805.wav,gary_stafford,fake,4.326,16000,1,False
data\raw\gary_stafford\fake\gs_01806.wav,gary_stafford,fake,3.244,16000,1,False
data\raw\gary_stafford\fake\gs_01807.wav,gary_stafford,fake,3.18,16000,1,False
data\raw\gary_stafford\fake\gs_01808.wav,gary_stafford,fake,2.779,16000,1,False
data\raw\gary_stafford\fake\gs_01809.wav,gary_stafford,fake,2.534,16000,1,False
data\raw\gary_stafford\fake\gs_01810.wav,gary_stafford,fake,4.302,16000,1,False
data\raw\gary_stafford\fake\gs_01811.wav,gary_stafford,fake,5.074,16000,1,False
data\raw\gary_stafford\fake\gs_01812.wav,gary_stafford,fake,3.681,16000,1,False
data\raw\gary_stafford\fake\gs_01813.wav,gary_stafford,fake,2.75,16000,1,False
data\raw\gary_stafford\fake\gs_01814.wav,gary_stafford,fake,3.028,16000,1,False
data\raw\gary_stafford\fake\gs_01815.wav,gary_stafford,fake,4.162,16000,1,False
data\raw\gary_stafford\fake\gs_01816.wav,gary_stafford,fake,3.345,16000,1,False
data\raw\gary_stafford\fake\gs_01817.wav,gary_stafford,fake,4.452,16000,1,False
data\raw\gary_stafford\fake\gs_01818.wav,gary_stafford,fake,6.558,16000,1,False
data\raw\gary_stafford\fake\gs_01819.wav,gary_stafford,fake,3.952,16000,1,False
data\raw\gary_stafford\fake\gs_01820.wav,gary_stafford,fake,6.655,16000,1,False
data\raw\gary_stafford\fake\gs_01821.wav,gary_stafford,fake,2.576,16000,1,False
data\raw\gary_stafford\fake\gs_01822.wav,gary_stafford,fake,2.956,16000,1,False
data\raw\gary_stafford\fake\gs_01823.wav,gary_stafford,fake,2.931,16000,1,False
data\raw\gary_stafford\fake\gs_01824.wav,gary_stafford,fake,5.709,16000,1,False
data\raw\gary_stafford\fake\gs_01825.wav,gary_stafford,fake,4.323,16000,1,False
data\raw\gary_stafford\fake\gs_01826.wav,gary_stafford,fake,2.526,16000,1,False
data\raw\gary_stafford\fake\gs_01827.wav,gary_stafford,fake,4.134,16000,1,False
data\raw\gary_stafford\fake\gs_01828.wav,gary_stafford,fake,2.836,16000,1,False
data\raw\gary_stafford\fake\gs_01829.wav,gary_stafford,fake,3.826,16000,1,False
data\raw\gary_stafford\fake\gs_01830.wav,gary_stafford,fake,4.259,16000,1,False
data\raw\gary_stafford\fake\gs_01831.wav,gary_stafford,fake,5.589,16000,1,False
data\raw\gary_stafford\fake\gs_01832.wav,gary_stafford,fake,4.247,16000,1,False
data\raw\gary_stafford\fake\gs_01833.wav,gary_stafford,fake,3.01,16000,1,False
data\raw\gary_stafford\fake\gs_01834.wav,gary_stafford,fake,2.665,16000,1,False
data\raw\gary_stafford\fake\gs_01835.wav,gary_stafford,fake,2.986,16000,1,False
data\raw\gary_stafford\fake\gs_01836.wav,gary_stafford,fake,4.27,16000,1,False
data\raw\gary_stafford\fake\gs_01837.wav,gary_stafford,fake,4.969,16000,1,False
data\raw\gary_stafford\fake\gs_01838.wav,gary_stafford,fake,2.793,16000,1,False
data\raw\gary_stafford\fake\gs_01839.wav,gary_stafford,fake,6.869,16000,1,False
data\raw\gary_stafford\fake\gs_01840.wav,gary_stafford,fake,3.855,16000,1,False
data\raw\gary_stafford\fake\gs_01841.wav,gary_stafford,fake,3.883,16000,1,False
data\raw\gary_stafford\fake\gs_01842.wav,gary_stafford,fake,4.593,16000,1,False
data\raw\gary_stafford\fake\gs_01843.wav,gary_stafford,fake,3.991,16000,1,False
data\raw\gary_stafford\fake\gs_01844.wav,gary_stafford,fake,3.25,16000,1,False
data\raw\gary_stafford\fake\gs_01845.wav,gary_stafford,fake,3.668,16000,1,False
data\raw\gary_stafford\fake\gs_01846.wav,gary_stafford,fake,4.62,16000,1,False
data\raw\gary_stafford\fake\gs_01847.wav,gary_stafford,fake,2.879,16000,1,False
data\raw\gary_stafford\fake\gs_01848.wav,gary_stafford,fake,3.634,16000,1,False
data\raw\gary_stafford\fake\gs_01849.wav,gary_stafford,fake,3.618,16000,1,False
data\raw\gary_stafford\fake\gs_01850.wav,gary_stafford,fake,2.725,16000,1,False
data\raw\gary_stafford\fake\gs_01851.wav,gary_stafford,fake,2.706,16000,1,False
data\raw\gary_stafford\fake\gs_01852.wav,gary_stafford,fake,2.65,16000,1,False
data\raw\gary_stafford\fake\gs_01853.wav,gary_stafford,fake,5.285,16000,1,False
data\raw\gary_stafford\fake\gs_01854.wav,gary_stafford,fake,4.008,16000,1,False
data\raw\gary_stafford\fake\gs_01855.wav,gary_stafford,fake,3.134,16000,1,False
data\raw\gary_stafford\fake\gs_01856.wav,gary_stafford,fake,4.312,16000,1,False
data\raw\gary_stafford\fake\gs_01857.wav,gary_stafford,fake,3.728,16000,1,False
data\raw\gary_stafford\fake\gs_01858.wav,gary_stafford,fake,3.956,16000,1,False
data\raw\gary_stafford\fake\gs_01859.wav,gary_stafford,fake,3.48,16000,1,False
data\raw\gary_stafford\fake\gs_01860.wav,gary_stafford,fake,3.354,16000,1,False
data\raw\gary_stafford\fake\gs_01861.wav,gary_stafford,fake,3.334,16000,1,False
data\raw\gary_stafford\fake\gs_01862.wav,gary_stafford,fake,3.181,16000,1,False
data\raw\gary_stafford\fake\gs_01863.wav,gary_stafford,fake,4.303,16000,1,False
data\raw\gary_stafford\fake\gs_01864.wav,gary_stafford,fake,3.083,16000,1,False
data\raw\gary_stafford\fake\gs_01865.wav,gary_stafford,fake,2.882,16000,1,False
