parent_file,chunk_index,label,chunk_path,duration_sec,sample_rate
data/raw/deep_voice/real/biden-original.wav,0,real,data/interim/deep_voice_chunks/real/biden-original_chunk0000.wav,4.0,16000
data/raw/deep_voice/real/biden-original.wav,1,real,data/interim/deep_voice_chunks/real/biden-original_chunk0001.wav,4.0,16000
data/raw/deep_voice/real/biden-original.wav,2,real,data/interim/deep_voice_chunks/real/biden-original_chunk0002.wav,4.0,16000
data/raw/deep_voice/real/biden-original.wav,3,real,data/interim/deep_voice_chunks/real/biden-original_chunk0003.wav,4.0,16000
data/raw/deep_voice/real/biden-original.wav,4,real,data/interim/deep_voice_chunks/real/biden-original_chunk0004.wav,4.0,16000
data/raw/deep_voice/real/biden-original.wav,5,real,data/interim/deep_voice_chunks/real/biden-original_chunk0005.wav,4.0,16000
data/raw/deep_voice/real/biden-original.wav,6,real,data/interim/deep_voice_chunks/real/biden-original_chunk0006.wav,4.0,16000
data/raw/deep_voice/real/biden-original.wav,7,real,data/interim/deep_voice_chunks/real/biden-original_chunk0007.wav,4.0,16000
data/raw/deep_voice/real/biden-original.wav,8,real,data/interim/deep_voice_chunks/real/biden-original_chunk0008.wav,4.0,16000
data/raw/deep_voice/real/biden-original.wav,9,real,data/interim/deep_voice_chunks/real/biden-original_chunk0009.wav,4.0,16000
data/raw/deep_voice/real/biden-original.wav,10,real,data/interim/deep_voice_chunks/real/biden-original_chunk0010.wav,4.0,16000
data/raw/deep_voice/real/biden-original.wav,11,real,data/interim/deep_voice_chunks/real/biden-original_chunk0011.wav,4.0,16000
data/raw/deep_voice/real/biden-original.wav,12,real,data/interim/deep_voice_chunks/real/biden-original_chunk0012.wav,4.0,16000
data/raw/deep_voice/real/biden-original.wav,13,real,data/interim/deep_voice_chunks/real/biden-original_chunk0013.wav,4.0,16000
data/raw/deep_voice/real/biden-original.wav,14,real,data/interim/deep_voice_chunks/real/biden-original_chunk0014.wav,4.0,16000
data/raw/deep_voice/real/biden-original.wav,15,real,data/interim/deep_voice_chunks/real/biden-original_chunk0015.wav,4.0,16000
data/raw/deep_voice/real/biden-original.wav,16,real,data/interim/deep_voice_chunks/real/biden-original_chunk0016.wav,4.0,16000
data/raw/deep_voice/real/biden-original.wav,17,real,data/interim/deep_voice_chunks/real/biden-original_chunk0017.wav,4.0,16000
data/raw/deep_voice/real/biden-original.wav,18,real,data/interim/deep_voice_chunks/real/biden-original_chunk0018.wav,4.0,16000
data/raw/deep_voice/real/biden-original.wav,19,real,data/interim/deep_voice_chunks/real/biden-original_chunk0019.wav,4.0,16000
data/raw/deep_voice/real/biden-original.wav,20,real,data/interim/deep_voice_chunks/real/biden-original_chunk0020.wav,4.0,16000
data/raw/deep_voice/real/biden-original.wav,21,real,data/interim/deep_voice_chunks/real/biden-original_chunk0021.wav,4.0,16000
data/raw/deep_voice/real/biden-original.wav,22,real,data/interim/deep_voice_chunks/real/biden-original_chunk0022.wav,4.0,16000
data/raw/deep_voice/real/biden-original.wav,23,real,data/interim/deep_voice_chunks/real/biden-original_chunk0023.wav,4.0,16000
data/raw/deep_voice/real/biden-original.wav,24,real,data/interim/deep_voice_chunks/real/biden-original_chunk0024.wav,4.0,16000
data/raw/deep_voice/real/biden-original.wav,25,real,data/interim/deep_voice_chunks/real/biden-original_chunk0025.wav,4.0,16000
data/raw/deep_voice/real/biden-original.wav,26,real,data/interim/deep_voice_chunks/real/biden-original_chunk0026.wav,4.0,16000
data/raw/deep_voice/real/biden-original.wav,27,real,data/interim/deep_voice_chunks/real/biden-original_chunk0027.wav,4.0,16000
data/raw/deep_voice/real/biden-original.wav,28,real,data/interim/deep_voice_chunks/real/biden-original_chunk0028.wav,4.0,16000
data/raw/deep_voice/real/biden-original.wav,29,real,data/interim/deep_voice_chunks/real/biden-original_chunk0029.wav,4.0,16000
data/raw/deep_voice/real/biden-original.wav,30,real,data/interim/deep_voice_chunks/real/biden-original_chunk0030.wav,4.0,16000
data/raw/deep_voice/real/biden-original.wav,31,real,data/interim/deep_voice_chunks/real/biden-original_chunk0031.wav,4.0,16000
data/raw/deep_voice/real/biden-original.wav,32,real,data/interim/deep_voice_chunks/real/biden-original_chunk0032.wav,4.0,16000
data/raw/deep_voice/real/biden-original.wav,33,real,data/interim/deep_voice_chunks/real/biden-original_chunk0033.wav,4.0,16000
data/raw/deep_voice/real/biden-original.wav,34,real,data/interim/deep_voice_chunks/real/biden-original_chunk0034.wav,4.0,16000
data/raw/deep_voice/real/biden-original.wav,35,real,data/interim/deep_voice_chunks/real/biden-original_chunk0035.wav,4.0,16000
data/raw/deep_voice/real/biden-original.wav,36,real,data/interim/deep_voice_chunks/real/biden-original_chunk0036.wav,4.0,16000
data/raw/deep_voice/real/biden-original.wav,37,real,data/interim/deep_voice_chunks/real/biden-original_chunk0037.wav,4.0,16000
data/raw/deep_voice/real/biden-original.wav,38,real,data/interim/deep_voice_chunks/real/biden-original_chunk0038.wav,4.0,16000
data/raw/deep_voice/real/biden-original.wav,39,real,data/interim/deep_voice_chunks/real/biden-original_chunk0039.wav,4.0,16000
data/raw/deep_voice/real/biden-original.wav,40,real,data/interim/deep_voice_chunks/real/biden-original_chunk0040.wav,4.0,16000
data/raw/deep_voice/real/biden-original.wav,41,real,data/interim/deep_voice_chunks/real/biden-original_chunk0041.wav,4.0,16000
data/raw/deep_voice/real/biden-original.wav,42,real,data/interim/deep_voice_chunks/real/biden-original_chunk0042.wav,4.0,16000
data/raw/deep_voice/real/biden-original.wav,43,real,data/interim/deep_voice_chunks/real/biden-original_chunk0043.wav,4.0,16000
data/raw/deep_voice/real/biden-original.wav,44,real,data/interim/deep_voice_chunks/real/biden-original_chunk0044.wav,4.0,16000
data/raw/deep_voice/real/biden-original.wav,45,real,data/interim/deep_voice_chunks/real/biden-original_chunk0045.wav,4.0,16000
data/raw/deep_voice/real/biden-original.wav,46,real,data/interim/deep_voice_chunks/real/biden-original_chunk0046.wav,4.0,16000
data/raw/deep_voice/real/biden-original.wav,47,real,data/interim/deep_voice_chunks/real/biden-original_chunk0047.wav,4.0,16000
data/raw/deep_voice/real/biden-original.wav,48,real,data/interim/deep_voice_chunks/real/biden-original_chunk0048.wav,4.0,16000
data/raw/deep_voice/real/biden-original.wav,49,real,data/interim/deep_voice_chunks/real/biden-original_chunk0049.wav,4.0,16000
data/raw/deep_voice/real/biden-original.wav,50,real,data/interim/deep_voice_chunks/real/biden-original_chunk0050.wav,4.0,16000
data/raw/deep_voice/real/biden-original.wav,51,real,data/interim/deep_voice_chunks/real/biden-original_chunk0051.wav,4.0,16000
data/raw/deep_voice/real/biden-original.wav,52,real,data/interim/deep_voice_chunks/real/biden-original_chunk0052.wav,4.0,16000
data/raw/deep_voice/real/biden-original.wav,53,real,data/interim/deep_voice_chunks/real/biden-original_chunk0053.wav,4.0,16000
data/raw/deep_voice/real/biden-original.wav,54,real,data/interim/deep_voice_chunks/real/biden-original_chunk0054.wav,4.0,16000
data/raw/deep_voice/real/biden-original.wav,55,real,data/interim/deep_voice_chunks/real/biden-original_chunk0055.wav,4.0,16000
data/raw/deep_voice/real/biden-original.wav,56,real,data/interim/deep_voice_chunks/real/biden-original_chunk0056.wav,4.0,16000
data/raw/deep_voice/real/biden-original.wav,57,real,data/interim/deep_voice_chunks/real/biden-original_chunk0057.wav,4.0,16000
data/raw/deep_voice/real/biden-original.wav,58,real,data/interim/deep_voice_chunks/real/biden-original_chunk0058.wav,4.0,16000
data/raw/deep_voice/real/biden-original.wav,59,real,data/interim/deep_voice_chunks/real/biden-original_chunk0059.wav,4.0,16000
data/raw/deep_voice/real/biden-original.wav,60,real,data/interim/deep_voice_chunks/real/biden-original_chunk0060.wav,4.0,16000
data/raw/deep_voice/real/biden-original.wav,61,real,data/interim/deep_voice_chunks/real/biden-original_chunk0061.wav,4.0,16000
data/raw/deep_voice/real/biden-original.wav,62,real,data/interim/deep_voice_chunks/real/biden-original_chunk0062.wav,4.0,16000
data/raw/deep_voice/real/biden-original.wav,63,real,data/interim/deep_voice_chunks/real/biden-original_chunk0063.wav,4.0,16000
data/raw/deep_voice/real/biden-original.wav,64,real,data/interim/deep_voice_chunks/real/biden-original_chunk0064.wav,4.0,16000
data/raw/deep_voice/real/biden-original.wav,65,real,data/interim/deep_voice_chunks/real/biden-original_chunk0065.wav,4.0,16000
data/raw/deep_voice/real/biden-original.wav,66,real,data/interim/deep_voice_chunks/real/biden-original_chunk0066.wav,4.0,16000
data/raw/deep_voice/real/biden-original.wav,67,real,data/interim/deep_voice_chunks/real/biden-original_chunk0067.wav,4.0,16000
data/raw/deep_voice/real/biden-original.wav,68,real,data/interim/deep_voice_chunks/real/biden-original_chunk0068.wav,4.0,16000
data/raw/deep_voice/real/biden-original.wav,69,real,data/interim/deep_voice_chunks/real/biden-original_chunk0069.wav,4.0,16000
data/raw/deep_voice/real/biden-original.wav,70,real,data/interim/deep_voice_chunks/real/biden-original_chunk0070.wav,4.0,16000
data/raw/deep_voice/real/biden-original.wav,71,real,data/interim/deep_voice_chunks/real/biden-original_chunk0071.wav,4.0,16000
data/raw/deep_voice/real/biden-original.wav,72,real,data/interim/deep_voice_chunks/real/biden-original_chunk0072.wav,4.0,16000
data/raw/deep_voice/real/biden-original.wav,73,real,data/interim/deep_voice_chunks/real/biden-original_chunk0073.wav,4.0,16000
data/raw/deep_voice/real/biden-original.wav,74,real,data/interim/deep_voice_chunks/real/biden-original_chunk0074.wav,4.0,16000
data/raw/deep_voice/real/biden-original.wav,75,real,data/interim/deep_voice_chunks/real/biden-original_chunk0075.wav,4.0,16000
data/raw/deep_voice/real/biden-original.wav,76,real,data/interim/deep_voice_chunks/real/biden-original_chunk0076.wav,4.0,16000
data/raw/deep_voice/real/biden-original.wav,77,real,data/interim/deep_voice_chunks/real/biden-original_chunk0077.wav,4.0,16000
data/raw/deep_voice/real/biden-original.wav,78,real,data/interim/deep_voice_chunks/real/biden-original_chunk0078.wav,4.0,16000
data/raw/deep_voice/real/biden-original.wav,79,real,data/interim/deep_voice_chunks/real/biden-original_chunk0079.wav,4.0,16000
data/raw/deep_voice/real/biden-original.wav,80,real,data/interim/deep_voice_chunks/real/biden-original_chunk0080.wav,4.0,16000
data/raw/deep_voice/real/biden-original.wav,81,real,data/interim/deep_voice_chunks/real/biden-original_chunk0081.wav,4.0,16000
data/raw/deep_voice/real/biden-original.wav,82,real,data/interim/deep_voice_chunks/real/biden-original_chunk0082.wav,4.0,16000
data/raw/deep_voice/real/biden-original.wav,83,real,data/interim/deep_voice_chunks/real/biden-original_chunk0083.wav,4.0,16000
data/raw/deep_voice/real/biden-original.wav,84,real,data/interim/deep_voice_chunks/real/biden-original_chunk0084.wav,4.0,16000
data/raw/deep_voice/real/biden-original.wav,85,real,data/interim/deep_voice_chunks/real/biden-original_chunk0085.wav,4.0,16000
data/raw/deep_voice/real/biden-original.wav,86,real,data/interim/deep_voice_chunks/real/biden-original_chunk0086.wav,4.0,16000
data/raw/deep_voice/real/biden-original.wav,87,real,data/interim/deep_voice_chunks/real/biden-original_chunk0087.wav,4.0,16000
data/raw/deep_voice/real/biden-original.wav,88,real,data/interim/deep_voice_chunks/real/biden-original_chunk0088.wav,4.0,16000
data/raw/deep_voice/real/biden-original.wav,89,real,data/interim/deep_voice_chunks/real/biden-original_chunk0089.wav,4.0,16000
data/raw/deep_voice/real/biden-original.wav,90,real,data/interim/deep_voice_chunks/real/biden-original_chunk0090.wav,4.0,16000
data/raw/deep_voice/real/biden-original.wav,91,real,data/interim/deep_voice_chunks/real/biden-original_chunk0091.wav,4.0,16000
data/raw/deep_voice/real/biden-original.wav,92,real,data/interim/deep_voice_chunks/real/biden-original_chunk0092.wav,4.0,16000
data/raw/deep_voice/real/biden-original.wav,93,real,data/interim/deep_voice_chunks/real/biden-original_chunk0093.wav,4.0,16000
data/raw/deep_voice/real/biden-original.wav,94,real,data/interim/deep_voice_chunks/real/biden-original_chunk0094.wav,4.0,16000
data/raw/deep_voice/real/biden-original.wav,95,real,data/interim/deep_voice_chunks/real/biden-original_chunk0095.wav,4.0,16000
data/raw/deep_voice/real/biden-original.wav,96,real,data/interim/deep_voice_chunks/real/biden-original_chunk0096.wav,4.0,16000
data/raw/deep_voice/real/biden-original.wav,97,real,data/interim/deep_voice_chunks/real/biden-original_chunk0097.wav,4.0,16000
data/raw/deep_voice/real/biden-original.wav,98,real,data/interim/deep_voice_chunks/real/biden-original_chunk0098.wav,4.0,16000
data/raw/deep_voice/real/biden-original.wav,99,real,data/interim/deep_voice_chunks/real/biden-original_chunk0099.wav,4.0,16000
data/raw/deep_voice/real/biden-original.wav,100,real,data/interim/deep_voice_chunks/real/biden-original_chunk0100.wav,4.0,16000
data/raw/deep_voice/real/biden-original.wav,101,real,data/interim/deep_voice_chunks/real/biden-original_chunk0101.wav,4.0,16000
data/raw/deep_voice/real/biden-original.wav,102,real,data/interim/deep_voice_chunks/real/biden-original_chunk0102.wav,4.0,16000
data/raw/deep_voice/real/biden-original.wav,103,real,data/interim/deep_voice_chunks/real/biden-original_chunk0103.wav,4.0,16000
data/raw/deep_voice/real/biden-original.wav,104,real,data/interim/deep_voice_chunks/real/biden-original_chunk0104.wav,4.0,16000
data/raw/deep_voice/real/biden-original.wav,105,real,data/interim/deep_voice_chunks/real/biden-original_chunk0105.wav,4.0,16000
data/raw/deep_voice/real/biden-original.wav,106,real,data/interim/deep_voice_chunks/real/biden-original_chunk0106.wav,4.0,16000
data/raw/deep_voice/real/biden-original.wav,107,real,data/interim/deep_voice_chunks/real/biden-original_chunk0107.wav,4.0,16000
data/raw/deep_voice/real/biden-original.wav,108,real,data/interim/deep_voice_chunks/real/biden-original_chunk0108.wav,4.0,16000
data/raw/deep_voice/real/biden-original.wav,109,real,data/interim/deep_voice_chunks/real/biden-original_chunk0109.wav,4.0,16000
data/raw/deep_voice/real/biden-original.wav,110,real,data/interim/deep_voice_chunks/real/biden-original_chunk0110.wav,4.0,16000
data/raw/deep_voice/real/biden-original.wav,111,real,data/interim/deep_voice_chunks/real/biden-original_chunk0111.wav,4.0,16000
data/raw/deep_voice/real/biden-original.wav,112,real,data/interim/deep_voice_chunks/real/biden-original_chunk0112.wav,4.0,16000
data/raw/deep_voice/real/biden-original.wav,113,real,data/interim/deep_voice_chunks/real/biden-original_chunk0113.wav,4.0,16000
data/raw/deep_voice/real/biden-original.wav,114,real,data/interim/deep_voice_chunks/real/biden-original_chunk0114.wav,4.0,16000
data/raw/deep_voice/real/biden-original.wav,115,real,data/interim/deep_voice_chunks/real/biden-original_chunk0115.wav,4.0,16000
data/raw/deep_voice/real/biden-original.wav,116,real,data/interim/deep_voice_chunks/real/biden-original_chunk0116.wav,4.0,16000
data/raw/deep_voice/real/biden-original.wav,117,real,data/interim/deep_voice_chunks/real/biden-original_chunk0117.wav,4.0,16000
data/raw/deep_voice/real/biden-original.wav,118,real,data/interim/deep_voice_chunks/real/biden-original_chunk0118.wav,4.0,16000
data/raw/deep_voice/real/biden-original.wav,119,real,data/interim/deep_voice_chunks/real/biden-original_chunk0119.wav,4.0,16000
data/raw/deep_voice/real/biden-original.wav,120,real,data/interim/deep_voice_chunks/real/biden-original_chunk0120.wav,4.0,16000
data/raw/deep_voice/real/biden-original.wav,121,real,data/interim/deep_voice_chunks/real/biden-original_chunk0121.wav,4.0,16000
data/raw/deep_voice/real/biden-original.wav,122,real,data/interim/deep_voice_chunks/real/biden-original_chunk0122.wav,4.0,16000
data/raw/deep_voice/real/biden-original.wav,123,real,data/interim/deep_voice_chunks/real/biden-original_chunk0123.wav,4.0,16000
data/raw/deep_voice/real/biden-original.wav,124,real,data/interim/deep_voice_chunks/real/biden-original_chunk0124.wav,4.0,16000
data/raw/deep_voice/real/biden-original.wav,125,real,data/interim/deep_voice_chunks/real/biden-original_chunk0125.wav,4.0,16000
data/raw/deep_voice/real/biden-original.wav,126,real,data/interim/deep_voice_chunks/real/biden-original_chunk0126.wav,4.0,16000
data/raw/deep_voice/real/biden-original.wav,127,real,data/interim/deep_voice_chunks/real/biden-original_chunk0127.wav,4.0,16000
data/raw/deep_voice/real/biden-original.wav,128,real,data/interim/deep_voice_chunks/real/biden-original_chunk0128.wav,4.0,16000
data/raw/deep_voice/real/biden-original.wav,129,real,data/interim/deep_voice_chunks/real/biden-original_chunk0129.wav,4.0,16000
data/raw/deep_voice/real/biden-original.wav,130,real,data/interim/deep_voice_chunks/real/biden-original_chunk0130.wav,4.0,16000
data/raw/deep_voice/real/biden-original.wav,131,real,data/interim/deep_voice_chunks/real/biden-original_chunk0131.wav,4.0,16000
data/raw/deep_voice/real/biden-original.wav,132,real,data/interim/deep_voice_chunks/real/biden-original_chunk0132.wav,4.0,16000
data/raw/deep_voice/real/biden-original.wav,133,real,data/interim/deep_voice_chunks/real/biden-original_chunk0133.wav,4.0,16000
data/raw/deep_voice/real/biden-original.wav,134,real,data/interim/deep_voice_chunks/real/biden-original_chunk0134.wav,4.0,16000
data/raw/deep_voice/real/biden-original.wav,135,real,data/interim/deep_voice_chunks/real/biden-original_chunk0135.wav,4.0,16000
data/raw/deep_voice/real/biden-original.wav,136,real,data/interim/deep_voice_chunks/real/biden-original_chunk0136.wav,4.0,16000
data/raw/deep_voice/real/biden-original.wav,137,real,data/interim/deep_voice_chunks/real/biden-original_chunk0137.wav,4.0,16000
data/raw/deep_voice/real/biden-original.wav,138,real,data/interim/deep_voice_chunks/real/biden-original_chunk0138.wav,4.0,16000
data/raw/deep_voice/real/biden-original.wav,139,real,data/interim/deep_voice_chunks/real/biden-original_chunk0139.wav,4.0,16000
data/raw/deep_voice/real/biden-original.wav,140,real,data/interim/deep_voice_chunks/real/biden-original_chunk0140.wav,4.0,16000
data/raw/deep_voice/real/biden-original.wav,141,real,data/interim/deep_voice_chunks/real/biden-original_chunk0141.wav,4.0,16000
data/raw/deep_voice/real/biden-original.wav,142,real,data/interim/deep_voice_chunks/real/biden-original_chunk0142.wav,4.0,16000
data/raw/deep_voice/real/biden-original.wav,143,real,data/interim/deep_voice_chunks/real/biden-original_chunk0143.wav,4.0,16000
data/raw/deep_voice/real/biden-original.wav,144,real,data/interim/deep_voice_chunks/real/biden-original_chunk0144.wav,4.0,16000
data/raw/deep_voice/real/biden-original.wav,145,real,data/interim/deep_voice_chunks/real/biden-original_chunk0145.wav,4.0,16000
data/raw/deep_voice/real/biden-original.wav,146,real,data/interim/deep_voice_chunks/real/biden-original_chunk0146.wav,4.0,16000
data/raw/deep_voice/real/biden-original.wav,147,real,data/interim/deep_voice_chunks/real/biden-original_chunk0147.wav,4.0,16000
data/raw/deep_voice/real/biden-original.wav,148,real,data/interim/deep_voice_chunks/real/biden-original_chunk0148.wav,4.0,16000
data/raw/deep_voice/real/biden-original.wav,149,real,data/interim/deep_voice_chunks/real/biden-original_chunk0149.wav,4.0,16000
data/raw/deep_voice/real/linus-original.wav,0,real,data/interim/deep_voice_chunks/real/linus-original_chunk0000.wav,4.0,16000
data/raw/deep_voice/real/linus-original.wav,1,real,data/interim/deep_voice_chunks/real/linus-original_chunk0001.wav,4.0,16000
data/raw/deep_voice/real/linus-original.wav,2,real,data/interim/deep_voice_chunks/real/linus-original_chunk0002.wav,4.0,16000
data/raw/deep_voice/real/linus-original.wav,3,real,data/interim/deep_voice_chunks/real/linus-original_chunk0003.wav,4.0,16000
data/raw/deep_voice/real/linus-original.wav,4,real,data/interim/deep_voice_chunks/real/linus-original_chunk0004.wav,4.0,16000
data/raw/deep_voice/real/linus-original.wav,5,real,data/interim/deep_voice_chunks/real/linus-original_chunk0005.wav,4.0,16000
data/raw/deep_voice/real/linus-original.wav,6,real,data/interim/deep_voice_chunks/real/linus-original_chunk0006.wav,4.0,16000
data/raw/deep_voice/real/linus-original.wav,7,real,data/interim/deep_voice_chunks/real/linus-original_chunk0007.wav,4.0,16000
data/raw/deep_voice/real/linus-original.wav,8,real,data/interim/deep_voice_chunks/real/linus-original_chunk0008.wav,4.0,16000
data/raw/deep_voice/real/linus-original.wav,9,real,data/interim/deep_voice_chunks/real/linus-original_chunk0009.wav,4.0,16000
data/raw/deep_voice/real/linus-original.wav,10,real,data/interim/deep_voice_chunks/real/linus-original_chunk0010.wav,4.0,16000
data/raw/deep_voice/real/linus-original.wav,11,real,data/interim/deep_voice_chunks/real/linus-original_chunk0011.wav,4.0,16000
data/raw/deep_voice/real/linus-original.wav,12,real,data/interim/deep_voice_chunks/real/linus-original_chunk0012.wav,4.0,16000
data/raw/deep_voice/real/linus-original.wav,13,real,data/interim/deep_voice_chunks/real/linus-original_chunk0013.wav,4.0,16000
data/raw/deep_voice/real/linus-original.wav,14,real,data/interim/deep_voice_chunks/real/linus-original_chunk0014.wav,4.0,16000
data/raw/deep_voice/real/linus-original.wav,15,real,data/interim/deep_voice_chunks/real/linus-original_chunk0015.wav,4.0,16000
data/raw/deep_voice/real/linus-original.wav,16,real,data/interim/deep_voice_chunks/real/linus-original_chunk0016.wav,4.0,16000
data/raw/deep_voice/real/linus-original.wav,17,real,data/interim/deep_voice_chunks/real/linus-original_chunk0017.wav,4.0,16000
data/raw/deep_voice/real/linus-original.wav,18,real,data/interim/deep_voice_chunks/real/linus-original_chunk0018.wav,4.0,16000
data/raw/deep_voice/real/linus-original.wav,19,real,data/interim/deep_voice_chunks/real/linus-original_chunk0019.wav,4.0,16000
data/raw/deep_voice/real/linus-original.wav,20,real,data/interim/deep_voice_chunks/real/linus-original_chunk0020.wav,4.0,16000
data/raw/deep_voice/real/linus-original.wav,21,real,data/interim/deep_voice_chunks/real/linus-original_chunk0021.wav,4.0,16000
data/raw/deep_voice/real/linus-original.wav,22,real,data/interim/deep_voice_chunks/real/linus-original_chunk0022.wav,4.0,16000
data/raw/deep_voice/real/linus-original.wav,23,real,data/interim/deep_voice_chunks/real/linus-original_chunk0023.wav,4.0,16000
data/raw/deep_voice/real/linus-original.wav,24,real,data/interim/deep_voice_chunks/real/linus-original_chunk0024.wav,4.0,16000
data/raw/deep_voice/real/linus-original.wav,25,real,data/interim/deep_voice_chunks/real/linus-original_chunk0025.wav,4.0,16000
data/raw/deep_voice/real/linus-original.wav,26,real,data/interim/deep_voice_chunks/real/linus-original_chunk0026.wav,4.0,16000
data/raw/deep_voice/real/linus-original.wav,27,real,data/interim/deep_voice_chunks/real/linus-original_chunk0027.wav,4.0,16000
data/raw/deep_voice/real/linus-original.wav,28,real,data/interim/deep_voice_chunks/real/linus-original_chunk0028.wav,4.0,16000
data/raw/deep_voice/real/linus-original.wav,29,real,data/interim/deep_voice_chunks/real/linus-original_chunk0029.wav,4.0,16000
data/raw/deep_voice/real/linus-original.wav,30,real,data/interim/deep_voice_chunks/real/linus-original_chunk0030.wav,4.0,16000
data/raw/deep_voice/real/linus-original.wav,31,real,data/interim/deep_voice_chunks/real/linus-original_chunk0031.wav,4.0,16000
data/raw/deep_voice/real/linus-original.wav,32,real,data/interim/deep_voice_chunks/real/linus-original_chunk0032.wav,4.0,16000
data/raw/deep_voice/real/linus-original.wav,33,real,data/interim/deep_voice_chunks/real/linus-original_chunk0033.wav,4.0,16000
data/raw/deep_voice/real/linus-original.wav,34,real,data/interim/deep_voice_chunks/real/linus-original_chunk0034.wav,4.0,16000
data/raw/deep_voice/real/linus-original.wav,35,real,data/interim/deep_voice_chunks/real/linus-original_chunk0035.wav,4.0,16000
data/raw/deep_voice/real/linus-original.wav,36,real,data/interim/deep_voice_chunks/real/linus-original_chunk0036.wav,4.0,16000
data/raw/deep_voice/real/linus-original.wav,37,real,data/interim/deep_voice_chunks/real/linus-original_chunk0037.wav,4.0,16000
data/raw/deep_voice/real/linus-original.wav,38,real,data/interim/deep_voice_chunks/real/linus-original_chunk0038.wav,4.0,16000
data/raw/deep_voice/real/linus-original.wav,39,real,data/interim/deep_voice_chunks/real/linus-original_chunk0039.wav,4.0,16000
data/raw/deep_voice/real/linus-original.wav,40,real,data/interim/deep_voice_chunks/real/linus-original_chunk0040.wav,4.0,16000
data/raw/deep_voice/real/linus-original.wav,41,real,data/interim/deep_voice_chunks/real/linus-original_chunk0041.wav,4.0,16000
data/raw/deep_voice/real/linus-original.wav,42,real,data/interim/deep_voice_chunks/real/linus-original_chunk0042.wav,4.0,16000
data/raw/deep_voice/real/linus-original.wav,43,real,data/interim/deep_voice_chunks/real/linus-original_chunk0043.wav,4.0,16000
data/raw/deep_voice/real/linus-original.wav,44,real,data/interim/deep_voice_chunks/real/linus-original_chunk0044.wav,4.0,16000
data/raw/deep_voice/real/linus-original.wav,45,real,data/interim/deep_voice_chunks/real/linus-original_chunk0045.wav,4.0,16000
data/raw/deep_voice/real/linus-original.wav,46,real,data/interim/deep_voice_chunks/real/linus-original_chunk0046.wav,4.0,16000
data/raw/deep_voice/real/linus-original.wav,47,real,data/interim/deep_voice_chunks/real/linus-original_chunk0047.wav,4.0,16000
data/raw/deep_voice/real/linus-original.wav,48,real,data/interim/deep_voice_chunks/real/linus-original_chunk0048.wav,4.0,16000
data/raw/deep_voice/real/linus-original.wav,49,real,data/interim/deep_voice_chunks/real/linus-original_chunk0049.wav,4.0,16000
data/raw/deep_voice/real/linus-original.wav,50,real,data/interim/deep_voice_chunks/real/linus-original_chunk0050.wav,4.0,16000
data/raw/deep_voice/real/linus-original.wav,51,real,data/interim/deep_voice_chunks/real/linus-original_chunk0051.wav,4.0,16000
data/raw/deep_voice/real/linus-original.wav,52,real,data/interim/deep_voice_chunks/real/linus-original_chunk0052.wav,4.0,16000
data/raw/deep_voice/real/linus-original.wav,53,real,data/interim/deep_voice_chunks/real/linus-original_chunk0053.wav,4.0,16000
data/raw/deep_voice/real/linus-original.wav,54,real,data/interim/deep_voice_chunks/real/linus-original_chunk0054.wav,4.0,16000
data/raw/deep_voice/real/linus-original.wav,55,real,data/interim/deep_voice_chunks/real/linus-original_chunk0055.wav,4.0,16000
data/raw/deep_voice/real/linus-original.wav,56,real,data/interim/deep_voice_chunks/real/linus-original_chunk0056.wav,4.0,16000
data/raw/deep_voice/real/linus-original.wav,57,real,data/interim/deep_voice_chunks/real/linus-original_chunk0057.wav,4.0,16000
data/raw/deep_voice/real/linus-original.wav,58,real,data/interim/deep_voice_chunks/real/linus-original_chunk0058.wav,4.0,16000
data/raw/deep_voice/real/linus-original.wav,59,real,data/interim/deep_voice_chunks/real/linus-original_chunk0059.wav,4.0,16000
data/raw/deep_voice/real/linus-original.wav,60,real,data/interim/deep_voice_chunks/real/linus-original_chunk0060.wav,4.0,16000
data/raw/deep_voice/real/linus-original.wav,61,real,data/interim/deep_voice_chunks/real/linus-original_chunk0061.wav,4.0,16000
data/raw/deep_voice/real/linus-original.wav,62,real,data/interim/deep_voice_chunks/real/linus-original_chunk0062.wav,4.0,16000
data/raw/deep_voice/real/linus-original.wav,63,real,data/interim/deep_voice_chunks/real/linus-original_chunk0063.wav,4.0,16000
data/raw/deep_voice/real/linus-original.wav,64,real,data/interim/deep_voice_chunks/real/linus-original_chunk0064.wav,4.0,16000
data/raw/deep_voice/real/linus-original.wav,65,real,data/interim/deep_voice_chunks/real/linus-original_chunk0065.wav,4.0,16000
data/raw/deep_voice/real/linus-original.wav,66,real,data/interim/deep_voice_chunks/real/linus-original_chunk0066.wav,4.0,16000
data/raw/deep_voice/real/linus-original.wav,67,real,data/interim/deep_voice_chunks/real/linus-original_chunk0067.wav,4.0,16000
data/raw/deep_voice/real/linus-original.wav,68,real,data/interim/deep_voice_chunks/real/linus-original_chunk0068.wav,4.0,16000
data/raw/deep_voice/real/linus-original.wav,69,real,data/interim/deep_voice_chunks/real/linus-original_chunk0069.wav,4.0,16000
data/raw/deep_voice/real/linus-original.wav,70,real,data/interim/deep_voice_chunks/real/linus-original_chunk0070.wav,4.0,16000
data/raw/deep_voice/real/linus-original.wav,71,real,data/interim/deep_voice_chunks/real/linus-original_chunk0071.wav,4.0,16000
data/raw/deep_voice/real/linus-original.wav,72,real,data/interim/deep_voice_chunks/real/linus-original_chunk0072.wav,4.0,16000
data/raw/deep_voice/real/linus-original.wav,73,real,data/interim/deep_voice_chunks/real/linus-original_chunk0073.wav,4.0,16000
data/raw/deep_voice/real/linus-original.wav,74,real,data/interim/deep_voice_chunks/real/linus-original_chunk0074.wav,4.0,16000
data/raw/deep_voice/real/linus-original.wav,75,real,data/interim/deep_voice_chunks/real/linus-original_chunk0075.wav,4.0,16000
data/raw/deep_voice/real/linus-original.wav,76,real,data/interim/deep_voice_chunks/real/linus-original_chunk0076.wav,4.0,16000
data/raw/deep_voice/real/linus-original.wav,77,real,data/interim/deep_voice_chunks/real/linus-original_chunk0077.wav,4.0,16000
data/raw/deep_voice/real/linus-original.wav,78,real,data/interim/deep_voice_chunks/real/linus-original_chunk0078.wav,4.0,16000
data/raw/deep_voice/real/linus-original.wav,79,real,data/interim/deep_voice_chunks/real/linus-original_chunk0079.wav,4.0,16000
data/raw/deep_voice/real/linus-original.wav,80,real,data/interim/deep_voice_chunks/real/linus-original_chunk0080.wav,4.0,16000
data/raw/deep_voice/real/linus-original.wav,81,real,data/interim/deep_voice_chunks/real/linus-original_chunk0081.wav,4.0,16000
data/raw/deep_voice/real/linus-original.wav,82,real,data/interim/deep_voice_chunks/real/linus-original_chunk0082.wav,4.0,16000
data/raw/deep_voice/real/linus-original.wav,83,real,data/interim/deep_voice_chunks/real/linus-original_chunk0083.wav,4.0,16000
data/raw/deep_voice/real/linus-original.wav,84,real,data/interim/deep_voice_chunks/real/linus-original_chunk0084.wav,4.0,16000
data/raw/deep_voice/real/linus-original.wav,85,real,data/interim/deep_voice_chunks/real/linus-original_chunk0085.wav,4.0,16000
data/raw/deep_voice/real/linus-original.wav,86,real,data/interim/deep_voice_chunks/real/linus-original_chunk0086.wav,4.0,16000
data/raw/deep_voice/real/linus-original.wav,87,real,data/interim/deep_voice_chunks/real/linus-original_chunk0087.wav,4.0,16000
data/raw/deep_voice/real/linus-original.wav,88,real,data/interim/deep_voice_chunks/real/linus-original_chunk0088.wav,4.0,16000
data/raw/deep_voice/real/linus-original.wav,89,real,data/interim/deep_voice_chunks/real/linus-original_chunk0089.wav,4.0,16000
data/raw/deep_voice/real/linus-original.wav,90,real,data/interim/deep_voice_chunks/real/linus-original_chunk0090.wav,4.0,16000
data/raw/deep_voice/real/linus-original.wav,91,real,data/interim/deep_voice_chunks/real/linus-original_chunk0091.wav,4.0,16000
data/raw/deep_voice/real/linus-original.wav,92,real,data/interim/deep_voice_chunks/real/linus-original_chunk0092.wav,4.0,16000
data/raw/deep_voice/real/linus-original.wav,93,real,data/interim/deep_voice_chunks/real/linus-original_chunk0093.wav,4.0,16000
data/raw/deep_voice/real/linus-original.wav,94,real,data/interim/deep_voice_chunks/real/linus-original_chunk0094.wav,4.0,16000
data/raw/deep_voice/real/linus-original.wav,95,real,data/interim/deep_voice_chunks/real/linus-original_chunk0095.wav,4.0,16000
data/raw/deep_voice/real/linus-original.wav,96,real,data/interim/deep_voice_chunks/real/linus-original_chunk0096.wav,4.0,16000
data/raw/deep_voice/real/linus-original.wav,97,real,data/interim/deep_voice_chunks/real/linus-original_chunk0097.wav,4.0,16000
data/raw/deep_voice/real/linus-original.wav,98,real,data/interim/deep_voice_chunks/real/linus-original_chunk0098.wav,4.0,16000
data/raw/deep_voice/real/linus-original.wav,99,real,data/interim/deep_voice_chunks/real/linus-original_chunk0099.wav,4.0,16000
data/raw/deep_voice/real/linus-original.wav,100,real,data/interim/deep_voice_chunks/real/linus-original_chunk0100.wav,4.0,16000
data/raw/deep_voice/real/linus-original.wav,101,real,data/interim/deep_voice_chunks/real/linus-original_chunk0101.wav,4.0,16000
data/raw/deep_voice/real/linus-original.wav,102,real,data/interim/deep_voice_chunks/real/linus-original_chunk0102.wav,4.0,16000
data/raw/deep_voice/real/linus-original.wav,103,real,data/interim/deep_voice_chunks/real/linus-original_chunk0103.wav,4.0,16000
data/raw/deep_voice/real/linus-original.wav,104,real,data/interim/deep_voice_chunks/real/linus-original_chunk0104.wav,4.0,16000
data/raw/deep_voice/real/linus-original.wav,105,real,data/interim/deep_voice_chunks/real/linus-original_chunk0105.wav,4.0,16000
data/raw/deep_voice/real/linus-original.wav,106,real,data/interim/deep_voice_chunks/real/linus-original_chunk0106.wav,4.0,16000
data/raw/deep_voice/real/linus-original.wav,107,real,data/interim/deep_voice_chunks/real/linus-original_chunk0107.wav,4.0,16000
data/raw/deep_voice/real/linus-original.wav,108,real,data/interim/deep_voice_chunks/real/linus-original_chunk0108.wav,4.0,16000
data/raw/deep_voice/real/linus-original.wav,109,real,data/interim/deep_voice_chunks/real/linus-original_chunk0109.wav,4.0,16000
data/raw/deep_voice/real/linus-original.wav,110,real,data/interim/deep_voice_chunks/real/linus-original_chunk0110.wav,4.0,16000
data/raw/deep_voice/real/linus-original.wav,111,real,data/interim/deep_voice_chunks/real/linus-original_chunk0111.wav,4.0,16000
data/raw/deep_voice/real/linus-original.wav,112,real,data/interim/deep_voice_chunks/real/linus-original_chunk0112.wav,4.0,16000
data/raw/deep_voice/real/linus-original.wav,113,real,data/interim/deep_voice_chunks/real/linus-original_chunk0113.wav,4.0,16000
data/raw/deep_voice/real/linus-original.wav,114,real,data/interim/deep_voice_chunks/real/linus-original_chunk0114.wav,4.0,16000
data/raw/deep_voice/real/linus-original.wav,115,real,data/interim/deep_voice_chunks/real/linus-original_chunk0115.wav,4.0,16000
data/raw/deep_voice/real/linus-original.wav,116,real,data/interim/deep_voice_chunks/real/linus-original_chunk0116.wav,4.0,16000
data/raw/deep_voice/real/linus-original.wav,117,real,data/interim/deep_voice_chunks/real/linus-original_chunk0117.wav,4.0,16000
data/raw/deep_voice/real/linus-original.wav,118,real,data/interim/deep_voice_chunks/real/linus-original_chunk0118.wav,4.0,16000
data/raw/deep_voice/real/linus-original.wav,119,real,data/interim/deep_voice_chunks/real/linus-original_chunk0119.wav,4.0,16000
data/raw/deep_voice/real/linus-original.wav,120,real,data/interim/deep_voice_chunks/real/linus-original_chunk0120.wav,4.0,16000
data/raw/deep_voice/real/linus-original.wav,121,real,data/interim/deep_voice_chunks/real/linus-original_chunk0121.wav,4.0,16000
data/raw/deep_voice/real/linus-original.wav,122,real,data/interim/deep_voice_chunks/real/linus-original_chunk0122.wav,4.0,16000
data/raw/deep_voice/real/linus-original.wav,123,real,data/interim/deep_voice_chunks/real/linus-original_chunk0123.wav,4.0,16000
data/raw/deep_voice/real/linus-original.wav,124,real,data/interim/deep_voice_chunks/real/linus-original_chunk0124.wav,4.0,16000
data/raw/deep_voice/real/linus-original.wav,125,real,data/interim/deep_voice_chunks/real/linus-original_chunk0125.wav,4.0,16000
data/raw/deep_voice/real/linus-original.wav,126,real,data/interim/deep_voice_chunks/real/linus-original_chunk0126.wav,4.0,16000
data/raw/deep_voice/real/linus-original.wav,127,real,data/interim/deep_voice_chunks/real/linus-original_chunk0127.wav,4.0,16000
data/raw/deep_voice/real/linus-original.wav,128,real,data/interim/deep_voice_chunks/real/linus-original_chunk0128.wav,4.0,16000
data/raw/deep_voice/real/linus-original.wav,129,real,data/interim/deep_voice_chunks/real/linus-original_chunk0129.wav,4.0,16000
data/raw/deep_voice/real/linus-original.wav,130,real,data/interim/deep_voice_chunks/real/linus-original_chunk0130.wav,4.0,16000
data/raw/deep_voice/real/linus-original.wav,131,real,data/interim/deep_voice_chunks/real/linus-original_chunk0131.wav,4.0,16000
data/raw/deep_voice/real/linus-original.wav,132,real,data/interim/deep_voice_chunks/real/linus-original_chunk0132.wav,4.0,16000
data/raw/deep_voice/real/linus-original.wav,133,real,data/interim/deep_voice_chunks/real/linus-original_chunk0133.wav,4.0,16000
data/raw/deep_voice/real/linus-original.wav,134,real,data/interim/deep_voice_chunks/real/linus-original_chunk0134.wav,4.0,16000
data/raw/deep_voice/real/linus-original.wav,135,real,data/interim/deep_voice_chunks/real/linus-original_chunk0135.wav,4.0,16000
data/raw/deep_voice/real/linus-original.wav,136,real,data/interim/deep_voice_chunks/real/linus-original_chunk0136.wav,4.0,16000
data/raw/deep_voice/real/linus-original.wav,137,real,data/interim/deep_voice_chunks/real/linus-original_chunk0137.wav,4.0,16000
data/raw/deep_voice/real/linus-original.wav,138,real,data/interim/deep_voice_chunks/real/linus-original_chunk0138.wav,4.0,16000
data/raw/deep_voice/real/linus-original.wav,139,real,data/interim/deep_voice_chunks/real/linus-original_chunk0139.wav,4.0,16000
data/raw/deep_voice/real/linus-original.wav,140,real,data/interim/deep_voice_chunks/real/linus-original_chunk0140.wav,4.0,16000
data/raw/deep_voice/real/linus-original.wav,141,real,data/interim/deep_voice_chunks/real/linus-original_chunk0141.wav,4.0,16000
data/raw/deep_voice/real/linus-original.wav,142,real,data/interim/deep_voice_chunks/real/linus-original_chunk0142.wav,2.24,16000
data/raw/deep_voice/real/margot-original.wav,0,real,data/interim/deep_voice_chunks/real/margot-original_chunk0000.wav,4.0,16000
data/raw/deep_voice/real/margot-original.wav,1,real,data/interim/deep_voice_chunks/real/margot-original_chunk0001.wav,4.0,16000
data/raw/deep_voice/real/margot-original.wav,2,real,data/interim/deep_voice_chunks/real/margot-original_chunk0002.wav,4.0,16000
data/raw/deep_voice/real/margot-original.wav,3,real,data/interim/deep_voice_chunks/real/margot-original_chunk0003.wav,4.0,16000
data/raw/deep_voice/real/margot-original.wav,4,real,data/interim/deep_voice_chunks/real/margot-original_chunk0004.wav,4.0,16000
data/raw/deep_voice/real/margot-original.wav,5,real,data/interim/deep_voice_chunks/real/margot-original_chunk0005.wav,4.0,16000
data/raw/deep_voice/real/margot-original.wav,6,real,data/interim/deep_voice_chunks/real/margot-original_chunk0006.wav,4.0,16000
data/raw/deep_voice/real/margot-original.wav,7,real,data/interim/deep_voice_chunks/real/margot-original_chunk0007.wav,4.0,16000
data/raw/deep_voice/real/margot-original.wav,8,real,data/interim/deep_voice_chunks/real/margot-original_chunk0008.wav,4.0,16000
data/raw/deep_voice/real/margot-original.wav,9,real,data/interim/deep_voice_chunks/real/margot-original_chunk0009.wav,4.0,16000
data/raw/deep_voice/real/margot-original.wav,10,real,data/interim/deep_voice_chunks/real/margot-original_chunk0010.wav,4.0,16000
data/raw/deep_voice/real/margot-original.wav,11,real,data/interim/deep_voice_chunks/real/margot-original_chunk0011.wav,4.0,16000
data/raw/deep_voice/real/margot-original.wav,12,real,data/interim/deep_voice_chunks/real/margot-original_chunk0012.wav,4.0,16000
data/raw/deep_voice/real/margot-original.wav,13,real,data/interim/deep_voice_chunks/real/margot-original_chunk0013.wav,4.0,16000
data/raw/deep_voice/real/margot-original.wav,14,real,data/interim/deep_voice_chunks/real/margot-original_chunk0014.wav,4.0,16000
data/raw/deep_voice/real/margot-original.wav,15,real,data/interim/deep_voice_chunks/real/margot-original_chunk0015.wav,4.0,16000
data/raw/deep_voice/real/margot-original.wav,16,real,data/interim/deep_voice_chunks/real/margot-original_chunk0016.wav,4.0,16000
data/raw/deep_voice/real/margot-original.wav,17,real,data/interim/deep_voice_chunks/real/margot-original_chunk0017.wav,4.0,16000
data/raw/deep_voice/real/margot-original.wav,18,real,data/interim/deep_voice_chunks/real/margot-original_chunk0018.wav,4.0,16000
data/raw/deep_voice/real/margot-original.wav,19,real,data/interim/deep_voice_chunks/real/margot-original_chunk0019.wav,3.48725,16000
data/raw/deep_voice/real/musk-original.wav,0,real,data/interim/deep_voice_chunks/real/musk-original_chunk0000.wav,4.0,16000
data/raw/deep_voice/real/musk-original.wav,1,real,data/interim/deep_voice_chunks/real/musk-original_chunk0001.wav,4.0,16000
data/raw/deep_voice/real/musk-original.wav,2,real,data/interim/deep_voice_chunks/real/musk-original_chunk0002.wav,4.0,16000
data/raw/deep_voice/real/musk-original.wav,3,real,data/interim/deep_voice_chunks/real/musk-original_chunk0003.wav,4.0,16000
data/raw/deep_voice/real/musk-original.wav,4,real,data/interim/deep_voice_chunks/real/musk-original_chunk0004.wav,4.0,16000
data/raw/deep_voice/real/musk-original.wav,5,real,data/interim/deep_voice_chunks/real/musk-original_chunk0005.wav,4.0,16000
data/raw/deep_voice/real/musk-original.wav,6,real,data/interim/deep_voice_chunks/real/musk-original_chunk0006.wav,4.0,16000
data/raw/deep_voice/real/musk-original.wav,7,real,data/interim/deep_voice_chunks/real/musk-original_chunk0007.wav,4.0,16000
data/raw/deep_voice/real/musk-original.wav,8,real,data/interim/deep_voice_chunks/real/musk-original_chunk0008.wav,4.0,16000
data/raw/deep_voice/real/musk-original.wav,9,real,data/interim/deep_voice_chunks/real/musk-original_chunk0009.wav,4.0,16000
data/raw/deep_voice/real/musk-original.wav,10,real,data/interim/deep_voice_chunks/real/musk-original_chunk0010.wav,4.0,16000
data/raw/deep_voice/real/musk-original.wav,11,real,data/interim/deep_voice_chunks/real/musk-original_chunk0011.wav,4.0,16000
data/raw/deep_voice/real/musk-original.wav,12,real,data/interim/deep_voice_chunks/real/musk-original_chunk0012.wav,4.0,16000
data/raw/deep_voice/real/musk-original.wav,13,real,data/interim/deep_voice_chunks/real/musk-original_chunk0013.wav,4.0,16000
data/raw/deep_voice/real/musk-original.wav,14,real,data/interim/deep_voice_chunks/real/musk-original_chunk0014.wav,4.0,16000
data/raw/deep_voice/real/musk-original.wav,15,real,data/interim/deep_voice_chunks/real/musk-original_chunk0015.wav,4.0,16000
data/raw/deep_voice/real/musk-original.wav,16,real,data/interim/deep_voice_chunks/real/musk-original_chunk0016.wav,4.0,16000
data/raw/deep_voice/real/musk-original.wav,17,real,data/interim/deep_voice_chunks/real/musk-original_chunk0017.wav,4.0,16000
data/raw/deep_voice/real/musk-original.wav,18,real,data/interim/deep_voice_chunks/real/musk-original_chunk0018.wav,4.0,16000
data/raw/deep_voice/real/musk-original.wav,19,real,data/interim/deep_voice_chunks/real/musk-original_chunk0019.wav,4.0,16000
data/raw/deep_voice/real/musk-original.wav,20,real,data/interim/deep_voice_chunks/real/musk-original_chunk0020.wav,4.0,16000
data/raw/deep_voice/real/musk-original.wav,21,real,data/interim/deep_voice_chunks/real/musk-original_chunk0021.wav,4.0,16000
data/raw/deep_voice/real/musk-original.wav,22,real,data/interim/deep_voice_chunks/real/musk-original_chunk0022.wav,4.0,16000
data/raw/deep_voice/real/musk-original.wav,23,real,data/interim/deep_voice_chunks/real/musk-original_chunk0023.wav,4.0,16000
data/raw/deep_voice/real/musk-original.wav,24,real,data/interim/deep_voice_chunks/real/musk-original_chunk0024.wav,4.0,16000
data/raw/deep_voice/real/musk-original.wav,25,real,data/interim/deep_voice_chunks/real/musk-original_chunk0025.wav,4.0,16000
data/raw/deep_voice/real/musk-original.wav,26,real,data/interim/deep_voice_chunks/real/musk-original_chunk0026.wav,4.0,16000
data/raw/deep_voice/real/musk-original.wav,27,real,data/interim/deep_voice_chunks/real/musk-original_chunk0027.wav,4.0,16000
data/raw/deep_voice/real/musk-original.wav,28,real,data/interim/deep_voice_chunks/real/musk-original_chunk0028.wav,4.0,16000
data/raw/deep_voice/real/musk-original.wav,29,real,data/interim/deep_voice_chunks/real/musk-original_chunk0029.wav,4.0,16000
data/raw/deep_voice/real/musk-original.wav,30,real,data/interim/deep_voice_chunks/real/musk-original_chunk0030.wav,4.0,16000
data/raw/deep_voice/real/musk-original.wav,31,real,data/interim/deep_voice_chunks/real/musk-original_chunk0031.wav,4.0,16000
data/raw/deep_voice/real/musk-original.wav,32,real,data/interim/deep_voice_chunks/real/musk-original_chunk0032.wav,4.0,16000
data/raw/deep_voice/real/musk-original.wav,33,real,data/interim/deep_voice_chunks/real/musk-original_chunk0033.wav,4.0,16000
data/raw/deep_voice/real/musk-original.wav,34,real,data/interim/deep_voice_chunks/real/musk-original_chunk0034.wav,4.0,16000
data/raw/deep_voice/real/musk-original.wav,35,real,data/interim/deep_voice_chunks/real/musk-original_chunk0035.wav,4.0,16000
data/raw/deep_voice/real/musk-original.wav,36,real,data/interim/deep_voice_chunks/real/musk-original_chunk0036.wav,4.0,16000
data/raw/deep_voice/real/musk-original.wav,37,real,data/interim/deep_voice_chunks/real/musk-original_chunk0037.wav,4.0,16000
data/raw/deep_voice/real/musk-original.wav,38,real,data/interim/deep_voice_chunks/real/musk-original_chunk0038.wav,4.0,16000
data/raw/deep_voice/real/musk-original.wav,39,real,data/interim/deep_voice_chunks/real/musk-original_chunk0039.wav,4.0,16000
data/raw/deep_voice/real/musk-original.wav,40,real,data/interim/deep_voice_chunks/real/musk-original_chunk0040.wav,4.0,16000
data/raw/deep_voice/real/musk-original.wav,41,real,data/interim/deep_voice_chunks/real/musk-original_chunk0041.wav,4.0,16000
data/raw/deep_voice/real/musk-original.wav,42,real,data/interim/deep_voice_chunks/real/musk-original_chunk0042.wav,4.0,16000
data/raw/deep_voice/real/musk-original.wav,43,real,data/interim/deep_voice_chunks/real/musk-original_chunk0043.wav,4.0,16000
data/raw/deep_voice/real/musk-original.wav,44,real,data/interim/deep_voice_chunks/real/musk-original_chunk0044.wav,4.0,16000
data/raw/deep_voice/real/musk-original.wav,45,real,data/interim/deep_voice_chunks/real/musk-original_chunk0045.wav,4.0,16000
data/raw/deep_voice/real/musk-original.wav,46,real,data/interim/deep_voice_chunks/real/musk-original_chunk0046.wav,4.0,16000
data/raw/deep_voice/real/musk-original.wav,47,real,data/interim/deep_voice_chunks/real/musk-original_chunk0047.wav,4.0,16000
data/raw/deep_voice/real/musk-original.wav,48,real,data/interim/deep_voice_chunks/real/musk-original_chunk0048.wav,4.0,16000
data/raw/deep_voice/real/musk-original.wav,49,real,data/interim/deep_voice_chunks/real/musk-original_chunk0049.wav,4.0,16000
data/raw/deep_voice/real/musk-original.wav,50,real,data/interim/deep_voice_chunks/real/musk-original_chunk0050.wav,4.0,16000
data/raw/deep_voice/real/musk-original.wav,51,real,data/interim/deep_voice_chunks/real/musk-original_chunk0051.wav,4.0,16000
data/raw/deep_voice/real/musk-original.wav,52,real,data/interim/deep_voice_chunks/real/musk-original_chunk0052.wav,4.0,16000
data/raw/deep_voice/real/musk-original.wav,53,real,data/interim/deep_voice_chunks/real/musk-original_chunk0053.wav,4.0,16000
data/raw/deep_voice/real/musk-original.wav,54,real,data/interim/deep_voice_chunks/real/musk-original_chunk0054.wav,4.0,16000
data/raw/deep_voice/real/musk-original.wav,55,real,data/interim/deep_voice_chunks/real/musk-original_chunk0055.wav,4.0,16000
data/raw/deep_voice/real/musk-original.wav,56,real,data/interim/deep_voice_chunks/real/musk-original_chunk0056.wav,4.0,16000
data/raw/deep_voice/real/musk-original.wav,57,real,data/interim/deep_voice_chunks/real/musk-original_chunk0057.wav,4.0,16000
data/raw/deep_voice/real/musk-original.wav,58,real,data/interim/deep_voice_chunks/real/musk-original_chunk0058.wav,4.0,16000
data/raw/deep_voice/real/musk-original.wav,59,real,data/interim/deep_voice_chunks/real/musk-original_chunk0059.wav,4.0,16000
data/raw/deep_voice/real/musk-original.wav,60,real,data/interim/deep_voice_chunks/real/musk-original_chunk0060.wav,4.0,16000
data/raw/deep_voice/real/musk-original.wav,61,real,data/interim/deep_voice_chunks/real/musk-original_chunk0061.wav,4.0,16000
data/raw/deep_voice/real/musk-original.wav,62,real,data/interim/deep_voice_chunks/real/musk-original_chunk0062.wav,4.0,16000
data/raw/deep_voice/real/musk-original.wav,63,real,data/interim/deep_voice_chunks/real/musk-original_chunk0063.wav,4.0,16000
data/raw/deep_voice/real/musk-original.wav,64,real,data/interim/deep_voice_chunks/real/musk-original_chunk0064.wav,4.0,16000
data/raw/deep_voice/real/musk-original.wav,65,real,data/interim/deep_voice_chunks/real/musk-original_chunk0065.wav,4.0,16000
data/raw/deep_voice/real/musk-original.wav,66,real,data/interim/deep_voice_chunks/real/musk-original_chunk0066.wav,4.0,16000
data/raw/deep_voice/real/musk-original.wav,67,real,data/interim/deep_voice_chunks/real/musk-original_chunk0067.wav,4.0,16000
data/raw/deep_voice/real/musk-original.wav,68,real,data/interim/deep_voice_chunks/real/musk-original_chunk0068.wav,4.0,16000
data/raw/deep_voice/real/musk-original.wav,69,real,data/interim/deep_voice_chunks/real/musk-original_chunk0069.wav,4.0,16000
data/raw/deep_voice/real/musk-original.wav,70,real,data/interim/deep_voice_chunks/real/musk-original_chunk0070.wav,4.0,16000
data/raw/deep_voice/real/musk-original.wav,71,real,data/interim/deep_voice_chunks/real/musk-original_chunk0071.wav,4.0,16000
data/raw/deep_voice/real/musk-original.wav,72,real,data/interim/deep_voice_chunks/real/musk-original_chunk0072.wav,4.0,16000
data/raw/deep_voice/real/musk-original.wav,73,real,data/interim/deep_voice_chunks/real/musk-original_chunk0073.wav,4.0,16000
data/raw/deep_voice/real/musk-original.wav,74,real,data/interim/deep_voice_chunks/real/musk-original_chunk0074.wav,4.0,16000
data/raw/deep_voice/real/musk-original.wav,75,real,data/interim/deep_voice_chunks/real/musk-original_chunk0075.wav,4.0,16000
data/raw/deep_voice/real/musk-original.wav,76,real,data/interim/deep_voice_chunks/real/musk-original_chunk0076.wav,4.0,16000
data/raw/deep_voice/real/musk-original.wav,77,real,data/interim/deep_voice_chunks/real/musk-original_chunk0077.wav,4.0,16000
data/raw/deep_voice/real/musk-original.wav,78,real,data/interim/deep_voice_chunks/real/musk-original_chunk0078.wav,4.0,16000
data/raw/deep_voice/real/musk-original.wav,79,real,data/interim/deep_voice_chunks/real/musk-original_chunk0079.wav,4.0,16000
data/raw/deep_voice/real/musk-original.wav,80,real,data/interim/deep_voice_chunks/real/musk-original_chunk0080.wav,4.0,16000
data/raw/deep_voice/real/musk-original.wav,81,real,data/interim/deep_voice_chunks/real/musk-original_chunk0081.wav,4.0,16000
data/raw/deep_voice/real/musk-original.wav,82,real,data/interim/deep_voice_chunks/real/musk-original_chunk0082.wav,4.0,16000
data/raw/deep_voice/real/musk-original.wav,83,real,data/interim/deep_voice_chunks/real/musk-original_chunk0083.wav,4.0,16000
data/raw/deep_voice/real/musk-original.wav,84,real,data/interim/deep_voice_chunks/real/musk-original_chunk0084.wav,4.0,16000
data/raw/deep_voice/real/musk-original.wav,85,real,data/interim/deep_voice_chunks/real/musk-original_chunk0085.wav,4.0,16000
data/raw/deep_voice/real/musk-original.wav,86,real,data/interim/deep_voice_chunks/real/musk-original_chunk0086.wav,4.0,16000
data/raw/deep_voice/real/musk-original.wav,87,real,data/interim/deep_voice_chunks/real/musk-original_chunk0087.wav,4.0,16000
data/raw/deep_voice/real/musk-original.wav,88,real,data/interim/deep_voice_chunks/real/musk-original_chunk0088.wav,4.0,16000
data/raw/deep_voice/real/musk-original.wav,89,real,data/interim/deep_voice_chunks/real/musk-original_chunk0089.wav,4.0,16000
data/raw/deep_voice/real/musk-original.wav,90,real,data/interim/deep_voice_chunks/real/musk-original_chunk0090.wav,4.0,16000
data/raw/deep_voice/real/musk-original.wav,91,real,data/interim/deep_voice_chunks/real/musk-original_chunk0091.wav,4.0,16000
data/raw/deep_voice/real/musk-original.wav,92,real,data/interim/deep_voice_chunks/real/musk-original_chunk0092.wav,4.0,16000
data/raw/deep_voice/real/musk-original.wav,93,real,data/interim/deep_voice_chunks/real/musk-original_chunk0093.wav,4.0,16000
data/raw/deep_voice/real/musk-original.wav,94,real,data/interim/deep_voice_chunks/real/musk-original_chunk0094.wav,4.0,16000
data/raw/deep_voice/real/musk-original.wav,95,real,data/interim/deep_voice_chunks/real/musk-original_chunk0095.wav,4.0,16000
data/raw/deep_voice/real/musk-original.wav,96,real,data/interim/deep_voice_chunks/real/musk-original_chunk0096.wav,4.0,16000
data/raw/deep_voice/real/musk-original.wav,97,real,data/interim/deep_voice_chunks/real/musk-original_chunk0097.wav,4.0,16000
data/raw/deep_voice/real/musk-original.wav,98,real,data/interim/deep_voice_chunks/real/musk-original_chunk0098.wav,4.0,16000
data/raw/deep_voice/real/musk-original.wav,99,real,data/interim/deep_voice_chunks/real/musk-original_chunk0099.wav,4.0,16000
data/raw/deep_voice/real/musk-original.wav,100,real,data/interim/deep_voice_chunks/real/musk-original_chunk0100.wav,4.0,16000
data/raw/deep_voice/real/musk-original.wav,101,real,data/interim/deep_voice_chunks/real/musk-original_chunk0101.wav,4.0,16000
data/raw/deep_voice/real/musk-original.wav,102,real,data/interim/deep_voice_chunks/real/musk-original_chunk0102.wav,4.0,16000
data/raw/deep_voice/real/musk-original.wav,103,real,data/interim/deep_voice_chunks/real/musk-original_chunk0103.wav,4.0,16000
data/raw/deep_voice/real/musk-original.wav,104,real,data/interim/deep_voice_chunks/real/musk-original_chunk0104.wav,4.0,16000
data/raw/deep_voice/real/musk-original.wav,105,real,data/interim/deep_voice_chunks/real/musk-original_chunk0105.wav,4.0,16000
data/raw/deep_voice/real/musk-original.wav,106,real,data/interim/deep_voice_chunks/real/musk-original_chunk0106.wav,4.0,16000
data/raw/deep_voice/real/musk-original.wav,107,real,data/interim/deep_voice_chunks/real/musk-original_chunk0107.wav,4.0,16000
data/raw/deep_voice/real/musk-original.wav,108,real,data/interim/deep_voice_chunks/real/musk-original_chunk0108.wav,4.0,16000
data/raw/deep_voice/real/musk-original.wav,109,real,data/interim/deep_voice_chunks/real/musk-original_chunk0109.wav,4.0,16000
data/raw/deep_voice/real/musk-original.wav,110,real,data/interim/deep_voice_chunks/real/musk-original_chunk0110.wav,4.0,16000
data/raw/deep_voice/real/musk-original.wav,111,real,data/interim/deep_voice_chunks/real/musk-original_chunk0111.wav,4.0,16000
data/raw/deep_voice/real/musk-original.wav,112,real,data/interim/deep_voice_chunks/real/musk-original_chunk0112.wav,4.0,16000
data/raw/deep_voice/real/musk-original.wav,113,real,data/interim/deep_voice_chunks/real/musk-original_chunk0113.wav,4.0,16000
data/raw/deep_voice/real/musk-original.wav,114,real,data/interim/deep_voice_chunks/real/musk-original_chunk0114.wav,4.0,16000
data/raw/deep_voice/real/musk-original.wav,115,real,data/interim/deep_voice_chunks/real/musk-original_chunk0115.wav,4.0,16000
data/raw/deep_voice/real/musk-original.wav,116,real,data/interim/deep_voice_chunks/real/musk-original_chunk0116.wav,4.0,16000
data/raw/deep_voice/real/musk-original.wav,117,real,data/interim/deep_voice_chunks/real/musk-original_chunk0117.wav,4.0,16000
data/raw/deep_voice/real/musk-original.wav,118,real,data/interim/deep_voice_chunks/real/musk-original_chunk0118.wav,4.0,16000
data/raw/deep_voice/real/musk-original.wav,119,real,data/interim/deep_voice_chunks/real/musk-original_chunk0119.wav,4.0,16000
data/raw/deep_voice/real/musk-original.wav,120,real,data/interim/deep_voice_chunks/real/musk-original_chunk0120.wav,4.0,16000
data/raw/deep_voice/real/musk-original.wav,121,real,data/interim/deep_voice_chunks/real/musk-original_chunk0121.wav,4.0,16000
data/raw/deep_voice/real/musk-original.wav,122,real,data/interim/deep_voice_chunks/real/musk-original_chunk0122.wav,4.0,16000
data/raw/deep_voice/real/musk-original.wav,123,real,data/interim/deep_voice_chunks/real/musk-original_chunk0123.wav,4.0,16000
data/raw/deep_voice/real/musk-original.wav,124,real,data/interim/deep_voice_chunks/real/musk-original_chunk0124.wav,4.0,16000
data/raw/deep_voice/real/musk-original.wav,125,real,data/interim/deep_voice_chunks/real/musk-original_chunk0125.wav,4.0,16000
data/raw/deep_voice/real/musk-original.wav,126,real,data/interim/deep_voice_chunks/real/musk-original_chunk0126.wav,4.0,16000
data/raw/deep_voice/real/musk-original.wav,127,real,data/interim/deep_voice_chunks/real/musk-original_chunk0127.wav,4.0,16000
data/raw/deep_voice/real/musk-original.wav,128,real,data/interim/deep_voice_chunks/real/musk-original_chunk0128.wav,4.0,16000
data/raw/deep_voice/real/musk-original.wav,129,real,data/interim/deep_voice_chunks/real/musk-original_chunk0129.wav,4.0,16000
data/raw/deep_voice/real/musk-original.wav,130,real,data/interim/deep_voice_chunks/real/musk-original_chunk0130.wav,4.0,16000
data/raw/deep_voice/real/musk-original.wav,131,real,data/interim/deep_voice_chunks/real/musk-original_chunk0131.wav,4.0,16000
data/raw/deep_voice/real/musk-original.wav,132,real,data/interim/deep_voice_chunks/real/musk-original_chunk0132.wav,4.0,16000
data/raw/deep_voice/real/musk-original.wav,133,real,data/interim/deep_voice_chunks/real/musk-original_chunk0133.wav,4.0,16000
data/raw/deep_voice/real/musk-original.wav,134,real,data/interim/deep_voice_chunks/real/musk-original_chunk0134.wav,4.0,16000
data/raw/deep_voice/real/musk-original.wav,135,real,data/interim/deep_voice_chunks/real/musk-original_chunk0135.wav,4.0,16000
data/raw/deep_voice/real/musk-original.wav,136,real,data/interim/deep_voice_chunks/real/musk-original_chunk0136.wav,4.0,16000
data/raw/deep_voice/real/musk-original.wav,137,real,data/interim/deep_voice_chunks/real/musk-original_chunk0137.wav,4.0,16000
data/raw/deep_voice/real/musk-original.wav,138,real,data/interim/deep_voice_chunks/real/musk-original_chunk0138.wav,4.0,16000
data/raw/deep_voice/real/musk-original.wav,139,real,data/interim/deep_voice_chunks/real/musk-original_chunk0139.wav,4.0,16000
data/raw/deep_voice/real/musk-original.wav,140,real,data/interim/deep_voice_chunks/real/musk-original_chunk0140.wav,4.0,16000
data/raw/deep_voice/real/musk-original.wav,141,real,data/interim/deep_voice_chunks/real/musk-original_chunk0141.wav,4.0,16000
data/raw/deep_voice/real/musk-original.wav,142,real,data/interim/deep_voice_chunks/real/musk-original_chunk0142.wav,4.0,16000
data/raw/deep_voice/real/musk-original.wav,143,real,data/interim/deep_voice_chunks/real/musk-original_chunk0143.wav,4.0,16000
data/raw/deep_voice/real/musk-original.wav,144,real,data/interim/deep_voice_chunks/real/musk-original_chunk0144.wav,4.0,16000
data/raw/deep_voice/real/musk-original.wav,145,real,data/interim/deep_voice_chunks/real/musk-original_chunk0145.wav,4.0,16000
data/raw/deep_voice/real/musk-original.wav,146,real,data/interim/deep_voice_chunks/real/musk-original_chunk0146.wav,4.0,16000
data/raw/deep_voice/real/musk-original.wav,147,real,data/interim/deep_voice_chunks/real/musk-original_chunk0147.wav,4.0,16000
data/raw/deep_voice/real/musk-original.wav,148,real,data/interim/deep_voice_chunks/real/musk-original_chunk0148.wav,4.0,16000
data/raw/deep_voice/real/musk-original.wav,149,real,data/interim/deep_voice_chunks/real/musk-original_chunk0149.wav,4.0,16000
data/raw/deep_voice/real/obama-original.wav,0,real,data/interim/deep_voice_chunks/real/obama-original_chunk0000.wav,4.0,16000
data/raw/deep_voice/real/obama-original.wav,1,real,data/interim/deep_voice_chunks/real/obama-original_chunk0001.wav,4.0,16000
data/raw/deep_voice/real/obama-original.wav,2,real,data/interim/deep_voice_chunks/real/obama-original_chunk0002.wav,4.0,16000
data/raw/deep_voice/real/obama-original.wav,3,real,data/interim/deep_voice_chunks/real/obama-original_chunk0003.wav,4.0,16000
data/raw/deep_voice/real/obama-original.wav,4,real,data/interim/deep_voice_chunks/real/obama-original_chunk0004.wav,4.0,16000
data/raw/deep_voice/real/obama-original.wav,5,real,data/interim/deep_voice_chunks/real/obama-original_chunk0005.wav,4.0,16000
data/raw/deep_voice/real/obama-original.wav,6,real,data/interim/deep_voice_chunks/real/obama-original_chunk0006.wav,4.0,16000
data/raw/deep_voice/real/obama-original.wav,7,real,data/interim/deep_voice_chunks/real/obama-original_chunk0007.wav,4.0,16000
data/raw/deep_voice/real/obama-original.wav,8,real,data/interim/deep_voice_chunks/real/obama-original_chunk0008.wav,4.0,16000
data/raw/deep_voice/real/obama-original.wav,9,real,data/interim/deep_voice_chunks/real/obama-original_chunk0009.wav,4.0,16000
data/raw/deep_voice/real/obama-original.wav,10,real,data/interim/deep_voice_chunks/real/obama-original_chunk0010.wav,4.0,16000
data/raw/deep_voice/real/obama-original.wav,11,real,data/interim/deep_voice_chunks/real/obama-original_chunk0011.wav,4.0,16000
data/raw/deep_voice/real/obama-original.wav,12,real,data/interim/deep_voice_chunks/real/obama-original_chunk0012.wav,4.0,16000
data/raw/deep_voice/real/obama-original.wav,13,real,data/interim/deep_voice_chunks/real/obama-original_chunk0013.wav,4.0,16000
data/raw/deep_voice/real/obama-original.wav,14,real,data/interim/deep_voice_chunks/real/obama-original_chunk0014.wav,4.0,16000
data/raw/deep_voice/real/obama-original.wav,15,real,data/interim/deep_voice_chunks/real/obama-original_chunk0015.wav,4.0,16000
data/raw/deep_voice/real/obama-original.wav,16,real,data/interim/deep_voice_chunks/real/obama-original_chunk0016.wav,4.0,16000
data/raw/deep_voice/real/obama-original.wav,17,real,data/interim/deep_voice_chunks/real/obama-original_chunk0017.wav,4.0,16000
data/raw/deep_voice/real/obama-original.wav,18,real,data/interim/deep_voice_chunks/real/obama-original_chunk0018.wav,4.0,16000
data/raw/deep_voice/real/obama-original.wav,19,real,data/interim/deep_voice_chunks/real/obama-original_chunk0019.wav,4.0,16000
data/raw/deep_voice/real/obama-original.wav,20,real,data/interim/deep_voice_chunks/real/obama-original_chunk0020.wav,4.0,16000
data/raw/deep_voice/real/obama-original.wav,21,real,data/interim/deep_voice_chunks/real/obama-original_chunk0021.wav,4.0,16000
data/raw/deep_voice/real/obama-original.wav,22,real,data/interim/deep_voice_chunks/real/obama-original_chunk0022.wav,4.0,16000
data/raw/deep_voice/real/obama-original.wav,23,real,data/interim/deep_voice_chunks/real/obama-original_chunk0023.wav,4.0,16000
data/raw/deep_voice/real/obama-original.wav,24,real,data/interim/deep_voice_chunks/real/obama-original_chunk0024.wav,4.0,16000
data/raw/deep_voice/real/obama-original.wav,25,real,data/interim/deep_voice_chunks/real/obama-original_chunk0025.wav,4.0,16000
data/raw/deep_voice/real/obama-original.wav,26,real,data/interim/deep_voice_chunks/real/obama-original_chunk0026.wav,4.0,16000
data/raw/deep_voice/real/obama-original.wav,27,real,data/interim/deep_voice_chunks/real/obama-original_chunk0027.wav,4.0,16000
data/raw/deep_voice/real/obama-original.wav,28,real,data/interim/deep_voice_chunks/real/obama-original_chunk0028.wav,4.0,16000
data/raw/deep_voice/real/obama-original.wav,29,real,data/interim/deep_voice_chunks/real/obama-original_chunk0029.wav,4.0,16000
data/raw/deep_voice/real/obama-original.wav,30,real,data/interim/deep_voice_chunks/real/obama-original_chunk0030.wav,4.0,16000
data/raw/deep_voice/real/obama-original.wav,31,real,data/interim/deep_voice_chunks/real/obama-original_chunk0031.wav,4.0,16000
data/raw/deep_voice/real/obama-original.wav,32,real,data/interim/deep_voice_chunks/real/obama-original_chunk0032.wav,4.0,16000
data/raw/deep_voice/real/obama-original.wav,33,real,data/interim/deep_voice_chunks/real/obama-original_chunk0033.wav,4.0,16000
data/raw/deep_voice/real/obama-original.wav,34,real,data/interim/deep_voice_chunks/real/obama-original_chunk0034.wav,4.0,16000
data/raw/deep_voice/real/obama-original.wav,35,real,data/interim/deep_voice_chunks/real/obama-original_chunk0035.wav,4.0,16000
data/raw/deep_voice/real/obama-original.wav,36,real,data/interim/deep_voice_chunks/real/obama-original_chunk0036.wav,4.0,16000
data/raw/deep_voice/real/obama-original.wav,37,real,data/interim/deep_voice_chunks/real/obama-original_chunk0037.wav,4.0,16000
data/raw/deep_voice/real/obama-original.wav,38,real,data/interim/deep_voice_chunks/real/obama-original_chunk0038.wav,4.0,16000
data/raw/deep_voice/real/obama-original.wav,39,real,data/interim/deep_voice_chunks/real/obama-original_chunk0039.wav,4.0,16000
data/raw/deep_voice/real/obama-original.wav,40,real,data/interim/deep_voice_chunks/real/obama-original_chunk0040.wav,4.0,16000
data/raw/deep_voice/real/obama-original.wav,41,real,data/interim/deep_voice_chunks/real/obama-original_chunk0041.wav,4.0,16000
data/raw/deep_voice/real/obama-original.wav,42,real,data/interim/deep_voice_chunks/real/obama-original_chunk0042.wav,4.0,16000
data/raw/deep_voice/real/obama-original.wav,43,real,data/interim/deep_voice_chunks/real/obama-original_chunk0043.wav,4.0,16000
data/raw/deep_voice/real/obama-original.wav,44,real,data/interim/deep_voice_chunks/real/obama-original_chunk0044.wav,4.0,16000
data/raw/deep_voice/real/obama-original.wav,45,real,data/interim/deep_voice_chunks/real/obama-original_chunk0045.wav,4.0,16000
data/raw/deep_voice/real/obama-original.wav,46,real,data/interim/deep_voice_chunks/real/obama-original_chunk0046.wav,4.0,16000
data/raw/deep_voice/real/obama-original.wav,47,real,data/interim/deep_voice_chunks/real/obama-original_chunk0047.wav,4.0,16000
data/raw/deep_voice/real/obama-original.wav,48,real,data/interim/deep_voice_chunks/real/obama-original_chunk0048.wav,4.0,16000
data/raw/deep_voice/real/obama-original.wav,49,real,data/interim/deep_voice_chunks/real/obama-original_chunk0049.wav,4.0,16000
data/raw/deep_voice/real/obama-original.wav,50,real,data/interim/deep_voice_chunks/real/obama-original_chunk0050.wav,4.0,16000
data/raw/deep_voice/real/obama-original.wav,51,real,data/interim/deep_voice_chunks/real/obama-original_chunk0051.wav,4.0,16000
data/raw/deep_voice/real/obama-original.wav,52,real,data/interim/deep_voice_chunks/real/obama-original_chunk0052.wav,4.0,16000
data/raw/deep_voice/real/obama-original.wav,53,real,data/interim/deep_voice_chunks/real/obama-original_chunk0053.wav,4.0,16000
data/raw/deep_voice/real/ryan-original.wav,0,real,data/interim/deep_voice_chunks/real/ryan-original_chunk0000.wav,4.0,16000
data/raw/deep_voice/real/ryan-original.wav,1,real,data/interim/deep_voice_chunks/real/ryan-original_chunk0001.wav,4.0,16000
data/raw/deep_voice/real/ryan-original.wav,2,real,data/interim/deep_voice_chunks/real/ryan-original_chunk0002.wav,4.0,16000
data/raw/deep_voice/real/ryan-original.wav,3,real,data/interim/deep_voice_chunks/real/ryan-original_chunk0003.wav,4.0,16000
data/raw/deep_voice/real/ryan-original.wav,4,real,data/interim/deep_voice_chunks/real/ryan-original_chunk0004.wav,4.0,16000
data/raw/deep_voice/real/ryan-original.wav,5,real,data/interim/deep_voice_chunks/real/ryan-original_chunk0005.wav,4.0,16000
data/raw/deep_voice/real/ryan-original.wav,6,real,data/interim/deep_voice_chunks/real/ryan-original_chunk0006.wav,4.0,16000
data/raw/deep_voice/real/ryan-original.wav,7,real,data/interim/deep_voice_chunks/real/ryan-original_chunk0007.wav,4.0,16000
data/raw/deep_voice/real/ryan-original.wav,8,real,data/interim/deep_voice_chunks/real/ryan-original_chunk0008.wav,4.0,16000
data/raw/deep_voice/real/ryan-original.wav,9,real,data/interim/deep_voice_chunks/real/ryan-original_chunk0009.wav,4.0,16000
data/raw/deep_voice/real/ryan-original.wav,10,real,data/interim/deep_voice_chunks/real/ryan-original_chunk0010.wav,4.0,16000
data/raw/deep_voice/real/ryan-original.wav,11,real,data/interim/deep_voice_chunks/real/ryan-original_chunk0011.wav,4.0,16000
data/raw/deep_voice/real/ryan-original.wav,12,real,data/interim/deep_voice_chunks/real/ryan-original_chunk0012.wav,4.0,16000
data/raw/deep_voice/real/ryan-original.wav,13,real,data/interim/deep_voice_chunks/real/ryan-original_chunk0013.wav,4.0,16000
data/raw/deep_voice/real/ryan-original.wav,14,real,data/interim/deep_voice_chunks/real/ryan-original_chunk0014.wav,4.0,16000
data/raw/deep_voice/real/ryan-original.wav,15,real,data/interim/deep_voice_chunks/real/ryan-original_chunk0015.wav,4.0,16000
data/raw/deep_voice/real/ryan-original.wav,16,real,data/interim/deep_voice_chunks/real/ryan-original_chunk0016.wav,4.0,16000
data/raw/deep_voice/real/ryan-original.wav,17,real,data/interim/deep_voice_chunks/real/ryan-original_chunk0017.wav,4.0,16000
data/raw/deep_voice/real/ryan-original.wav,18,real,data/interim/deep_voice_chunks/real/ryan-original_chunk0018.wav,4.0,16000
data/raw/deep_voice/real/ryan-original.wav,19,real,data/interim/deep_voice_chunks/real/ryan-original_chunk0019.wav,4.0,16000
data/raw/deep_voice/real/ryan-original.wav,20,real,data/interim/deep_voice_chunks/real/ryan-original_chunk0020.wav,4.0,16000
data/raw/deep_voice/real/ryan-original.wav,21,real,data/interim/deep_voice_chunks/real/ryan-original_chunk0021.wav,4.0,16000
data/raw/deep_voice/real/ryan-original.wav,22,real,data/interim/deep_voice_chunks/real/ryan-original_chunk0022.wav,4.0,16000
data/raw/deep_voice/real/taylor-original.wav,0,real,data/interim/deep_voice_chunks/real/taylor-original_chunk0000.wav,4.0,16000
data/raw/deep_voice/real/taylor-original.wav,1,real,data/interim/deep_voice_chunks/real/taylor-original_chunk0001.wav,4.0,16000
data/raw/deep_voice/real/taylor-original.wav,2,real,data/interim/deep_voice_chunks/real/taylor-original_chunk0002.wav,4.0,16000
data/raw/deep_voice/real/taylor-original.wav,3,real,data/interim/deep_voice_chunks/real/taylor-original_chunk0003.wav,4.0,16000
data/raw/deep_voice/real/taylor-original.wav,4,real,data/interim/deep_voice_chunks/real/taylor-original_chunk0004.wav,4.0,16000
data/raw/deep_voice/real/taylor-original.wav,5,real,data/interim/deep_voice_chunks/real/taylor-original_chunk0005.wav,4.0,16000
data/raw/deep_voice/real/taylor-original.wav,6,real,data/interim/deep_voice_chunks/real/taylor-original_chunk0006.wav,4.0,16000
data/raw/deep_voice/real/taylor-original.wav,7,real,data/interim/deep_voice_chunks/real/taylor-original_chunk0007.wav,4.0,16000
data/raw/deep_voice/real/taylor-original.wav,8,real,data/interim/deep_voice_chunks/real/taylor-original_chunk0008.wav,4.0,16000
data/raw/deep_voice/real/taylor-original.wav,9,real,data/interim/deep_voice_chunks/real/taylor-original_chunk0009.wav,4.0,16000
data/raw/deep_voice/real/taylor-original.wav,10,real,data/interim/deep_voice_chunks/real/taylor-original_chunk0010.wav,4.0,16000
data/raw/deep_voice/real/taylor-original.wav,11,real,data/interim/deep_voice_chunks/real/taylor-original_chunk0011.wav,4.0,16000
data/raw/deep_voice/real/taylor-original.wav,12,real,data/interim/deep_voice_chunks/real/taylor-original_chunk0012.wav,4.0,16000
data/raw/deep_voice/real/taylor-original.wav,13,real,data/interim/deep_voice_chunks/real/taylor-original_chunk0013.wav,4.0,16000
data/raw/deep_voice/real/taylor-original.wav,14,real,data/interim/deep_voice_chunks/real/taylor-original_chunk0014.wav,4.0,16000
data/raw/deep_voice/real/taylor-original.wav,15,real,data/interim/deep_voice_chunks/real/taylor-original_chunk0015.wav,4.0,16000
data/raw/deep_voice/real/taylor-original.wav,16,real,data/interim/deep_voice_chunks/real/taylor-original_chunk0016.wav,4.0,16000
data/raw/deep_voice/real/taylor-original.wav,17,real,data/interim/deep_voice_chunks/real/taylor-original_chunk0017.wav,4.0,16000
data/raw/deep_voice/real/taylor-original.wav,18,real,data/interim/deep_voice_chunks/real/taylor-original_chunk0018.wav,4.0,16000
data/raw/deep_voice/real/taylor-original.wav,19,real,data/interim/deep_voice_chunks/real/taylor-original_chunk0019.wav,4.0,16000
data/raw/deep_voice/real/taylor-original.wav,20,real,data/interim/deep_voice_chunks/real/taylor-original_chunk0020.wav,4.0,16000
data/raw/deep_voice/real/taylor-original.wav,21,real,data/interim/deep_voice_chunks/real/taylor-original_chunk0021.wav,4.0,16000
data/raw/deep_voice/real/taylor-original.wav,22,real,data/interim/deep_voice_chunks/real/taylor-original_chunk0022.wav,4.0,16000
data/raw/deep_voice/real/taylor-original.wav,23,real,data/interim/deep_voice_chunks/real/taylor-original_chunk0023.wav,4.0,16000
data/raw/deep_voice/real/taylor-original.wav,24,real,data/interim/deep_voice_chunks/real/taylor-original_chunk0024.wav,4.0,16000
data/raw/deep_voice/real/taylor-original.wav,25,real,data/interim/deep_voice_chunks/real/taylor-original_chunk0025.wav,4.0,16000
data/raw/deep_voice/real/taylor-original.wav,26,real,data/interim/deep_voice_chunks/real/taylor-original_chunk0026.wav,4.0,16000
data/raw/deep_voice/real/taylor-original.wav,27,real,data/interim/deep_voice_chunks/real/taylor-original_chunk0027.wav,4.0,16000
data/raw/deep_voice/real/taylor-original.wav,28,real,data/interim/deep_voice_chunks/real/taylor-original_chunk0028.wav,4.0,16000
data/raw/deep_voice/real/taylor-original.wav,29,real,data/interim/deep_voice_chunks/real/taylor-original_chunk0029.wav,4.0,16000
data/raw/deep_voice/real/taylor-original.wav,30,real,data/interim/deep_voice_chunks/real/taylor-original_chunk0030.wav,4.0,16000
data/raw/deep_voice/real/taylor-original.wav,31,real,data/interim/deep_voice_chunks/real/taylor-original_chunk0031.wav,4.0,16000
data/raw/deep_voice/real/taylor-original.wav,32,real,data/interim/deep_voice_chunks/real/taylor-original_chunk0032.wav,4.0,16000
data/raw/deep_voice/real/taylor-original.wav,33,real,data/interim/deep_voice_chunks/real/taylor-original_chunk0033.wav,4.0,16000
data/raw/deep_voice/real/taylor-original.wav,34,real,data/interim/deep_voice_chunks/real/taylor-original_chunk0034.wav,4.0,16000
data/raw/deep_voice/real/taylor-original.wav,35,real,data/interim/deep_voice_chunks/real/taylor-original_chunk0035.wav,4.0,16000
data/raw/deep_voice/real/taylor-original.wav,36,real,data/interim/deep_voice_chunks/real/taylor-original_chunk0036.wav,4.0,16000
data/raw/deep_voice/real/taylor-original.wav,37,real,data/interim/deep_voice_chunks/real/taylor-original_chunk0037.wav,4.0,16000
data/raw/deep_voice/real/taylor-original.wav,38,real,data/interim/deep_voice_chunks/real/taylor-original_chunk0038.wav,4.0,16000
data/raw/deep_voice/real/taylor-original.wav,39,real,data/interim/deep_voice_chunks/real/taylor-original_chunk0039.wav,4.0,16000
data/raw/deep_voice/real/taylor-original.wav,40,real,data/interim/deep_voice_chunks/real/taylor-original_chunk0040.wav,4.0,16000
data/raw/deep_voice/real/taylor-original.wav,41,real,data/interim/deep_voice_chunks/real/taylor-original_chunk0041.wav,4.0,16000
data/raw/deep_voice/real/taylor-original.wav,42,real,data/interim/deep_voice_chunks/real/taylor-original_chunk0042.wav,4.0,16000
data/raw/deep_voice/real/taylor-original.wav,43,real,data/interim/deep_voice_chunks/real/taylor-original_chunk0043.wav,4.0,16000
data/raw/deep_voice/real/taylor-original.wav,44,real,data/interim/deep_voice_chunks/real/taylor-original_chunk0044.wav,4.0,16000
data/raw/deep_voice/real/taylor-original.wav,45,real,data/interim/deep_voice_chunks/real/taylor-original_chunk0045.wav,4.0,16000
data/raw/deep_voice/real/taylor-original.wav,46,real,data/interim/deep_voice_chunks/real/taylor-original_chunk0046.wav,4.0,16000
data/raw/deep_voice/real/taylor-original.wav,47,real,data/interim/deep_voice_chunks/real/taylor-original_chunk0047.wav,4.0,16000
data/raw/deep_voice/real/taylor-original.wav,48,real,data/interim/deep_voice_chunks/real/taylor-original_chunk0048.wav,4.0,16000
data/raw/deep_voice/real/taylor-original.wav,49,real,data/interim/deep_voice_chunks/real/taylor-original_chunk0049.wav,4.0,16000
data/raw/deep_voice/real/taylor-original.wav,50,real,data/interim/deep_voice_chunks/real/taylor-original_chunk0050.wav,4.0,16000
data/raw/deep_voice/real/taylor-original.wav,51,real,data/interim/deep_voice_chunks/real/taylor-original_chunk0051.wav,4.0,16000
data/raw/deep_voice/real/taylor-original.wav,52,real,data/interim/deep_voice_chunks/real/taylor-original_chunk0052.wav,4.0,16000
data/raw/deep_voice/real/taylor-original.wav,53,real,data/interim/deep_voice_chunks/real/taylor-original_chunk0053.wav,4.0,16000
data/raw/deep_voice/real/taylor-original.wav,54,real,data/interim/deep_voice_chunks/real/taylor-original_chunk0054.wav,4.0,16000
data/raw/deep_voice/real/taylor-original.wav,55,real,data/interim/deep_voice_chunks/real/taylor-original_chunk0055.wav,4.0,16000
data/raw/deep_voice/real/taylor-original.wav,56,real,data/interim/deep_voice_chunks/real/taylor-original_chunk0056.wav,4.0,16000
data/raw/deep_voice/real/taylor-original.wav,57,real,data/interim/deep_voice_chunks/real/taylor-original_chunk0057.wav,4.0,16000
data/raw/deep_voice/real/taylor-original.wav,58,real,data/interim/deep_voice_chunks/real/taylor-original_chunk0058.wav,4.0,16000
data/raw/deep_voice/real/taylor-original.wav,59,real,data/interim/deep_voice_chunks/real/taylor-original_chunk0059.wav,4.0,16000
data/raw/deep_voice/real/taylor-original.wav,60,real,data/interim/deep_voice_chunks/real/taylor-original_chunk0060.wav,4.0,16000
data/raw/deep_voice/real/taylor-original.wav,61,real,data/interim/deep_voice_chunks/real/taylor-original_chunk0061.wav,4.0,16000
data/raw/deep_voice/real/taylor-original.wav,62,real,data/interim/deep_voice_chunks/real/taylor-original_chunk0062.wav,4.0,16000
data/raw/deep_voice/real/taylor-original.wav,63,real,data/interim/deep_voice_chunks/real/taylor-original_chunk0063.wav,4.0,16000
data/raw/deep_voice/real/taylor-original.wav,64,real,data/interim/deep_voice_chunks/real/taylor-original_chunk0064.wav,4.0,16000
data/raw/deep_voice/real/taylor-original.wav,65,real,data/interim/deep_voice_chunks/real/taylor-original_chunk0065.wav,4.0,16000
data/raw/deep_voice/real/taylor-original.wav,66,real,data/interim/deep_voice_chunks/real/taylor-original_chunk0066.wav,4.0,16000
data/raw/deep_voice/real/taylor-original.wav,67,real,data/interim/deep_voice_chunks/real/taylor-original_chunk0067.wav,4.0,16000
data/raw/deep_voice/real/taylor-original.wav,68,real,data/interim/deep_voice_chunks/real/taylor-original_chunk0068.wav,4.0,16000
data/raw/deep_voice/real/taylor-original.wav,69,real,data/interim/deep_voice_chunks/real/taylor-original_chunk0069.wav,4.0,16000
data/raw/deep_voice/real/taylor-original.wav,70,real,data/interim/deep_voice_chunks/real/taylor-original_chunk0070.wav,4.0,16000
data/raw/deep_voice/real/taylor-original.wav,71,real,data/interim/deep_voice_chunks/real/taylor-original_chunk0071.wav,4.0,16000
data/raw/deep_voice/real/taylor-original.wav,72,real,data/interim/deep_voice_chunks/real/taylor-original_chunk0072.wav,4.0,16000
data/raw/deep_voice/real/taylor-original.wav,73,real,data/interim/deep_voice_chunks/real/taylor-original_chunk0073.wav,4.0,16000
data/raw/deep_voice/real/taylor-original.wav,74,real,data/interim/deep_voice_chunks/real/taylor-original_chunk0074.wav,4.0,16000
data/raw/deep_voice/real/taylor-original.wav,75,real,data/interim/deep_voice_chunks/real/taylor-original_chunk0075.wav,4.0,16000
data/raw/deep_voice/real/taylor-original.wav,76,real,data/interim/deep_voice_chunks/real/taylor-original_chunk0076.wav,4.0,16000
data/raw/deep_voice/real/taylor-original.wav,77,real,data/interim/deep_voice_chunks/real/taylor-original_chunk0077.wav,4.0,16000
data/raw/deep_voice/real/taylor-original.wav,78,real,data/interim/deep_voice_chunks/real/taylor-original_chunk0078.wav,4.0,16000
data/raw/deep_voice/real/taylor-original.wav,79,real,data/interim/deep_voice_chunks/real/taylor-original_chunk0079.wav,4.0,16000
data/raw/deep_voice/real/taylor-original.wav,80,real,data/interim/deep_voice_chunks/real/taylor-original_chunk0080.wav,4.0,16000
data/raw/deep_voice/real/taylor-original.wav,81,real,data/interim/deep_voice_chunks/real/taylor-original_chunk0081.wav,4.0,16000
data/raw/deep_voice/real/taylor-original.wav,82,real,data/interim/deep_voice_chunks/real/taylor-original_chunk0082.wav,4.0,16000
data/raw/deep_voice/real/taylor-original.wav,83,real,data/interim/deep_voice_chunks/real/taylor-original_chunk0083.wav,4.0,16000
data/raw/deep_voice/real/taylor-original.wav,84,real,data/interim/deep_voice_chunks/real/taylor-original_chunk0084.wav,4.0,16000
data/raw/deep_voice/real/taylor-original.wav,85,real,data/interim/deep_voice_chunks/real/taylor-original_chunk0085.wav,4.0,16000
data/raw/deep_voice/real/taylor-original.wav,86,real,data/interim/deep_voice_chunks/real/taylor-original_chunk0086.wav,4.0,16000
data/raw/deep_voice/real/taylor-original.wav,87,real,data/interim/deep_voice_chunks/real/taylor-original_chunk0087.wav,4.0,16000
data/raw/deep_voice/real/taylor-original.wav,88,real,data/interim/deep_voice_chunks/real/taylor-original_chunk0088.wav,4.0,16000
data/raw/deep_voice/real/taylor-original.wav,89,real,data/interim/deep_voice_chunks/real/taylor-original_chunk0089.wav,4.0,16000
data/raw/deep_voice/real/taylor-original.wav,90,real,data/interim/deep_voice_chunks/real/taylor-original_chunk0090.wav,4.0,16000
data/raw/deep_voice/real/taylor-original.wav,91,real,data/interim/deep_voice_chunks/real/taylor-original_chunk0091.wav,4.0,16000
data/raw/deep_voice/real/taylor-original.wav,92,real,data/interim/deep_voice_chunks/real/taylor-original_chunk0092.wav,4.0,16000
data/raw/deep_voice/real/taylor-original.wav,93,real,data/interim/deep_voice_chunks/real/taylor-original_chunk0093.wav,4.0,16000
data/raw/deep_voice/real/taylor-original.wav,94,real,data/interim/deep_voice_chunks/real/taylor-original_chunk0094.wav,4.0,16000
data/raw/deep_voice/real/taylor-original.wav,95,real,data/interim/deep_voice_chunks/real/taylor-original_chunk0095.wav,4.0,16000
data/raw/deep_voice/real/taylor-original.wav,96,real,data/interim/deep_voice_chunks/real/taylor-original_chunk0096.wav,4.0,16000
data/raw/deep_voice/real/taylor-original.wav,97,real,data/interim/deep_voice_chunks/real/taylor-original_chunk0097.wav,4.0,16000
data/raw/deep_voice/real/taylor-original.wav,98,real,data/interim/deep_voice_chunks/real/taylor-original_chunk0098.wav,4.0,16000
data/raw/deep_voice/real/taylor-original.wav,99,real,data/interim/deep_voice_chunks/real/taylor-original_chunk0099.wav,4.0,16000
data/raw/deep_voice/real/taylor-original.wav,100,real,data/interim/deep_voice_chunks/real/taylor-original_chunk0100.wav,4.0,16000
data/raw/deep_voice/real/taylor-original.wav,101,real,data/interim/deep_voice_chunks/real/taylor-original_chunk0101.wav,4.0,16000
data/raw/deep_voice/real/taylor-original.wav,102,real,data/interim/deep_voice_chunks/real/taylor-original_chunk0102.wav,4.0,16000
data/raw/deep_voice/real/taylor-original.wav,103,real,data/interim/deep_voice_chunks/real/taylor-original_chunk0103.wav,4.0,16000
data/raw/deep_voice/real/taylor-original.wav,104,real,data/interim/deep_voice_chunks/real/taylor-original_chunk0104.wav,4.0,16000
data/raw/deep_voice/real/taylor-original.wav,105,real,data/interim/deep_voice_chunks/real/taylor-original_chunk0105.wav,4.0,16000
data/raw/deep_voice/real/taylor-original.wav,106,real,data/interim/deep_voice_chunks/real/taylor-original_chunk0106.wav,4.0,16000
data/raw/deep_voice/real/taylor-original.wav,107,real,data/interim/deep_voice_chunks/real/taylor-original_chunk0107.wav,4.0,16000
data/raw/deep_voice/real/taylor-original.wav,108,real,data/interim/deep_voice_chunks/real/taylor-original_chunk0108.wav,4.0,16000
data/raw/deep_voice/real/taylor-original.wav,109,real,data/interim/deep_voice_chunks/real/taylor-original_chunk0109.wav,4.0,16000
data/raw/deep_voice/real/taylor-original.wav,110,real,data/interim/deep_voice_chunks/real/taylor-original_chunk0110.wav,4.0,16000
data/raw/deep_voice/real/taylor-original.wav,111,real,data/interim/deep_voice_chunks/real/taylor-original_chunk0111.wav,4.0,16000
data/raw/deep_voice/real/taylor-original.wav,112,real,data/interim/deep_voice_chunks/real/taylor-original_chunk0112.wav,4.0,16000
data/raw/deep_voice/real/taylor-original.wav,113,real,data/interim/deep_voice_chunks/real/taylor-original_chunk0113.wav,4.0,16000
data/raw/deep_voice/real/taylor-original.wav,114,real,data/interim/deep_voice_chunks/real/taylor-original_chunk0114.wav,4.0,16000
data/raw/deep_voice/real/taylor-original.wav,115,real,data/interim/deep_voice_chunks/real/taylor-original_chunk0115.wav,4.0,16000
data/raw/deep_voice/real/taylor-original.wav,116,real,data/interim/deep_voice_chunks/real/taylor-original_chunk0116.wav,4.0,16000
data/raw/deep_voice/real/taylor-original.wav,117,real,data/interim/deep_voice_chunks/real/taylor-original_chunk0117.wav,4.0,16000
data/raw/deep_voice/real/taylor-original.wav,118,real,data/interim/deep_voice_chunks/real/taylor-original_chunk0118.wav,4.0,16000
data/raw/deep_voice/real/taylor-original.wav,119,real,data/interim/deep_voice_chunks/real/taylor-original_chunk0119.wav,4.0,16000
data/raw/deep_voice/real/taylor-original.wav,120,real,data/interim/deep_voice_chunks/real/taylor-original_chunk0120.wav,4.0,16000
data/raw/deep_voice/real/taylor-original.wav,121,real,data/interim/deep_voice_chunks/real/taylor-original_chunk0121.wav,4.0,16000
data/raw/deep_voice/real/taylor-original.wav,122,real,data/interim/deep_voice_chunks/real/taylor-original_chunk0122.wav,4.0,16000
data/raw/deep_voice/real/taylor-original.wav,123,real,data/interim/deep_voice_chunks/real/taylor-original_chunk0123.wav,4.0,16000
data/raw/deep_voice/real/taylor-original.wav,124,real,data/interim/deep_voice_chunks/real/taylor-original_chunk0124.wav,4.0,16000
data/raw/deep_voice/real/taylor-original.wav,125,real,data/interim/deep_voice_chunks/real/taylor-original_chunk0125.wav,4.0,16000
data/raw/deep_voice/real/taylor-original.wav,126,real,data/interim/deep_voice_chunks/real/taylor-original_chunk0126.wav,4.0,16000
data/raw/deep_voice/real/taylor-original.wav,127,real,data/interim/deep_voice_chunks/real/taylor-original_chunk0127.wav,4.0,16000
data/raw/deep_voice/real/taylor-original.wav,128,real,data/interim/deep_voice_chunks/real/taylor-original_chunk0128.wav,4.0,16000
data/raw/deep_voice/real/taylor-original.wav,129,real,data/interim/deep_voice_chunks/real/taylor-original_chunk0129.wav,4.0,16000
data/raw/deep_voice/real/taylor-original.wav,130,real,data/interim/deep_voice_chunks/real/taylor-original_chunk0130.wav,4.0,16000
data/raw/deep_voice/real/taylor-original.wav,131,real,data/interim/deep_voice_chunks/real/taylor-original_chunk0131.wav,4.0,16000
data/raw/deep_voice/real/taylor-original.wav,132,real,data/interim/deep_voice_chunks/real/taylor-original_chunk0132.wav,4.0,16000
data/raw/deep_voice/real/taylor-original.wav,133,real,data/interim/deep_voice_chunks/real/taylor-original_chunk0133.wav,4.0,16000
data/raw/deep_voice/real/taylor-original.wav,134,real,data/interim/deep_voice_chunks/real/taylor-original_chunk0134.wav,4.0,16000
data/raw/deep_voice/real/taylor-original.wav,135,real,data/interim/deep_voice_chunks/real/taylor-original_chunk0135.wav,4.0,16000
data/raw/deep_voice/real/taylor-original.wav,136,real,data/interim/deep_voice_chunks/real/taylor-original_chunk0136.wav,4.0,16000
data/raw/deep_voice/real/taylor-original.wav,137,real,data/interim/deep_voice_chunks/real/taylor-original_chunk0137.wav,4.0,16000
data/raw/deep_voice/real/taylor-original.wav,138,real,data/interim/deep_voice_chunks/real/taylor-original_chunk0138.wav,4.0,16000
data/raw/deep_voice/real/taylor-original.wav,139,real,data/interim/deep_voice_chunks/real/taylor-original_chunk0139.wav,4.0,16000
data/raw/deep_voice/real/taylor-original.wav,140,real,data/interim/deep_voice_chunks/real/taylor-original_chunk0140.wav,4.0,16000
data/raw/deep_voice/real/taylor-original.wav,141,real,data/interim/deep_voice_chunks/real/taylor-original_chunk0141.wav,4.0,16000
data/raw/deep_voice/real/taylor-original.wav,142,real,data/interim/deep_voice_chunks/real/taylor-original_chunk0142.wav,4.0,16000
data/raw/deep_voice/real/taylor-original.wav,143,real,data/interim/deep_voice_chunks/real/taylor-original_chunk0143.wav,4.0,16000
data/raw/deep_voice/real/taylor-original.wav,144,real,data/interim/deep_voice_chunks/real/taylor-original_chunk0144.wav,4.0,16000
data/raw/deep_voice/real/taylor-original.wav,145,real,data/interim/deep_voice_chunks/real/taylor-original_chunk0145.wav,3.9523125,16000
data/raw/deep_voice/real/trump-original.wav,0,real,data/interim/deep_voice_chunks/real/trump-original_chunk0000.wav,4.0,16000
data/raw/deep_voice/real/trump-original.wav,1,real,data/interim/deep_voice_chunks/real/trump-original_chunk0001.wav,4.0,16000
data/raw/deep_voice/real/trump-original.wav,2,real,data/interim/deep_voice_chunks/real/trump-original_chunk0002.wav,4.0,16000
data/raw/deep_voice/real/trump-original.wav,3,real,data/interim/deep_voice_chunks/real/trump-original_chunk0003.wav,4.0,16000
data/raw/deep_voice/real/trump-original.wav,4,real,data/interim/deep_voice_chunks/real/trump-original_chunk0004.wav,4.0,16000
data/raw/deep_voice/real/trump-original.wav,5,real,data/interim/deep_voice_chunks/real/trump-original_chunk0005.wav,4.0,16000
data/raw/deep_voice/real/trump-original.wav,6,real,data/interim/deep_voice_chunks/real/trump-original_chunk0006.wav,4.0,16000
data/raw/deep_voice/real/trump-original.wav,7,real,data/interim/deep_voice_chunks/real/trump-original_chunk0007.wav,4.0,16000
data/raw/deep_voice/real/trump-original.wav,8,real,data/interim/deep_voice_chunks/real/trump-original_chunk0008.wav,4.0,16000
data/raw/deep_voice/real/trump-original.wav,9,real,data/interim/deep_voice_chunks/real/trump-original_chunk0009.wav,4.0,16000
data/raw/deep_voice/real/trump-original.wav,10,real,data/interim/deep_voice_chunks/real/trump-original_chunk0010.wav,4.0,16000
data/raw/deep_voice/real/trump-original.wav,11,real,data/interim/deep_voice_chunks/real/trump-original_chunk0011.wav,4.0,16000
data/raw/deep_voice/real/trump-original.wav,12,real,data/interim/deep_voice_chunks/real/trump-original_chunk0012.wav,4.0,16000
data/raw/deep_voice/real/trump-original.wav,13,real,data/interim/deep_voice_chunks/real/trump-original_chunk0013.wav,4.0,16000
data/raw/deep_voice/real/trump-original.wav,14,real,data/interim/deep_voice_chunks/real/trump-original_chunk0014.wav,4.0,16000
data/raw/deep_voice/real/trump-original.wav,15,real,data/interim/deep_voice_chunks/real/trump-original_chunk0015.wav,4.0,16000
data/raw/deep_voice/real/trump-original.wav,16,real,data/interim/deep_voice_chunks/real/trump-original_chunk0016.wav,4.0,16000
data/raw/deep_voice/real/trump-original.wav,17,real,data/interim/deep_voice_chunks/real/trump-original_chunk0017.wav,4.0,16000
data/raw/deep_voice/real/trump-original.wav,18,real,data/interim/deep_voice_chunks/real/trump-original_chunk0018.wav,4.0,16000
data/raw/deep_voice/real/trump-original.wav,19,real,data/interim/deep_voice_chunks/real/trump-original_chunk0019.wav,4.0,16000
data/raw/deep_voice/real/trump-original.wav,20,real,data/interim/deep_voice_chunks/real/trump-original_chunk0020.wav,4.0,16000
data/raw/deep_voice/real/trump-original.wav,21,real,data/interim/deep_voice_chunks/real/trump-original_chunk0021.wav,4.0,16000
data/raw/deep_voice/real/trump-original.wav,22,real,data/interim/deep_voice_chunks/real/trump-original_chunk0022.wav,4.0,16000
data/raw/deep_voice/real/trump-original.wav,23,real,data/interim/deep_voice_chunks/real/trump-original_chunk0023.wav,4.0,16000
data/raw/deep_voice/real/trump-original.wav,24,real,data/interim/deep_voice_chunks/real/trump-original_chunk0024.wav,4.0,16000
data/raw/deep_voice/real/trump-original.wav,25,real,data/interim/deep_voice_chunks/real/trump-original_chunk0025.wav,4.0,16000
data/raw/deep_voice/real/trump-original.wav,26,real,data/interim/deep_voice_chunks/real/trump-original_chunk0026.wav,4.0,16000
data/raw/deep_voice/real/trump-original.wav,27,real,data/interim/deep_voice_chunks/real/trump-original_chunk0027.wav,4.0,16000
data/raw/deep_voice/real/trump-original.wav,28,real,data/interim/deep_voice_chunks/real/trump-original_chunk0028.wav,4.0,16000
data/raw/deep_voice/real/trump-original.wav,29,real,data/interim/deep_voice_chunks/real/trump-original_chunk0029.wav,4.0,16000
data/raw/deep_voice/real/trump-original.wav,30,real,data/interim/deep_voice_chunks/real/trump-original_chunk0030.wav,4.0,16000
data/raw/deep_voice/real/trump-original.wav,31,real,data/interim/deep_voice_chunks/real/trump-original_chunk0031.wav,4.0,16000
data/raw/deep_voice/real/trump-original.wav,32,real,data/interim/deep_voice_chunks/real/trump-original_chunk0032.wav,4.0,16000
data/raw/deep_voice/real/trump-original.wav,33,real,data/interim/deep_voice_chunks/real/trump-original_chunk0033.wav,4.0,16000
data/raw/deep_voice/real/trump-original.wav,34,real,data/interim/deep_voice_chunks/real/trump-original_chunk0034.wav,4.0,16000
data/raw/deep_voice/real/trump-original.wav,35,real,data/interim/deep_voice_chunks/real/trump-original_chunk0035.wav,4.0,16000
data/raw/deep_voice/real/trump-original.wav,36,real,data/interim/deep_voice_chunks/real/trump-original_chunk0036.wav,4.0,16000
data/raw/deep_voice/real/trump-original.wav,37,real,data/interim/deep_voice_chunks/real/trump-original_chunk0037.wav,4.0,16000
data/raw/deep_voice/real/trump-original.wav,38,real,data/interim/deep_voice_chunks/real/trump-original_chunk0038.wav,4.0,16000
data/raw/deep_voice/real/trump-original.wav,39,real,data/interim/deep_voice_chunks/real/trump-original_chunk0039.wav,4.0,16000
data/raw/deep_voice/real/trump-original.wav,40,real,data/interim/deep_voice_chunks/real/trump-original_chunk0040.wav,4.0,16000
data/raw/deep_voice/real/trump-original.wav,41,real,data/interim/deep_voice_chunks/real/trump-original_chunk0041.wav,4.0,16000
data/raw/deep_voice/real/trump-original.wav,42,real,data/interim/deep_voice_chunks/real/trump-original_chunk0042.wav,4.0,16000
data/raw/deep_voice/real/trump-original.wav,43,real,data/interim/deep_voice_chunks/real/trump-original_chunk0043.wav,4.0,16000
data/raw/deep_voice/real/trump-original.wav,44,real,data/interim/deep_voice_chunks/real/trump-original_chunk0044.wav,4.0,16000
data/raw/deep_voice/real/trump-original.wav,45,real,data/interim/deep_voice_chunks/real/trump-original_chunk0045.wav,4.0,16000
data/raw/deep_voice/real/trump-original.wav,46,real,data/interim/deep_voice_chunks/real/trump-original_chunk0046.wav,4.0,16000
data/raw/deep_voice/real/trump-original.wav,47,real,data/interim/deep_voice_chunks/real/trump-original_chunk0047.wav,4.0,16000
data/raw/deep_voice/real/trump-original.wav,48,real,data/interim/deep_voice_chunks/real/trump-original_chunk0048.wav,4.0,16000
data/raw/deep_voice/real/trump-original.wav,49,real,data/interim/deep_voice_chunks/real/trump-original_chunk0049.wav,4.0,16000
data/raw/deep_voice/real/trump-original.wav,50,real,data/interim/deep_voice_chunks/real/trump-original_chunk0050.wav,4.0,16000
data/raw/deep_voice/real/trump-original.wav,51,real,data/interim/deep_voice_chunks/real/trump-original_chunk0051.wav,4.0,16000
data/raw/deep_voice/real/trump-original.wav,52,real,data/interim/deep_voice_chunks/real/trump-original_chunk0052.wav,4.0,16000
data/raw/deep_voice/real/trump-original.wav,53,real,data/interim/deep_voice_chunks/real/trump-original_chunk0053.wav,4.0,16000
data/raw/deep_voice/real/trump-original.wav,54,real,data/interim/deep_voice_chunks/real/trump-original_chunk0054.wav,4.0,16000
data/raw/deep_voice/real/trump-original.wav,55,real,data/interim/deep_voice_chunks/real/trump-original_chunk0055.wav,4.0,16000
data/raw/deep_voice/real/trump-original.wav,56,real,data/interim/deep_voice_chunks/real/trump-original_chunk0056.wav,4.0,16000
data/raw/deep_voice/real/trump-original.wav,57,real,data/interim/deep_voice_chunks/real/trump-original_chunk0057.wav,4.0,16000
data/raw/deep_voice/real/trump-original.wav,58,real,data/interim/deep_voice_chunks/real/trump-original_chunk0058.wav,4.0,16000
data/raw/deep_voice/real/trump-original.wav,59,real,data/interim/deep_voice_chunks/real/trump-original_chunk0059.wav,4.0,16000
data/raw/deep_voice/real/trump-original.wav,60,real,data/interim/deep_voice_chunks/real/trump-original_chunk0060.wav,4.0,16000
data/raw/deep_voice/real/trump-original.wav,61,real,data/interim/deep_voice_chunks/real/trump-original_chunk0061.wav,4.0,16000
data/raw/deep_voice/real/trump-original.wav,62,real,data/interim/deep_voice_chunks/real/trump-original_chunk0062.wav,4.0,16000
data/raw/deep_voice/real/trump-original.wav,63,real,data/interim/deep_voice_chunks/real/trump-original_chunk0063.wav,4.0,16000
data/raw/deep_voice/real/trump-original.wav,64,real,data/interim/deep_voice_chunks/real/trump-original_chunk0064.wav,4.0,16000
data/raw/deep_voice/real/trump-original.wav,65,real,data/interim/deep_voice_chunks/real/trump-original_chunk0065.wav,4.0,16000
data/raw/deep_voice/real/trump-original.wav,66,real,data/interim/deep_voice_chunks/real/trump-original_chunk0066.wav,4.0,16000
data/raw/deep_voice/real/trump-original.wav,67,real,data/interim/deep_voice_chunks/real/trump-original_chunk0067.wav,4.0,16000
data/raw/deep_voice/real/trump-original.wav,68,real,data/interim/deep_voice_chunks/real/trump-original_chunk0068.wav,4.0,16000
data/raw/deep_voice/real/trump-original.wav,69,real,data/interim/deep_voice_chunks/real/trump-original_chunk0069.wav,4.0,16000
data/raw/deep_voice/real/trump-original.wav,70,real,data/interim/deep_voice_chunks/real/trump-original_chunk0070.wav,4.0,16000
data/raw/deep_voice/real/trump-original.wav,71,real,data/interim/deep_voice_chunks/real/trump-original_chunk0071.wav,4.0,16000
data/raw/deep_voice/real/trump-original.wav,72,real,data/interim/deep_voice_chunks/real/trump-original_chunk0072.wav,4.0,16000
data/raw/deep_voice/real/trump-original.wav,73,real,data/interim/deep_voice_chunks/real/trump-original_chunk0073.wav,4.0,16000
data/raw/deep_voice/real/trump-original.wav,74,real,data/interim/deep_voice_chunks/real/trump-original_chunk0074.wav,4.0,16000
data/raw/deep_voice/real/trump-original.wav,75,real,data/interim/deep_voice_chunks/real/trump-original_chunk0075.wav,4.0,16000
data/raw/deep_voice/real/trump-original.wav,76,real,data/interim/deep_voice_chunks/real/trump-original_chunk0076.wav,4.0,16000
data/raw/deep_voice/real/trump-original.wav,77,real,data/interim/deep_voice_chunks/real/trump-original_chunk0077.wav,4.0,16000
data/raw/deep_voice/real/trump-original.wav,78,real,data/interim/deep_voice_chunks/real/trump-original_chunk0078.wav,4.0,16000
data/raw/deep_voice/real/trump-original.wav,79,real,data/interim/deep_voice_chunks/real/trump-original_chunk0079.wav,4.0,16000
data/raw/deep_voice/real/trump-original.wav,80,real,data/interim/deep_voice_chunks/real/trump-original_chunk0080.wav,4.0,16000
data/raw/deep_voice/real/trump-original.wav,81,real,data/interim/deep_voice_chunks/real/trump-original_chunk0081.wav,4.0,16000
data/raw/deep_voice/real/trump-original.wav,82,real,data/interim/deep_voice_chunks/real/trump-original_chunk0082.wav,4.0,16000
data/raw/deep_voice/real/trump-original.wav,83,real,data/interim/deep_voice_chunks/real/trump-original_chunk0083.wav,4.0,16000
data/raw/deep_voice/real/trump-original.wav,84,real,data/interim/deep_voice_chunks/real/trump-original_chunk0084.wav,4.0,16000
data/raw/deep_voice/real/trump-original.wav,85,real,data/interim/deep_voice_chunks/real/trump-original_chunk0085.wav,4.0,16000
data/raw/deep_voice/real/trump-original.wav,86,real,data/interim/deep_voice_chunks/real/trump-original_chunk0086.wav,4.0,16000
data/raw/deep_voice/real/trump-original.wav,87,real,data/interim/deep_voice_chunks/real/trump-original_chunk0087.wav,4.0,16000
data/raw/deep_voice/real/trump-original.wav,88,real,data/interim/deep_voice_chunks/real/trump-original_chunk0088.wav,4.0,16000
data/raw/deep_voice/real/trump-original.wav,89,real,data/interim/deep_voice_chunks/real/trump-original_chunk0089.wav,4.0,16000
data/raw/deep_voice/real/trump-original.wav,90,real,data/interim/deep_voice_chunks/real/trump-original_chunk0090.wav,4.0,16000
data/raw/deep_voice/real/trump-original.wav,91,real,data/interim/deep_voice_chunks/real/trump-original_chunk0091.wav,4.0,16000
data/raw/deep_voice/real/trump-original.wav,92,real,data/interim/deep_voice_chunks/real/trump-original_chunk0092.wav,4.0,16000
data/raw/deep_voice/real/trump-original.wav,93,real,data/interim/deep_voice_chunks/real/trump-original_chunk0093.wav,4.0,16000
data/raw/deep_voice/real/trump-original.wav,94,real,data/interim/deep_voice_chunks/real/trump-original_chunk0094.wav,4.0,16000
data/raw/deep_voice/real/trump-original.wav,95,real,data/interim/deep_voice_chunks/real/trump-original_chunk0095.wav,4.0,16000
data/raw/deep_voice/real/trump-original.wav,96,real,data/interim/deep_voice_chunks/real/trump-original_chunk0096.wav,4.0,16000
data/raw/deep_voice/real/trump-original.wav,97,real,data/interim/deep_voice_chunks/real/trump-original_chunk0097.wav,4.0,16000
data/raw/deep_voice/real/trump-original.wav,98,real,data/interim/deep_voice_chunks/real/trump-original_chunk0098.wav,4.0,16000
data/raw/deep_voice/real/trump-original.wav,99,real,data/interim/deep_voice_chunks/real/trump-original_chunk0099.wav,4.0,16000
data/raw/deep_voice/real/trump-original.wav,100,real,data/interim/deep_voice_chunks/real/trump-original_chunk0100.wav,4.0,16000
data/raw/deep_voice/real/trump-original.wav,101,real,data/interim/deep_voice_chunks/real/trump-original_chunk0101.wav,4.0,16000
data/raw/deep_voice/real/trump-original.wav,102,real,data/interim/deep_voice_chunks/real/trump-original_chunk0102.wav,4.0,16000
data/raw/deep_voice/real/trump-original.wav,103,real,data/interim/deep_voice_chunks/real/trump-original_chunk0103.wav,4.0,16000
data/raw/deep_voice/real/trump-original.wav,104,real,data/interim/deep_voice_chunks/real/trump-original_chunk0104.wav,4.0,16000
data/raw/deep_voice/real/trump-original.wav,105,real,data/interim/deep_voice_chunks/real/trump-original_chunk0105.wav,4.0,16000
data/raw/deep_voice/real/trump-original.wav,106,real,data/interim/deep_voice_chunks/real/trump-original_chunk0106.wav,4.0,16000
data/raw/deep_voice/real/trump-original.wav,107,real,data/interim/deep_voice_chunks/real/trump-original_chunk0107.wav,4.0,16000
data/raw/deep_voice/real/trump-original.wav,108,real,data/interim/deep_voice_chunks/real/trump-original_chunk0108.wav,4.0,16000
data/raw/deep_voice/real/trump-original.wav,109,real,data/interim/deep_voice_chunks/real/trump-original_chunk0109.wav,4.0,16000
data/raw/deep_voice/real/trump-original.wav,110,real,data/interim/deep_voice_chunks/real/trump-original_chunk0110.wav,4.0,16000
data/raw/deep_voice/real/trump-original.wav,111,real,data/interim/deep_voice_chunks/real/trump-original_chunk0111.wav,4.0,16000
data/raw/deep_voice/real/trump-original.wav,112,real,data/interim/deep_voice_chunks/real/trump-original_chunk0112.wav,4.0,16000
data/raw/deep_voice/real/trump-original.wav,113,real,data/interim/deep_voice_chunks/real/trump-original_chunk0113.wav,4.0,16000
data/raw/deep_voice/real/trump-original.wav,114,real,data/interim/deep_voice_chunks/real/trump-original_chunk0114.wav,4.0,16000
data/raw/deep_voice/real/trump-original.wav,115,real,data/interim/deep_voice_chunks/real/trump-original_chunk0115.wav,4.0,16000
data/raw/deep_voice/real/trump-original.wav,116,real,data/interim/deep_voice_chunks/real/trump-original_chunk0116.wav,4.0,16000
data/raw/deep_voice/real/trump-original.wav,117,real,data/interim/deep_voice_chunks/real/trump-original_chunk0117.wav,4.0,16000
data/raw/deep_voice/real/trump-original.wav,118,real,data/interim/deep_voice_chunks/real/trump-original_chunk0118.wav,4.0,16000
data/raw/deep_voice/real/trump-original.wav,119,real,data/interim/deep_voice_chunks/real/trump-original_chunk0119.wav,4.0,16000
data/raw/deep_voice/real/trump-original.wav,120,real,data/interim/deep_voice_chunks/real/trump-original_chunk0120.wav,4.0,16000
data/raw/deep_voice/real/trump-original.wav,121,real,data/interim/deep_voice_chunks/real/trump-original_chunk0121.wav,4.0,16000
data/raw/deep_voice/real/trump-original.wav,122,real,data/interim/deep_voice_chunks/real/trump-original_chunk0122.wav,4.0,16000
data/raw/deep_voice/real/trump-original.wav,123,real,data/interim/deep_voice_chunks/real/trump-original_chunk0123.wav,4.0,16000
data/raw/deep_voice/real/trump-original.wav,124,real,data/interim/deep_voice_chunks/real/trump-original_chunk0124.wav,4.0,16000
data/raw/deep_voice/real/trump-original.wav,125,real,data/interim/deep_voice_chunks/real/trump-original_chunk0125.wav,4.0,16000
data/raw/deep_voice/real/trump-original.wav,126,real,data/interim/deep_voice_chunks/real/trump-original_chunk0126.wav,4.0,16000
data/raw/deep_voice/real/trump-original.wav,127,real,data/interim/deep_voice_chunks/real/trump-original_chunk0127.wav,4.0,16000
data/raw/deep_voice/real/trump-original.wav,128,real,data/interim/deep_voice_chunks/real/trump-original_chunk0128.wav,4.0,16000
data/raw/deep_voice/real/trump-original.wav,129,real,data/interim/deep_voice_chunks/real/trump-original_chunk0129.wav,4.0,16000
data/raw/deep_voice/real/trump-original.wav,130,real,data/interim/deep_voice_chunks/real/trump-original_chunk0130.wav,4.0,16000
data/raw/deep_voice/real/trump-original.wav,131,real,data/interim/deep_voice_chunks/real/trump-original_chunk0131.wav,4.0,16000
data/raw/deep_voice/real/trump-original.wav,132,real,data/interim/deep_voice_chunks/real/trump-original_chunk0132.wav,4.0,16000
data/raw/deep_voice/real/trump-original.wav,133,real,data/interim/deep_voice_chunks/real/trump-original_chunk0133.wav,4.0,16000
data/raw/deep_voice/real/trump-original.wav,134,real,data/interim/deep_voice_chunks/real/trump-original_chunk0134.wav,4.0,16000
data/raw/deep_voice/real/trump-original.wav,135,real,data/interim/deep_voice_chunks/real/trump-original_chunk0135.wav,4.0,16000
data/raw/deep_voice/real/trump-original.wav,136,real,data/interim/deep_voice_chunks/real/trump-original_chunk0136.wav,4.0,16000
data/raw/deep_voice/real/trump-original.wav,137,real,data/interim/deep_voice_chunks/real/trump-original_chunk0137.wav,4.0,16000
data/raw/deep_voice/real/trump-original.wav,138,real,data/interim/deep_voice_chunks/real/trump-original_chunk0138.wav,4.0,16000
data/raw/deep_voice/real/trump-original.wav,139,real,data/interim/deep_voice_chunks/real/trump-original_chunk0139.wav,4.0,16000
data/raw/deep_voice/real/trump-original.wav,140,real,data/interim/deep_voice_chunks/real/trump-original_chunk0140.wav,4.0,16000
data/raw/deep_voice/real/trump-original.wav,141,real,data/interim/deep_voice_chunks/real/trump-original_chunk0141.wav,4.0,16000
data/raw/deep_voice/real/trump-original.wav,142,real,data/interim/deep_voice_chunks/real/trump-original_chunk0142.wav,4.0,16000
data/raw/deep_voice/real/trump-original.wav,143,real,data/interim/deep_voice_chunks/real/trump-original_chunk0143.wav,4.0,16000
data/raw/deep_voice/real/trump-original.wav,144,real,data/interim/deep_voice_chunks/real/trump-original_chunk0144.wav,4.0,16000
data/raw/deep_voice/real/trump-original.wav,145,real,data/interim/deep_voice_chunks/real/trump-original_chunk0145.wav,4.0,16000
data/raw/deep_voice/real/trump-original.wav,146,real,data/interim/deep_voice_chunks/real/trump-original_chunk0146.wav,4.0,16000
data/raw/deep_voice/real/trump-original.wav,147,real,data/interim/deep_voice_chunks/real/trump-original_chunk0147.wav,4.0,16000
data/raw/deep_voice/real/trump-original.wav,148,real,data/interim/deep_voice_chunks/real/trump-original_chunk0148.wav,4.0,16000
data/raw/deep_voice/real/trump-original.wav,149,real,data/interim/deep_voice_chunks/real/trump-original_chunk0149.wav,4.0,16000
data/raw/deep_voice/fake/biden-to-linus.wav,0,fake,data/interim/deep_voice_chunks/fake/biden-to-linus_chunk0000.wav,4.0,16000
data/raw/deep_voice/fake/biden-to-linus.wav,1,fake,data/interim/deep_voice_chunks/fake/biden-to-linus_chunk0001.wav,4.0,16000
data/raw/deep_voice/fake/biden-to-linus.wav,2,fake,data/interim/deep_voice_chunks/fake/biden-to-linus_chunk0002.wav,4.0,16000
data/raw/deep_voice/fake/biden-to-linus.wav,3,fake,data/interim/deep_voice_chunks/fake/biden-to-linus_chunk0003.wav,4.0,16000
data/raw/deep_voice/fake/biden-to-linus.wav,4,fake,data/interim/deep_voice_chunks/fake/biden-to-linus_chunk0004.wav,4.0,16000
data/raw/deep_voice/fake/biden-to-linus.wav,5,fake,data/interim/deep_voice_chunks/fake/biden-to-linus_chunk0005.wav,4.0,16000
data/raw/deep_voice/fake/biden-to-linus.wav,6,fake,data/interim/deep_voice_chunks/fake/biden-to-linus_chunk0006.wav,4.0,16000
data/raw/deep_voice/fake/biden-to-linus.wav,7,fake,data/interim/deep_voice_chunks/fake/biden-to-linus_chunk0007.wav,4.0,16000
data/raw/deep_voice/fake/biden-to-linus.wav,8,fake,data/interim/deep_voice_chunks/fake/biden-to-linus_chunk0008.wav,4.0,16000
data/raw/deep_voice/fake/biden-to-linus.wav,9,fake,data/interim/deep_voice_chunks/fake/biden-to-linus_chunk0009.wav,4.0,16000
data/raw/deep_voice/fake/biden-to-linus.wav,10,fake,data/interim/deep_voice_chunks/fake/biden-to-linus_chunk0010.wav,4.0,16000
data/raw/deep_voice/fake/biden-to-linus.wav,11,fake,data/interim/deep_voice_chunks/fake/biden-to-linus_chunk0011.wav,4.0,16000
data/raw/deep_voice/fake/biden-to-linus.wav,12,fake,data/interim/deep_voice_chunks/fake/biden-to-linus_chunk0012.wav,4.0,16000
data/raw/deep_voice/fake/biden-to-linus.wav,13,fake,data/interim/deep_voice_chunks/fake/biden-to-linus_chunk0013.wav,4.0,16000
data/raw/deep_voice/fake/biden-to-linus.wav,14,fake,data/interim/deep_voice_chunks/fake/biden-to-linus_chunk0014.wav,4.0,16000
data/raw/deep_voice/fake/biden-to-linus.wav,15,fake,data/interim/deep_voice_chunks/fake/biden-to-linus_chunk0015.wav,4.0,16000
data/raw/deep_voice/fake/biden-to-linus.wav,16,fake,data/interim/deep_voice_chunks/fake/biden-to-linus_chunk0016.wav,4.0,16000
data/raw/deep_voice/fake/biden-to-linus.wav,17,fake,data/interim/deep_voice_chunks/fake/biden-to-linus_chunk0017.wav,4.0,16000
data/raw/deep_voice/fake/biden-to-linus.wav,18,fake,data/interim/deep_voice_chunks/fake/biden-to-linus_chunk0018.wav,4.0,16000
data/raw/deep_voice/fake/biden-to-linus.wav,19,fake,data/interim/deep_voice_chunks/fake/biden-to-linus_chunk0019.wav,4.0,16000
data/raw/deep_voice/fake/biden-to-linus.wav,20,fake,data/interim/deep_voice_chunks/fake/biden-to-linus_chunk0020.wav,4.0,16000
data/raw/deep_voice/fake/biden-to-linus.wav,21,fake,data/interim/deep_voice_chunks/fake/biden-to-linus_chunk0021.wav,4.0,16000
data/raw/deep_voice/fake/biden-to-linus.wav,22,fake,data/interim/deep_voice_chunks/fake/biden-to-linus_chunk0022.wav,4.0,16000
data/raw/deep_voice/fake/biden-to-linus.wav,23,fake,data/interim/deep_voice_chunks/fake/biden-to-linus_chunk0023.wav,4.0,16000
data/raw/deep_voice/fake/biden-to-linus.wav,24,fake,data/interim/deep_voice_chunks/fake/biden-to-linus_chunk0024.wav,4.0,16000
data/raw/deep_voice/fake/biden-to-linus.wav,25,fake,data/interim/deep_voice_chunks/fake/biden-to-linus_chunk0025.wav,4.0,16000
data/raw/deep_voice/fake/biden-to-linus.wav,26,fake,data/interim/deep_voice_chunks/fake/biden-to-linus_chunk0026.wav,4.0,16000
data/raw/deep_voice/fake/biden-to-linus.wav,27,fake,data/interim/deep_voice_chunks/fake/biden-to-linus_chunk0027.wav,4.0,16000
data/raw/deep_voice/fake/biden-to-linus.wav,28,fake,data/interim/deep_voice_chunks/fake/biden-to-linus_chunk0028.wav,4.0,16000
data/raw/deep_voice/fake/biden-to-linus.wav,29,fake,data/interim/deep_voice_chunks/fake/biden-to-linus_chunk0029.wav,4.0,16000
data/raw/deep_voice/fake/biden-to-linus.wav,30,fake,data/interim/deep_voice_chunks/fake/biden-to-linus_chunk0030.wav,4.0,16000
data/raw/deep_voice/fake/biden-to-linus.wav,31,fake,data/interim/deep_voice_chunks/fake/biden-to-linus_chunk0031.wav,4.0,16000
data/raw/deep_voice/fake/biden-to-linus.wav,32,fake,data/interim/deep_voice_chunks/fake/biden-to-linus_chunk0032.wav,4.0,16000
data/raw/deep_voice/fake/biden-to-linus.wav,33,fake,data/interim/deep_voice_chunks/fake/biden-to-linus_chunk0033.wav,4.0,16000
data/raw/deep_voice/fake/biden-to-linus.wav,34,fake,data/interim/deep_voice_chunks/fake/biden-to-linus_chunk0034.wav,4.0,16000
data/raw/deep_voice/fake/biden-to-linus.wav,35,fake,data/interim/deep_voice_chunks/fake/biden-to-linus_chunk0035.wav,4.0,16000
data/raw/deep_voice/fake/biden-to-linus.wav,36,fake,data/interim/deep_voice_chunks/fake/biden-to-linus_chunk0036.wav,4.0,16000
data/raw/deep_voice/fake/biden-to-linus.wav,37,fake,data/interim/deep_voice_chunks/fake/biden-to-linus_chunk0037.wav,4.0,16000
data/raw/deep_voice/fake/biden-to-linus.wav,38,fake,data/interim/deep_voice_chunks/fake/biden-to-linus_chunk0038.wav,4.0,16000
data/raw/deep_voice/fake/biden-to-linus.wav,39,fake,data/interim/deep_voice_chunks/fake/biden-to-linus_chunk0039.wav,4.0,16000
data/raw/deep_voice/fake/biden-to-linus.wav,40,fake,data/interim/deep_voice_chunks/fake/biden-to-linus_chunk0040.wav,4.0,16000
data/raw/deep_voice/fake/biden-to-linus.wav,41,fake,data/interim/deep_voice_chunks/fake/biden-to-linus_chunk0041.wav,4.0,16000
data/raw/deep_voice/fake/biden-to-linus.wav,42,fake,data/interim/deep_voice_chunks/fake/biden-to-linus_chunk0042.wav,4.0,16000
data/raw/deep_voice/fake/biden-to-linus.wav,43,fake,data/interim/deep_voice_chunks/fake/biden-to-linus_chunk0043.wav,4.0,16000
data/raw/deep_voice/fake/biden-to-linus.wav,44,fake,data/interim/deep_voice_chunks/fake/biden-to-linus_chunk0044.wav,4.0,16000
data/raw/deep_voice/fake/biden-to-linus.wav,45,fake,data/interim/deep_voice_chunks/fake/biden-to-linus_chunk0045.wav,4.0,16000
data/raw/deep_voice/fake/biden-to-linus.wav,46,fake,data/interim/deep_voice_chunks/fake/biden-to-linus_chunk0046.wav,4.0,16000
data/raw/deep_voice/fake/biden-to-linus.wav,47,fake,data/interim/deep_voice_chunks/fake/biden-to-linus_chunk0047.wav,4.0,16000
data/raw/deep_voice/fake/biden-to-linus.wav,48,fake,data/interim/deep_voice_chunks/fake/biden-to-linus_chunk0048.wav,4.0,16000
data/raw/deep_voice/fake/biden-to-linus.wav,49,fake,data/interim/deep_voice_chunks/fake/biden-to-linus_chunk0049.wav,4.0,16000
data/raw/deep_voice/fake/biden-to-linus.wav,50,fake,data/interim/deep_voice_chunks/fake/biden-to-linus_chunk0050.wav,4.0,16000
data/raw/deep_voice/fake/biden-to-linus.wav,51,fake,data/interim/deep_voice_chunks/fake/biden-to-linus_chunk0051.wav,4.0,16000
data/raw/deep_voice/fake/biden-to-linus.wav,52,fake,data/interim/deep_voice_chunks/fake/biden-to-linus_chunk0052.wav,4.0,16000
data/raw/deep_voice/fake/biden-to-linus.wav,53,fake,data/interim/deep_voice_chunks/fake/biden-to-linus_chunk0053.wav,4.0,16000
data/raw/deep_voice/fake/biden-to-linus.wav,54,fake,data/interim/deep_voice_chunks/fake/biden-to-linus_chunk0054.wav,4.0,16000
data/raw/deep_voice/fake/biden-to-linus.wav,55,fake,data/interim/deep_voice_chunks/fake/biden-to-linus_chunk0055.wav,4.0,16000
data/raw/deep_voice/fake/biden-to-linus.wav,56,fake,data/interim/deep_voice_chunks/fake/biden-to-linus_chunk0056.wav,4.0,16000
data/raw/deep_voice/fake/biden-to-linus.wav,57,fake,data/interim/deep_voice_chunks/fake/biden-to-linus_chunk0057.wav,4.0,16000
data/raw/deep_voice/fake/biden-to-linus.wav,58,fake,data/interim/deep_voice_chunks/fake/biden-to-linus_chunk0058.wav,4.0,16000
data/raw/deep_voice/fake/biden-to-linus.wav,59,fake,data/interim/deep_voice_chunks/fake/biden-to-linus_chunk0059.wav,4.0,16000
data/raw/deep_voice/fake/biden-to-linus.wav,60,fake,data/interim/deep_voice_chunks/fake/biden-to-linus_chunk0060.wav,4.0,16000
data/raw/deep_voice/fake/biden-to-linus.wav,61,fake,data/interim/deep_voice_chunks/fake/biden-to-linus_chunk0061.wav,4.0,16000
data/raw/deep_voice/fake/biden-to-linus.wav,62,fake,data/interim/deep_voice_chunks/fake/biden-to-linus_chunk0062.wav,4.0,16000
data/raw/deep_voice/fake/biden-to-linus.wav,63,fake,data/interim/deep_voice_chunks/fake/biden-to-linus_chunk0063.wav,4.0,16000
data/raw/deep_voice/fake/biden-to-linus.wav,64,fake,data/interim/deep_voice_chunks/fake/biden-to-linus_chunk0064.wav,4.0,16000
data/raw/deep_voice/fake/biden-to-linus.wav,65,fake,data/interim/deep_voice_chunks/fake/biden-to-linus_chunk0065.wav,4.0,16000
data/raw/deep_voice/fake/biden-to-linus.wav,66,fake,data/interim/deep_voice_chunks/fake/biden-to-linus_chunk0066.wav,4.0,16000
data/raw/deep_voice/fake/biden-to-linus.wav,67,fake,data/interim/deep_voice_chunks/fake/biden-to-linus_chunk0067.wav,4.0,16000
data/raw/deep_voice/fake/biden-to-linus.wav,68,fake,data/interim/deep_voice_chunks/fake/biden-to-linus_chunk0068.wav,4.0,16000
data/raw/deep_voice/fake/biden-to-linus.wav,69,fake,data/interim/deep_voice_chunks/fake/biden-to-linus_chunk0069.wav,4.0,16000
data/raw/deep_voice/fake/biden-to-linus.wav,70,fake,data/interim/deep_voice_chunks/fake/biden-to-linus_chunk0070.wav,4.0,16000
data/raw/deep_voice/fake/biden-to-linus.wav,71,fake,data/interim/deep_voice_chunks/fake/biden-to-linus_chunk0071.wav,4.0,16000
data/raw/deep_voice/fake/biden-to-linus.wav,72,fake,data/interim/deep_voice_chunks/fake/biden-to-linus_chunk0072.wav,4.0,16000
data/raw/deep_voice/fake/biden-to-linus.wav,73,fake,data/interim/deep_voice_chunks/fake/biden-to-linus_chunk0073.wav,4.0,16000
data/raw/deep_voice/fake/biden-to-linus.wav,74,fake,data/interim/deep_voice_chunks/fake/biden-to-linus_chunk0074.wav,4.0,16000
data/raw/deep_voice/fake/biden-to-linus.wav,75,fake,data/interim/deep_voice_chunks/fake/biden-to-linus_chunk0075.wav,4.0,16000
data/raw/deep_voice/fake/biden-to-linus.wav,76,fake,data/interim/deep_voice_chunks/fake/biden-to-linus_chunk0076.wav,4.0,16000
data/raw/deep_voice/fake/biden-to-linus.wav,77,fake,data/interim/deep_voice_chunks/fake/biden-to-linus_chunk0077.wav,4.0,16000
data/raw/deep_voice/fake/biden-to-linus.wav,78,fake,data/interim/deep_voice_chunks/fake/biden-to-linus_chunk0078.wav,4.0,16000
data/raw/deep_voice/fake/biden-to-linus.wav,79,fake,data/interim/deep_voice_chunks/fake/biden-to-linus_chunk0079.wav,4.0,16000
data/raw/deep_voice/fake/biden-to-linus.wav,80,fake,data/interim/deep_voice_chunks/fake/biden-to-linus_chunk0080.wav,4.0,16000
data/raw/deep_voice/fake/biden-to-linus.wav,81,fake,data/interim/deep_voice_chunks/fake/biden-to-linus_chunk0081.wav,4.0,16000
data/raw/deep_voice/fake/biden-to-linus.wav,82,fake,data/interim/deep_voice_chunks/fake/biden-to-linus_chunk0082.wav,4.0,16000
data/raw/deep_voice/fake/biden-to-linus.wav,83,fake,data/interim/deep_voice_chunks/fake/biden-to-linus_chunk0083.wav,4.0,16000
data/raw/deep_voice/fake/biden-to-linus.wav,84,fake,data/interim/deep_voice_chunks/fake/biden-to-linus_chunk0084.wav,4.0,16000
data/raw/deep_voice/fake/biden-to-linus.wav,85,fake,data/interim/deep_voice_chunks/fake/biden-to-linus_chunk0085.wav,4.0,16000
data/raw/deep_voice/fake/biden-to-linus.wav,86,fake,data/interim/deep_voice_chunks/fake/biden-to-linus_chunk0086.wav,4.0,16000
data/raw/deep_voice/fake/biden-to-linus.wav,87,fake,data/interim/deep_voice_chunks/fake/biden-to-linus_chunk0087.wav,4.0,16000
data/raw/deep_voice/fake/biden-to-linus.wav,88,fake,data/interim/deep_voice_chunks/fake/biden-to-linus_chunk0088.wav,4.0,16000
data/raw/deep_voice/fake/biden-to-linus.wav,89,fake,data/interim/deep_voice_chunks/fake/biden-to-linus_chunk0089.wav,4.0,16000
data/raw/deep_voice/fake/biden-to-linus.wav,90,fake,data/interim/deep_voice_chunks/fake/biden-to-linus_chunk0090.wav,4.0,16000
data/raw/deep_voice/fake/biden-to-linus.wav,91,fake,data/interim/deep_voice_chunks/fake/biden-to-linus_chunk0091.wav,4.0,16000
data/raw/deep_voice/fake/biden-to-linus.wav,92,fake,data/interim/deep_voice_chunks/fake/biden-to-linus_chunk0092.wav,4.0,16000
data/raw/deep_voice/fake/biden-to-linus.wav,93,fake,data/interim/deep_voice_chunks/fake/biden-to-linus_chunk0093.wav,4.0,16000
data/raw/deep_voice/fake/biden-to-linus.wav,94,fake,data/interim/deep_voice_chunks/fake/biden-to-linus_chunk0094.wav,4.0,16000
data/raw/deep_voice/fake/biden-to-linus.wav,95,fake,data/interim/deep_voice_chunks/fake/biden-to-linus_chunk0095.wav,4.0,16000
data/raw/deep_voice/fake/biden-to-linus.wav,96,fake,data/interim/deep_voice_chunks/fake/biden-to-linus_chunk0096.wav,4.0,16000
data/raw/deep_voice/fake/biden-to-linus.wav,97,fake,data/interim/deep_voice_chunks/fake/biden-to-linus_chunk0097.wav,4.0,16000
data/raw/deep_voice/fake/biden-to-linus.wav,98,fake,data/interim/deep_voice_chunks/fake/biden-to-linus_chunk0098.wav,4.0,16000
data/raw/deep_voice/fake/biden-to-linus.wav,99,fake,data/interim/deep_voice_chunks/fake/biden-to-linus_chunk0099.wav,4.0,16000
data/raw/deep_voice/fake/biden-to-linus.wav,100,fake,data/interim/deep_voice_chunks/fake/biden-to-linus_chunk0100.wav,4.0,16000
data/raw/deep_voice/fake/biden-to-linus.wav,101,fake,data/interim/deep_voice_chunks/fake/biden-to-linus_chunk0101.wav,4.0,16000
data/raw/deep_voice/fake/biden-to-linus.wav,102,fake,data/interim/deep_voice_chunks/fake/biden-to-linus_chunk0102.wav,4.0,16000
data/raw/deep_voice/fake/biden-to-linus.wav,103,fake,data/interim/deep_voice_chunks/fake/biden-to-linus_chunk0103.wav,4.0,16000
data/raw/deep_voice/fake/biden-to-linus.wav,104,fake,data/interim/deep_voice_chunks/fake/biden-to-linus_chunk0104.wav,4.0,16000
data/raw/deep_voice/fake/biden-to-linus.wav,105,fake,data/interim/deep_voice_chunks/fake/biden-to-linus_chunk0105.wav,4.0,16000
data/raw/deep_voice/fake/biden-to-linus.wav,106,fake,data/interim/deep_voice_chunks/fake/biden-to-linus_chunk0106.wav,4.0,16000
data/raw/deep_voice/fake/biden-to-linus.wav,107,fake,data/interim/deep_voice_chunks/fake/biden-to-linus_chunk0107.wav,4.0,16000
data/raw/deep_voice/fake/biden-to-linus.wav,108,fake,data/interim/deep_voice_chunks/fake/biden-to-linus_chunk0108.wav,4.0,16000
data/raw/deep_voice/fake/biden-to-linus.wav,109,fake,data/interim/deep_voice_chunks/fake/biden-to-linus_chunk0109.wav,4.0,16000
data/raw/deep_voice/fake/biden-to-linus.wav,110,fake,data/interim/deep_voice_chunks/fake/biden-to-linus_chunk0110.wav,4.0,16000
data/raw/deep_voice/fake/biden-to-linus.wav,111,fake,data/interim/deep_voice_chunks/fake/biden-to-linus_chunk0111.wav,4.0,16000
data/raw/deep_voice/fake/biden-to-linus.wav,112,fake,data/interim/deep_voice_chunks/fake/biden-to-linus_chunk0112.wav,4.0,16000
data/raw/deep_voice/fake/biden-to-linus.wav,113,fake,data/interim/deep_voice_chunks/fake/biden-to-linus_chunk0113.wav,4.0,16000
data/raw/deep_voice/fake/biden-to-linus.wav,114,fake,data/interim/deep_voice_chunks/fake/biden-to-linus_chunk0114.wav,4.0,16000
data/raw/deep_voice/fake/biden-to-linus.wav,115,fake,data/interim/deep_voice_chunks/fake/biden-to-linus_chunk0115.wav,4.0,16000
data/raw/deep_voice/fake/biden-to-linus.wav,116,fake,data/interim/deep_voice_chunks/fake/biden-to-linus_chunk0116.wav,4.0,16000
data/raw/deep_voice/fake/biden-to-linus.wav,117,fake,data/interim/deep_voice_chunks/fake/biden-to-linus_chunk0117.wav,4.0,16000
data/raw/deep_voice/fake/biden-to-linus.wav,118,fake,data/interim/deep_voice_chunks/fake/biden-to-linus_chunk0118.wav,4.0,16000
data/raw/deep_voice/fake/biden-to-linus.wav,119,fake,data/interim/deep_voice_chunks/fake/biden-to-linus_chunk0119.wav,4.0,16000
data/raw/deep_voice/fake/biden-to-linus.wav,120,fake,data/interim/deep_voice_chunks/fake/biden-to-linus_chunk0120.wav,4.0,16000
data/raw/deep_voice/fake/biden-to-linus.wav,121,fake,data/interim/deep_voice_chunks/fake/biden-to-linus_chunk0121.wav,4.0,16000
data/raw/deep_voice/fake/biden-to-linus.wav,122,fake,data/interim/deep_voice_chunks/fake/biden-to-linus_chunk0122.wav,4.0,16000
data/raw/deep_voice/fake/biden-to-linus.wav,123,fake,data/interim/deep_voice_chunks/fake/biden-to-linus_chunk0123.wav,4.0,16000
data/raw/deep_voice/fake/biden-to-linus.wav,124,fake,data/interim/deep_voice_chunks/fake/biden-to-linus_chunk0124.wav,4.0,16000
data/raw/deep_voice/fake/biden-to-linus.wav,125,fake,data/interim/deep_voice_chunks/fake/biden-to-linus_chunk0125.wav,4.0,16000
data/raw/deep_voice/fake/biden-to-linus.wav,126,fake,data/interim/deep_voice_chunks/fake/biden-to-linus_chunk0126.wav,4.0,16000
data/raw/deep_voice/fake/biden-to-linus.wav,127,fake,data/interim/deep_voice_chunks/fake/biden-to-linus_chunk0127.wav,4.0,16000
data/raw/deep_voice/fake/biden-to-linus.wav,128,fake,data/interim/deep_voice_chunks/fake/biden-to-linus_chunk0128.wav,4.0,16000
data/raw/deep_voice/fake/biden-to-linus.wav,129,fake,data/interim/deep_voice_chunks/fake/biden-to-linus_chunk0129.wav,4.0,16000
data/raw/deep_voice/fake/biden-to-linus.wav,130,fake,data/interim/deep_voice_chunks/fake/biden-to-linus_chunk0130.wav,4.0,16000
data/raw/deep_voice/fake/biden-to-linus.wav,131,fake,data/interim/deep_voice_chunks/fake/biden-to-linus_chunk0131.wav,4.0,16000
data/raw/deep_voice/fake/biden-to-linus.wav,132,fake,data/interim/deep_voice_chunks/fake/biden-to-linus_chunk0132.wav,4.0,16000
data/raw/deep_voice/fake/biden-to-linus.wav,133,fake,data/interim/deep_voice_chunks/fake/biden-to-linus_chunk0133.wav,4.0,16000
data/raw/deep_voice/fake/biden-to-linus.wav,134,fake,data/interim/deep_voice_chunks/fake/biden-to-linus_chunk0134.wav,4.0,16000
data/raw/deep_voice/fake/biden-to-linus.wav,135,fake,data/interim/deep_voice_chunks/fake/biden-to-linus_chunk0135.wav,4.0,16000
data/raw/deep_voice/fake/biden-to-linus.wav,136,fake,data/interim/deep_voice_chunks/fake/biden-to-linus_chunk0136.wav,4.0,16000
data/raw/deep_voice/fake/biden-to-linus.wav,137,fake,data/interim/deep_voice_chunks/fake/biden-to-linus_chunk0137.wav,4.0,16000
data/raw/deep_voice/fake/biden-to-linus.wav,138,fake,data/interim/deep_voice_chunks/fake/biden-to-linus_chunk0138.wav,4.0,16000
data/raw/deep_voice/fake/biden-to-linus.wav,139,fake,data/interim/deep_voice_chunks/fake/biden-to-linus_chunk0139.wav,4.0,16000
data/raw/deep_voice/fake/biden-to-linus.wav,140,fake,data/interim/deep_voice_chunks/fake/biden-to-linus_chunk0140.wav,4.0,16000
data/raw/deep_voice/fake/biden-to-linus.wav,141,fake,data/interim/deep_voice_chunks/fake/biden-to-linus_chunk0141.wav,4.0,16000
data/raw/deep_voice/fake/biden-to-linus.wav,142,fake,data/interim/deep_voice_chunks/fake/biden-to-linus_chunk0142.wav,4.0,16000
data/raw/deep_voice/fake/biden-to-linus.wav,143,fake,data/interim/deep_voice_chunks/fake/biden-to-linus_chunk0143.wav,4.0,16000
data/raw/deep_voice/fake/biden-to-linus.wav,144,fake,data/interim/deep_voice_chunks/fake/biden-to-linus_chunk0144.wav,4.0,16000
data/raw/deep_voice/fake/biden-to-linus.wav,145,fake,data/interim/deep_voice_chunks/fake/biden-to-linus_chunk0145.wav,4.0,16000
data/raw/deep_voice/fake/biden-to-linus.wav,146,fake,data/interim/deep_voice_chunks/fake/biden-to-linus_chunk0146.wav,4.0,16000
data/raw/deep_voice/fake/biden-to-linus.wav,147,fake,data/interim/deep_voice_chunks/fake/biden-to-linus_chunk0147.wav,4.0,16000
data/raw/deep_voice/fake/biden-to-linus.wav,148,fake,data/interim/deep_voice_chunks/fake/biden-to-linus_chunk0148.wav,4.0,16000
data/raw/deep_voice/fake/biden-to-linus.wav,149,fake,data/interim/deep_voice_chunks/fake/biden-to-linus_chunk0149.wav,3.968,16000
data/raw/deep_voice/fake/biden-to-margot.wav,0,fake,data/interim/deep_voice_chunks/fake/biden-to-margot_chunk0000.wav,4.0,16000
data/raw/deep_voice/fake/biden-to-margot.wav,1,fake,data/interim/deep_voice_chunks/fake/biden-to-margot_chunk0001.wav,4.0,16000
data/raw/deep_voice/fake/biden-to-margot.wav,2,fake,data/interim/deep_voice_chunks/fake/biden-to-margot_chunk0002.wav,4.0,16000
data/raw/deep_voice/fake/biden-to-margot.wav,3,fake,data/interim/deep_voice_chunks/fake/biden-to-margot_chunk0003.wav,4.0,16000
data/raw/deep_voice/fake/biden-to-margot.wav,4,fake,data/interim/deep_voice_chunks/fake/biden-to-margot_chunk0004.wav,4.0,16000
data/raw/deep_voice/fake/biden-to-margot.wav,5,fake,data/interim/deep_voice_chunks/fake/biden-to-margot_chunk0005.wav,4.0,16000
data/raw/deep_voice/fake/biden-to-margot.wav,6,fake,data/interim/deep_voice_chunks/fake/biden-to-margot_chunk0006.wav,4.0,16000
data/raw/deep_voice/fake/biden-to-margot.wav,7,fake,data/interim/deep_voice_chunks/fake/biden-to-margot_chunk0007.wav,4.0,16000
data/raw/deep_voice/fake/biden-to-margot.wav,8,fake,data/interim/deep_voice_chunks/fake/biden-to-margot_chunk0008.wav,4.0,16000
data/raw/deep_voice/fake/biden-to-margot.wav,9,fake,data/interim/deep_voice_chunks/fake/biden-to-margot_chunk0009.wav,4.0,16000
data/raw/deep_voice/fake/biden-to-margot.wav,10,fake,data/interim/deep_voice_chunks/fake/biden-to-margot_chunk0010.wav,4.0,16000
data/raw/deep_voice/fake/biden-to-margot.wav,11,fake,data/interim/deep_voice_chunks/fake/biden-to-margot_chunk0011.wav,4.0,16000
data/raw/deep_voice/fake/biden-to-margot.wav,12,fake,data/interim/deep_voice_chunks/fake/biden-to-margot_chunk0012.wav,4.0,16000
data/raw/deep_voice/fake/biden-to-margot.wav,13,fake,data/interim/deep_voice_chunks/fake/biden-to-margot_chunk0013.wav,4.0,16000
data/raw/deep_voice/fake/biden-to-margot.wav,14,fake,data/interim/deep_voice_chunks/fake/biden-to-margot_chunk0014.wav,4.0,16000
data/raw/deep_voice/fake/biden-to-margot.wav,15,fake,data/interim/deep_voice_chunks/fake/biden-to-margot_chunk0015.wav,4.0,16000
data/raw/deep_voice/fake/biden-to-margot.wav,16,fake,data/interim/deep_voice_chunks/fake/biden-to-margot_chunk0016.wav,4.0,16000
data/raw/deep_voice/fake/biden-to-margot.wav,17,fake,data/interim/deep_voice_chunks/fake/biden-to-margot_chunk0017.wav,4.0,16000
data/raw/deep_voice/fake/biden-to-margot.wav,18,fake,data/interim/deep_voice_chunks/fake/biden-to-margot_chunk0018.wav,4.0,16000
data/raw/deep_voice/fake/biden-to-margot.wav,19,fake,data/interim/deep_voice_chunks/fake/biden-to-margot_chunk0019.wav,4.0,16000
data/raw/deep_voice/fake/biden-to-margot.wav,20,fake,data/interim/deep_voice_chunks/fake/biden-to-margot_chunk0020.wav,4.0,16000
data/raw/deep_voice/fake/biden-to-margot.wav,21,fake,data/interim/deep_voice_chunks/fake/biden-to-margot_chunk0021.wav,4.0,16000
data/raw/deep_voice/fake/biden-to-margot.wav,22,fake,data/interim/deep_voice_chunks/fake/biden-to-margot_chunk0022.wav,4.0,16000
data/raw/deep_voice/fake/biden-to-margot.wav,23,fake,data/interim/deep_voice_chunks/fake/biden-to-margot_chunk0023.wav,4.0,16000
data/raw/deep_voice/fake/biden-to-margot.wav,24,fake,data/interim/deep_voice_chunks/fake/biden-to-margot_chunk0024.wav,4.0,16000
data/raw/deep_voice/fake/biden-to-margot.wav,25,fake,data/interim/deep_voice_chunks/fake/biden-to-margot_chunk0025.wav,4.0,16000
data/raw/deep_voice/fake/biden-to-margot.wav,26,fake,data/interim/deep_voice_chunks/fake/biden-to-margot_chunk0026.wav,4.0,16000
data/raw/deep_voice/fake/biden-to-margot.wav,27,fake,data/interim/deep_voice_chunks/fake/biden-to-margot_chunk0027.wav,4.0,16000
data/raw/deep_voice/fake/biden-to-margot.wav,28,fake,data/interim/deep_voice_chunks/fake/biden-to-margot_chunk0028.wav,4.0,16000
data/raw/deep_voice/fake/biden-to-margot.wav,29,fake,data/interim/deep_voice_chunks/fake/biden-to-margot_chunk0029.wav,4.0,16000
data/raw/deep_voice/fake/biden-to-margot.wav,30,fake,data/interim/deep_voice_chunks/fake/biden-to-margot_chunk0030.wav,4.0,16000
data/raw/deep_voice/fake/biden-to-margot.wav,31,fake,data/interim/deep_voice_chunks/fake/biden-to-margot_chunk0031.wav,4.0,16000
data/raw/deep_voice/fake/biden-to-margot.wav,32,fake,data/interim/deep_voice_chunks/fake/biden-to-margot_chunk0032.wav,4.0,16000
data/raw/deep_voice/fake/biden-to-margot.wav,33,fake,data/interim/deep_voice_chunks/fake/biden-to-margot_chunk0033.wav,4.0,16000
data/raw/deep_voice/fake/biden-to-margot.wav,34,fake,data/interim/deep_voice_chunks/fake/biden-to-margot_chunk0034.wav,4.0,16000
data/raw/deep_voice/fake/biden-to-margot.wav,35,fake,data/interim/deep_voice_chunks/fake/biden-to-margot_chunk0035.wav,4.0,16000
data/raw/deep_voice/fake/biden-to-margot.wav,36,fake,data/interim/deep_voice_chunks/fake/biden-to-margot_chunk0036.wav,4.0,16000
data/raw/deep_voice/fake/biden-to-margot.wav,37,fake,data/interim/deep_voice_chunks/fake/biden-to-margot_chunk0037.wav,4.0,16000
data/raw/deep_voice/fake/biden-to-margot.wav,38,fake,data/interim/deep_voice_chunks/fake/biden-to-margot_chunk0038.wav,4.0,16000
data/raw/deep_voice/fake/biden-to-margot.wav,39,fake,data/interim/deep_voice_chunks/fake/biden-to-margot_chunk0039.wav,4.0,16000
data/raw/deep_voice/fake/biden-to-margot.wav,40,fake,data/interim/deep_voice_chunks/fake/biden-to-margot_chunk0040.wav,4.0,16000
data/raw/deep_voice/fake/biden-to-margot.wav,41,fake,data/interim/deep_voice_chunks/fake/biden-to-margot_chunk0041.wav,4.0,16000
data/raw/deep_voice/fake/biden-to-margot.wav,42,fake,data/interim/deep_voice_chunks/fake/biden-to-margot_chunk0042.wav,4.0,16000
data/raw/deep_voice/fake/biden-to-margot.wav,43,fake,data/interim/deep_voice_chunks/fake/biden-to-margot_chunk0043.wav,4.0,16000
data/raw/deep_voice/fake/biden-to-margot.wav,44,fake,data/interim/deep_voice_chunks/fake/biden-to-margot_chunk0044.wav,4.0,16000
data/raw/deep_voice/fake/biden-to-margot.wav,45,fake,data/interim/deep_voice_chunks/fake/biden-to-margot_chunk0045.wav,4.0,16000
data/raw/deep_voice/fake/biden-to-margot.wav,46,fake,data/interim/deep_voice_chunks/fake/biden-to-margot_chunk0046.wav,4.0,16000
data/raw/deep_voice/fake/biden-to-margot.wav,47,fake,data/interim/deep_voice_chunks/fake/biden-to-margot_chunk0047.wav,4.0,16000
data/raw/deep_voice/fake/biden-to-margot.wav,48,fake,data/interim/deep_voice_chunks/fake/biden-to-margot_chunk0048.wav,4.0,16000
data/raw/deep_voice/fake/biden-to-margot.wav,49,fake,data/interim/deep_voice_chunks/fake/biden-to-margot_chunk0049.wav,4.0,16000
data/raw/deep_voice/fake/biden-to-margot.wav,50,fake,data/interim/deep_voice_chunks/fake/biden-to-margot_chunk0050.wav,4.0,16000
data/raw/deep_voice/fake/biden-to-margot.wav,51,fake,data/interim/deep_voice_chunks/fake/biden-to-margot_chunk0051.wav,4.0,16000
data/raw/deep_voice/fake/biden-to-margot.wav,52,fake,data/interim/deep_voice_chunks/fake/biden-to-margot_chunk0052.wav,4.0,16000
data/raw/deep_voice/fake/biden-to-margot.wav,53,fake,data/interim/deep_voice_chunks/fake/biden-to-margot_chunk0053.wav,4.0,16000
data/raw/deep_voice/fake/biden-to-margot.wav,54,fake,data/interim/deep_voice_chunks/fake/biden-to-margot_chunk0054.wav,4.0,16000
data/raw/deep_voice/fake/biden-to-margot.wav,55,fake,data/interim/deep_voice_chunks/fake/biden-to-margot_chunk0055.wav,4.0,16000
data/raw/deep_voice/fake/biden-to-margot.wav,56,fake,data/interim/deep_voice_chunks/fake/biden-to-margot_chunk0056.wav,4.0,16000
data/raw/deep_voice/fake/biden-to-margot.wav,57,fake,data/interim/deep_voice_chunks/fake/biden-to-margot_chunk0057.wav,4.0,16000
data/raw/deep_voice/fake/biden-to-margot.wav,58,fake,data/interim/deep_voice_chunks/fake/biden-to-margot_chunk0058.wav,4.0,16000
data/raw/deep_voice/fake/biden-to-margot.wav,59,fake,data/interim/deep_voice_chunks/fake/biden-to-margot_chunk0059.wav,4.0,16000
data/raw/deep_voice/fake/biden-to-margot.wav,60,fake,data/interim/deep_voice_chunks/fake/biden-to-margot_chunk0060.wav,4.0,16000
data/raw/deep_voice/fake/biden-to-margot.wav,61,fake,data/interim/deep_voice_chunks/fake/biden-to-margot_chunk0061.wav,4.0,16000
data/raw/deep_voice/fake/biden-to-margot.wav,62,fake,data/interim/deep_voice_chunks/fake/biden-to-margot_chunk0062.wav,4.0,16000
data/raw/deep_voice/fake/biden-to-margot.wav,63,fake,data/interim/deep_voice_chunks/fake/biden-to-margot_chunk0063.wav,4.0,16000
data/raw/deep_voice/fake/biden-to-margot.wav,64,fake,data/interim/deep_voice_chunks/fake/biden-to-margot_chunk0064.wav,4.0,16000
data/raw/deep_voice/fake/biden-to-margot.wav,65,fake,data/interim/deep_voice_chunks/fake/biden-to-margot_chunk0065.wav,4.0,16000
data/raw/deep_voice/fake/biden-to-margot.wav,66,fake,data/interim/deep_voice_chunks/fake/biden-to-margot_chunk0066.wav,4.0,16000
data/raw/deep_voice/fake/biden-to-margot.wav,67,fake,data/interim/deep_voice_chunks/fake/biden-to-margot_chunk0067.wav,4.0,16000
data/raw/deep_voice/fake/biden-to-margot.wav,68,fake,data/interim/deep_voice_chunks/fake/biden-to-margot_chunk0068.wav,4.0,16000
data/raw/deep_voice/fake/biden-to-margot.wav,69,fake,data/interim/deep_voice_chunks/fake/biden-to-margot_chunk0069.wav,4.0,16000
data/raw/deep_voice/fake/biden-to-margot.wav,70,fake,data/interim/deep_voice_chunks/fake/biden-to-margot_chunk0070.wav,4.0,16000
data/raw/deep_voice/fake/biden-to-margot.wav,71,fake,data/interim/deep_voice_chunks/fake/biden-to-margot_chunk0071.wav,4.0,16000
data/raw/deep_voice/fake/biden-to-margot.wav,72,fake,data/interim/deep_voice_chunks/fake/biden-to-margot_chunk0072.wav,4.0,16000
data/raw/deep_voice/fake/biden-to-margot.wav,73,fake,data/interim/deep_voice_chunks/fake/biden-to-margot_chunk0073.wav,4.0,16000
data/raw/deep_voice/fake/biden-to-margot.wav,74,fake,data/interim/deep_voice_chunks/fake/biden-to-margot_chunk0074.wav,4.0,16000
data/raw/deep_voice/fake/biden-to-margot.wav,75,fake,data/interim/deep_voice_chunks/fake/biden-to-margot_chunk0075.wav,4.0,16000
data/raw/deep_voice/fake/biden-to-margot.wav,76,fake,data/interim/deep_voice_chunks/fake/biden-to-margot_chunk0076.wav,4.0,16000
data/raw/deep_voice/fake/biden-to-margot.wav,77,fake,data/interim/deep_voice_chunks/fake/biden-to-margot_chunk0077.wav,4.0,16000
data/raw/deep_voice/fake/biden-to-margot.wav,78,fake,data/interim/deep_voice_chunks/fake/biden-to-margot_chunk0078.wav,4.0,16000
data/raw/deep_voice/fake/biden-to-margot.wav,79,fake,data/interim/deep_voice_chunks/fake/biden-to-margot_chunk0079.wav,4.0,16000
data/raw/deep_voice/fake/biden-to-margot.wav,80,fake,data/interim/deep_voice_chunks/fake/biden-to-margot_chunk0080.wav,4.0,16000
data/raw/deep_voice/fake/biden-to-margot.wav,81,fake,data/interim/deep_voice_chunks/fake/biden-to-margot_chunk0081.wav,4.0,16000
data/raw/deep_voice/fake/biden-to-margot.wav,82,fake,data/interim/deep_voice_chunks/fake/biden-to-margot_chunk0082.wav,4.0,16000
data/raw/deep_voice/fake/biden-to-margot.wav,83,fake,data/interim/deep_voice_chunks/fake/biden-to-margot_chunk0083.wav,4.0,16000
data/raw/deep_voice/fake/biden-to-margot.wav,84,fake,data/interim/deep_voice_chunks/fake/biden-to-margot_chunk0084.wav,4.0,16000
data/raw/deep_voice/fake/biden-to-margot.wav,85,fake,data/interim/deep_voice_chunks/fake/biden-to-margot_chunk0085.wav,4.0,16000
data/raw/deep_voice/fake/biden-to-margot.wav,86,fake,data/interim/deep_voice_chunks/fake/biden-to-margot_chunk0086.wav,4.0,16000
data/raw/deep_voice/fake/biden-to-margot.wav,87,fake,data/interim/deep_voice_chunks/fake/biden-to-margot_chunk0087.wav,4.0,16000
data/raw/deep_voice/fake/biden-to-margot.wav,88,fake,data/interim/deep_voice_chunks/fake/biden-to-margot_chunk0088.wav,4.0,16000
data/raw/deep_voice/fake/biden-to-margot.wav,89,fake,data/interim/deep_voice_chunks/fake/biden-to-margot_chunk0089.wav,4.0,16000
data/raw/deep_voice/fake/biden-to-margot.wav,90,fake,data/interim/deep_voice_chunks/fake/biden-to-margot_chunk0090.wav,4.0,16000
data/raw/deep_voice/fake/biden-to-margot.wav,91,fake,data/interim/deep_voice_chunks/fake/biden-to-margot_chunk0091.wav,4.0,16000
data/raw/deep_voice/fake/biden-to-margot.wav,92,fake,data/interim/deep_voice_chunks/fake/biden-to-margot_chunk0092.wav,4.0,16000
data/raw/deep_voice/fake/biden-to-margot.wav,93,fake,data/interim/deep_voice_chunks/fake/biden-to-margot_chunk0093.wav,4.0,16000
data/raw/deep_voice/fake/biden-to-margot.wav,94,fake,data/interim/deep_voice_chunks/fake/biden-to-margot_chunk0094.wav,4.0,16000
data/raw/deep_voice/fake/biden-to-margot.wav,95,fake,data/interim/deep_voice_chunks/fake/biden-to-margot_chunk0095.wav,4.0,16000
data/raw/deep_voice/fake/biden-to-margot.wav,96,fake,data/interim/deep_voice_chunks/fake/biden-to-margot_chunk0096.wav,4.0,16000
data/raw/deep_voice/fake/biden-to-margot.wav,97,fake,data/interim/deep_voice_chunks/fake/biden-to-margot_chunk0097.wav,4.0,16000
data/raw/deep_voice/fake/biden-to-margot.wav,98,fake,data/interim/deep_voice_chunks/fake/biden-to-margot_chunk0098.wav,4.0,16000
data/raw/deep_voice/fake/biden-to-margot.wav,99,fake,data/interim/deep_voice_chunks/fake/biden-to-margot_chunk0099.wav,4.0,16000
data/raw/deep_voice/fake/biden-to-margot.wav,100,fake,data/interim/deep_voice_chunks/fake/biden-to-margot_chunk0100.wav,4.0,16000
data/raw/deep_voice/fake/biden-to-margot.wav,101,fake,data/interim/deep_voice_chunks/fake/biden-to-margot_chunk0101.wav,4.0,16000
data/raw/deep_voice/fake/biden-to-margot.wav,102,fake,data/interim/deep_voice_chunks/fake/biden-to-margot_chunk0102.wav,4.0,16000
data/raw/deep_voice/fake/biden-to-margot.wav,103,fake,data/interim/deep_voice_chunks/fake/biden-to-margot_chunk0103.wav,4.0,16000
data/raw/deep_voice/fake/biden-to-margot.wav,104,fake,data/interim/deep_voice_chunks/fake/biden-to-margot_chunk0104.wav,4.0,16000
data/raw/deep_voice/fake/biden-to-margot.wav,105,fake,data/interim/deep_voice_chunks/fake/biden-to-margot_chunk0105.wav,4.0,16000
data/raw/deep_voice/fake/biden-to-margot.wav,106,fake,data/interim/deep_voice_chunks/fake/biden-to-margot_chunk0106.wav,4.0,16000
data/raw/deep_voice/fake/biden-to-margot.wav,107,fake,data/interim/deep_voice_chunks/fake/biden-to-margot_chunk0107.wav,4.0,16000
data/raw/deep_voice/fake/biden-to-margot.wav,108,fake,data/interim/deep_voice_chunks/fake/biden-to-margot_chunk0108.wav,4.0,16000
data/raw/deep_voice/fake/biden-to-margot.wav,109,fake,data/interim/deep_voice_chunks/fake/biden-to-margot_chunk0109.wav,4.0,16000
data/raw/deep_voice/fake/biden-to-margot.wav,110,fake,data/interim/deep_voice_chunks/fake/biden-to-margot_chunk0110.wav,4.0,16000
data/raw/deep_voice/fake/biden-to-margot.wav,111,fake,data/interim/deep_voice_chunks/fake/biden-to-margot_chunk0111.wav,4.0,16000
data/raw/deep_voice/fake/biden-to-margot.wav,112,fake,data/interim/deep_voice_chunks/fake/biden-to-margot_chunk0112.wav,4.0,16000
data/raw/deep_voice/fake/biden-to-margot.wav,113,fake,data/interim/deep_voice_chunks/fake/biden-to-margot_chunk0113.wav,4.0,16000
data/raw/deep_voice/fake/biden-to-margot.wav,114,fake,data/interim/deep_voice_chunks/fake/biden-to-margot_chunk0114.wav,4.0,16000
data/raw/deep_voice/fake/biden-to-margot.wav,115,fake,data/interim/deep_voice_chunks/fake/biden-to-margot_chunk0115.wav,4.0,16000
data/raw/deep_voice/fake/biden-to-margot.wav,116,fake,data/interim/deep_voice_chunks/fake/biden-to-margot_chunk0116.wav,4.0,16000
data/raw/deep_voice/fake/biden-to-margot.wav,117,fake,data/interim/deep_voice_chunks/fake/biden-to-margot_chunk0117.wav,4.0,16000
data/raw/deep_voice/fake/biden-to-margot.wav,118,fake,data/interim/deep_voice_chunks/fake/biden-to-margot_chunk0118.wav,4.0,16000
data/raw/deep_voice/fake/biden-to-margot.wav,119,fake,data/interim/deep_voice_chunks/fake/biden-to-margot_chunk0119.wav,4.0,16000
data/raw/deep_voice/fake/biden-to-margot.wav,120,fake,data/interim/deep_voice_chunks/fake/biden-to-margot_chunk0120.wav,4.0,16000
data/raw/deep_voice/fake/biden-to-margot.wav,121,fake,data/interim/deep_voice_chunks/fake/biden-to-margot_chunk0121.wav,4.0,16000
data/raw/deep_voice/fake/biden-to-margot.wav,122,fake,data/interim/deep_voice_chunks/fake/biden-to-margot_chunk0122.wav,4.0,16000
data/raw/deep_voice/fake/biden-to-margot.wav,123,fake,data/interim/deep_voice_chunks/fake/biden-to-margot_chunk0123.wav,4.0,16000
data/raw/deep_voice/fake/biden-to-margot.wav,124,fake,data/interim/deep_voice_chunks/fake/biden-to-margot_chunk0124.wav,4.0,16000
data/raw/deep_voice/fake/biden-to-margot.wav,125,fake,data/interim/deep_voice_chunks/fake/biden-to-margot_chunk0125.wav,4.0,16000
data/raw/deep_voice/fake/biden-to-margot.wav,126,fake,data/interim/deep_voice_chunks/fake/biden-to-margot_chunk0126.wav,4.0,16000
data/raw/deep_voice/fake/biden-to-margot.wav,127,fake,data/interim/deep_voice_chunks/fake/biden-to-margot_chunk0127.wav,4.0,16000
data/raw/deep_voice/fake/biden-to-margot.wav,128,fake,data/interim/deep_voice_chunks/fake/biden-to-margot_chunk0128.wav,4.0,16000
data/raw/deep_voice/fake/biden-to-margot.wav,129,fake,data/interim/deep_voice_chunks/fake/biden-to-margot_chunk0129.wav,4.0,16000
data/raw/deep_voice/fake/biden-to-margot.wav,130,fake,data/interim/deep_voice_chunks/fake/biden-to-margot_chunk0130.wav,4.0,16000
data/raw/deep_voice/fake/biden-to-margot.wav,131,fake,data/interim/deep_voice_chunks/fake/biden-to-margot_chunk0131.wav,4.0,16000
data/raw/deep_voice/fake/biden-to-margot.wav,132,fake,data/interim/deep_voice_chunks/fake/biden-to-margot_chunk0132.wav,4.0,16000
data/raw/deep_voice/fake/biden-to-margot.wav,133,fake,data/interim/deep_voice_chunks/fake/biden-to-margot_chunk0133.wav,4.0,16000
data/raw/deep_voice/fake/biden-to-margot.wav,134,fake,data/interim/deep_voice_chunks/fake/biden-to-margot_chunk0134.wav,4.0,16000
data/raw/deep_voice/fake/biden-to-margot.wav,135,fake,data/interim/deep_voice_chunks/fake/biden-to-margot_chunk0135.wav,4.0,16000
data/raw/deep_voice/fake/biden-to-margot.wav,136,fake,data/interim/deep_voice_chunks/fake/biden-to-margot_chunk0136.wav,4.0,16000
data/raw/deep_voice/fake/biden-to-margot.wav,137,fake,data/interim/deep_voice_chunks/fake/biden-to-margot_chunk0137.wav,4.0,16000
data/raw/deep_voice/fake/biden-to-margot.wav,138,fake,data/interim/deep_voice_chunks/fake/biden-to-margot_chunk0138.wav,4.0,16000
data/raw/deep_voice/fake/biden-to-margot.wav,139,fake,data/interim/deep_voice_chunks/fake/biden-to-margot_chunk0139.wav,4.0,16000
data/raw/deep_voice/fake/biden-to-margot.wav,140,fake,data/interim/deep_voice_chunks/fake/biden-to-margot_chunk0140.wav,4.0,16000
data/raw/deep_voice/fake/biden-to-margot.wav,141,fake,data/interim/deep_voice_chunks/fake/biden-to-margot_chunk0141.wav,4.0,16000
data/raw/deep_voice/fake/biden-to-margot.wav,142,fake,data/interim/deep_voice_chunks/fake/biden-to-margot_chunk0142.wav,4.0,16000
data/raw/deep_voice/fake/biden-to-margot.wav,143,fake,data/interim/deep_voice_chunks/fake/biden-to-margot_chunk0143.wav,4.0,16000
data/raw/deep_voice/fake/biden-to-margot.wav,144,fake,data/interim/deep_voice_chunks/fake/biden-to-margot_chunk0144.wav,4.0,16000
data/raw/deep_voice/fake/biden-to-margot.wav,145,fake,data/interim/deep_voice_chunks/fake/biden-to-margot_chunk0145.wav,4.0,16000
data/raw/deep_voice/fake/biden-to-margot.wav,146,fake,data/interim/deep_voice_chunks/fake/biden-to-margot_chunk0146.wav,4.0,16000
data/raw/deep_voice/fake/biden-to-margot.wav,147,fake,data/interim/deep_voice_chunks/fake/biden-to-margot_chunk0147.wav,4.0,16000
data/raw/deep_voice/fake/biden-to-margot.wav,148,fake,data/interim/deep_voice_chunks/fake/biden-to-margot_chunk0148.wav,4.0,16000
data/raw/deep_voice/fake/biden-to-margot.wav,149,fake,data/interim/deep_voice_chunks/fake/biden-to-margot_chunk0149.wav,3.968,16000
data/raw/deep_voice/fake/biden-to-musk.wav,0,fake,data/interim/deep_voice_chunks/fake/biden-to-musk_chunk0000.wav,4.0,16000
data/raw/deep_voice/fake/biden-to-musk.wav,1,fake,data/interim/deep_voice_chunks/fake/biden-to-musk_chunk0001.wav,4.0,16000
data/raw/deep_voice/fake/biden-to-musk.wav,2,fake,data/interim/deep_voice_chunks/fake/biden-to-musk_chunk0002.wav,4.0,16000
data/raw/deep_voice/fake/biden-to-musk.wav,3,fake,data/interim/deep_voice_chunks/fake/biden-to-musk_chunk0003.wav,4.0,16000
data/raw/deep_voice/fake/biden-to-musk.wav,4,fake,data/interim/deep_voice_chunks/fake/biden-to-musk_chunk0004.wav,4.0,16000
data/raw/deep_voice/fake/biden-to-musk.wav,5,fake,data/interim/deep_voice_chunks/fake/biden-to-musk_chunk0005.wav,4.0,16000
data/raw/deep_voice/fake/biden-to-musk.wav,6,fake,data/interim/deep_voice_chunks/fake/biden-to-musk_chunk0006.wav,4.0,16000
data/raw/deep_voice/fake/biden-to-musk.wav,7,fake,data/interim/deep_voice_chunks/fake/biden-to-musk_chunk0007.wav,4.0,16000
data/raw/deep_voice/fake/biden-to-musk.wav,8,fake,data/interim/deep_voice_chunks/fake/biden-to-musk_chunk0008.wav,4.0,16000
data/raw/deep_voice/fake/biden-to-musk.wav,9,fake,data/interim/deep_voice_chunks/fake/biden-to-musk_chunk0009.wav,4.0,16000
data/raw/deep_voice/fake/biden-to-musk.wav,10,fake,data/interim/deep_voice_chunks/fake/biden-to-musk_chunk0010.wav,4.0,16000
data/raw/deep_voice/fake/biden-to-musk.wav,11,fake,data/interim/deep_voice_chunks/fake/biden-to-musk_chunk0011.wav,4.0,16000
data/raw/deep_voice/fake/biden-to-musk.wav,12,fake,data/interim/deep_voice_chunks/fake/biden-to-musk_chunk0012.wav,4.0,16000
data/raw/deep_voice/fake/biden-to-musk.wav,13,fake,data/interim/deep_voice_chunks/fake/biden-to-musk_chunk0013.wav,4.0,16000
data/raw/deep_voice/fake/biden-to-musk.wav,14,fake,data/interim/deep_voice_chunks/fake/biden-to-musk_chunk0014.wav,4.0,16000
data/raw/deep_voice/fake/biden-to-musk.wav,15,fake,data/interim/deep_voice_chunks/fake/biden-to-musk_chunk0015.wav,4.0,16000
data/raw/deep_voice/fake/biden-to-musk.wav,16,fake,data/interim/deep_voice_chunks/fake/biden-to-musk_chunk0016.wav,4.0,16000
data/raw/deep_voice/fake/biden-to-musk.wav,17,fake,data/interim/deep_voice_chunks/fake/biden-to-musk_chunk0017.wav,4.0,16000
data/raw/deep_voice/fake/biden-to-musk.wav,18,fake,data/interim/deep_voice_chunks/fake/biden-to-musk_chunk0018.wav,4.0,16000
data/raw/deep_voice/fake/biden-to-musk.wav,19,fake,data/interim/deep_voice_chunks/fake/biden-to-musk_chunk0019.wav,4.0,16000
data/raw/deep_voice/fake/biden-to-musk.wav,20,fake,data/interim/deep_voice_chunks/fake/biden-to-musk_chunk0020.wav,4.0,16000
data/raw/deep_voice/fake/biden-to-musk.wav,21,fake,data/interim/deep_voice_chunks/fake/biden-to-musk_chunk0021.wav,4.0,16000
data/raw/deep_voice/fake/biden-to-musk.wav,22,fake,data/interim/deep_voice_chunks/fake/biden-to-musk_chunk0022.wav,4.0,16000
data/raw/deep_voice/fake/biden-to-musk.wav,23,fake,data/interim/deep_voice_chunks/fake/biden-to-musk_chunk0023.wav,4.0,16000
data/raw/deep_voice/fake/biden-to-musk.wav,24,fake,data/interim/deep_voice_chunks/fake/biden-to-musk_chunk0024.wav,4.0,16000
data/raw/deep_voice/fake/biden-to-musk.wav,25,fake,data/interim/deep_voice_chunks/fake/biden-to-musk_chunk0025.wav,4.0,16000
data/raw/deep_voice/fake/biden-to-musk.wav,26,fake,data/interim/deep_voice_chunks/fake/biden-to-musk_chunk0026.wav,4.0,16000
data/raw/deep_voice/fake/biden-to-musk.wav,27,fake,data/interim/deep_voice_chunks/fake/biden-to-musk_chunk0027.wav,4.0,16000
data/raw/deep_voice/fake/biden-to-musk.wav,28,fake,data/interim/deep_voice_chunks/fake/biden-to-musk_chunk0028.wav,4.0,16000
data/raw/deep_voice/fake/biden-to-musk.wav,29,fake,data/interim/deep_voice_chunks/fake/biden-to-musk_chunk0029.wav,4.0,16000
data/raw/deep_voice/fake/biden-to-musk.wav,30,fake,data/interim/deep_voice_chunks/fake/biden-to-musk_chunk0030.wav,4.0,16000
data/raw/deep_voice/fake/biden-to-musk.wav,31,fake,data/interim/deep_voice_chunks/fake/biden-to-musk_chunk0031.wav,4.0,16000
data/raw/deep_voice/fake/biden-to-musk.wav,32,fake,data/interim/deep_voice_chunks/fake/biden-to-musk_chunk0032.wav,4.0,16000
data/raw/deep_voice/fake/biden-to-musk.wav,33,fake,data/interim/deep_voice_chunks/fake/biden-to-musk_chunk0033.wav,4.0,16000
data/raw/deep_voice/fake/biden-to-musk.wav,34,fake,data/interim/deep_voice_chunks/fake/biden-to-musk_chunk0034.wav,4.0,16000
data/raw/deep_voice/fake/biden-to-musk.wav,35,fake,data/interim/deep_voice_chunks/fake/biden-to-musk_chunk0035.wav,4.0,16000
data/raw/deep_voice/fake/biden-to-musk.wav,36,fake,data/interim/deep_voice_chunks/fake/biden-to-musk_chunk0036.wav,4.0,16000
data/raw/deep_voice/fake/biden-to-musk.wav,37,fake,data/interim/deep_voice_chunks/fake/biden-to-musk_chunk0037.wav,4.0,16000
data/raw/deep_voice/fake/biden-to-musk.wav,38,fake,data/interim/deep_voice_chunks/fake/biden-to-musk_chunk0038.wav,4.0,16000
data/raw/deep_voice/fake/biden-to-musk.wav,39,fake,data/interim/deep_voice_chunks/fake/biden-to-musk_chunk0039.wav,4.0,16000
data/raw/deep_voice/fake/biden-to-musk.wav,40,fake,data/interim/deep_voice_chunks/fake/biden-to-musk_chunk0040.wav,4.0,16000
data/raw/deep_voice/fake/biden-to-musk.wav,41,fake,data/interim/deep_voice_chunks/fake/biden-to-musk_chunk0041.wav,4.0,16000
data/raw/deep_voice/fake/biden-to-musk.wav,42,fake,data/interim/deep_voice_chunks/fake/biden-to-musk_chunk0042.wav,4.0,16000
data/raw/deep_voice/fake/biden-to-musk.wav,43,fake,data/interim/deep_voice_chunks/fake/biden-to-musk_chunk0043.wav,4.0,16000
data/raw/deep_voice/fake/biden-to-musk.wav,44,fake,data/interim/deep_voice_chunks/fake/biden-to-musk_chunk0044.wav,4.0,16000
data/raw/deep_voice/fake/biden-to-musk.wav,45,fake,data/interim/deep_voice_chunks/fake/biden-to-musk_chunk0045.wav,4.0,16000
data/raw/deep_voice/fake/biden-to-musk.wav,46,fake,data/interim/deep_voice_chunks/fake/biden-to-musk_chunk0046.wav,4.0,16000
data/raw/deep_voice/fake/biden-to-musk.wav,47,fake,data/interim/deep_voice_chunks/fake/biden-to-musk_chunk0047.wav,4.0,16000
data/raw/deep_voice/fake/biden-to-musk.wav,48,fake,data/interim/deep_voice_chunks/fake/biden-to-musk_chunk0048.wav,4.0,16000
data/raw/deep_voice/fake/biden-to-musk.wav,49,fake,data/interim/deep_voice_chunks/fake/biden-to-musk_chunk0049.wav,4.0,16000
data/raw/deep_voice/fake/biden-to-musk.wav,50,fake,data/interim/deep_voice_chunks/fake/biden-to-musk_chunk0050.wav,4.0,16000
data/raw/deep_voice/fake/biden-to-musk.wav,51,fake,data/interim/deep_voice_chunks/fake/biden-to-musk_chunk0051.wav,4.0,16000
data/raw/deep_voice/fake/biden-to-musk.wav,52,fake,data/interim/deep_voice_chunks/fake/biden-to-musk_chunk0052.wav,4.0,16000
data/raw/deep_voice/fake/biden-to-musk.wav,53,fake,data/interim/deep_voice_chunks/fake/biden-to-musk_chunk0053.wav,4.0,16000
data/raw/deep_voice/fake/biden-to-musk.wav,54,fake,data/interim/deep_voice_chunks/fake/biden-to-musk_chunk0054.wav,4.0,16000
data/raw/deep_voice/fake/biden-to-musk.wav,55,fake,data/interim/deep_voice_chunks/fake/biden-to-musk_chunk0055.wav,4.0,16000
data/raw/deep_voice/fake/biden-to-musk.wav,56,fake,data/interim/deep_voice_chunks/fake/biden-to-musk_chunk0056.wav,4.0,16000
data/raw/deep_voice/fake/biden-to-musk.wav,57,fake,data/interim/deep_voice_chunks/fake/biden-to-musk_chunk0057.wav,4.0,16000
data/raw/deep_voice/fake/biden-to-musk.wav,58,fake,data/interim/deep_voice_chunks/fake/biden-to-musk_chunk0058.wav,4.0,16000
data/raw/deep_voice/fake/biden-to-musk.wav,59,fake,data/interim/deep_voice_chunks/fake/biden-to-musk_chunk0059.wav,4.0,16000
data/raw/deep_voice/fake/biden-to-musk.wav,60,fake,data/interim/deep_voice_chunks/fake/biden-to-musk_chunk0060.wav,4.0,16000
data/raw/deep_voice/fake/biden-to-musk.wav,61,fake,data/interim/deep_voice_chunks/fake/biden-to-musk_chunk0061.wav,4.0,16000
data/raw/deep_voice/fake/biden-to-musk.wav,62,fake,data/interim/deep_voice_chunks/fake/biden-to-musk_chunk0062.wav,4.0,16000
data/raw/deep_voice/fake/biden-to-musk.wav,63,fake,data/interim/deep_voice_chunks/fake/biden-to-musk_chunk0063.wav,4.0,16000
data/raw/deep_voice/fake/biden-to-musk.wav,64,fake,data/interim/deep_voice_chunks/fake/biden-to-musk_chunk0064.wav,4.0,16000
data/raw/deep_voice/fake/biden-to-musk.wav,65,fake,data/interim/deep_voice_chunks/fake/biden-to-musk_chunk0065.wav,4.0,16000
data/raw/deep_voice/fake/biden-to-musk.wav,66,fake,data/interim/deep_voice_chunks/fake/biden-to-musk_chunk0066.wav,4.0,16000
data/raw/deep_voice/fake/biden-to-musk.wav,67,fake,data/interim/deep_voice_chunks/fake/biden-to-musk_chunk0067.wav,4.0,16000
data/raw/deep_voice/fake/biden-to-musk.wav,68,fake,data/interim/deep_voice_chunks/fake/biden-to-musk_chunk0068.wav,4.0,16000
data/raw/deep_voice/fake/biden-to-musk.wav,69,fake,data/interim/deep_voice_chunks/fake/biden-to-musk_chunk0069.wav,4.0,16000
data/raw/deep_voice/fake/biden-to-musk.wav,70,fake,data/interim/deep_voice_chunks/fake/biden-to-musk_chunk0070.wav,4.0,16000
data/raw/deep_voice/fake/biden-to-musk.wav,71,fake,data/interim/deep_voice_chunks/fake/biden-to-musk_chunk0071.wav,4.0,16000
data/raw/deep_voice/fake/biden-to-musk.wav,72,fake,data/interim/deep_voice_chunks/fake/biden-to-musk_chunk0072.wav,4.0,16000
data/raw/deep_voice/fake/biden-to-musk.wav,73,fake,data/interim/deep_voice_chunks/fake/biden-to-musk_chunk0073.wav,4.0,16000
data/raw/deep_voice/fake/biden-to-musk.wav,74,fake,data/interim/deep_voice_chunks/fake/biden-to-musk_chunk0074.wav,4.0,16000
data/raw/deep_voice/fake/biden-to-musk.wav,75,fake,data/interim/deep_voice_chunks/fake/biden-to-musk_chunk0075.wav,4.0,16000
data/raw/deep_voice/fake/biden-to-musk.wav,76,fake,data/interim/deep_voice_chunks/fake/biden-to-musk_chunk0076.wav,4.0,16000
data/raw/deep_voice/fake/biden-to-musk.wav,77,fake,data/interim/deep_voice_chunks/fake/biden-to-musk_chunk0077.wav,4.0,16000
data/raw/deep_voice/fake/biden-to-musk.wav,78,fake,data/interim/deep_voice_chunks/fake/biden-to-musk_chunk0078.wav,4.0,16000
data/raw/deep_voice/fake/biden-to-musk.wav,79,fake,data/interim/deep_voice_chunks/fake/biden-to-musk_chunk0079.wav,4.0,16000
data/raw/deep_voice/fake/biden-to-musk.wav,80,fake,data/interim/deep_voice_chunks/fake/biden-to-musk_chunk0080.wav,4.0,16000
data/raw/deep_voice/fake/biden-to-musk.wav,81,fake,data/interim/deep_voice_chunks/fake/biden-to-musk_chunk0081.wav,4.0,16000
data/raw/deep_voice/fake/biden-to-musk.wav,82,fake,data/interim/deep_voice_chunks/fake/biden-to-musk_chunk0082.wav,4.0,16000
data/raw/deep_voice/fake/biden-to-musk.wav,83,fake,data/interim/deep_voice_chunks/fake/biden-to-musk_chunk0083.wav,4.0,16000
data/raw/deep_voice/fake/biden-to-musk.wav,84,fake,data/interim/deep_voice_chunks/fake/biden-to-musk_chunk0084.wav,4.0,16000
data/raw/deep_voice/fake/biden-to-musk.wav,85,fake,data/interim/deep_voice_chunks/fake/biden-to-musk_chunk0085.wav,4.0,16000
data/raw/deep_voice/fake/biden-to-musk.wav,86,fake,data/interim/deep_voice_chunks/fake/biden-to-musk_chunk0086.wav,4.0,16000
data/raw/deep_voice/fake/biden-to-musk.wav,87,fake,data/interim/deep_voice_chunks/fake/biden-to-musk_chunk0087.wav,4.0,16000
data/raw/deep_voice/fake/biden-to-musk.wav,88,fake,data/interim/deep_voice_chunks/fake/biden-to-musk_chunk0088.wav,4.0,16000
data/raw/deep_voice/fake/biden-to-musk.wav,89,fake,data/interim/deep_voice_chunks/fake/biden-to-musk_chunk0089.wav,4.0,16000
data/raw/deep_voice/fake/biden-to-musk.wav,90,fake,data/interim/deep_voice_chunks/fake/biden-to-musk_chunk0090.wav,4.0,16000
data/raw/deep_voice/fake/biden-to-musk.wav,91,fake,data/interim/deep_voice_chunks/fake/biden-to-musk_chunk0091.wav,4.0,16000
data/raw/deep_voice/fake/biden-to-musk.wav,92,fake,data/interim/deep_voice_chunks/fake/biden-to-musk_chunk0092.wav,4.0,16000
data/raw/deep_voice/fake/biden-to-musk.wav,93,fake,data/interim/deep_voice_chunks/fake/biden-to-musk_chunk0093.wav,4.0,16000
data/raw/deep_voice/fake/biden-to-musk.wav,94,fake,data/interim/deep_voice_chunks/fake/biden-to-musk_chunk0094.wav,4.0,16000
data/raw/deep_voice/fake/biden-to-musk.wav,95,fake,data/interim/deep_voice_chunks/fake/biden-to-musk_chunk0095.wav,4.0,16000
data/raw/deep_voice/fake/biden-to-musk.wav,96,fake,data/interim/deep_voice_chunks/fake/biden-to-musk_chunk0096.wav,4.0,16000
data/raw/deep_voice/fake/biden-to-musk.wav,97,fake,data/interim/deep_voice_chunks/fake/biden-to-musk_chunk0097.wav,4.0,16000
data/raw/deep_voice/fake/biden-to-musk.wav,98,fake,data/interim/deep_voice_chunks/fake/biden-to-musk_chunk0098.wav,4.0,16000
data/raw/deep_voice/fake/biden-to-musk.wav,99,fake,data/interim/deep_voice_chunks/fake/biden-to-musk_chunk0099.wav,4.0,16000
data/raw/deep_voice/fake/biden-to-musk.wav,100,fake,data/interim/deep_voice_chunks/fake/biden-to-musk_chunk0100.wav,4.0,16000
data/raw/deep_voice/fake/biden-to-musk.wav,101,fake,data/interim/deep_voice_chunks/fake/biden-to-musk_chunk0101.wav,4.0,16000
data/raw/deep_voice/fake/biden-to-musk.wav,102,fake,data/interim/deep_voice_chunks/fake/biden-to-musk_chunk0102.wav,4.0,16000
data/raw/deep_voice/fake/biden-to-musk.wav,103,fake,data/interim/deep_voice_chunks/fake/biden-to-musk_chunk0103.wav,4.0,16000
data/raw/deep_voice/fake/biden-to-musk.wav,104,fake,data/interim/deep_voice_chunks/fake/biden-to-musk_chunk0104.wav,4.0,16000
data/raw/deep_voice/fake/biden-to-musk.wav,105,fake,data/interim/deep_voice_chunks/fake/biden-to-musk_chunk0105.wav,4.0,16000
data/raw/deep_voice/fake/biden-to-musk.wav,106,fake,data/interim/deep_voice_chunks/fake/biden-to-musk_chunk0106.wav,4.0,16000
data/raw/deep_voice/fake/biden-to-musk.wav,107,fake,data/interim/deep_voice_chunks/fake/biden-to-musk_chunk0107.wav,4.0,16000
data/raw/deep_voice/fake/biden-to-musk.wav,108,fake,data/interim/deep_voice_chunks/fake/biden-to-musk_chunk0108.wav,4.0,16000
data/raw/deep_voice/fake/biden-to-musk.wav,109,fake,data/interim/deep_voice_chunks/fake/biden-to-musk_chunk0109.wav,4.0,16000
data/raw/deep_voice/fake/biden-to-musk.wav,110,fake,data/interim/deep_voice_chunks/fake/biden-to-musk_chunk0110.wav,4.0,16000
data/raw/deep_voice/fake/biden-to-musk.wav,111,fake,data/interim/deep_voice_chunks/fake/biden-to-musk_chunk0111.wav,4.0,16000
data/raw/deep_voice/fake/biden-to-musk.wav,112,fake,data/interim/deep_voice_chunks/fake/biden-to-musk_chunk0112.wav,4.0,16000
data/raw/deep_voice/fake/biden-to-musk.wav,113,fake,data/interim/deep_voice_chunks/fake/biden-to-musk_chunk0113.wav,4.0,16000
data/raw/deep_voice/fake/biden-to-musk.wav,114,fake,data/interim/deep_voice_chunks/fake/biden-to-musk_chunk0114.wav,4.0,16000
data/raw/deep_voice/fake/biden-to-musk.wav,115,fake,data/interim/deep_voice_chunks/fake/biden-to-musk_chunk0115.wav,4.0,16000
data/raw/deep_voice/fake/biden-to-musk.wav,116,fake,data/interim/deep_voice_chunks/fake/biden-to-musk_chunk0116.wav,4.0,16000
data/raw/deep_voice/fake/biden-to-musk.wav,117,fake,data/interim/deep_voice_chunks/fake/biden-to-musk_chunk0117.wav,4.0,16000
data/raw/deep_voice/fake/biden-to-musk.wav,118,fake,data/interim/deep_voice_chunks/fake/biden-to-musk_chunk0118.wav,4.0,16000
data/raw/deep_voice/fake/biden-to-musk.wav,119,fake,data/interim/deep_voice_chunks/fake/biden-to-musk_chunk0119.wav,4.0,16000
data/raw/deep_voice/fake/biden-to-musk.wav,120,fake,data/interim/deep_voice_chunks/fake/biden-to-musk_chunk0120.wav,4.0,16000
data/raw/deep_voice/fake/biden-to-musk.wav,121,fake,data/interim/deep_voice_chunks/fake/biden-to-musk_chunk0121.wav,4.0,16000
data/raw/deep_voice/fake/biden-to-musk.wav,122,fake,data/interim/deep_voice_chunks/fake/biden-to-musk_chunk0122.wav,4.0,16000
data/raw/deep_voice/fake/biden-to-musk.wav,123,fake,data/interim/deep_voice_chunks/fake/biden-to-musk_chunk0123.wav,4.0,16000
data/raw/deep_voice/fake/biden-to-musk.wav,124,fake,data/interim/deep_voice_chunks/fake/biden-to-musk_chunk0124.wav,4.0,16000
data/raw/deep_voice/fake/biden-to-musk.wav,125,fake,data/interim/deep_voice_chunks/fake/biden-to-musk_chunk0125.wav,4.0,16000
data/raw/deep_voice/fake/biden-to-musk.wav,126,fake,data/interim/deep_voice_chunks/fake/biden-to-musk_chunk0126.wav,4.0,16000
data/raw/deep_voice/fake/biden-to-musk.wav,127,fake,data/interim/deep_voice_chunks/fake/biden-to-musk_chunk0127.wav,4.0,16000
data/raw/deep_voice/fake/biden-to-musk.wav,128,fake,data/interim/deep_voice_chunks/fake/biden-to-musk_chunk0128.wav,4.0,16000
data/raw/deep_voice/fake/biden-to-musk.wav,129,fake,data/interim/deep_voice_chunks/fake/biden-to-musk_chunk0129.wav,4.0,16000
data/raw/deep_voice/fake/biden-to-musk.wav,130,fake,data/interim/deep_voice_chunks/fake/biden-to-musk_chunk0130.wav,4.0,16000
data/raw/deep_voice/fake/biden-to-musk.wav,131,fake,data/interim/deep_voice_chunks/fake/biden-to-musk_chunk0131.wav,4.0,16000
data/raw/deep_voice/fake/biden-to-musk.wav,132,fake,data/interim/deep_voice_chunks/fake/biden-to-musk_chunk0132.wav,4.0,16000
data/raw/deep_voice/fake/biden-to-musk.wav,133,fake,data/interim/deep_voice_chunks/fake/biden-to-musk_chunk0133.wav,4.0,16000
data/raw/deep_voice/fake/biden-to-musk.wav,134,fake,data/interim/deep_voice_chunks/fake/biden-to-musk_chunk0134.wav,4.0,16000
data/raw/deep_voice/fake/biden-to-musk.wav,135,fake,data/interim/deep_voice_chunks/fake/biden-to-musk_chunk0135.wav,4.0,16000
data/raw/deep_voice/fake/biden-to-musk.wav,136,fake,data/interim/deep_voice_chunks/fake/biden-to-musk_chunk0136.wav,4.0,16000
data/raw/deep_voice/fake/biden-to-musk.wav,137,fake,data/interim/deep_voice_chunks/fake/biden-to-musk_chunk0137.wav,4.0,16000
data/raw/deep_voice/fake/biden-to-musk.wav,138,fake,data/interim/deep_voice_chunks/fake/biden-to-musk_chunk0138.wav,4.0,16000
data/raw/deep_voice/fake/biden-to-musk.wav,139,fake,data/interim/deep_voice_chunks/fake/biden-to-musk_chunk0139.wav,4.0,16000
data/raw/deep_voice/fake/biden-to-musk.wav,140,fake,data/interim/deep_voice_chunks/fake/biden-to-musk_chunk0140.wav,4.0,16000
data/raw/deep_voice/fake/biden-to-musk.wav,141,fake,data/interim/deep_voice_chunks/fake/biden-to-musk_chunk0141.wav,4.0,16000
data/raw/deep_voice/fake/biden-to-musk.wav,142,fake,data/interim/deep_voice_chunks/fake/biden-to-musk_chunk0142.wav,4.0,16000
data/raw/deep_voice/fake/biden-to-musk.wav,143,fake,data/interim/deep_voice_chunks/fake/biden-to-musk_chunk0143.wav,4.0,16000
data/raw/deep_voice/fake/biden-to-musk.wav,144,fake,data/interim/deep_voice_chunks/fake/biden-to-musk_chunk0144.wav,4.0,16000
data/raw/deep_voice/fake/biden-to-musk.wav,145,fake,data/interim/deep_voice_chunks/fake/biden-to-musk_chunk0145.wav,4.0,16000
data/raw/deep_voice/fake/biden-to-musk.wav,146,fake,data/interim/deep_voice_chunks/fake/biden-to-musk_chunk0146.wav,4.0,16000
data/raw/deep_voice/fake/biden-to-musk.wav,147,fake,data/interim/deep_voice_chunks/fake/biden-to-musk_chunk0147.wav,4.0,16000
data/raw/deep_voice/fake/biden-to-musk.wav,148,fake,data/interim/deep_voice_chunks/fake/biden-to-musk_chunk0148.wav,4.0,16000
data/raw/deep_voice/fake/biden-to-musk.wav,149,fake,data/interim/deep_voice_chunks/fake/biden-to-musk_chunk0149.wav,3.968,16000
data/raw/deep_voice/fake/biden-to-Obama.wav,0,fake,data/interim/deep_voice_chunks/fake/biden-to-Obama_chunk0000.wav,4.0,16000
data/raw/deep_voice/fake/biden-to-Obama.wav,1,fake,data/interim/deep_voice_chunks/fake/biden-to-Obama_chunk0001.wav,4.0,16000
data/raw/deep_voice/fake/biden-to-Obama.wav,2,fake,data/interim/deep_voice_chunks/fake/biden-to-Obama_chunk0002.wav,4.0,16000
data/raw/deep_voice/fake/biden-to-Obama.wav,3,fake,data/interim/deep_voice_chunks/fake/biden-to-Obama_chunk0003.wav,4.0,16000
data/raw/deep_voice/fake/biden-to-Obama.wav,4,fake,data/interim/deep_voice_chunks/fake/biden-to-Obama_chunk0004.wav,4.0,16000
data/raw/deep_voice/fake/biden-to-Obama.wav,5,fake,data/interim/deep_voice_chunks/fake/biden-to-Obama_chunk0005.wav,4.0,16000
data/raw/deep_voice/fake/biden-to-Obama.wav,6,fake,data/interim/deep_voice_chunks/fake/biden-to-Obama_chunk0006.wav,4.0,16000
data/raw/deep_voice/fake/biden-to-Obama.wav,7,fake,data/interim/deep_voice_chunks/fake/biden-to-Obama_chunk0007.wav,4.0,16000
data/raw/deep_voice/fake/biden-to-Obama.wav,8,fake,data/interim/deep_voice_chunks/fake/biden-to-Obama_chunk0008.wav,4.0,16000
data/raw/deep_voice/fake/biden-to-Obama.wav,9,fake,data/interim/deep_voice_chunks/fake/biden-to-Obama_chunk0009.wav,4.0,16000
data/raw/deep_voice/fake/biden-to-Obama.wav,10,fake,data/interim/deep_voice_chunks/fake/biden-to-Obama_chunk0010.wav,4.0,16000
data/raw/deep_voice/fake/biden-to-Obama.wav,11,fake,data/interim/deep_voice_chunks/fake/biden-to-Obama_chunk0011.wav,4.0,16000
data/raw/deep_voice/fake/biden-to-Obama.wav,12,fake,data/interim/deep_voice_chunks/fake/biden-to-Obama_chunk0012.wav,4.0,16000
data/raw/deep_voice/fake/biden-to-Obama.wav,13,fake,data/interim/deep_voice_chunks/fake/biden-to-Obama_chunk0013.wav,4.0,16000
data/raw/deep_voice/fake/biden-to-Obama.wav,14,fake,data/interim/deep_voice_chunks/fake/biden-to-Obama_chunk0014.wav,4.0,16000
data/raw/deep_voice/fake/biden-to-Obama.wav,15,fake,data/interim/deep_voice_chunks/fake/biden-to-Obama_chunk0015.wav,4.0,16000
data/raw/deep_voice/fake/biden-to-Obama.wav,16,fake,data/interim/deep_voice_chunks/fake/biden-to-Obama_chunk0016.wav,4.0,16000
data/raw/deep_voice/fake/biden-to-Obama.wav,17,fake,data/interim/deep_voice_chunks/fake/biden-to-Obama_chunk0017.wav,4.0,16000
data/raw/deep_voice/fake/biden-to-Obama.wav,18,fake,data/interim/deep_voice_chunks/fake/biden-to-Obama_chunk0018.wav,4.0,16000
data/raw/deep_voice/fake/biden-to-Obama.wav,19,fake,data/interim/deep_voice_chunks/fake/biden-to-Obama_chunk0019.wav,4.0,16000
data/raw/deep_voice/fake/biden-to-Obama.wav,20,fake,data/interim/deep_voice_chunks/fake/biden-to-Obama_chunk0020.wav,4.0,16000
data/raw/deep_voice/fake/biden-to-Obama.wav,21,fake,data/interim/deep_voice_chunks/fake/biden-to-Obama_chunk0021.wav,4.0,16000
data/raw/deep_voice/fake/biden-to-Obama.wav,22,fake,data/interim/deep_voice_chunks/fake/biden-to-Obama_chunk0022.wav,4.0,16000
data/raw/deep_voice/fake/biden-to-Obama.wav,23,fake,data/interim/deep_voice_chunks/fake/biden-to-Obama_chunk0023.wav,4.0,16000
data/raw/deep_voice/fake/biden-to-Obama.wav,24,fake,data/interim/deep_voice_chunks/fake/biden-to-Obama_chunk0024.wav,4.0,16000
data/raw/deep_voice/fake/biden-to-Obama.wav,25,fake,data/interim/deep_voice_chunks/fake/biden-to-Obama_chunk0025.wav,4.0,16000
data/raw/deep_voice/fake/biden-to-Obama.wav,26,fake,data/interim/deep_voice_chunks/fake/biden-to-Obama_chunk0026.wav,4.0,16000
data/raw/deep_voice/fake/biden-to-Obama.wav,27,fake,data/interim/deep_voice_chunks/fake/biden-to-Obama_chunk0027.wav,4.0,16000
data/raw/deep_voice/fake/biden-to-Obama.wav,28,fake,data/interim/deep_voice_chunks/fake/biden-to-Obama_chunk0028.wav,4.0,16000
data/raw/deep_voice/fake/biden-to-Obama.wav,29,fake,data/interim/deep_voice_chunks/fake/biden-to-Obama_chunk0029.wav,4.0,16000
data/raw/deep_voice/fake/biden-to-Obama.wav,30,fake,data/interim/deep_voice_chunks/fake/biden-to-Obama_chunk0030.wav,4.0,16000
data/raw/deep_voice/fake/biden-to-Obama.wav,31,fake,data/interim/deep_voice_chunks/fake/biden-to-Obama_chunk0031.wav,4.0,16000
data/raw/deep_voice/fake/biden-to-Obama.wav,32,fake,data/interim/deep_voice_chunks/fake/biden-to-Obama_chunk0032.wav,4.0,16000
data/raw/deep_voice/fake/biden-to-Obama.wav,33,fake,data/interim/deep_voice_chunks/fake/biden-to-Obama_chunk0033.wav,4.0,16000
data/raw/deep_voice/fake/biden-to-Obama.wav,34,fake,data/interim/deep_voice_chunks/fake/biden-to-Obama_chunk0034.wav,4.0,16000
data/raw/deep_voice/fake/biden-to-Obama.wav,35,fake,data/interim/deep_voice_chunks/fake/biden-to-Obama_chunk0035.wav,4.0,16000
data/raw/deep_voice/fake/biden-to-Obama.wav,36,fake,data/interim/deep_voice_chunks/fake/biden-to-Obama_chunk0036.wav,4.0,16000
data/raw/deep_voice/fake/biden-to-Obama.wav,37,fake,data/interim/deep_voice_chunks/fake/biden-to-Obama_chunk0037.wav,4.0,16000
data/raw/deep_voice/fake/biden-to-Obama.wav,38,fake,data/interim/deep_voice_chunks/fake/biden-to-Obama_chunk0038.wav,4.0,16000
data/raw/deep_voice/fake/biden-to-Obama.wav,39,fake,data/interim/deep_voice_chunks/fake/biden-to-Obama_chunk0039.wav,4.0,16000
data/raw/deep_voice/fake/biden-to-Obama.wav,40,fake,data/interim/deep_voice_chunks/fake/biden-to-Obama_chunk0040.wav,4.0,16000
data/raw/deep_voice/fake/biden-to-Obama.wav,41,fake,data/interim/deep_voice_chunks/fake/biden-to-Obama_chunk0041.wav,4.0,16000
data/raw/deep_voice/fake/biden-to-Obama.wav,42,fake,data/interim/deep_voice_chunks/fake/biden-to-Obama_chunk0042.wav,4.0,16000
data/raw/deep_voice/fake/biden-to-Obama.wav,43,fake,data/interim/deep_voice_chunks/fake/biden-to-Obama_chunk0043.wav,4.0,16000
data/raw/deep_voice/fake/biden-to-Obama.wav,44,fake,data/interim/deep_voice_chunks/fake/biden-to-Obama_chunk0044.wav,4.0,16000
data/raw/deep_voice/fake/biden-to-Obama.wav,45,fake,data/interim/deep_voice_chunks/fake/biden-to-Obama_chunk0045.wav,4.0,16000
data/raw/deep_voice/fake/biden-to-Obama.wav,46,fake,data/interim/deep_voice_chunks/fake/biden-to-Obama_chunk0046.wav,4.0,16000
data/raw/deep_voice/fake/biden-to-Obama.wav,47,fake,data/interim/deep_voice_chunks/fake/biden-to-Obama_chunk0047.wav,4.0,16000
data/raw/deep_voice/fake/biden-to-Obama.wav,48,fake,data/interim/deep_voice_chunks/fake/biden-to-Obama_chunk0048.wav,4.0,16000
data/raw/deep_voice/fake/biden-to-Obama.wav,49,fake,data/interim/deep_voice_chunks/fake/biden-to-Obama_chunk0049.wav,4.0,16000
data/raw/deep_voice/fake/biden-to-Obama.wav,50,fake,data/interim/deep_voice_chunks/fake/biden-to-Obama_chunk0050.wav,4.0,16000
data/raw/deep_voice/fake/biden-to-Obama.wav,51,fake,data/interim/deep_voice_chunks/fake/biden-to-Obama_chunk0051.wav,4.0,16000
data/raw/deep_voice/fake/biden-to-Obama.wav,52,fake,data/interim/deep_voice_chunks/fake/biden-to-Obama_chunk0052.wav,4.0,16000
data/raw/deep_voice/fake/biden-to-Obama.wav,53,fake,data/interim/deep_voice_chunks/fake/biden-to-Obama_chunk0053.wav,4.0,16000
data/raw/deep_voice/fake/biden-to-Obama.wav,54,fake,data/interim/deep_voice_chunks/fake/biden-to-Obama_chunk0054.wav,4.0,16000
data/raw/deep_voice/fake/biden-to-Obama.wav,55,fake,data/interim/deep_voice_chunks/fake/biden-to-Obama_chunk0055.wav,4.0,16000
data/raw/deep_voice/fake/biden-to-Obama.wav,56,fake,data/interim/deep_voice_chunks/fake/biden-to-Obama_chunk0056.wav,4.0,16000
data/raw/deep_voice/fake/biden-to-Obama.wav,57,fake,data/interim/deep_voice_chunks/fake/biden-to-Obama_chunk0057.wav,4.0,16000
data/raw/deep_voice/fake/biden-to-Obama.wav,58,fake,data/interim/deep_voice_chunks/fake/biden-to-Obama_chunk0058.wav,4.0,16000
data/raw/deep_voice/fake/biden-to-Obama.wav,59,fake,data/interim/deep_voice_chunks/fake/biden-to-Obama_chunk0059.wav,4.0,16000
data/raw/deep_voice/fake/biden-to-Obama.wav,60,fake,data/interim/deep_voice_chunks/fake/biden-to-Obama_chunk0060.wav,4.0,16000
data/raw/deep_voice/fake/biden-to-Obama.wav,61,fake,data/interim/deep_voice_chunks/fake/biden-to-Obama_chunk0061.wav,4.0,16000
data/raw/deep_voice/fake/biden-to-Obama.wav,62,fake,data/interim/deep_voice_chunks/fake/biden-to-Obama_chunk0062.wav,4.0,16000
data/raw/deep_voice/fake/biden-to-Obama.wav,63,fake,data/interim/deep_voice_chunks/fake/biden-to-Obama_chunk0063.wav,4.0,16000
data/raw/deep_voice/fake/biden-to-Obama.wav,64,fake,data/interim/deep_voice_chunks/fake/biden-to-Obama_chunk0064.wav,4.0,16000
data/raw/deep_voice/fake/biden-to-Obama.wav,65,fake,data/interim/deep_voice_chunks/fake/biden-to-Obama_chunk0065.wav,4.0,16000
data/raw/deep_voice/fake/biden-to-Obama.wav,66,fake,data/interim/deep_voice_chunks/fake/biden-to-Obama_chunk0066.wav,4.0,16000
data/raw/deep_voice/fake/biden-to-Obama.wav,67,fake,data/interim/deep_voice_chunks/fake/biden-to-Obama_chunk0067.wav,4.0,16000
data/raw/deep_voice/fake/biden-to-Obama.wav,68,fake,data/interim/deep_voice_chunks/fake/biden-to-Obama_chunk0068.wav,4.0,16000
data/raw/deep_voice/fake/biden-to-Obama.wav,69,fake,data/interim/deep_voice_chunks/fake/biden-to-Obama_chunk0069.wav,4.0,16000
data/raw/deep_voice/fake/biden-to-Obama.wav,70,fake,data/interim/deep_voice_chunks/fake/biden-to-Obama_chunk0070.wav,4.0,16000
data/raw/deep_voice/fake/biden-to-Obama.wav,71,fake,data/interim/deep_voice_chunks/fake/biden-to-Obama_chunk0071.wav,4.0,16000
data/raw/deep_voice/fake/biden-to-Obama.wav,72,fake,data/interim/deep_voice_chunks/fake/biden-to-Obama_chunk0072.wav,4.0,16000
data/raw/deep_voice/fake/biden-to-Obama.wav,73,fake,data/interim/deep_voice_chunks/fake/biden-to-Obama_chunk0073.wav,4.0,16000
data/raw/deep_voice/fake/biden-to-Obama.wav,74,fake,data/interim/deep_voice_chunks/fake/biden-to-Obama_chunk0074.wav,4.0,16000
data/raw/deep_voice/fake/biden-to-Obama.wav,75,fake,data/interim/deep_voice_chunks/fake/biden-to-Obama_chunk0075.wav,4.0,16000
data/raw/deep_voice/fake/biden-to-Obama.wav,76,fake,data/interim/deep_voice_chunks/fake/biden-to-Obama_chunk0076.wav,4.0,16000
data/raw/deep_voice/fake/biden-to-Obama.wav,77,fake,data/interim/deep_voice_chunks/fake/biden-to-Obama_chunk0077.wav,4.0,16000
data/raw/deep_voice/fake/biden-to-Obama.wav,78,fake,data/interim/deep_voice_chunks/fake/biden-to-Obama_chunk0078.wav,4.0,16000
data/raw/deep_voice/fake/biden-to-Obama.wav,79,fake,data/interim/deep_voice_chunks/fake/biden-to-Obama_chunk0079.wav,4.0,16000
data/raw/deep_voice/fake/biden-to-Obama.wav,80,fake,data/interim/deep_voice_chunks/fake/biden-to-Obama_chunk0080.wav,4.0,16000
data/raw/deep_voice/fake/biden-to-Obama.wav,81,fake,data/interim/deep_voice_chunks/fake/biden-to-Obama_chunk0081.wav,4.0,16000
data/raw/deep_voice/fake/biden-to-Obama.wav,82,fake,data/interim/deep_voice_chunks/fake/biden-to-Obama_chunk0082.wav,4.0,16000
data/raw/deep_voice/fake/biden-to-Obama.wav,83,fake,data/interim/deep_voice_chunks/fake/biden-to-Obama_chunk0083.wav,4.0,16000
data/raw/deep_voice/fake/biden-to-Obama.wav,84,fake,data/interim/deep_voice_chunks/fake/biden-to-Obama_chunk0084.wav,4.0,16000
data/raw/deep_voice/fake/biden-to-Obama.wav,85,fake,data/interim/deep_voice_chunks/fake/biden-to-Obama_chunk0085.wav,4.0,16000
data/raw/deep_voice/fake/biden-to-Obama.wav,86,fake,data/interim/deep_voice_chunks/fake/biden-to-Obama_chunk0086.wav,4.0,16000
data/raw/deep_voice/fake/biden-to-Obama.wav,87,fake,data/interim/deep_voice_chunks/fake/biden-to-Obama_chunk0087.wav,4.0,16000
data/raw/deep_voice/fake/biden-to-Obama.wav,88,fake,data/interim/deep_voice_chunks/fake/biden-to-Obama_chunk0088.wav,4.0,16000
data/raw/deep_voice/fake/biden-to-Obama.wav,89,fake,data/interim/deep_voice_chunks/fake/biden-to-Obama_chunk0089.wav,4.0,16000
data/raw/deep_voice/fake/biden-to-Obama.wav,90,fake,data/interim/deep_voice_chunks/fake/biden-to-Obama_chunk0090.wav,4.0,16000
data/raw/deep_voice/fake/biden-to-Obama.wav,91,fake,data/interim/deep_voice_chunks/fake/biden-to-Obama_chunk0091.wav,4.0,16000
data/raw/deep_voice/fake/biden-to-Obama.wav,92,fake,data/interim/deep_voice_chunks/fake/biden-to-Obama_chunk0092.wav,4.0,16000
data/raw/deep_voice/fake/biden-to-Obama.wav,93,fake,data/interim/deep_voice_chunks/fake/biden-to-Obama_chunk0093.wav,4.0,16000
data/raw/deep_voice/fake/biden-to-Obama.wav,94,fake,data/interim/deep_voice_chunks/fake/biden-to-Obama_chunk0094.wav,4.0,16000
data/raw/deep_voice/fake/biden-to-Obama.wav,95,fake,data/interim/deep_voice_chunks/fake/biden-to-Obama_chunk0095.wav,4.0,16000
data/raw/deep_voice/fake/biden-to-Obama.wav,96,fake,data/interim/deep_voice_chunks/fake/biden-to-Obama_chunk0096.wav,4.0,16000
data/raw/deep_voice/fake/biden-to-Obama.wav,97,fake,data/interim/deep_voice_chunks/fake/biden-to-Obama_chunk0097.wav,4.0,16000
data/raw/deep_voice/fake/biden-to-Obama.wav,98,fake,data/interim/deep_voice_chunks/fake/biden-to-Obama_chunk0098.wav,4.0,16000
data/raw/deep_voice/fake/biden-to-Obama.wav,99,fake,data/interim/deep_voice_chunks/fake/biden-to-Obama_chunk0099.wav,4.0,16000
data/raw/deep_voice/fake/biden-to-Obama.wav,100,fake,data/interim/deep_voice_chunks/fake/biden-to-Obama_chunk0100.wav,4.0,16000
data/raw/deep_voice/fake/biden-to-Obama.wav,101,fake,data/interim/deep_voice_chunks/fake/biden-to-Obama_chunk0101.wav,4.0,16000
data/raw/deep_voice/fake/biden-to-Obama.wav,102,fake,data/interim/deep_voice_chunks/fake/biden-to-Obama_chunk0102.wav,4.0,16000
data/raw/deep_voice/fake/biden-to-Obama.wav,103,fake,data/interim/deep_voice_chunks/fake/biden-to-Obama_chunk0103.wav,4.0,16000
data/raw/deep_voice/fake/biden-to-Obama.wav,104,fake,data/interim/deep_voice_chunks/fake/biden-to-Obama_chunk0104.wav,4.0,16000
data/raw/deep_voice/fake/biden-to-Obama.wav,105,fake,data/interim/deep_voice_chunks/fake/biden-to-Obama_chunk0105.wav,4.0,16000
data/raw/deep_voice/fake/biden-to-Obama.wav,106,fake,data/interim/deep_voice_chunks/fake/biden-to-Obama_chunk0106.wav,4.0,16000
data/raw/deep_voice/fake/biden-to-Obama.wav,107,fake,data/interim/deep_voice_chunks/fake/biden-to-Obama_chunk0107.wav,4.0,16000
data/raw/deep_voice/fake/biden-to-Obama.wav,108,fake,data/interim/deep_voice_chunks/fake/biden-to-Obama_chunk0108.wav,4.0,16000
data/raw/deep_voice/fake/biden-to-Obama.wav,109,fake,data/interim/deep_voice_chunks/fake/biden-to-Obama_chunk0109.wav,4.0,16000
data/raw/deep_voice/fake/biden-to-Obama.wav,110,fake,data/interim/deep_voice_chunks/fake/biden-to-Obama_chunk0110.wav,4.0,16000
data/raw/deep_voice/fake/biden-to-Obama.wav,111,fake,data/interim/deep_voice_chunks/fake/biden-to-Obama_chunk0111.wav,4.0,16000
data/raw/deep_voice/fake/biden-to-Obama.wav,112,fake,data/interim/deep_voice_chunks/fake/biden-to-Obama_chunk0112.wav,4.0,16000
data/raw/deep_voice/fake/biden-to-Obama.wav,113,fake,data/interim/deep_voice_chunks/fake/biden-to-Obama_chunk0113.wav,4.0,16000
data/raw/deep_voice/fake/biden-to-Obama.wav,114,fake,data/interim/deep_voice_chunks/fake/biden-to-Obama_chunk0114.wav,4.0,16000
data/raw/deep_voice/fake/biden-to-Obama.wav,115,fake,data/interim/deep_voice_chunks/fake/biden-to-Obama_chunk0115.wav,4.0,16000
data/raw/deep_voice/fake/biden-to-Obama.wav,116,fake,data/interim/deep_voice_chunks/fake/biden-to-Obama_chunk0116.wav,4.0,16000
data/raw/deep_voice/fake/biden-to-Obama.wav,117,fake,data/interim/deep_voice_chunks/fake/biden-to-Obama_chunk0117.wav,4.0,16000
data/raw/deep_voice/fake/biden-to-Obama.wav,118,fake,data/interim/deep_voice_chunks/fake/biden-to-Obama_chunk0118.wav,4.0,16000
data/raw/deep_voice/fake/biden-to-Obama.wav,119,fake,data/interim/deep_voice_chunks/fake/biden-to-Obama_chunk0119.wav,4.0,16000
data/raw/deep_voice/fake/biden-to-Obama.wav,120,fake,data/interim/deep_voice_chunks/fake/biden-to-Obama_chunk0120.wav,4.0,16000
data/raw/deep_voice/fake/biden-to-Obama.wav,121,fake,data/interim/deep_voice_chunks/fake/biden-to-Obama_chunk0121.wav,4.0,16000
data/raw/deep_voice/fake/biden-to-Obama.wav,122,fake,data/interim/deep_voice_chunks/fake/biden-to-Obama_chunk0122.wav,4.0,16000
data/raw/deep_voice/fake/biden-to-Obama.wav,123,fake,data/interim/deep_voice_chunks/fake/biden-to-Obama_chunk0123.wav,4.0,16000
data/raw/deep_voice/fake/biden-to-Obama.wav,124,fake,data/interim/deep_voice_chunks/fake/biden-to-Obama_chunk0124.wav,4.0,16000
data/raw/deep_voice/fake/biden-to-Obama.wav,125,fake,data/interim/deep_voice_chunks/fake/biden-to-Obama_chunk0125.wav,4.0,16000
data/raw/deep_voice/fake/biden-to-Obama.wav,126,fake,data/interim/deep_voice_chunks/fake/biden-to-Obama_chunk0126.wav,4.0,16000
data/raw/deep_voice/fake/biden-to-Obama.wav,127,fake,data/interim/deep_voice_chunks/fake/biden-to-Obama_chunk0127.wav,4.0,16000
data/raw/deep_voice/fake/biden-to-Obama.wav,128,fake,data/interim/deep_voice_chunks/fake/biden-to-Obama_chunk0128.wav,4.0,16000
data/raw/deep_voice/fake/biden-to-Obama.wav,129,fake,data/interim/deep_voice_chunks/fake/biden-to-Obama_chunk0129.wav,4.0,16000
data/raw/deep_voice/fake/biden-to-Obama.wav,130,fake,data/interim/deep_voice_chunks/fake/biden-to-Obama_chunk0130.wav,4.0,16000
data/raw/deep_voice/fake/biden-to-Obama.wav,131,fake,data/interim/deep_voice_chunks/fake/biden-to-Obama_chunk0131.wav,4.0,16000
data/raw/deep_voice/fake/biden-to-Obama.wav,132,fake,data/interim/deep_voice_chunks/fake/biden-to-Obama_chunk0132.wav,4.0,16000
data/raw/deep_voice/fake/biden-to-Obama.wav,133,fake,data/interim/deep_voice_chunks/fake/biden-to-Obama_chunk0133.wav,4.0,16000
data/raw/deep_voice/fake/biden-to-Obama.wav,134,fake,data/interim/deep_voice_chunks/fake/biden-to-Obama_chunk0134.wav,4.0,16000
data/raw/deep_voice/fake/biden-to-Obama.wav,135,fake,data/interim/deep_voice_chunks/fake/biden-to-Obama_chunk0135.wav,4.0,16000
data/raw/deep_voice/fake/biden-to-Obama.wav,136,fake,data/interim/deep_voice_chunks/fake/biden-to-Obama_chunk0136.wav,4.0,16000
data/raw/deep_voice/fake/biden-to-Obama.wav,137,fake,data/interim/deep_voice_chunks/fake/biden-to-Obama_chunk0137.wav,4.0,16000
data/raw/deep_voice/fake/biden-to-Obama.wav,138,fake,data/interim/deep_voice_chunks/fake/biden-to-Obama_chunk0138.wav,4.0,16000
data/raw/deep_voice/fake/biden-to-Obama.wav,139,fake,data/interim/deep_voice_chunks/fake/biden-to-Obama_chunk0139.wav,4.0,16000
data/raw/deep_voice/fake/biden-to-Obama.wav,140,fake,data/interim/deep_voice_chunks/fake/biden-to-Obama_chunk0140.wav,4.0,16000
data/raw/deep_voice/fake/biden-to-Obama.wav,141,fake,data/interim/deep_voice_chunks/fake/biden-to-Obama_chunk0141.wav,4.0,16000
data/raw/deep_voice/fake/biden-to-Obama.wav,142,fake,data/interim/deep_voice_chunks/fake/biden-to-Obama_chunk0142.wav,4.0,16000
data/raw/deep_voice/fake/biden-to-Obama.wav,143,fake,data/interim/deep_voice_chunks/fake/biden-to-Obama_chunk0143.wav,4.0,16000
data/raw/deep_voice/fake/biden-to-Obama.wav,144,fake,data/interim/deep_voice_chunks/fake/biden-to-Obama_chunk0144.wav,4.0,16000
data/raw/deep_voice/fake/biden-to-Obama.wav,145,fake,data/interim/deep_voice_chunks/fake/biden-to-Obama_chunk0145.wav,4.0,16000
data/raw/deep_voice/fake/biden-to-Obama.wav,146,fake,data/interim/deep_voice_chunks/fake/biden-to-Obama_chunk0146.wav,4.0,16000
data/raw/deep_voice/fake/biden-to-Obama.wav,147,fake,data/interim/deep_voice_chunks/fake/biden-to-Obama_chunk0147.wav,4.0,16000
data/raw/deep_voice/fake/biden-to-Obama.wav,148,fake,data/interim/deep_voice_chunks/fake/biden-to-Obama_chunk0148.wav,4.0,16000
data/raw/deep_voice/fake/biden-to-Obama.wav,149,fake,data/interim/deep_voice_chunks/fake/biden-to-Obama_chunk0149.wav,3.904,16000
data/raw/deep_voice/fake/biden-to-ryan.wav,0,fake,data/interim/deep_voice_chunks/fake/biden-to-ryan_chunk0000.wav,4.0,16000
data/raw/deep_voice/fake/biden-to-ryan.wav,1,fake,data/interim/deep_voice_chunks/fake/biden-to-ryan_chunk0001.wav,4.0,16000
data/raw/deep_voice/fake/biden-to-ryan.wav,2,fake,data/interim/deep_voice_chunks/fake/biden-to-ryan_chunk0002.wav,4.0,16000
data/raw/deep_voice/fake/biden-to-ryan.wav,3,fake,data/interim/deep_voice_chunks/fake/biden-to-ryan_chunk0003.wav,4.0,16000
data/raw/deep_voice/fake/biden-to-ryan.wav,4,fake,data/interim/deep_voice_chunks/fake/biden-to-ryan_chunk0004.wav,4.0,16000
data/raw/deep_voice/fake/biden-to-ryan.wav,5,fake,data/interim/deep_voice_chunks/fake/biden-to-ryan_chunk0005.wav,4.0,16000
data/raw/deep_voice/fake/biden-to-ryan.wav,6,fake,data/interim/deep_voice_chunks/fake/biden-to-ryan_chunk0006.wav,4.0,16000
data/raw/deep_voice/fake/biden-to-ryan.wav,7,fake,data/interim/deep_voice_chunks/fake/biden-to-ryan_chunk0007.wav,4.0,16000
data/raw/deep_voice/fake/biden-to-ryan.wav,8,fake,data/interim/deep_voice_chunks/fake/biden-to-ryan_chunk0008.wav,4.0,16000
data/raw/deep_voice/fake/biden-to-ryan.wav,9,fake,data/interim/deep_voice_chunks/fake/biden-to-ryan_chunk0009.wav,4.0,16000
data/raw/deep_voice/fake/biden-to-ryan.wav,10,fake,data/interim/deep_voice_chunks/fake/biden-to-ryan_chunk0010.wav,4.0,16000
data/raw/deep_voice/fake/biden-to-ryan.wav,11,fake,data/interim/deep_voice_chunks/fake/biden-to-ryan_chunk0011.wav,4.0,16000
data/raw/deep_voice/fake/biden-to-ryan.wav,12,fake,data/interim/deep_voice_chunks/fake/biden-to-ryan_chunk0012.wav,4.0,16000
data/raw/deep_voice/fake/biden-to-ryan.wav,13,fake,data/interim/deep_voice_chunks/fake/biden-to-ryan_chunk0013.wav,4.0,16000
data/raw/deep_voice/fake/biden-to-ryan.wav,14,fake,data/interim/deep_voice_chunks/fake/biden-to-ryan_chunk0014.wav,4.0,16000
data/raw/deep_voice/fake/biden-to-ryan.wav,15,fake,data/interim/deep_voice_chunks/fake/biden-to-ryan_chunk0015.wav,4.0,16000
data/raw/deep_voice/fake/biden-to-ryan.wav,16,fake,data/interim/deep_voice_chunks/fake/biden-to-ryan_chunk0016.wav,4.0,16000
data/raw/deep_voice/fake/biden-to-ryan.wav,17,fake,data/interim/deep_voice_chunks/fake/biden-to-ryan_chunk0017.wav,4.0,16000
data/raw/deep_voice/fake/biden-to-ryan.wav,18,fake,data/interim/deep_voice_chunks/fake/biden-to-ryan_chunk0018.wav,4.0,16000
data/raw/deep_voice/fake/biden-to-ryan.wav,19,fake,data/interim/deep_voice_chunks/fake/biden-to-ryan_chunk0019.wav,4.0,16000
data/raw/deep_voice/fake/biden-to-ryan.wav,20,fake,data/interim/deep_voice_chunks/fake/biden-to-ryan_chunk0020.wav,4.0,16000
data/raw/deep_voice/fake/biden-to-ryan.wav,21,fake,data/interim/deep_voice_chunks/fake/biden-to-ryan_chunk0021.wav,4.0,16000
data/raw/deep_voice/fake/biden-to-ryan.wav,22,fake,data/interim/deep_voice_chunks/fake/biden-to-ryan_chunk0022.wav,4.0,16000
data/raw/deep_voice/fake/biden-to-ryan.wav,23,fake,data/interim/deep_voice_chunks/fake/biden-to-ryan_chunk0023.wav,4.0,16000
data/raw/deep_voice/fake/biden-to-ryan.wav,24,fake,data/interim/deep_voice_chunks/fake/biden-to-ryan_chunk0024.wav,4.0,16000
data/raw/deep_voice/fake/biden-to-ryan.wav,25,fake,data/interim/deep_voice_chunks/fake/biden-to-ryan_chunk0025.wav,4.0,16000
data/raw/deep_voice/fake/biden-to-ryan.wav,26,fake,data/interim/deep_voice_chunks/fake/biden-to-ryan_chunk0026.wav,4.0,16000
data/raw/deep_voice/fake/biden-to-ryan.wav,27,fake,data/interim/deep_voice_chunks/fake/biden-to-ryan_chunk0027.wav,4.0,16000
data/raw/deep_voice/fake/biden-to-ryan.wav,28,fake,data/interim/deep_voice_chunks/fake/biden-to-ryan_chunk0028.wav,4.0,16000
data/raw/deep_voice/fake/biden-to-ryan.wav,29,fake,data/interim/deep_voice_chunks/fake/biden-to-ryan_chunk0029.wav,4.0,16000
data/raw/deep_voice/fake/biden-to-ryan.wav,30,fake,data/interim/deep_voice_chunks/fake/biden-to-ryan_chunk0030.wav,4.0,16000
data/raw/deep_voice/fake/biden-to-ryan.wav,31,fake,data/interim/deep_voice_chunks/fake/biden-to-ryan_chunk0031.wav,4.0,16000
data/raw/deep_voice/fake/biden-to-ryan.wav,32,fake,data/interim/deep_voice_chunks/fake/biden-to-ryan_chunk0032.wav,4.0,16000
data/raw/deep_voice/fake/biden-to-ryan.wav,33,fake,data/interim/deep_voice_chunks/fake/biden-to-ryan_chunk0033.wav,4.0,16000
data/raw/deep_voice/fake/biden-to-ryan.wav,34,fake,data/interim/deep_voice_chunks/fake/biden-to-ryan_chunk0034.wav,4.0,16000
data/raw/deep_voice/fake/biden-to-ryan.wav,35,fake,data/interim/deep_voice_chunks/fake/biden-to-ryan_chunk0035.wav,4.0,16000
data/raw/deep_voice/fake/biden-to-ryan.wav,36,fake,data/interim/deep_voice_chunks/fake/biden-to-ryan_chunk0036.wav,4.0,16000
data/raw/deep_voice/fake/biden-to-ryan.wav,37,fake,data/interim/deep_voice_chunks/fake/biden-to-ryan_chunk0037.wav,4.0,16000
data/raw/deep_voice/fake/biden-to-ryan.wav,38,fake,data/interim/deep_voice_chunks/fake/biden-to-ryan_chunk0038.wav,4.0,16000
data/raw/deep_voice/fake/biden-to-ryan.wav,39,fake,data/interim/deep_voice_chunks/fake/biden-to-ryan_chunk0039.wav,4.0,16000
data/raw/deep_voice/fake/biden-to-ryan.wav,40,fake,data/interim/deep_voice_chunks/fake/biden-to-ryan_chunk0040.wav,4.0,16000
data/raw/deep_voice/fake/biden-to-ryan.wav,41,fake,data/interim/deep_voice_chunks/fake/biden-to-ryan_chunk0041.wav,4.0,16000
data/raw/deep_voice/fake/biden-to-ryan.wav,42,fake,data/interim/deep_voice_chunks/fake/biden-to-ryan_chunk0042.wav,4.0,16000
data/raw/deep_voice/fake/biden-to-ryan.wav,43,fake,data/interim/deep_voice_chunks/fake/biden-to-ryan_chunk0043.wav,4.0,16000
data/raw/deep_voice/fake/biden-to-ryan.wav,44,fake,data/interim/deep_voice_chunks/fake/biden-to-ryan_chunk0044.wav,4.0,16000
data/raw/deep_voice/fake/biden-to-ryan.wav,45,fake,data/interim/deep_voice_chunks/fake/biden-to-ryan_chunk0045.wav,4.0,16000
data/raw/deep_voice/fake/biden-to-ryan.wav,46,fake,data/interim/deep_voice_chunks/fake/biden-to-ryan_chunk0046.wav,4.0,16000
data/raw/deep_voice/fake/biden-to-ryan.wav,47,fake,data/interim/deep_voice_chunks/fake/biden-to-ryan_chunk0047.wav,4.0,16000
data/raw/deep_voice/fake/biden-to-ryan.wav,48,fake,data/interim/deep_voice_chunks/fake/biden-to-ryan_chunk0048.wav,4.0,16000
data/raw/deep_voice/fake/biden-to-ryan.wav,49,fake,data/interim/deep_voice_chunks/fake/biden-to-ryan_chunk0049.wav,4.0,16000
data/raw/deep_voice/fake/biden-to-ryan.wav,50,fake,data/interim/deep_voice_chunks/fake/biden-to-ryan_chunk0050.wav,4.0,16000
data/raw/deep_voice/fake/biden-to-ryan.wav,51,fake,data/interim/deep_voice_chunks/fake/biden-to-ryan_chunk0051.wav,4.0,16000
data/raw/deep_voice/fake/biden-to-ryan.wav,52,fake,data/interim/deep_voice_chunks/fake/biden-to-ryan_chunk0052.wav,4.0,16000
data/raw/deep_voice/fake/biden-to-ryan.wav,53,fake,data/interim/deep_voice_chunks/fake/biden-to-ryan_chunk0053.wav,4.0,16000
data/raw/deep_voice/fake/biden-to-ryan.wav,54,fake,data/interim/deep_voice_chunks/fake/biden-to-ryan_chunk0054.wav,4.0,16000
data/raw/deep_voice/fake/biden-to-ryan.wav,55,fake,data/interim/deep_voice_chunks/fake/biden-to-ryan_chunk0055.wav,4.0,16000
data/raw/deep_voice/fake/biden-to-ryan.wav,56,fake,data/interim/deep_voice_chunks/fake/biden-to-ryan_chunk0056.wav,4.0,16000
data/raw/deep_voice/fake/biden-to-ryan.wav,57,fake,data/interim/deep_voice_chunks/fake/biden-to-ryan_chunk0057.wav,4.0,16000
data/raw/deep_voice/fake/biden-to-ryan.wav,58,fake,data/interim/deep_voice_chunks/fake/biden-to-ryan_chunk0058.wav,4.0,16000
data/raw/deep_voice/fake/biden-to-ryan.wav,59,fake,data/interim/deep_voice_chunks/fake/biden-to-ryan_chunk0059.wav,4.0,16000
data/raw/deep_voice/fake/biden-to-ryan.wav,60,fake,data/interim/deep_voice_chunks/fake/biden-to-ryan_chunk0060.wav,4.0,16000
data/raw/deep_voice/fake/biden-to-ryan.wav,61,fake,data/interim/deep_voice_chunks/fake/biden-to-ryan_chunk0061.wav,4.0,16000
data/raw/deep_voice/fake/biden-to-ryan.wav,62,fake,data/interim/deep_voice_chunks/fake/biden-to-ryan_chunk0062.wav,4.0,16000
data/raw/deep_voice/fake/biden-to-ryan.wav,63,fake,data/interim/deep_voice_chunks/fake/biden-to-ryan_chunk0063.wav,4.0,16000
data/raw/deep_voice/fake/biden-to-ryan.wav,64,fake,data/interim/deep_voice_chunks/fake/biden-to-ryan_chunk0064.wav,4.0,16000
data/raw/deep_voice/fake/biden-to-ryan.wav,65,fake,data/interim/deep_voice_chunks/fake/biden-to-ryan_chunk0065.wav,4.0,16000
data/raw/deep_voice/fake/biden-to-ryan.wav,66,fake,data/interim/deep_voice_chunks/fake/biden-to-ryan_chunk0066.wav,4.0,16000
data/raw/deep_voice/fake/biden-to-ryan.wav,67,fake,data/interim/deep_voice_chunks/fake/biden-to-ryan_chunk0067.wav,4.0,16000
data/raw/deep_voice/fake/biden-to-ryan.wav,68,fake,data/interim/deep_voice_chunks/fake/biden-to-ryan_chunk0068.wav,4.0,16000
data/raw/deep_voice/fake/biden-to-ryan.wav,69,fake,data/interim/deep_voice_chunks/fake/biden-to-ryan_chunk0069.wav,4.0,16000
data/raw/deep_voice/fake/biden-to-ryan.wav,70,fake,data/interim/deep_voice_chunks/fake/biden-to-ryan_chunk0070.wav,4.0,16000
data/raw/deep_voice/fake/biden-to-ryan.wav,71,fake,data/interim/deep_voice_chunks/fake/biden-to-ryan_chunk0071.wav,4.0,16000
data/raw/deep_voice/fake/biden-to-ryan.wav,72,fake,data/interim/deep_voice_chunks/fake/biden-to-ryan_chunk0072.wav,4.0,16000
data/raw/deep_voice/fake/biden-to-ryan.wav,73,fake,data/interim/deep_voice_chunks/fake/biden-to-ryan_chunk0073.wav,4.0,16000
data/raw/deep_voice/fake/biden-to-ryan.wav,74,fake,data/interim/deep_voice_chunks/fake/biden-to-ryan_chunk0074.wav,4.0,16000
data/raw/deep_voice/fake/biden-to-ryan.wav,75,fake,data/interim/deep_voice_chunks/fake/biden-to-ryan_chunk0075.wav,4.0,16000
data/raw/deep_voice/fake/biden-to-ryan.wav,76,fake,data/interim/deep_voice_chunks/fake/biden-to-ryan_chunk0076.wav,4.0,16000
data/raw/deep_voice/fake/biden-to-ryan.wav,77,fake,data/interim/deep_voice_chunks/fake/biden-to-ryan_chunk0077.wav,4.0,16000
data/raw/deep_voice/fake/biden-to-ryan.wav,78,fake,data/interim/deep_voice_chunks/fake/biden-to-ryan_chunk0078.wav,4.0,16000
data/raw/deep_voice/fake/biden-to-ryan.wav,79,fake,data/interim/deep_voice_chunks/fake/biden-to-ryan_chunk0079.wav,4.0,16000
data/raw/deep_voice/fake/biden-to-ryan.wav,80,fake,data/interim/deep_voice_chunks/fake/biden-to-ryan_chunk0080.wav,4.0,16000
data/raw/deep_voice/fake/biden-to-ryan.wav,81,fake,data/interim/deep_voice_chunks/fake/biden-to-ryan_chunk0081.wav,4.0,16000
data/raw/deep_voice/fake/biden-to-ryan.wav,82,fake,data/interim/deep_voice_chunks/fake/biden-to-ryan_chunk0082.wav,4.0,16000
data/raw/deep_voice/fake/biden-to-ryan.wav,83,fake,data/interim/deep_voice_chunks/fake/biden-to-ryan_chunk0083.wav,4.0,16000
data/raw/deep_voice/fake/biden-to-ryan.wav,84,fake,data/interim/deep_voice_chunks/fake/biden-to-ryan_chunk0084.wav,4.0,16000
data/raw/deep_voice/fake/biden-to-ryan.wav,85,fake,data/interim/deep_voice_chunks/fake/biden-to-ryan_chunk0085.wav,4.0,16000
data/raw/deep_voice/fake/biden-to-ryan.wav,86,fake,data/interim/deep_voice_chunks/fake/biden-to-ryan_chunk0086.wav,4.0,16000
data/raw/deep_voice/fake/biden-to-ryan.wav,87,fake,data/interim/deep_voice_chunks/fake/biden-to-ryan_chunk0087.wav,4.0,16000
data/raw/deep_voice/fake/biden-to-ryan.wav,88,fake,data/interim/deep_voice_chunks/fake/biden-to-ryan_chunk0088.wav,4.0,16000
data/raw/deep_voice/fake/biden-to-ryan.wav,89,fake,data/interim/deep_voice_chunks/fake/biden-to-ryan_chunk0089.wav,4.0,16000
data/raw/deep_voice/fake/biden-to-ryan.wav,90,fake,data/interim/deep_voice_chunks/fake/biden-to-ryan_chunk0090.wav,4.0,16000
data/raw/deep_voice/fake/biden-to-ryan.wav,91,fake,data/interim/deep_voice_chunks/fake/biden-to-ryan_chunk0091.wav,4.0,16000
data/raw/deep_voice/fake/biden-to-ryan.wav,92,fake,data/interim/deep_voice_chunks/fake/biden-to-ryan_chunk0092.wav,4.0,16000
data/raw/deep_voice/fake/biden-to-ryan.wav,93,fake,data/interim/deep_voice_chunks/fake/biden-to-ryan_chunk0093.wav,4.0,16000
data/raw/deep_voice/fake/biden-to-ryan.wav,94,fake,data/interim/deep_voice_chunks/fake/biden-to-ryan_chunk0094.wav,4.0,16000
data/raw/deep_voice/fake/biden-to-ryan.wav,95,fake,data/interim/deep_voice_chunks/fake/biden-to-ryan_chunk0095.wav,4.0,16000
data/raw/deep_voice/fake/biden-to-ryan.wav,96,fake,data/interim/deep_voice_chunks/fake/biden-to-ryan_chunk0096.wav,4.0,16000
data/raw/deep_voice/fake/biden-to-ryan.wav,97,fake,data/interim/deep_voice_chunks/fake/biden-to-ryan_chunk0097.wav,4.0,16000
data/raw/deep_voice/fake/biden-to-ryan.wav,98,fake,data/interim/deep_voice_chunks/fake/biden-to-ryan_chunk0098.wav,4.0,16000
data/raw/deep_voice/fake/biden-to-ryan.wav,99,fake,data/interim/deep_voice_chunks/fake/biden-to-ryan_chunk0099.wav,4.0,16000
data/raw/deep_voice/fake/biden-to-ryan.wav,100,fake,data/interim/deep_voice_chunks/fake/biden-to-ryan_chunk0100.wav,4.0,16000
data/raw/deep_voice/fake/biden-to-ryan.wav,101,fake,data/interim/deep_voice_chunks/fake/biden-to-ryan_chunk0101.wav,4.0,16000
data/raw/deep_voice/fake/biden-to-ryan.wav,102,fake,data/interim/deep_voice_chunks/fake/biden-to-ryan_chunk0102.wav,4.0,16000
data/raw/deep_voice/fake/biden-to-ryan.wav,103,fake,data/interim/deep_voice_chunks/fake/biden-to-ryan_chunk0103.wav,4.0,16000
data/raw/deep_voice/fake/biden-to-ryan.wav,104,fake,data/interim/deep_voice_chunks/fake/biden-to-ryan_chunk0104.wav,4.0,16000
data/raw/deep_voice/fake/biden-to-ryan.wav,105,fake,data/interim/deep_voice_chunks/fake/biden-to-ryan_chunk0105.wav,4.0,16000
data/raw/deep_voice/fake/biden-to-ryan.wav,106,fake,data/interim/deep_voice_chunks/fake/biden-to-ryan_chunk0106.wav,4.0,16000
data/raw/deep_voice/fake/biden-to-ryan.wav,107,fake,data/interim/deep_voice_chunks/fake/biden-to-ryan_chunk0107.wav,4.0,16000
data/raw/deep_voice/fake/biden-to-ryan.wav,108,fake,data/interim/deep_voice_chunks/fake/biden-to-ryan_chunk0108.wav,4.0,16000
data/raw/deep_voice/fake/biden-to-ryan.wav,109,fake,data/interim/deep_voice_chunks/fake/biden-to-ryan_chunk0109.wav,4.0,16000
data/raw/deep_voice/fake/biden-to-ryan.wav,110,fake,data/interim/deep_voice_chunks/fake/biden-to-ryan_chunk0110.wav,4.0,16000
data/raw/deep_voice/fake/biden-to-ryan.wav,111,fake,data/interim/deep_voice_chunks/fake/biden-to-ryan_chunk0111.wav,4.0,16000
data/raw/deep_voice/fake/biden-to-ryan.wav,112,fake,data/interim/deep_voice_chunks/fake/biden-to-ryan_chunk0112.wav,4.0,16000
data/raw/deep_voice/fake/biden-to-ryan.wav,113,fake,data/interim/deep_voice_chunks/fake/biden-to-ryan_chunk0113.wav,4.0,16000
data/raw/deep_voice/fake/biden-to-ryan.wav,114,fake,data/interim/deep_voice_chunks/fake/biden-to-ryan_chunk0114.wav,4.0,16000
data/raw/deep_voice/fake/biden-to-ryan.wav,115,fake,data/interim/deep_voice_chunks/fake/biden-to-ryan_chunk0115.wav,4.0,16000
data/raw/deep_voice/fake/biden-to-ryan.wav,116,fake,data/interim/deep_voice_chunks/fake/biden-to-ryan_chunk0116.wav,4.0,16000
data/raw/deep_voice/fake/biden-to-ryan.wav,117,fake,data/interim/deep_voice_chunks/fake/biden-to-ryan_chunk0117.wav,4.0,16000
data/raw/deep_voice/fake/biden-to-ryan.wav,118,fake,data/interim/deep_voice_chunks/fake/biden-to-ryan_chunk0118.wav,4.0,16000
data/raw/deep_voice/fake/biden-to-ryan.wav,119,fake,data/interim/deep_voice_chunks/fake/biden-to-ryan_chunk0119.wav,4.0,16000
data/raw/deep_voice/fake/biden-to-ryan.wav,120,fake,data/interim/deep_voice_chunks/fake/biden-to-ryan_chunk0120.wav,4.0,16000
data/raw/deep_voice/fake/biden-to-ryan.wav,121,fake,data/interim/deep_voice_chunks/fake/biden-to-ryan_chunk0121.wav,4.0,16000
data/raw/deep_voice/fake/biden-to-ryan.wav,122,fake,data/interim/deep_voice_chunks/fake/biden-to-ryan_chunk0122.wav,4.0,16000
data/raw/deep_voice/fake/biden-to-ryan.wav,123,fake,data/interim/deep_voice_chunks/fake/biden-to-ryan_chunk0123.wav,4.0,16000
data/raw/deep_voice/fake/biden-to-ryan.wav,124,fake,data/interim/deep_voice_chunks/fake/biden-to-ryan_chunk0124.wav,4.0,16000
data/raw/deep_voice/fake/biden-to-ryan.wav,125,fake,data/interim/deep_voice_chunks/fake/biden-to-ryan_chunk0125.wav,4.0,16000
data/raw/deep_voice/fake/biden-to-ryan.wav,126,fake,data/interim/deep_voice_chunks/fake/biden-to-ryan_chunk0126.wav,4.0,16000
data/raw/deep_voice/fake/biden-to-ryan.wav,127,fake,data/interim/deep_voice_chunks/fake/biden-to-ryan_chunk0127.wav,4.0,16000
data/raw/deep_voice/fake/biden-to-ryan.wav,128,fake,data/interim/deep_voice_chunks/fake/biden-to-ryan_chunk0128.wav,4.0,16000
data/raw/deep_voice/fake/biden-to-ryan.wav,129,fake,data/interim/deep_voice_chunks/fake/biden-to-ryan_chunk0129.wav,4.0,16000
data/raw/deep_voice/fake/biden-to-ryan.wav,130,fake,data/interim/deep_voice_chunks/fake/biden-to-ryan_chunk0130.wav,4.0,16000
data/raw/deep_voice/fake/biden-to-ryan.wav,131,fake,data/interim/deep_voice_chunks/fake/biden-to-ryan_chunk0131.wav,4.0,16000
data/raw/deep_voice/fake/biden-to-ryan.wav,132,fake,data/interim/deep_voice_chunks/fake/biden-to-ryan_chunk0132.wav,4.0,16000
data/raw/deep_voice/fake/biden-to-ryan.wav,133,fake,data/interim/deep_voice_chunks/fake/biden-to-ryan_chunk0133.wav,4.0,16000
data/raw/deep_voice/fake/biden-to-ryan.wav,134,fake,data/interim/deep_voice_chunks/fake/biden-to-ryan_chunk0134.wav,4.0,16000
data/raw/deep_voice/fake/biden-to-ryan.wav,135,fake,data/interim/deep_voice_chunks/fake/biden-to-ryan_chunk0135.wav,4.0,16000
data/raw/deep_voice/fake/biden-to-ryan.wav,136,fake,data/interim/deep_voice_chunks/fake/biden-to-ryan_chunk0136.wav,4.0,16000
data/raw/deep_voice/fake/biden-to-ryan.wav,137,fake,data/interim/deep_voice_chunks/fake/biden-to-ryan_chunk0137.wav,4.0,16000
data/raw/deep_voice/fake/biden-to-ryan.wav,138,fake,data/interim/deep_voice_chunks/fake/biden-to-ryan_chunk0138.wav,4.0,16000
data/raw/deep_voice/fake/biden-to-ryan.wav,139,fake,data/interim/deep_voice_chunks/fake/biden-to-ryan_chunk0139.wav,4.0,16000
data/raw/deep_voice/fake/biden-to-ryan.wav,140,fake,data/interim/deep_voice_chunks/fake/biden-to-ryan_chunk0140.wav,4.0,16000
data/raw/deep_voice/fake/biden-to-ryan.wav,141,fake,data/interim/deep_voice_chunks/fake/biden-to-ryan_chunk0141.wav,4.0,16000
data/raw/deep_voice/fake/biden-to-ryan.wav,142,fake,data/interim/deep_voice_chunks/fake/biden-to-ryan_chunk0142.wav,4.0,16000
data/raw/deep_voice/fake/biden-to-ryan.wav,143,fake,data/interim/deep_voice_chunks/fake/biden-to-ryan_chunk0143.wav,4.0,16000
data/raw/deep_voice/fake/biden-to-ryan.wav,144,fake,data/interim/deep_voice_chunks/fake/biden-to-ryan_chunk0144.wav,4.0,16000
data/raw/deep_voice/fake/biden-to-ryan.wav,145,fake,data/interim/deep_voice_chunks/fake/biden-to-ryan_chunk0145.wav,4.0,16000
data/raw/deep_voice/fake/biden-to-ryan.wav,146,fake,data/interim/deep_voice_chunks/fake/biden-to-ryan_chunk0146.wav,4.0,16000
data/raw/deep_voice/fake/biden-to-ryan.wav,147,fake,data/interim/deep_voice_chunks/fake/biden-to-ryan_chunk0147.wav,4.0,16000
data/raw/deep_voice/fake/biden-to-ryan.wav,148,fake,data/interim/deep_voice_chunks/fake/biden-to-ryan_chunk0148.wav,4.0,16000
data/raw/deep_voice/fake/biden-to-ryan.wav,149,fake,data/interim/deep_voice_chunks/fake/biden-to-ryan_chunk0149.wav,3.936,16000
data/raw/deep_voice/fake/biden-to-taylor.wav,0,fake,data/interim/deep_voice_chunks/fake/biden-to-taylor_chunk0000.wav,4.0,16000
data/raw/deep_voice/fake/biden-to-taylor.wav,1,fake,data/interim/deep_voice_chunks/fake/biden-to-taylor_chunk0001.wav,4.0,16000
data/raw/deep_voice/fake/biden-to-taylor.wav,2,fake,data/interim/deep_voice_chunks/fake/biden-to-taylor_chunk0002.wav,4.0,16000
data/raw/deep_voice/fake/biden-to-taylor.wav,3,fake,data/interim/deep_voice_chunks/fake/biden-to-taylor_chunk0003.wav,4.0,16000
data/raw/deep_voice/fake/biden-to-taylor.wav,4,fake,data/interim/deep_voice_chunks/fake/biden-to-taylor_chunk0004.wav,4.0,16000
data/raw/deep_voice/fake/biden-to-taylor.wav,5,fake,data/interim/deep_voice_chunks/fake/biden-to-taylor_chunk0005.wav,4.0,16000
data/raw/deep_voice/fake/biden-to-taylor.wav,6,fake,data/interim/deep_voice_chunks/fake/biden-to-taylor_chunk0006.wav,4.0,16000
data/raw/deep_voice/fake/biden-to-taylor.wav,7,fake,data/interim/deep_voice_chunks/fake/biden-to-taylor_chunk0007.wav,4.0,16000
data/raw/deep_voice/fake/biden-to-taylor.wav,8,fake,data/interim/deep_voice_chunks/fake/biden-to-taylor_chunk0008.wav,4.0,16000
data/raw/deep_voice/fake/biden-to-taylor.wav,9,fake,data/interim/deep_voice_chunks/fake/biden-to-taylor_chunk0009.wav,4.0,16000
data/raw/deep_voice/fake/biden-to-taylor.wav,10,fake,data/interim/deep_voice_chunks/fake/biden-to-taylor_chunk0010.wav,4.0,16000
data/raw/deep_voice/fake/biden-to-taylor.wav,11,fake,data/interim/deep_voice_chunks/fake/biden-to-taylor_chunk0011.wav,4.0,16000
data/raw/deep_voice/fake/biden-to-taylor.wav,12,fake,data/interim/deep_voice_chunks/fake/biden-to-taylor_chunk0012.wav,4.0,16000
data/raw/deep_voice/fake/biden-to-taylor.wav,13,fake,data/interim/deep_voice_chunks/fake/biden-to-taylor_chunk0013.wav,4.0,16000
data/raw/deep_voice/fake/biden-to-taylor.wav,14,fake,data/interim/deep_voice_chunks/fake/biden-to-taylor_chunk0014.wav,4.0,16000
data/raw/deep_voice/fake/biden-to-taylor.wav,15,fake,data/interim/deep_voice_chunks/fake/biden-to-taylor_chunk0015.wav,4.0,16000
data/raw/deep_voice/fake/biden-to-taylor.wav,16,fake,data/interim/deep_voice_chunks/fake/biden-to-taylor_chunk0016.wav,4.0,16000
data/raw/deep_voice/fake/biden-to-taylor.wav,17,fake,data/interim/deep_voice_chunks/fake/biden-to-taylor_chunk0017.wav,4.0,16000
data/raw/deep_voice/fake/biden-to-taylor.wav,18,fake,data/interim/deep_voice_chunks/fake/biden-to-taylor_chunk0018.wav,4.0,16000
data/raw/deep_voice/fake/biden-to-taylor.wav,19,fake,data/interim/deep_voice_chunks/fake/biden-to-taylor_chunk0019.wav,4.0,16000
data/raw/deep_voice/fake/biden-to-taylor.wav,20,fake,data/interim/deep_voice_chunks/fake/biden-to-taylor_chunk0020.wav,4.0,16000
data/raw/deep_voice/fake/biden-to-taylor.wav,21,fake,data/interim/deep_voice_chunks/fake/biden-to-taylor_chunk0021.wav,4.0,16000
data/raw/deep_voice/fake/biden-to-taylor.wav,22,fake,data/interim/deep_voice_chunks/fake/biden-to-taylor_chunk0022.wav,4.0,16000
data/raw/deep_voice/fake/biden-to-taylor.wav,23,fake,data/interim/deep_voice_chunks/fake/biden-to-taylor_chunk0023.wav,4.0,16000
data/raw/deep_voice/fake/biden-to-taylor.wav,24,fake,data/interim/deep_voice_chunks/fake/biden-to-taylor_chunk0024.wav,4.0,16000
data/raw/deep_voice/fake/biden-to-taylor.wav,25,fake,data/interim/deep_voice_chunks/fake/biden-to-taylor_chunk0025.wav,4.0,16000
data/raw/deep_voice/fake/biden-to-taylor.wav,26,fake,data/interim/deep_voice_chunks/fake/biden-to-taylor_chunk0026.wav,4.0,16000
data/raw/deep_voice/fake/biden-to-taylor.wav,27,fake,data/interim/deep_voice_chunks/fake/biden-to-taylor_chunk0027.wav,4.0,16000
data/raw/deep_voice/fake/biden-to-taylor.wav,28,fake,data/interim/deep_voice_chunks/fake/biden-to-taylor_chunk0028.wav,4.0,16000
data/raw/deep_voice/fake/biden-to-taylor.wav,29,fake,data/interim/deep_voice_chunks/fake/biden-to-taylor_chunk0029.wav,4.0,16000
data/raw/deep_voice/fake/biden-to-taylor.wav,30,fake,data/interim/deep_voice_chunks/fake/biden-to-taylor_chunk0030.wav,4.0,16000
data/raw/deep_voice/fake/biden-to-taylor.wav,31,fake,data/interim/deep_voice_chunks/fake/biden-to-taylor_chunk0031.wav,4.0,16000
data/raw/deep_voice/fake/biden-to-taylor.wav,32,fake,data/interim/deep_voice_chunks/fake/biden-to-taylor_chunk0032.wav,4.0,16000
data/raw/deep_voice/fake/biden-to-taylor.wav,33,fake,data/interim/deep_voice_chunks/fake/biden-to-taylor_chunk0033.wav,4.0,16000
data/raw/deep_voice/fake/biden-to-taylor.wav,34,fake,data/interim/deep_voice_chunks/fake/biden-to-taylor_chunk0034.wav,4.0,16000
data/raw/deep_voice/fake/biden-to-taylor.wav,35,fake,data/interim/deep_voice_chunks/fake/biden-to-taylor_chunk0035.wav,4.0,16000
data/raw/deep_voice/fake/biden-to-taylor.wav,36,fake,data/interim/deep_voice_chunks/fake/biden-to-taylor_chunk0036.wav,4.0,16000
data/raw/deep_voice/fake/biden-to-taylor.wav,37,fake,data/interim/deep_voice_chunks/fake/biden-to-taylor_chunk0037.wav,4.0,16000
data/raw/deep_voice/fake/biden-to-taylor.wav,38,fake,data/interim/deep_voice_chunks/fake/biden-to-taylor_chunk0038.wav,4.0,16000
data/raw/deep_voice/fake/biden-to-taylor.wav,39,fake,data/interim/deep_voice_chunks/fake/biden-to-taylor_chunk0039.wav,4.0,16000
data/raw/deep_voice/fake/biden-to-taylor.wav,40,fake,data/interim/deep_voice_chunks/fake/biden-to-taylor_chunk0040.wav,4.0,16000
data/raw/deep_voice/fake/biden-to-taylor.wav,41,fake,data/interim/deep_voice_chunks/fake/biden-to-taylor_chunk0041.wav,4.0,16000
data/raw/deep_voice/fake/biden-to-taylor.wav,42,fake,data/interim/deep_voice_chunks/fake/biden-to-taylor_chunk0042.wav,4.0,16000
data/raw/deep_voice/fake/biden-to-taylor.wav,43,fake,data/interim/deep_voice_chunks/fake/biden-to-taylor_chunk0043.wav,4.0,16000
data/raw/deep_voice/fake/biden-to-taylor.wav,44,fake,data/interim/deep_voice_chunks/fake/biden-to-taylor_chunk0044.wav,4.0,16000
data/raw/deep_voice/fake/biden-to-taylor.wav,45,fake,data/interim/deep_voice_chunks/fake/biden-to-taylor_chunk0045.wav,4.0,16000
data/raw/deep_voice/fake/biden-to-taylor.wav,46,fake,data/interim/deep_voice_chunks/fake/biden-to-taylor_chunk0046.wav,4.0,16000
data/raw/deep_voice/fake/biden-to-taylor.wav,47,fake,data/interim/deep_voice_chunks/fake/biden-to-taylor_chunk0047.wav,4.0,16000
data/raw/deep_voice/fake/biden-to-taylor.wav,48,fake,data/interim/deep_voice_chunks/fake/biden-to-taylor_chunk0048.wav,4.0,16000
data/raw/deep_voice/fake/biden-to-taylor.wav,49,fake,data/interim/deep_voice_chunks/fake/biden-to-taylor_chunk0049.wav,4.0,16000
data/raw/deep_voice/fake/biden-to-taylor.wav,50,fake,data/interim/deep_voice_chunks/fake/biden-to-taylor_chunk0050.wav,4.0,16000
data/raw/deep_voice/fake/biden-to-taylor.wav,51,fake,data/interim/deep_voice_chunks/fake/biden-to-taylor_chunk0051.wav,4.0,16000
data/raw/deep_voice/fake/biden-to-taylor.wav,52,fake,data/interim/deep_voice_chunks/fake/biden-to-taylor_chunk0052.wav,4.0,16000
data/raw/deep_voice/fake/biden-to-taylor.wav,53,fake,data/interim/deep_voice_chunks/fake/biden-to-taylor_chunk0053.wav,4.0,16000
data/raw/deep_voice/fake/biden-to-taylor.wav,54,fake,data/interim/deep_voice_chunks/fake/biden-to-taylor_chunk0054.wav,4.0,16000
data/raw/deep_voice/fake/biden-to-taylor.wav,55,fake,data/interim/deep_voice_chunks/fake/biden-to-taylor_chunk0055.wav,4.0,16000
data/raw/deep_voice/fake/biden-to-taylor.wav,56,fake,data/interim/deep_voice_chunks/fake/biden-to-taylor_chunk0056.wav,4.0,16000
data/raw/deep_voice/fake/biden-to-taylor.wav,57,fake,data/interim/deep_voice_chunks/fake/biden-to-taylor_chunk0057.wav,4.0,16000
data/raw/deep_voice/fake/biden-to-taylor.wav,58,fake,data/interim/deep_voice_chunks/fake/biden-to-taylor_chunk0058.wav,4.0,16000
data/raw/deep_voice/fake/biden-to-taylor.wav,59,fake,data/interim/deep_voice_chunks/fake/biden-to-taylor_chunk0059.wav,4.0,16000
data/raw/deep_voice/fake/biden-to-taylor.wav,60,fake,data/interim/deep_voice_chunks/fake/biden-to-taylor_chunk0060.wav,4.0,16000
data/raw/deep_voice/fake/biden-to-taylor.wav,61,fake,data/interim/deep_voice_chunks/fake/biden-to-taylor_chunk0061.wav,4.0,16000
data/raw/deep_voice/fake/biden-to-taylor.wav,62,fake,data/interim/deep_voice_chunks/fake/biden-to-taylor_chunk0062.wav,4.0,16000
data/raw/deep_voice/fake/biden-to-taylor.wav,63,fake,data/interim/deep_voice_chunks/fake/biden-to-taylor_chunk0063.wav,4.0,16000
data/raw/deep_voice/fake/biden-to-taylor.wav,64,fake,data/interim/deep_voice_chunks/fake/biden-to-taylor_chunk0064.wav,4.0,16000
data/raw/deep_voice/fake/biden-to-taylor.wav,65,fake,data/interim/deep_voice_chunks/fake/biden-to-taylor_chunk0065.wav,4.0,16000
data/raw/deep_voice/fake/biden-to-taylor.wav,66,fake,data/interim/deep_voice_chunks/fake/biden-to-taylor_chunk0066.wav,4.0,16000
data/raw/deep_voice/fake/biden-to-taylor.wav,67,fake,data/interim/deep_voice_chunks/fake/biden-to-taylor_chunk0067.wav,4.0,16000
data/raw/deep_voice/fake/biden-to-taylor.wav,68,fake,data/interim/deep_voice_chunks/fake/biden-to-taylor_chunk0068.wav,4.0,16000
data/raw/deep_voice/fake/biden-to-taylor.wav,69,fake,data/interim/deep_voice_chunks/fake/biden-to-taylor_chunk0069.wav,4.0,16000
data/raw/deep_voice/fake/biden-to-taylor.wav,70,fake,data/interim/deep_voice_chunks/fake/biden-to-taylor_chunk0070.wav,4.0,16000
data/raw/deep_voice/fake/biden-to-taylor.wav,71,fake,data/interim/deep_voice_chunks/fake/biden-to-taylor_chunk0071.wav,4.0,16000
data/raw/deep_voice/fake/biden-to-taylor.wav,72,fake,data/interim/deep_voice_chunks/fake/biden-to-taylor_chunk0072.wav,4.0,16000
data/raw/deep_voice/fake/biden-to-taylor.wav,73,fake,data/interim/deep_voice_chunks/fake/biden-to-taylor_chunk0073.wav,4.0,16000
data/raw/deep_voice/fake/biden-to-taylor.wav,74,fake,data/interim/deep_voice_chunks/fake/biden-to-taylor_chunk0074.wav,4.0,16000
data/raw/deep_voice/fake/biden-to-taylor.wav,75,fake,data/interim/deep_voice_chunks/fake/biden-to-taylor_chunk0075.wav,4.0,16000
data/raw/deep_voice/fake/biden-to-taylor.wav,76,fake,data/interim/deep_voice_chunks/fake/biden-to-taylor_chunk0076.wav,4.0,16000
data/raw/deep_voice/fake/biden-to-taylor.wav,77,fake,data/interim/deep_voice_chunks/fake/biden-to-taylor_chunk0077.wav,4.0,16000
data/raw/deep_voice/fake/biden-to-taylor.wav,78,fake,data/interim/deep_voice_chunks/fake/biden-to-taylor_chunk0078.wav,4.0,16000
data/raw/deep_voice/fake/biden-to-taylor.wav,79,fake,data/interim/deep_voice_chunks/fake/biden-to-taylor_chunk0079.wav,4.0,16000
data/raw/deep_voice/fake/biden-to-taylor.wav,80,fake,data/interim/deep_voice_chunks/fake/biden-to-taylor_chunk0080.wav,4.0,16000
data/raw/deep_voice/fake/biden-to-taylor.wav,81,fake,data/interim/deep_voice_chunks/fake/biden-to-taylor_chunk0081.wav,4.0,16000
data/raw/deep_voice/fake/biden-to-taylor.wav,82,fake,data/interim/deep_voice_chunks/fake/biden-to-taylor_chunk0082.wav,4.0,16000
data/raw/deep_voice/fake/biden-to-taylor.wav,83,fake,data/interim/deep_voice_chunks/fake/biden-to-taylor_chunk0083.wav,4.0,16000
data/raw/deep_voice/fake/biden-to-taylor.wav,84,fake,data/interim/deep_voice_chunks/fake/biden-to-taylor_chunk0084.wav,4.0,16000
data/raw/deep_voice/fake/biden-to-taylor.wav,85,fake,data/interim/deep_voice_chunks/fake/biden-to-taylor_chunk0085.wav,4.0,16000
data/raw/deep_voice/fake/biden-to-taylor.wav,86,fake,data/interim/deep_voice_chunks/fake/biden-to-taylor_chunk0086.wav,4.0,16000
data/raw/deep_voice/fake/biden-to-taylor.wav,87,fake,data/interim/deep_voice_chunks/fake/biden-to-taylor_chunk0087.wav,4.0,16000
data/raw/deep_voice/fake/biden-to-taylor.wav,88,fake,data/interim/deep_voice_chunks/fake/biden-to-taylor_chunk0088.wav,4.0,16000
data/raw/deep_voice/fake/biden-to-taylor.wav,89,fake,data/interim/deep_voice_chunks/fake/biden-to-taylor_chunk0089.wav,4.0,16000
data/raw/deep_voice/fake/biden-to-taylor.wav,90,fake,data/interim/deep_voice_chunks/fake/biden-to-taylor_chunk0090.wav,4.0,16000
data/raw/deep_voice/fake/biden-to-taylor.wav,91,fake,data/interim/deep_voice_chunks/fake/biden-to-taylor_chunk0091.wav,4.0,16000
data/raw/deep_voice/fake/biden-to-taylor.wav,92,fake,data/interim/deep_voice_chunks/fake/biden-to-taylor_chunk0092.wav,4.0,16000
data/raw/deep_voice/fake/biden-to-taylor.wav,93,fake,data/interim/deep_voice_chunks/fake/biden-to-taylor_chunk0093.wav,4.0,16000
data/raw/deep_voice/fake/biden-to-taylor.wav,94,fake,data/interim/deep_voice_chunks/fake/biden-to-taylor_chunk0094.wav,4.0,16000
data/raw/deep_voice/fake/biden-to-taylor.wav,95,fake,data/interim/deep_voice_chunks/fake/biden-to-taylor_chunk0095.wav,4.0,16000
data/raw/deep_voice/fake/biden-to-taylor.wav,96,fake,data/interim/deep_voice_chunks/fake/biden-to-taylor_chunk0096.wav,4.0,16000
data/raw/deep_voice/fake/biden-to-taylor.wav,97,fake,data/interim/deep_voice_chunks/fake/biden-to-taylor_chunk0097.wav,4.0,16000
data/raw/deep_voice/fake/biden-to-taylor.wav,98,fake,data/interim/deep_voice_chunks/fake/biden-to-taylor_chunk0098.wav,4.0,16000
data/raw/deep_voice/fake/biden-to-taylor.wav,99,fake,data/interim/deep_voice_chunks/fake/biden-to-taylor_chunk0099.wav,4.0,16000
data/raw/deep_voice/fake/biden-to-taylor.wav,100,fake,data/interim/deep_voice_chunks/fake/biden-to-taylor_chunk0100.wav,4.0,16000
data/raw/deep_voice/fake/biden-to-taylor.wav,101,fake,data/interim/deep_voice_chunks/fake/biden-to-taylor_chunk0101.wav,4.0,16000
data/raw/deep_voice/fake/biden-to-taylor.wav,102,fake,data/interim/deep_voice_chunks/fake/biden-to-taylor_chunk0102.wav,4.0,16000
data/raw/deep_voice/fake/biden-to-taylor.wav,103,fake,data/interim/deep_voice_chunks/fake/biden-to-taylor_chunk0103.wav,4.0,16000
data/raw/deep_voice/fake/biden-to-taylor.wav,104,fake,data/interim/deep_voice_chunks/fake/biden-to-taylor_chunk0104.wav,4.0,16000
data/raw/deep_voice/fake/biden-to-taylor.wav,105,fake,data/interim/deep_voice_chunks/fake/biden-to-taylor_chunk0105.wav,4.0,16000
data/raw/deep_voice/fake/biden-to-taylor.wav,106,fake,data/interim/deep_voice_chunks/fake/biden-to-taylor_chunk0106.wav,4.0,16000
data/raw/deep_voice/fake/biden-to-taylor.wav,107,fake,data/interim/deep_voice_chunks/fake/biden-to-taylor_chunk0107.wav,4.0,16000
data/raw/deep_voice/fake/biden-to-taylor.wav,108,fake,data/interim/deep_voice_chunks/fake/biden-to-taylor_chunk0108.wav,4.0,16000
data/raw/deep_voice/fake/biden-to-taylor.wav,109,fake,data/interim/deep_voice_chunks/fake/biden-to-taylor_chunk0109.wav,4.0,16000
data/raw/deep_voice/fake/biden-to-taylor.wav,110,fake,data/interim/deep_voice_chunks/fake/biden-to-taylor_chunk0110.wav,4.0,16000
data/raw/deep_voice/fake/biden-to-taylor.wav,111,fake,data/interim/deep_voice_chunks/fake/biden-to-taylor_chunk0111.wav,4.0,16000
data/raw/deep_voice/fake/biden-to-taylor.wav,112,fake,data/interim/deep_voice_chunks/fake/biden-to-taylor_chunk0112.wav,4.0,16000
data/raw/deep_voice/fake/biden-to-taylor.wav,113,fake,data/interim/deep_voice_chunks/fake/biden-to-taylor_chunk0113.wav,4.0,16000
data/raw/deep_voice/fake/biden-to-taylor.wav,114,fake,data/interim/deep_voice_chunks/fake/biden-to-taylor_chunk0114.wav,4.0,16000
data/raw/deep_voice/fake/biden-to-taylor.wav,115,fake,data/interim/deep_voice_chunks/fake/biden-to-taylor_chunk0115.wav,4.0,16000
data/raw/deep_voice/fake/biden-to-taylor.wav,116,fake,data/interim/deep_voice_chunks/fake/biden-to-taylor_chunk0116.wav,4.0,16000
data/raw/deep_voice/fake/biden-to-taylor.wav,117,fake,data/interim/deep_voice_chunks/fake/biden-to-taylor_chunk0117.wav,4.0,16000
data/raw/deep_voice/fake/biden-to-taylor.wav,118,fake,data/interim/deep_voice_chunks/fake/biden-to-taylor_chunk0118.wav,4.0,16000
data/raw/deep_voice/fake/biden-to-taylor.wav,119,fake,data/interim/deep_voice_chunks/fake/biden-to-taylor_chunk0119.wav,4.0,16000
data/raw/deep_voice/fake/biden-to-taylor.wav,120,fake,data/interim/deep_voice_chunks/fake/biden-to-taylor_chunk0120.wav,4.0,16000
data/raw/deep_voice/fake/biden-to-taylor.wav,121,fake,data/interim/deep_voice_chunks/fake/biden-to-taylor_chunk0121.wav,4.0,16000
data/raw/deep_voice/fake/biden-to-taylor.wav,122,fake,data/interim/deep_voice_chunks/fake/biden-to-taylor_chunk0122.wav,4.0,16000
data/raw/deep_voice/fake/biden-to-taylor.wav,123,fake,data/interim/deep_voice_chunks/fake/biden-to-taylor_chunk0123.wav,4.0,16000
data/raw/deep_voice/fake/biden-to-taylor.wav,124,fake,data/interim/deep_voice_chunks/fake/biden-to-taylor_chunk0124.wav,4.0,16000
data/raw/deep_voice/fake/biden-to-taylor.wav,125,fake,data/interim/deep_voice_chunks/fake/biden-to-taylor_chunk0125.wav,4.0,16000
data/raw/deep_voice/fake/biden-to-taylor.wav,126,fake,data/interim/deep_voice_chunks/fake/biden-to-taylor_chunk0126.wav,4.0,16000
data/raw/deep_voice/fake/biden-to-taylor.wav,127,fake,data/interim/deep_voice_chunks/fake/biden-to-taylor_chunk0127.wav,4.0,16000
data/raw/deep_voice/fake/biden-to-taylor.wav,128,fake,data/interim/deep_voice_chunks/fake/biden-to-taylor_chunk0128.wav,4.0,16000
data/raw/deep_voice/fake/biden-to-taylor.wav,129,fake,data/interim/deep_voice_chunks/fake/biden-to-taylor_chunk0129.wav,4.0,16000
data/raw/deep_voice/fake/biden-to-taylor.wav,130,fake,data/interim/deep_voice_chunks/fake/biden-to-taylor_chunk0130.wav,4.0,16000
data/raw/deep_voice/fake/biden-to-taylor.wav,131,fake,data/interim/deep_voice_chunks/fake/biden-to-taylor_chunk0131.wav,4.0,16000
data/raw/deep_voice/fake/biden-to-taylor.wav,132,fake,data/interim/deep_voice_chunks/fake/biden-to-taylor_chunk0132.wav,4.0,16000
data/raw/deep_voice/fake/biden-to-taylor.wav,133,fake,data/interim/deep_voice_chunks/fake/biden-to-taylor_chunk0133.wav,4.0,16000
data/raw/deep_voice/fake/biden-to-taylor.wav,134,fake,data/interim/deep_voice_chunks/fake/biden-to-taylor_chunk0134.wav,4.0,16000
data/raw/deep_voice/fake/biden-to-taylor.wav,135,fake,data/interim/deep_voice_chunks/fake/biden-to-taylor_chunk0135.wav,4.0,16000
data/raw/deep_voice/fake/biden-to-taylor.wav,136,fake,data/interim/deep_voice_chunks/fake/biden-to-taylor_chunk0136.wav,4.0,16000
data/raw/deep_voice/fake/biden-to-taylor.wav,137,fake,data/interim/deep_voice_chunks/fake/biden-to-taylor_chunk0137.wav,4.0,16000
data/raw/deep_voice/fake/biden-to-taylor.wav,138,fake,data/interim/deep_voice_chunks/fake/biden-to-taylor_chunk0138.wav,4.0,16000
data/raw/deep_voice/fake/biden-to-taylor.wav,139,fake,data/interim/deep_voice_chunks/fake/biden-to-taylor_chunk0139.wav,4.0,16000
data/raw/deep_voice/fake/biden-to-taylor.wav,140,fake,data/interim/deep_voice_chunks/fake/biden-to-taylor_chunk0140.wav,4.0,16000
data/raw/deep_voice/fake/biden-to-taylor.wav,141,fake,data/interim/deep_voice_chunks/fake/biden-to-taylor_chunk0141.wav,4.0,16000
data/raw/deep_voice/fake/biden-to-taylor.wav,142,fake,data/interim/deep_voice_chunks/fake/biden-to-taylor_chunk0142.wav,4.0,16000
data/raw/deep_voice/fake/biden-to-taylor.wav,143,fake,data/interim/deep_voice_chunks/fake/biden-to-taylor_chunk0143.wav,4.0,16000
data/raw/deep_voice/fake/biden-to-taylor.wav,144,fake,data/interim/deep_voice_chunks/fake/biden-to-taylor_chunk0144.wav,4.0,16000
data/raw/deep_voice/fake/biden-to-taylor.wav,145,fake,data/interim/deep_voice_chunks/fake/biden-to-taylor_chunk0145.wav,4.0,16000
data/raw/deep_voice/fake/biden-to-taylor.wav,146,fake,data/interim/deep_voice_chunks/fake/biden-to-taylor_chunk0146.wav,4.0,16000
data/raw/deep_voice/fake/biden-to-taylor.wav,147,fake,data/interim/deep_voice_chunks/fake/biden-to-taylor_chunk0147.wav,4.0,16000
data/raw/deep_voice/fake/biden-to-taylor.wav,148,fake,data/interim/deep_voice_chunks/fake/biden-to-taylor_chunk0148.wav,4.0,16000
data/raw/deep_voice/fake/biden-to-taylor.wav,149,fake,data/interim/deep_voice_chunks/fake/biden-to-taylor_chunk0149.wav,3.936,16000
data/raw/deep_voice/fake/biden-to-Trump.wav,0,fake,data/interim/deep_voice_chunks/fake/biden-to-Trump_chunk0000.wav,4.0,16000
data/raw/deep_voice/fake/biden-to-Trump.wav,1,fake,data/interim/deep_voice_chunks/fake/biden-to-Trump_chunk0001.wav,4.0,16000
data/raw/deep_voice/fake/biden-to-Trump.wav,2,fake,data/interim/deep_voice_chunks/fake/biden-to-Trump_chunk0002.wav,4.0,16000
data/raw/deep_voice/fake/biden-to-Trump.wav,3,fake,data/interim/deep_voice_chunks/fake/biden-to-Trump_chunk0003.wav,4.0,16000
data/raw/deep_voice/fake/biden-to-Trump.wav,4,fake,data/interim/deep_voice_chunks/fake/biden-to-Trump_chunk0004.wav,4.0,16000
data/raw/deep_voice/fake/biden-to-Trump.wav,5,fake,data/interim/deep_voice_chunks/fake/biden-to-Trump_chunk0005.wav,4.0,16000
data/raw/deep_voice/fake/biden-to-Trump.wav,6,fake,data/interim/deep_voice_chunks/fake/biden-to-Trump_chunk0006.wav,4.0,16000
data/raw/deep_voice/fake/biden-to-Trump.wav,7,fake,data/interim/deep_voice_chunks/fake/biden-to-Trump_chunk0007.wav,4.0,16000
data/raw/deep_voice/fake/biden-to-Trump.wav,8,fake,data/interim/deep_voice_chunks/fake/biden-to-Trump_chunk0008.wav,4.0,16000
data/raw/deep_voice/fake/biden-to-Trump.wav,9,fake,data/interim/deep_voice_chunks/fake/biden-to-Trump_chunk0009.wav,4.0,16000
data/raw/deep_voice/fake/biden-to-Trump.wav,10,fake,data/interim/deep_voice_chunks/fake/biden-to-Trump_chunk0010.wav,4.0,16000
data/raw/deep_voice/fake/biden-to-Trump.wav,11,fake,data/interim/deep_voice_chunks/fake/biden-to-Trump_chunk0011.wav,4.0,16000
data/raw/deep_voice/fake/biden-to-Trump.wav,12,fake,data/interim/deep_voice_chunks/fake/biden-to-Trump_chunk0012.wav,4.0,16000
data/raw/deep_voice/fake/biden-to-Trump.wav,13,fake,data/interim/deep_voice_chunks/fake/biden-to-Trump_chunk0013.wav,4.0,16000
data/raw/deep_voice/fake/biden-to-Trump.wav,14,fake,data/interim/deep_voice_chunks/fake/biden-to-Trump_chunk0014.wav,4.0,16000
data/raw/deep_voice/fake/biden-to-Trump.wav,15,fake,data/interim/deep_voice_chunks/fake/biden-to-Trump_chunk0015.wav,4.0,16000
data/raw/deep_voice/fake/biden-to-Trump.wav,16,fake,data/interim/deep_voice_chunks/fake/biden-to-Trump_chunk0016.wav,4.0,16000
data/raw/deep_voice/fake/biden-to-Trump.wav,17,fake,data/interim/deep_voice_chunks/fake/biden-to-Trump_chunk0017.wav,4.0,16000
data/raw/deep_voice/fake/biden-to-Trump.wav,18,fake,data/interim/deep_voice_chunks/fake/biden-to-Trump_chunk0018.wav,4.0,16000
data/raw/deep_voice/fake/biden-to-Trump.wav,19,fake,data/interim/deep_voice_chunks/fake/biden-to-Trump_chunk0019.wav,4.0,16000
data/raw/deep_voice/fake/biden-to-Trump.wav,20,fake,data/interim/deep_voice_chunks/fake/biden-to-Trump_chunk0020.wav,4.0,16000
data/raw/deep_voice/fake/biden-to-Trump.wav,21,fake,data/interim/deep_voice_chunks/fake/biden-to-Trump_chunk0021.wav,4.0,16000
data/raw/deep_voice/fake/biden-to-Trump.wav,22,fake,data/interim/deep_voice_chunks/fake/biden-to-Trump_chunk0022.wav,4.0,16000
data/raw/deep_voice/fake/biden-to-Trump.wav,23,fake,data/interim/deep_voice_chunks/fake/biden-to-Trump_chunk0023.wav,4.0,16000
data/raw/deep_voice/fake/biden-to-Trump.wav,24,fake,data/interim/deep_voice_chunks/fake/biden-to-Trump_chunk0024.wav,4.0,16000
data/raw/deep_voice/fake/biden-to-Trump.wav,25,fake,data/interim/deep_voice_chunks/fake/biden-to-Trump_chunk0025.wav,4.0,16000
data/raw/deep_voice/fake/biden-to-Trump.wav,26,fake,data/interim/deep_voice_chunks/fake/biden-to-Trump_chunk0026.wav,4.0,16000
data/raw/deep_voice/fake/biden-to-Trump.wav,27,fake,data/interim/deep_voice_chunks/fake/biden-to-Trump_chunk0027.wav,4.0,16000
data/raw/deep_voice/fake/biden-to-Trump.wav,28,fake,data/interim/deep_voice_chunks/fake/biden-to-Trump_chunk0028.wav,4.0,16000
data/raw/deep_voice/fake/biden-to-Trump.wav,29,fake,data/interim/deep_voice_chunks/fake/biden-to-Trump_chunk0029.wav,4.0,16000
data/raw/deep_voice/fake/biden-to-Trump.wav,30,fake,data/interim/deep_voice_chunks/fake/biden-to-Trump_chunk0030.wav,4.0,16000
data/raw/deep_voice/fake/biden-to-Trump.wav,31,fake,data/interim/deep_voice_chunks/fake/biden-to-Trump_chunk0031.wav,4.0,16000
data/raw/deep_voice/fake/biden-to-Trump.wav,32,fake,data/interim/deep_voice_chunks/fake/biden-to-Trump_chunk0032.wav,4.0,16000
data/raw/deep_voice/fake/biden-to-Trump.wav,33,fake,data/interim/deep_voice_chunks/fake/biden-to-Trump_chunk0033.wav,4.0,16000
data/raw/deep_voice/fake/biden-to-Trump.wav,34,fake,data/interim/deep_voice_chunks/fake/biden-to-Trump_chunk0034.wav,4.0,16000
data/raw/deep_voice/fake/biden-to-Trump.wav,35,fake,data/interim/deep_voice_chunks/fake/biden-to-Trump_chunk0035.wav,4.0,16000
data/raw/deep_voice/fake/biden-to-Trump.wav,36,fake,data/interim/deep_voice_chunks/fake/biden-to-Trump_chunk0036.wav,4.0,16000
data/raw/deep_voice/fake/biden-to-Trump.wav,37,fake,data/interim/deep_voice_chunks/fake/biden-to-Trump_chunk0037.wav,4.0,16000
data/raw/deep_voice/fake/biden-to-Trump.wav,38,fake,data/interim/deep_voice_chunks/fake/biden-to-Trump_chunk0038.wav,4.0,16000
data/raw/deep_voice/fake/biden-to-Trump.wav,39,fake,data/interim/deep_voice_chunks/fake/biden-to-Trump_chunk0039.wav,4.0,16000
data/raw/deep_voice/fake/biden-to-Trump.wav,40,fake,data/interim/deep_voice_chunks/fake/biden-to-Trump_chunk0040.wav,4.0,16000
data/raw/deep_voice/fake/biden-to-Trump.wav,41,fake,data/interim/deep_voice_chunks/fake/biden-to-Trump_chunk0041.wav,4.0,16000
data/raw/deep_voice/fake/biden-to-Trump.wav,42,fake,data/interim/deep_voice_chunks/fake/biden-to-Trump_chunk0042.wav,4.0,16000
data/raw/deep_voice/fake/biden-to-Trump.wav,43,fake,data/interim/deep_voice_chunks/fake/biden-to-Trump_chunk0043.wav,4.0,16000
data/raw/deep_voice/fake/biden-to-Trump.wav,44,fake,data/interim/deep_voice_chunks/fake/biden-to-Trump_chunk0044.wav,4.0,16000
data/raw/deep_voice/fake/biden-to-Trump.wav,45,fake,data/interim/deep_voice_chunks/fake/biden-to-Trump_chunk0045.wav,4.0,16000
data/raw/deep_voice/fake/biden-to-Trump.wav,46,fake,data/interim/deep_voice_chunks/fake/biden-to-Trump_chunk0046.wav,4.0,16000
data/raw/deep_voice/fake/biden-to-Trump.wav,47,fake,data/interim/deep_voice_chunks/fake/biden-to-Trump_chunk0047.wav,4.0,16000
data/raw/deep_voice/fake/biden-to-Trump.wav,48,fake,data/interim/deep_voice_chunks/fake/biden-to-Trump_chunk0048.wav,4.0,16000
data/raw/deep_voice/fake/biden-to-Trump.wav,49,fake,data/interim/deep_voice_chunks/fake/biden-to-Trump_chunk0049.wav,4.0,16000
data/raw/deep_voice/fake/biden-to-Trump.wav,50,fake,data/interim/deep_voice_chunks/fake/biden-to-Trump_chunk0050.wav,4.0,16000
data/raw/deep_voice/fake/biden-to-Trump.wav,51,fake,data/interim/deep_voice_chunks/fake/biden-to-Trump_chunk0051.wav,4.0,16000
data/raw/deep_voice/fake/biden-to-Trump.wav,52,fake,data/interim/deep_voice_chunks/fake/biden-to-Trump_chunk0052.wav,4.0,16000
data/raw/deep_voice/fake/biden-to-Trump.wav,53,fake,data/interim/deep_voice_chunks/fake/biden-to-Trump_chunk0053.wav,4.0,16000
data/raw/deep_voice/fake/biden-to-Trump.wav,54,fake,data/interim/deep_voice_chunks/fake/biden-to-Trump_chunk0054.wav,4.0,16000
data/raw/deep_voice/fake/biden-to-Trump.wav,55,fake,data/interim/deep_voice_chunks/fake/biden-to-Trump_chunk0055.wav,4.0,16000
data/raw/deep_voice/fake/biden-to-Trump.wav,56,fake,data/interim/deep_voice_chunks/fake/biden-to-Trump_chunk0056.wav,4.0,16000
data/raw/deep_voice/fake/biden-to-Trump.wav,57,fake,data/interim/deep_voice_chunks/fake/biden-to-Trump_chunk0057.wav,4.0,16000
data/raw/deep_voice/fake/biden-to-Trump.wav,58,fake,data/interim/deep_voice_chunks/fake/biden-to-Trump_chunk0058.wav,4.0,16000
data/raw/deep_voice/fake/biden-to-Trump.wav,59,fake,data/interim/deep_voice_chunks/fake/biden-to-Trump_chunk0059.wav,4.0,16000
data/raw/deep_voice/fake/biden-to-Trump.wav,60,fake,data/interim/deep_voice_chunks/fake/biden-to-Trump_chunk0060.wav,4.0,16000
data/raw/deep_voice/fake/biden-to-Trump.wav,61,fake,data/interim/deep_voice_chunks/fake/biden-to-Trump_chunk0061.wav,4.0,16000
data/raw/deep_voice/fake/biden-to-Trump.wav,62,fake,data/interim/deep_voice_chunks/fake/biden-to-Trump_chunk0062.wav,4.0,16000
data/raw/deep_voice/fake/biden-to-Trump.wav,63,fake,data/interim/deep_voice_chunks/fake/biden-to-Trump_chunk0063.wav,4.0,16000
data/raw/deep_voice/fake/biden-to-Trump.wav,64,fake,data/interim/deep_voice_chunks/fake/biden-to-Trump_chunk0064.wav,4.0,16000
data/raw/deep_voice/fake/biden-to-Trump.wav,65,fake,data/interim/deep_voice_chunks/fake/biden-to-Trump_chunk0065.wav,4.0,16000
data/raw/deep_voice/fake/biden-to-Trump.wav,66,fake,data/interim/deep_voice_chunks/fake/biden-to-Trump_chunk0066.wav,4.0,16000
data/raw/deep_voice/fake/biden-to-Trump.wav,67,fake,data/interim/deep_voice_chunks/fake/biden-to-Trump_chunk0067.wav,4.0,16000
data/raw/deep_voice/fake/biden-to-Trump.wav,68,fake,data/interim/deep_voice_chunks/fake/biden-to-Trump_chunk0068.wav,4.0,16000
data/raw/deep_voice/fake/biden-to-Trump.wav,69,fake,data/interim/deep_voice_chunks/fake/biden-to-Trump_chunk0069.wav,4.0,16000
data/raw/deep_voice/fake/biden-to-Trump.wav,70,fake,data/interim/deep_voice_chunks/fake/biden-to-Trump_chunk0070.wav,4.0,16000
data/raw/deep_voice/fake/biden-to-Trump.wav,71,fake,data/interim/deep_voice_chunks/fake/biden-to-Trump_chunk0071.wav,4.0,16000
data/raw/deep_voice/fake/biden-to-Trump.wav,72,fake,data/interim/deep_voice_chunks/fake/biden-to-Trump_chunk0072.wav,4.0,16000
data/raw/deep_voice/fake/biden-to-Trump.wav,73,fake,data/interim/deep_voice_chunks/fake/biden-to-Trump_chunk0073.wav,4.0,16000
data/raw/deep_voice/fake/biden-to-Trump.wav,74,fake,data/interim/deep_voice_chunks/fake/biden-to-Trump_chunk0074.wav,4.0,16000
data/raw/deep_voice/fake/biden-to-Trump.wav,75,fake,data/interim/deep_voice_chunks/fake/biden-to-Trump_chunk0075.wav,4.0,16000
data/raw/deep_voice/fake/biden-to-Trump.wav,76,fake,data/interim/deep_voice_chunks/fake/biden-to-Trump_chunk0076.wav,4.0,16000
data/raw/deep_voice/fake/biden-to-Trump.wav,77,fake,data/interim/deep_voice_chunks/fake/biden-to-Trump_chunk0077.wav,4.0,16000
data/raw/deep_voice/fake/biden-to-Trump.wav,78,fake,data/interim/deep_voice_chunks/fake/biden-to-Trump_chunk0078.wav,4.0,16000
data/raw/deep_voice/fake/biden-to-Trump.wav,79,fake,data/interim/deep_voice_chunks/fake/biden-to-Trump_chunk0079.wav,4.0,16000
data/raw/deep_voice/fake/biden-to-Trump.wav,80,fake,data/interim/deep_voice_chunks/fake/biden-to-Trump_chunk0080.wav,4.0,16000
data/raw/deep_voice/fake/biden-to-Trump.wav,81,fake,data/interim/deep_voice_chunks/fake/biden-to-Trump_chunk0081.wav,4.0,16000
data/raw/deep_voice/fake/biden-to-Trump.wav,82,fake,data/interim/deep_voice_chunks/fake/biden-to-Trump_chunk0082.wav,4.0,16000
data/raw/deep_voice/fake/biden-to-Trump.wav,83,fake,data/interim/deep_voice_chunks/fake/biden-to-Trump_chunk0083.wav,4.0,16000
data/raw/deep_voice/fake/biden-to-Trump.wav,84,fake,data/interim/deep_voice_chunks/fake/biden-to-Trump_chunk0084.wav,4.0,16000
data/raw/deep_voice/fake/biden-to-Trump.wav,85,fake,data/interim/deep_voice_chunks/fake/biden-to-Trump_chunk0085.wav,4.0,16000
data/raw/deep_voice/fake/biden-to-Trump.wav,86,fake,data/interim/deep_voice_chunks/fake/biden-to-Trump_chunk0086.wav,4.0,16000
data/raw/deep_voice/fake/biden-to-Trump.wav,87,fake,data/interim/deep_voice_chunks/fake/biden-to-Trump_chunk0087.wav,4.0,16000
data/raw/deep_voice/fake/biden-to-Trump.wav,88,fake,data/interim/deep_voice_chunks/fake/biden-to-Trump_chunk0088.wav,4.0,16000
data/raw/deep_voice/fake/biden-to-Trump.wav,89,fake,data/interim/deep_voice_chunks/fake/biden-to-Trump_chunk0089.wav,4.0,16000
data/raw/deep_voice/fake/biden-to-Trump.wav,90,fake,data/interim/deep_voice_chunks/fake/biden-to-Trump_chunk0090.wav,4.0,16000
data/raw/deep_voice/fake/biden-to-Trump.wav,91,fake,data/interim/deep_voice_chunks/fake/biden-to-Trump_chunk0091.wav,4.0,16000
data/raw/deep_voice/fake/biden-to-Trump.wav,92,fake,data/interim/deep_voice_chunks/fake/biden-to-Trump_chunk0092.wav,4.0,16000
data/raw/deep_voice/fake/biden-to-Trump.wav,93,fake,data/interim/deep_voice_chunks/fake/biden-to-Trump_chunk0093.wav,4.0,16000
data/raw/deep_voice/fake/biden-to-Trump.wav,94,fake,data/interim/deep_voice_chunks/fake/biden-to-Trump_chunk0094.wav,4.0,16000
data/raw/deep_voice/fake/biden-to-Trump.wav,95,fake,data/interim/deep_voice_chunks/fake/biden-to-Trump_chunk0095.wav,4.0,16000
data/raw/deep_voice/fake/biden-to-Trump.wav,96,fake,data/interim/deep_voice_chunks/fake/biden-to-Trump_chunk0096.wav,4.0,16000
data/raw/deep_voice/fake/biden-to-Trump.wav,97,fake,data/interim/deep_voice_chunks/fake/biden-to-Trump_chunk0097.wav,4.0,16000
data/raw/deep_voice/fake/biden-to-Trump.wav,98,fake,data/interim/deep_voice_chunks/fake/biden-to-Trump_chunk0098.wav,4.0,16000
data/raw/deep_voice/fake/biden-to-Trump.wav,99,fake,data/interim/deep_voice_chunks/fake/biden-to-Trump_chunk0099.wav,4.0,16000
data/raw/deep_voice/fake/biden-to-Trump.wav,100,fake,data/interim/deep_voice_chunks/fake/biden-to-Trump_chunk0100.wav,4.0,16000
data/raw/deep_voice/fake/biden-to-Trump.wav,101,fake,data/interim/deep_voice_chunks/fake/biden-to-Trump_chunk0101.wav,4.0,16000
data/raw/deep_voice/fake/biden-to-Trump.wav,102,fake,data/interim/deep_voice_chunks/fake/biden-to-Trump_chunk0102.wav,4.0,16000
data/raw/deep_voice/fake/biden-to-Trump.wav,103,fake,data/interim/deep_voice_chunks/fake/biden-to-Trump_chunk0103.wav,4.0,16000
data/raw/deep_voice/fake/biden-to-Trump.wav,104,fake,data/interim/deep_voice_chunks/fake/biden-to-Trump_chunk0104.wav,4.0,16000
data/raw/deep_voice/fake/biden-to-Trump.wav,105,fake,data/interim/deep_voice_chunks/fake/biden-to-Trump_chunk0105.wav,4.0,16000
data/raw/deep_voice/fake/biden-to-Trump.wav,106,fake,data/interim/deep_voice_chunks/fake/biden-to-Trump_chunk0106.wav,4.0,16000
data/raw/deep_voice/fake/biden-to-Trump.wav,107,fake,data/interim/deep_voice_chunks/fake/biden-to-Trump_chunk0107.wav,4.0,16000
data/raw/deep_voice/fake/biden-to-Trump.wav,108,fake,data/interim/deep_voice_chunks/fake/biden-to-Trump_chunk0108.wav,4.0,16000
data/raw/deep_voice/fake/biden-to-Trump.wav,109,fake,data/interim/deep_voice_chunks/fake/biden-to-Trump_chunk0109.wav,4.0,16000
data/raw/deep_voice/fake/biden-to-Trump.wav,110,fake,data/interim/deep_voice_chunks/fake/biden-to-Trump_chunk0110.wav,4.0,16000
data/raw/deep_voice/fake/biden-to-Trump.wav,111,fake,data/interim/deep_voice_chunks/fake/biden-to-Trump_chunk0111.wav,4.0,16000
data/raw/deep_voice/fake/biden-to-Trump.wav,112,fake,data/interim/deep_voice_chunks/fake/biden-to-Trump_chunk0112.wav,4.0,16000
data/raw/deep_voice/fake/biden-to-Trump.wav,113,fake,data/interim/deep_voice_chunks/fake/biden-to-Trump_chunk0113.wav,4.0,16000
data/raw/deep_voice/fake/biden-to-Trump.wav,114,fake,data/interim/deep_voice_chunks/fake/biden-to-Trump_chunk0114.wav,4.0,16000
data/raw/deep_voice/fake/biden-to-Trump.wav,115,fake,data/interim/deep_voice_chunks/fake/biden-to-Trump_chunk0115.wav,4.0,16000
data/raw/deep_voice/fake/biden-to-Trump.wav,116,fake,data/interim/deep_voice_chunks/fake/biden-to-Trump_chunk0116.wav,4.0,16000
data/raw/deep_voice/fake/biden-to-Trump.wav,117,fake,data/interim/deep_voice_chunks/fake/biden-to-Trump_chunk0117.wav,4.0,16000
data/raw/deep_voice/fake/biden-to-Trump.wav,118,fake,data/interim/deep_voice_chunks/fake/biden-to-Trump_chunk0118.wav,4.0,16000
data/raw/deep_voice/fake/biden-to-Trump.wav,119,fake,data/interim/deep_voice_chunks/fake/biden-to-Trump_chunk0119.wav,4.0,16000
data/raw/deep_voice/fake/biden-to-Trump.wav,120,fake,data/interim/deep_voice_chunks/fake/biden-to-Trump_chunk0120.wav,4.0,16000
data/raw/deep_voice/fake/biden-to-Trump.wav,121,fake,data/interim/deep_voice_chunks/fake/biden-to-Trump_chunk0121.wav,4.0,16000
data/raw/deep_voice/fake/biden-to-Trump.wav,122,fake,data/interim/deep_voice_chunks/fake/biden-to-Trump_chunk0122.wav,4.0,16000
data/raw/deep_voice/fake/biden-to-Trump.wav,123,fake,data/interim/deep_voice_chunks/fake/biden-to-Trump_chunk0123.wav,4.0,16000
data/raw/deep_voice/fake/biden-to-Trump.wav,124,fake,data/interim/deep_voice_chunks/fake/biden-to-Trump_chunk0124.wav,4.0,16000
data/raw/deep_voice/fake/biden-to-Trump.wav,125,fake,data/interim/deep_voice_chunks/fake/biden-to-Trump_chunk0125.wav,4.0,16000
data/raw/deep_voice/fake/biden-to-Trump.wav,126,fake,data/interim/deep_voice_chunks/fake/biden-to-Trump_chunk0126.wav,4.0,16000
data/raw/deep_voice/fake/biden-to-Trump.wav,127,fake,data/interim/deep_voice_chunks/fake/biden-to-Trump_chunk0127.wav,4.0,16000
data/raw/deep_voice/fake/biden-to-Trump.wav,128,fake,data/interim/deep_voice_chunks/fake/biden-to-Trump_chunk0128.wav,4.0,16000
data/raw/deep_voice/fake/biden-to-Trump.wav,129,fake,data/interim/deep_voice_chunks/fake/biden-to-Trump_chunk0129.wav,4.0,16000
data/raw/deep_voice/fake/biden-to-Trump.wav,130,fake,data/interim/deep_voice_chunks/fake/biden-to-Trump_chunk0130.wav,4.0,16000
data/raw/deep_voice/fake/biden-to-Trump.wav,131,fake,data/interim/deep_voice_chunks/fake/biden-to-Trump_chunk0131.wav,4.0,16000
data/raw/deep_voice/fake/biden-to-Trump.wav,132,fake,data/interim/deep_voice_chunks/fake/biden-to-Trump_chunk0132.wav,4.0,16000
data/raw/deep_voice/fake/biden-to-Trump.wav,133,fake,data/interim/deep_voice_chunks/fake/biden-to-Trump_chunk0133.wav,4.0,16000
data/raw/deep_voice/fake/biden-to-Trump.wav,134,fake,data/interim/deep_voice_chunks/fake/biden-to-Trump_chunk0134.wav,4.0,16000
data/raw/deep_voice/fake/biden-to-Trump.wav,135,fake,data/interim/deep_voice_chunks/fake/biden-to-Trump_chunk0135.wav,4.0,16000
data/raw/deep_voice/fake/biden-to-Trump.wav,136,fake,data/interim/deep_voice_chunks/fake/biden-to-Trump_chunk0136.wav,4.0,16000
data/raw/deep_voice/fake/biden-to-Trump.wav,137,fake,data/interim/deep_voice_chunks/fake/biden-to-Trump_chunk0137.wav,4.0,16000
data/raw/deep_voice/fake/biden-to-Trump.wav,138,fake,data/interim/deep_voice_chunks/fake/biden-to-Trump_chunk0138.wav,4.0,16000
data/raw/deep_voice/fake/biden-to-Trump.wav,139,fake,data/interim/deep_voice_chunks/fake/biden-to-Trump_chunk0139.wav,4.0,16000
data/raw/deep_voice/fake/biden-to-Trump.wav,140,fake,data/interim/deep_voice_chunks/fake/biden-to-Trump_chunk0140.wav,4.0,16000
data/raw/deep_voice/fake/biden-to-Trump.wav,141,fake,data/interim/deep_voice_chunks/fake/biden-to-Trump_chunk0141.wav,4.0,16000
data/raw/deep_voice/fake/biden-to-Trump.wav,142,fake,data/interim/deep_voice_chunks/fake/biden-to-Trump_chunk0142.wav,4.0,16000
data/raw/deep_voice/fake/biden-to-Trump.wav,143,fake,data/interim/deep_voice_chunks/fake/biden-to-Trump_chunk0143.wav,4.0,16000
data/raw/deep_voice/fake/biden-to-Trump.wav,144,fake,data/interim/deep_voice_chunks/fake/biden-to-Trump_chunk0144.wav,4.0,16000
data/raw/deep_voice/fake/biden-to-Trump.wav,145,fake,data/interim/deep_voice_chunks/fake/biden-to-Trump_chunk0145.wav,4.0,16000
data/raw/deep_voice/fake/biden-to-Trump.wav,146,fake,data/interim/deep_voice_chunks/fake/biden-to-Trump_chunk0146.wav,4.0,16000
data/raw/deep_voice/fake/biden-to-Trump.wav,147,fake,data/interim/deep_voice_chunks/fake/biden-to-Trump_chunk0147.wav,4.0,16000
data/raw/deep_voice/fake/biden-to-Trump.wav,148,fake,data/interim/deep_voice_chunks/fake/biden-to-Trump_chunk0148.wav,4.0,16000
data/raw/deep_voice/fake/biden-to-Trump.wav,149,fake,data/interim/deep_voice_chunks/fake/biden-to-Trump_chunk0149.wav,3.968,16000
data/raw/deep_voice/fake/linus-to-biden.wav,0,fake,data/interim/deep_voice_chunks/fake/linus-to-biden_chunk0000.wav,4.0,16000
data/raw/deep_voice/fake/linus-to-biden.wav,1,fake,data/interim/deep_voice_chunks/fake/linus-to-biden_chunk0001.wav,4.0,16000
data/raw/deep_voice/fake/linus-to-biden.wav,2,fake,data/interim/deep_voice_chunks/fake/linus-to-biden_chunk0002.wav,4.0,16000
data/raw/deep_voice/fake/linus-to-biden.wav,3,fake,data/interim/deep_voice_chunks/fake/linus-to-biden_chunk0003.wav,4.0,16000
data/raw/deep_voice/fake/linus-to-biden.wav,4,fake,data/interim/deep_voice_chunks/fake/linus-to-biden_chunk0004.wav,4.0,16000
data/raw/deep_voice/fake/linus-to-biden.wav,5,fake,data/interim/deep_voice_chunks/fake/linus-to-biden_chunk0005.wav,4.0,16000
data/raw/deep_voice/fake/linus-to-biden.wav,6,fake,data/interim/deep_voice_chunks/fake/linus-to-biden_chunk0006.wav,4.0,16000
data/raw/deep_voice/fake/linus-to-biden.wav,7,fake,data/interim/deep_voice_chunks/fake/linus-to-biden_chunk0007.wav,4.0,16000
data/raw/deep_voice/fake/linus-to-biden.wav,8,fake,data/interim/deep_voice_chunks/fake/linus-to-biden_chunk0008.wav,4.0,16000
data/raw/deep_voice/fake/linus-to-biden.wav,9,fake,data/interim/deep_voice_chunks/fake/linus-to-biden_chunk0009.wav,4.0,16000
data/raw/deep_voice/fake/linus-to-biden.wav,10,fake,data/interim/deep_voice_chunks/fake/linus-to-biden_chunk0010.wav,4.0,16000
data/raw/deep_voice/fake/linus-to-biden.wav,11,fake,data/interim/deep_voice_chunks/fake/linus-to-biden_chunk0011.wav,4.0,16000
data/raw/deep_voice/fake/linus-to-biden.wav,12,fake,data/interim/deep_voice_chunks/fake/linus-to-biden_chunk0012.wav,4.0,16000
data/raw/deep_voice/fake/linus-to-biden.wav,13,fake,data/interim/deep_voice_chunks/fake/linus-to-biden_chunk0013.wav,4.0,16000
data/raw/deep_voice/fake/linus-to-biden.wav,14,fake,data/interim/deep_voice_chunks/fake/linus-to-biden_chunk0014.wav,4.0,16000
data/raw/deep_voice/fake/linus-to-biden.wav,15,fake,data/interim/deep_voice_chunks/fake/linus-to-biden_chunk0015.wav,4.0,16000
data/raw/deep_voice/fake/linus-to-biden.wav,16,fake,data/interim/deep_voice_chunks/fake/linus-to-biden_chunk0016.wav,4.0,16000
data/raw/deep_voice/fake/linus-to-biden.wav,17,fake,data/interim/deep_voice_chunks/fake/linus-to-biden_chunk0017.wav,4.0,16000
data/raw/deep_voice/fake/linus-to-biden.wav,18,fake,data/interim/deep_voice_chunks/fake/linus-to-biden_chunk0018.wav,4.0,16000
data/raw/deep_voice/fake/linus-to-biden.wav,19,fake,data/interim/deep_voice_chunks/fake/linus-to-biden_chunk0019.wav,4.0,16000
data/raw/deep_voice/fake/linus-to-biden.wav,20,fake,data/interim/deep_voice_chunks/fake/linus-to-biden_chunk0020.wav,4.0,16000
data/raw/deep_voice/fake/linus-to-biden.wav,21,fake,data/interim/deep_voice_chunks/fake/linus-to-biden_chunk0021.wav,4.0,16000
data/raw/deep_voice/fake/linus-to-biden.wav,22,fake,data/interim/deep_voice_chunks/fake/linus-to-biden_chunk0022.wav,4.0,16000
data/raw/deep_voice/fake/linus-to-biden.wav,23,fake,data/interim/deep_voice_chunks/fake/linus-to-biden_chunk0023.wav,4.0,16000
data/raw/deep_voice/fake/linus-to-biden.wav,24,fake,data/interim/deep_voice_chunks/fake/linus-to-biden_chunk0024.wav,4.0,16000
data/raw/deep_voice/fake/linus-to-biden.wav,25,fake,data/interim/deep_voice_chunks/fake/linus-to-biden_chunk0025.wav,4.0,16000
data/raw/deep_voice/fake/linus-to-biden.wav,26,fake,data/interim/deep_voice_chunks/fake/linus-to-biden_chunk0026.wav,4.0,16000
data/raw/deep_voice/fake/linus-to-biden.wav,27,fake,data/interim/deep_voice_chunks/fake/linus-to-biden_chunk0027.wav,4.0,16000
data/raw/deep_voice/fake/linus-to-biden.wav,28,fake,data/interim/deep_voice_chunks/fake/linus-to-biden_chunk0028.wav,4.0,16000
data/raw/deep_voice/fake/linus-to-biden.wav,29,fake,data/interim/deep_voice_chunks/fake/linus-to-biden_chunk0029.wav,4.0,16000
data/raw/deep_voice/fake/linus-to-biden.wav,30,fake,data/interim/deep_voice_chunks/fake/linus-to-biden_chunk0030.wav,4.0,16000
data/raw/deep_voice/fake/linus-to-biden.wav,31,fake,data/interim/deep_voice_chunks/fake/linus-to-biden_chunk0031.wav,4.0,16000
data/raw/deep_voice/fake/linus-to-biden.wav,32,fake,data/interim/deep_voice_chunks/fake/linus-to-biden_chunk0032.wav,4.0,16000
data/raw/deep_voice/fake/linus-to-biden.wav,33,fake,data/interim/deep_voice_chunks/fake/linus-to-biden_chunk0033.wav,4.0,16000
data/raw/deep_voice/fake/linus-to-biden.wav,34,fake,data/interim/deep_voice_chunks/fake/linus-to-biden_chunk0034.wav,4.0,16000
data/raw/deep_voice/fake/linus-to-biden.wav,35,fake,data/interim/deep_voice_chunks/fake/linus-to-biden_chunk0035.wav,4.0,16000
data/raw/deep_voice/fake/linus-to-biden.wav,36,fake,data/interim/deep_voice_chunks/fake/linus-to-biden_chunk0036.wav,4.0,16000
data/raw/deep_voice/fake/linus-to-biden.wav,37,fake,data/interim/deep_voice_chunks/fake/linus-to-biden_chunk0037.wav,4.0,16000
data/raw/deep_voice/fake/linus-to-biden.wav,38,fake,data/interim/deep_voice_chunks/fake/linus-to-biden_chunk0038.wav,4.0,16000
data/raw/deep_voice/fake/linus-to-biden.wav,39,fake,data/interim/deep_voice_chunks/fake/linus-to-biden_chunk0039.wav,4.0,16000
data/raw/deep_voice/fake/linus-to-biden.wav,40,fake,data/interim/deep_voice_chunks/fake/linus-to-biden_chunk0040.wav,4.0,16000
data/raw/deep_voice/fake/linus-to-biden.wav,41,fake,data/interim/deep_voice_chunks/fake/linus-to-biden_chunk0041.wav,4.0,16000
data/raw/deep_voice/fake/linus-to-biden.wav,42,fake,data/interim/deep_voice_chunks/fake/linus-to-biden_chunk0042.wav,4.0,16000
data/raw/deep_voice/fake/linus-to-biden.wav,43,fake,data/interim/deep_voice_chunks/fake/linus-to-biden_chunk0043.wav,4.0,16000
data/raw/deep_voice/fake/linus-to-biden.wav,44,fake,data/interim/deep_voice_chunks/fake/linus-to-biden_chunk0044.wav,4.0,16000
data/raw/deep_voice/fake/linus-to-biden.wav,45,fake,data/interim/deep_voice_chunks/fake/linus-to-biden_chunk0045.wav,4.0,16000
data/raw/deep_voice/fake/linus-to-biden.wav,46,fake,data/interim/deep_voice_chunks/fake/linus-to-biden_chunk0046.wav,4.0,16000
data/raw/deep_voice/fake/linus-to-biden.wav,47,fake,data/interim/deep_voice_chunks/fake/linus-to-biden_chunk0047.wav,4.0,16000
data/raw/deep_voice/fake/linus-to-biden.wav,48,fake,data/interim/deep_voice_chunks/fake/linus-to-biden_chunk0048.wav,4.0,16000
data/raw/deep_voice/fake/linus-to-biden.wav,49,fake,data/interim/deep_voice_chunks/fake/linus-to-biden_chunk0049.wav,4.0,16000
data/raw/deep_voice/fake/linus-to-biden.wav,50,fake,data/interim/deep_voice_chunks/fake/linus-to-biden_chunk0050.wav,4.0,16000
data/raw/deep_voice/fake/linus-to-biden.wav,51,fake,data/interim/deep_voice_chunks/fake/linus-to-biden_chunk0051.wav,4.0,16000
data/raw/deep_voice/fake/linus-to-biden.wav,52,fake,data/interim/deep_voice_chunks/fake/linus-to-biden_chunk0052.wav,4.0,16000
data/raw/deep_voice/fake/linus-to-biden.wav,53,fake,data/interim/deep_voice_chunks/fake/linus-to-biden_chunk0053.wav,4.0,16000
data/raw/deep_voice/fake/linus-to-biden.wav,54,fake,data/interim/deep_voice_chunks/fake/linus-to-biden_chunk0054.wav,4.0,16000
data/raw/deep_voice/fake/linus-to-biden.wav,55,fake,data/interim/deep_voice_chunks/fake/linus-to-biden_chunk0055.wav,4.0,16000
data/raw/deep_voice/fake/linus-to-biden.wav,56,fake,data/interim/deep_voice_chunks/fake/linus-to-biden_chunk0056.wav,4.0,16000
data/raw/deep_voice/fake/linus-to-biden.wav,57,fake,data/interim/deep_voice_chunks/fake/linus-to-biden_chunk0057.wav,4.0,16000
data/raw/deep_voice/fake/linus-to-biden.wav,58,fake,data/interim/deep_voice_chunks/fake/linus-to-biden_chunk0058.wav,4.0,16000
data/raw/deep_voice/fake/linus-to-biden.wav,59,fake,data/interim/deep_voice_chunks/fake/linus-to-biden_chunk0059.wav,4.0,16000
data/raw/deep_voice/fake/linus-to-biden.wav,60,fake,data/interim/deep_voice_chunks/fake/linus-to-biden_chunk0060.wav,4.0,16000
data/raw/deep_voice/fake/linus-to-biden.wav,61,fake,data/interim/deep_voice_chunks/fake/linus-to-biden_chunk0061.wav,4.0,16000
data/raw/deep_voice/fake/linus-to-biden.wav,62,fake,data/interim/deep_voice_chunks/fake/linus-to-biden_chunk0062.wav,4.0,16000
data/raw/deep_voice/fake/linus-to-biden.wav,63,fake,data/interim/deep_voice_chunks/fake/linus-to-biden_chunk0063.wav,4.0,16000
data/raw/deep_voice/fake/linus-to-biden.wav,64,fake,data/interim/deep_voice_chunks/fake/linus-to-biden_chunk0064.wav,4.0,16000
data/raw/deep_voice/fake/linus-to-biden.wav,65,fake,data/interim/deep_voice_chunks/fake/linus-to-biden_chunk0065.wav,4.0,16000
data/raw/deep_voice/fake/linus-to-biden.wav,66,fake,data/interim/deep_voice_chunks/fake/linus-to-biden_chunk0066.wav,4.0,16000
data/raw/deep_voice/fake/linus-to-biden.wav,67,fake,data/interim/deep_voice_chunks/fake/linus-to-biden_chunk0067.wav,4.0,16000
data/raw/deep_voice/fake/linus-to-biden.wav,68,fake,data/interim/deep_voice_chunks/fake/linus-to-biden_chunk0068.wav,4.0,16000
data/raw/deep_voice/fake/linus-to-biden.wav,69,fake,data/interim/deep_voice_chunks/fake/linus-to-biden_chunk0069.wav,4.0,16000
data/raw/deep_voice/fake/linus-to-biden.wav,70,fake,data/interim/deep_voice_chunks/fake/linus-to-biden_chunk0070.wav,4.0,16000
data/raw/deep_voice/fake/linus-to-biden.wav,71,fake,data/interim/deep_voice_chunks/fake/linus-to-biden_chunk0071.wav,4.0,16000
data/raw/deep_voice/fake/linus-to-biden.wav,72,fake,data/interim/deep_voice_chunks/fake/linus-to-biden_chunk0072.wav,4.0,16000
data/raw/deep_voice/fake/linus-to-biden.wav,73,fake,data/interim/deep_voice_chunks/fake/linus-to-biden_chunk0073.wav,4.0,16000
data/raw/deep_voice/fake/linus-to-biden.wav,74,fake,data/interim/deep_voice_chunks/fake/linus-to-biden_chunk0074.wav,4.0,16000
data/raw/deep_voice/fake/linus-to-biden.wav,75,fake,data/interim/deep_voice_chunks/fake/linus-to-biden_chunk0075.wav,4.0,16000
data/raw/deep_voice/fake/linus-to-biden.wav,76,fake,data/interim/deep_voice_chunks/fake/linus-to-biden_chunk0076.wav,4.0,16000
data/raw/deep_voice/fake/linus-to-biden.wav,77,fake,data/interim/deep_voice_chunks/fake/linus-to-biden_chunk0077.wav,4.0,16000
data/raw/deep_voice/fake/linus-to-biden.wav,78,fake,data/interim/deep_voice_chunks/fake/linus-to-biden_chunk0078.wav,4.0,16000
data/raw/deep_voice/fake/linus-to-biden.wav,79,fake,data/interim/deep_voice_chunks/fake/linus-to-biden_chunk0079.wav,4.0,16000
data/raw/deep_voice/fake/linus-to-biden.wav,80,fake,data/interim/deep_voice_chunks/fake/linus-to-biden_chunk0080.wav,4.0,16000
data/raw/deep_voice/fake/linus-to-biden.wav,81,fake,data/interim/deep_voice_chunks/fake/linus-to-biden_chunk0081.wav,4.0,16000
data/raw/deep_voice/fake/linus-to-biden.wav,82,fake,data/interim/deep_voice_chunks/fake/linus-to-biden_chunk0082.wav,4.0,16000
data/raw/deep_voice/fake/linus-to-biden.wav,83,fake,data/interim/deep_voice_chunks/fake/linus-to-biden_chunk0083.wav,4.0,16000
data/raw/deep_voice/fake/linus-to-biden.wav,84,fake,data/interim/deep_voice_chunks/fake/linus-to-biden_chunk0084.wav,4.0,16000
data/raw/deep_voice/fake/linus-to-biden.wav,85,fake,data/interim/deep_voice_chunks/fake/linus-to-biden_chunk0085.wav,4.0,16000
data/raw/deep_voice/fake/linus-to-biden.wav,86,fake,data/interim/deep_voice_chunks/fake/linus-to-biden_chunk0086.wav,4.0,16000
data/raw/deep_voice/fake/linus-to-biden.wav,87,fake,data/interim/deep_voice_chunks/fake/linus-to-biden_chunk0087.wav,4.0,16000
data/raw/deep_voice/fake/linus-to-biden.wav,88,fake,data/interim/deep_voice_chunks/fake/linus-to-biden_chunk0088.wav,4.0,16000
data/raw/deep_voice/fake/linus-to-biden.wav,89,fake,data/interim/deep_voice_chunks/fake/linus-to-biden_chunk0089.wav,4.0,16000
data/raw/deep_voice/fake/linus-to-biden.wav,90,fake,data/interim/deep_voice_chunks/fake/linus-to-biden_chunk0090.wav,4.0,16000
data/raw/deep_voice/fake/linus-to-biden.wav,91,fake,data/interim/deep_voice_chunks/fake/linus-to-biden_chunk0091.wav,4.0,16000
data/raw/deep_voice/fake/linus-to-biden.wav,92,fake,data/interim/deep_voice_chunks/fake/linus-to-biden_chunk0092.wav,4.0,16000
data/raw/deep_voice/fake/linus-to-biden.wav,93,fake,data/interim/deep_voice_chunks/fake/linus-to-biden_chunk0093.wav,4.0,16000
data/raw/deep_voice/fake/linus-to-biden.wav,94,fake,data/interim/deep_voice_chunks/fake/linus-to-biden_chunk0094.wav,4.0,16000
data/raw/deep_voice/fake/linus-to-biden.wav,95,fake,data/interim/deep_voice_chunks/fake/linus-to-biden_chunk0095.wav,4.0,16000
data/raw/deep_voice/fake/linus-to-biden.wav,96,fake,data/interim/deep_voice_chunks/fake/linus-to-biden_chunk0096.wav,4.0,16000
data/raw/deep_voice/fake/linus-to-biden.wav,97,fake,data/interim/deep_voice_chunks/fake/linus-to-biden_chunk0097.wav,4.0,16000
data/raw/deep_voice/fake/linus-to-biden.wav,98,fake,data/interim/deep_voice_chunks/fake/linus-to-biden_chunk0098.wav,4.0,16000
data/raw/deep_voice/fake/linus-to-biden.wav,99,fake,data/interim/deep_voice_chunks/fake/linus-to-biden_chunk0099.wav,4.0,16000
data/raw/deep_voice/fake/linus-to-biden.wav,100,fake,data/interim/deep_voice_chunks/fake/linus-to-biden_chunk0100.wav,4.0,16000
data/raw/deep_voice/fake/linus-to-biden.wav,101,fake,data/interim/deep_voice_chunks/fake/linus-to-biden_chunk0101.wav,4.0,16000
data/raw/deep_voice/fake/linus-to-biden.wav,102,fake,data/interim/deep_voice_chunks/fake/linus-to-biden_chunk0102.wav,4.0,16000
data/raw/deep_voice/fake/linus-to-biden.wav,103,fake,data/interim/deep_voice_chunks/fake/linus-to-biden_chunk0103.wav,4.0,16000
data/raw/deep_voice/fake/linus-to-biden.wav,104,fake,data/interim/deep_voice_chunks/fake/linus-to-biden_chunk0104.wav,4.0,16000
data/raw/deep_voice/fake/linus-to-biden.wav,105,fake,data/interim/deep_voice_chunks/fake/linus-to-biden_chunk0105.wav,4.0,16000
data/raw/deep_voice/fake/linus-to-biden.wav,106,fake,data/interim/deep_voice_chunks/fake/linus-to-biden_chunk0106.wav,4.0,16000
data/raw/deep_voice/fake/linus-to-biden.wav,107,fake,data/interim/deep_voice_chunks/fake/linus-to-biden_chunk0107.wav,4.0,16000
data/raw/deep_voice/fake/linus-to-biden.wav,108,fake,data/interim/deep_voice_chunks/fake/linus-to-biden_chunk0108.wav,4.0,16000
data/raw/deep_voice/fake/linus-to-biden.wav,109,fake,data/interim/deep_voice_chunks/fake/linus-to-biden_chunk0109.wav,4.0,16000
data/raw/deep_voice/fake/linus-to-biden.wav,110,fake,data/interim/deep_voice_chunks/fake/linus-to-biden_chunk0110.wav,4.0,16000
data/raw/deep_voice/fake/linus-to-biden.wav,111,fake,data/interim/deep_voice_chunks/fake/linus-to-biden_chunk0111.wav,4.0,16000
data/raw/deep_voice/fake/linus-to-biden.wav,112,fake,data/interim/deep_voice_chunks/fake/linus-to-biden_chunk0112.wav,4.0,16000
data/raw/deep_voice/fake/linus-to-biden.wav,113,fake,data/interim/deep_voice_chunks/fake/linus-to-biden_chunk0113.wav,4.0,16000
data/raw/deep_voice/fake/linus-to-biden.wav,114,fake,data/interim/deep_voice_chunks/fake/linus-to-biden_chunk0114.wav,4.0,16000
data/raw/deep_voice/fake/linus-to-biden.wav,115,fake,data/interim/deep_voice_chunks/fake/linus-to-biden_chunk0115.wav,4.0,16000
data/raw/deep_voice/fake/linus-to-biden.wav,116,fake,data/interim/deep_voice_chunks/fake/linus-to-biden_chunk0116.wav,4.0,16000
data/raw/deep_voice/fake/linus-to-biden.wav,117,fake,data/interim/deep_voice_chunks/fake/linus-to-biden_chunk0117.wav,4.0,16000
data/raw/deep_voice/fake/linus-to-biden.wav,118,fake,data/interim/deep_voice_chunks/fake/linus-to-biden_chunk0118.wav,4.0,16000
data/raw/deep_voice/fake/linus-to-biden.wav,119,fake,data/interim/deep_voice_chunks/fake/linus-to-biden_chunk0119.wav,4.0,16000
data/raw/deep_voice/fake/linus-to-biden.wav,120,fake,data/interim/deep_voice_chunks/fake/linus-to-biden_chunk0120.wav,4.0,16000
data/raw/deep_voice/fake/linus-to-biden.wav,121,fake,data/interim/deep_voice_chunks/fake/linus-to-biden_chunk0121.wav,4.0,16000
data/raw/deep_voice/fake/linus-to-biden.wav,122,fake,data/interim/deep_voice_chunks/fake/linus-to-biden_chunk0122.wav,4.0,16000
data/raw/deep_voice/fake/linus-to-biden.wav,123,fake,data/interim/deep_voice_chunks/fake/linus-to-biden_chunk0123.wav,4.0,16000
data/raw/deep_voice/fake/linus-to-biden.wav,124,fake,data/interim/deep_voice_chunks/fake/linus-to-biden_chunk0124.wav,4.0,16000
data/raw/deep_voice/fake/linus-to-biden.wav,125,fake,data/interim/deep_voice_chunks/fake/linus-to-biden_chunk0125.wav,4.0,16000
data/raw/deep_voice/fake/linus-to-biden.wav,126,fake,data/interim/deep_voice_chunks/fake/linus-to-biden_chunk0126.wav,4.0,16000
data/raw/deep_voice/fake/linus-to-biden.wav,127,fake,data/interim/deep_voice_chunks/fake/linus-to-biden_chunk0127.wav,4.0,16000
data/raw/deep_voice/fake/linus-to-biden.wav,128,fake,data/interim/deep_voice_chunks/fake/linus-to-biden_chunk0128.wav,4.0,16000
data/raw/deep_voice/fake/linus-to-biden.wav,129,fake,data/interim/deep_voice_chunks/fake/linus-to-biden_chunk0129.wav,4.0,16000
data/raw/deep_voice/fake/linus-to-biden.wav,130,fake,data/interim/deep_voice_chunks/fake/linus-to-biden_chunk0130.wav,4.0,16000
data/raw/deep_voice/fake/linus-to-biden.wav,131,fake,data/interim/deep_voice_chunks/fake/linus-to-biden_chunk0131.wav,4.0,16000
data/raw/deep_voice/fake/linus-to-biden.wav,132,fake,data/interim/deep_voice_chunks/fake/linus-to-biden_chunk0132.wav,4.0,16000
data/raw/deep_voice/fake/linus-to-biden.wav,133,fake,data/interim/deep_voice_chunks/fake/linus-to-biden_chunk0133.wav,4.0,16000
data/raw/deep_voice/fake/linus-to-biden.wav,134,fake,data/interim/deep_voice_chunks/fake/linus-to-biden_chunk0134.wav,4.0,16000
data/raw/deep_voice/fake/linus-to-biden.wav,135,fake,data/interim/deep_voice_chunks/fake/linus-to-biden_chunk0135.wav,4.0,16000
data/raw/deep_voice/fake/linus-to-biden.wav,136,fake,data/interim/deep_voice_chunks/fake/linus-to-biden_chunk0136.wav,4.0,16000
data/raw/deep_voice/fake/linus-to-biden.wav,137,fake,data/interim/deep_voice_chunks/fake/linus-to-biden_chunk0137.wav,4.0,16000
data/raw/deep_voice/fake/linus-to-biden.wav,138,fake,data/interim/deep_voice_chunks/fake/linus-to-biden_chunk0138.wav,4.0,16000
data/raw/deep_voice/fake/linus-to-biden.wav,139,fake,data/interim/deep_voice_chunks/fake/linus-to-biden_chunk0139.wav,4.0,16000
data/raw/deep_voice/fake/linus-to-biden.wav,140,fake,data/interim/deep_voice_chunks/fake/linus-to-biden_chunk0140.wav,4.0,16000
data/raw/deep_voice/fake/linus-to-biden.wav,141,fake,data/interim/deep_voice_chunks/fake/linus-to-biden_chunk0141.wav,4.0,16000
data/raw/deep_voice/fake/linus-to-biden.wav,142,fake,data/interim/deep_voice_chunks/fake/linus-to-biden_chunk0142.wav,2.208,16000
data/raw/deep_voice/fake/linus-to-margot.wav,0,fake,data/interim/deep_voice_chunks/fake/linus-to-margot_chunk0000.wav,4.0,16000
data/raw/deep_voice/fake/linus-to-margot.wav,1,fake,data/interim/deep_voice_chunks/fake/linus-to-margot_chunk0001.wav,4.0,16000
data/raw/deep_voice/fake/linus-to-margot.wav,2,fake,data/interim/deep_voice_chunks/fake/linus-to-margot_chunk0002.wav,4.0,16000
data/raw/deep_voice/fake/linus-to-margot.wav,3,fake,data/interim/deep_voice_chunks/fake/linus-to-margot_chunk0003.wav,4.0,16000
data/raw/deep_voice/fake/linus-to-margot.wav,4,fake,data/interim/deep_voice_chunks/fake/linus-to-margot_chunk0004.wav,4.0,16000
data/raw/deep_voice/fake/linus-to-margot.wav,5,fake,data/interim/deep_voice_chunks/fake/linus-to-margot_chunk0005.wav,4.0,16000
data/raw/deep_voice/fake/linus-to-margot.wav,6,fake,data/interim/deep_voice_chunks/fake/linus-to-margot_chunk0006.wav,4.0,16000
data/raw/deep_voice/fake/linus-to-margot.wav,7,fake,data/interim/deep_voice_chunks/fake/linus-to-margot_chunk0007.wav,4.0,16000
data/raw/deep_voice/fake/linus-to-margot.wav,8,fake,data/interim/deep_voice_chunks/fake/linus-to-margot_chunk0008.wav,4.0,16000
data/raw/deep_voice/fake/linus-to-margot.wav,9,fake,data/interim/deep_voice_chunks/fake/linus-to-margot_chunk0009.wav,4.0,16000
data/raw/deep_voice/fake/linus-to-margot.wav,10,fake,data/interim/deep_voice_chunks/fake/linus-to-margot_chunk0010.wav,4.0,16000
data/raw/deep_voice/fake/linus-to-margot.wav,11,fake,data/interim/deep_voice_chunks/fake/linus-to-margot_chunk0011.wav,4.0,16000
data/raw/deep_voice/fake/linus-to-margot.wav,12,fake,data/interim/deep_voice_chunks/fake/linus-to-margot_chunk0012.wav,4.0,16000
data/raw/deep_voice/fake/linus-to-margot.wav,13,fake,data/interim/deep_voice_chunks/fake/linus-to-margot_chunk0013.wav,4.0,16000
data/raw/deep_voice/fake/linus-to-margot.wav,14,fake,data/interim/deep_voice_chunks/fake/linus-to-margot_chunk0014.wav,4.0,16000
data/raw/deep_voice/fake/linus-to-margot.wav,15,fake,data/interim/deep_voice_chunks/fake/linus-to-margot_chunk0015.wav,4.0,16000
data/raw/deep_voice/fake/linus-to-margot.wav,16,fake,data/interim/deep_voice_chunks/fake/linus-to-margot_chunk0016.wav,4.0,16000
data/raw/deep_voice/fake/linus-to-margot.wav,17,fake,data/interim/deep_voice_chunks/fake/linus-to-margot_chunk0017.wav,4.0,16000
data/raw/deep_voice/fake/linus-to-margot.wav,18,fake,data/interim/deep_voice_chunks/fake/linus-to-margot_chunk0018.wav,4.0,16000
data/raw/deep_voice/fake/linus-to-margot.wav,19,fake,data/interim/deep_voice_chunks/fake/linus-to-margot_chunk0019.wav,4.0,16000
data/raw/deep_voice/fake/linus-to-margot.wav,20,fake,data/interim/deep_voice_chunks/fake/linus-to-margot_chunk0020.wav,4.0,16000
data/raw/deep_voice/fake/linus-to-margot.wav,21,fake,data/interim/deep_voice_chunks/fake/linus-to-margot_chunk0021.wav,4.0,16000
data/raw/deep_voice/fake/linus-to-margot.wav,22,fake,data/interim/deep_voice_chunks/fake/linus-to-margot_chunk0022.wav,4.0,16000
data/raw/deep_voice/fake/linus-to-margot.wav,23,fake,data/interim/deep_voice_chunks/fake/linus-to-margot_chunk0023.wav,4.0,16000
data/raw/deep_voice/fake/linus-to-margot.wav,24,fake,data/interim/deep_voice_chunks/fake/linus-to-margot_chunk0024.wav,4.0,16000
data/raw/deep_voice/fake/linus-to-margot.wav,25,fake,data/interim/deep_voice_chunks/fake/linus-to-margot_chunk0025.wav,4.0,16000
data/raw/deep_voice/fake/linus-to-margot.wav,26,fake,data/interim/deep_voice_chunks/fake/linus-to-margot_chunk0026.wav,4.0,16000
data/raw/deep_voice/fake/linus-to-margot.wav,27,fake,data/interim/deep_voice_chunks/fake/linus-to-margot_chunk0027.wav,4.0,16000
data/raw/deep_voice/fake/linus-to-margot.wav,28,fake,data/interim/deep_voice_chunks/fake/linus-to-margot_chunk0028.wav,4.0,16000
data/raw/deep_voice/fake/linus-to-margot.wav,29,fake,data/interim/deep_voice_chunks/fake/linus-to-margot_chunk0029.wav,4.0,16000
data/raw/deep_voice/fake/linus-to-margot.wav,30,fake,data/interim/deep_voice_chunks/fake/linus-to-margot_chunk0030.wav,4.0,16000
data/raw/deep_voice/fake/linus-to-margot.wav,31,fake,data/interim/deep_voice_chunks/fake/linus-to-margot_chunk0031.wav,4.0,16000
data/raw/deep_voice/fake/linus-to-margot.wav,32,fake,data/interim/deep_voice_chunks/fake/linus-to-margot_chunk0032.wav,4.0,16000
data/raw/deep_voice/fake/linus-to-margot.wav,33,fake,data/interim/deep_voice_chunks/fake/linus-to-margot_chunk0033.wav,4.0,16000
data/raw/deep_voice/fake/linus-to-margot.wav,34,fake,data/interim/deep_voice_chunks/fake/linus-to-margot_chunk0034.wav,4.0,16000
data/raw/deep_voice/fake/linus-to-margot.wav,35,fake,data/interim/deep_voice_chunks/fake/linus-to-margot_chunk0035.wav,4.0,16000
data/raw/deep_voice/fake/linus-to-margot.wav,36,fake,data/interim/deep_voice_chunks/fake/linus-to-margot_chunk0036.wav,4.0,16000
data/raw/deep_voice/fake/linus-to-margot.wav,37,fake,data/interim/deep_voice_chunks/fake/linus-to-margot_chunk0037.wav,4.0,16000
data/raw/deep_voice/fake/linus-to-margot.wav,38,fake,data/interim/deep_voice_chunks/fake/linus-to-margot_chunk0038.wav,4.0,16000
data/raw/deep_voice/fake/linus-to-margot.wav,39,fake,data/interim/deep_voice_chunks/fake/linus-to-margot_chunk0039.wav,4.0,16000
data/raw/deep_voice/fake/linus-to-margot.wav,40,fake,data/interim/deep_voice_chunks/fake/linus-to-margot_chunk0040.wav,4.0,16000
data/raw/deep_voice/fake/linus-to-margot.wav,41,fake,data/interim/deep_voice_chunks/fake/linus-to-margot_chunk0041.wav,4.0,16000
data/raw/deep_voice/fake/linus-to-margot.wav,42,fake,data/interim/deep_voice_chunks/fake/linus-to-margot_chunk0042.wav,4.0,16000
data/raw/deep_voice/fake/linus-to-margot.wav,43,fake,data/interim/deep_voice_chunks/fake/linus-to-margot_chunk0043.wav,4.0,16000
data/raw/deep_voice/fake/linus-to-margot.wav,44,fake,data/interim/deep_voice_chunks/fake/linus-to-margot_chunk0044.wav,4.0,16000
data/raw/deep_voice/fake/linus-to-margot.wav,45,fake,data/interim/deep_voice_chunks/fake/linus-to-margot_chunk0045.wav,4.0,16000
data/raw/deep_voice/fake/linus-to-margot.wav,46,fake,data/interim/deep_voice_chunks/fake/linus-to-margot_chunk0046.wav,4.0,16000
data/raw/deep_voice/fake/linus-to-margot.wav,47,fake,data/interim/deep_voice_chunks/fake/linus-to-margot_chunk0047.wav,4.0,16000
data/raw/deep_voice/fake/linus-to-margot.wav,48,fake,data/interim/deep_voice_chunks/fake/linus-to-margot_chunk0048.wav,4.0,16000
data/raw/deep_voice/fake/linus-to-margot.wav,49,fake,data/interim/deep_voice_chunks/fake/linus-to-margot_chunk0049.wav,4.0,16000
data/raw/deep_voice/fake/linus-to-margot.wav,50,fake,data/interim/deep_voice_chunks/fake/linus-to-margot_chunk0050.wav,4.0,16000
data/raw/deep_voice/fake/linus-to-margot.wav,51,fake,data/interim/deep_voice_chunks/fake/linus-to-margot_chunk0051.wav,4.0,16000
data/raw/deep_voice/fake/linus-to-margot.wav,52,fake,data/interim/deep_voice_chunks/fake/linus-to-margot_chunk0052.wav,4.0,16000
data/raw/deep_voice/fake/linus-to-margot.wav,53,fake,data/interim/deep_voice_chunks/fake/linus-to-margot_chunk0053.wav,4.0,16000
data/raw/deep_voice/fake/linus-to-margot.wav,54,fake,data/interim/deep_voice_chunks/fake/linus-to-margot_chunk0054.wav,4.0,16000
data/raw/deep_voice/fake/linus-to-margot.wav,55,fake,data/interim/deep_voice_chunks/fake/linus-to-margot_chunk0055.wav,4.0,16000
data/raw/deep_voice/fake/linus-to-margot.wav,56,fake,data/interim/deep_voice_chunks/fake/linus-to-margot_chunk0056.wav,4.0,16000
data/raw/deep_voice/fake/linus-to-margot.wav,57,fake,data/interim/deep_voice_chunks/fake/linus-to-margot_chunk0057.wav,4.0,16000
data/raw/deep_voice/fake/linus-to-margot.wav,58,fake,data/interim/deep_voice_chunks/fake/linus-to-margot_chunk0058.wav,4.0,16000
data/raw/deep_voice/fake/linus-to-margot.wav,59,fake,data/interim/deep_voice_chunks/fake/linus-to-margot_chunk0059.wav,4.0,16000
data/raw/deep_voice/fake/linus-to-margot.wav,60,fake,data/interim/deep_voice_chunks/fake/linus-to-margot_chunk0060.wav,4.0,16000
data/raw/deep_voice/fake/linus-to-margot.wav,61,fake,data/interim/deep_voice_chunks/fake/linus-to-margot_chunk0061.wav,4.0,16000
data/raw/deep_voice/fake/linus-to-margot.wav,62,fake,data/interim/deep_voice_chunks/fake/linus-to-margot_chunk0062.wav,4.0,16000
data/raw/deep_voice/fake/linus-to-margot.wav,63,fake,data/interim/deep_voice_chunks/fake/linus-to-margot_chunk0063.wav,4.0,16000
data/raw/deep_voice/fake/linus-to-margot.wav,64,fake,data/interim/deep_voice_chunks/fake/linus-to-margot_chunk0064.wav,4.0,16000
data/raw/deep_voice/fake/linus-to-margot.wav,65,fake,data/interim/deep_voice_chunks/fake/linus-to-margot_chunk0065.wav,4.0,16000
data/raw/deep_voice/fake/linus-to-margot.wav,66,fake,data/interim/deep_voice_chunks/fake/linus-to-margot_chunk0066.wav,4.0,16000
data/raw/deep_voice/fake/linus-to-margot.wav,67,fake,data/interim/deep_voice_chunks/fake/linus-to-margot_chunk0067.wav,4.0,16000
data/raw/deep_voice/fake/linus-to-margot.wav,68,fake,data/interim/deep_voice_chunks/fake/linus-to-margot_chunk0068.wav,4.0,16000
data/raw/deep_voice/fake/linus-to-margot.wav,69,fake,data/interim/deep_voice_chunks/fake/linus-to-margot_chunk0069.wav,4.0,16000
data/raw/deep_voice/fake/linus-to-margot.wav,70,fake,data/interim/deep_voice_chunks/fake/linus-to-margot_chunk0070.wav,4.0,16000
data/raw/deep_voice/fake/linus-to-margot.wav,71,fake,data/interim/deep_voice_chunks/fake/linus-to-margot_chunk0071.wav,4.0,16000
data/raw/deep_voice/fake/linus-to-margot.wav,72,fake,data/interim/deep_voice_chunks/fake/linus-to-margot_chunk0072.wav,4.0,16000
data/raw/deep_voice/fake/linus-to-margot.wav,73,fake,data/interim/deep_voice_chunks/fake/linus-to-margot_chunk0073.wav,4.0,16000
data/raw/deep_voice/fake/linus-to-margot.wav,74,fake,data/interim/deep_voice_chunks/fake/linus-to-margot_chunk0074.wav,4.0,16000
data/raw/deep_voice/fake/linus-to-margot.wav,75,fake,data/interim/deep_voice_chunks/fake/linus-to-margot_chunk0075.wav,4.0,16000
data/raw/deep_voice/fake/linus-to-margot.wav,76,fake,data/interim/deep_voice_chunks/fake/linus-to-margot_chunk0076.wav,4.0,16000
data/raw/deep_voice/fake/linus-to-margot.wav,77,fake,data/interim/deep_voice_chunks/fake/linus-to-margot_chunk0077.wav,4.0,16000
data/raw/deep_voice/fake/linus-to-margot.wav,78,fake,data/interim/deep_voice_chunks/fake/linus-to-margot_chunk0078.wav,4.0,16000
data/raw/deep_voice/fake/linus-to-margot.wav,79,fake,data/interim/deep_voice_chunks/fake/linus-to-margot_chunk0079.wav,4.0,16000
data/raw/deep_voice/fake/linus-to-margot.wav,80,fake,data/interim/deep_voice_chunks/fake/linus-to-margot_chunk0080.wav,4.0,16000
data/raw/deep_voice/fake/linus-to-margot.wav,81,fake,data/interim/deep_voice_chunks/fake/linus-to-margot_chunk0081.wav,4.0,16000
data/raw/deep_voice/fake/linus-to-margot.wav,82,fake,data/interim/deep_voice_chunks/fake/linus-to-margot_chunk0082.wav,4.0,16000
data/raw/deep_voice/fake/linus-to-margot.wav,83,fake,data/interim/deep_voice_chunks/fake/linus-to-margot_chunk0083.wav,4.0,16000
data/raw/deep_voice/fake/linus-to-margot.wav,84,fake,data/interim/deep_voice_chunks/fake/linus-to-margot_chunk0084.wav,4.0,16000
data/raw/deep_voice/fake/linus-to-margot.wav,85,fake,data/interim/deep_voice_chunks/fake/linus-to-margot_chunk0085.wav,4.0,16000
data/raw/deep_voice/fake/linus-to-margot.wav,86,fake,data/interim/deep_voice_chunks/fake/linus-to-margot_chunk0086.wav,4.0,16000
data/raw/deep_voice/fake/linus-to-margot.wav,87,fake,data/interim/deep_voice_chunks/fake/linus-to-margot_chunk0087.wav,4.0,16000
data/raw/deep_voice/fake/linus-to-margot.wav,88,fake,data/interim/deep_voice_chunks/fake/linus-to-margot_chunk0088.wav,4.0,16000
data/raw/deep_voice/fake/linus-to-margot.wav,89,fake,data/interim/deep_voice_chunks/fake/linus-to-margot_chunk0089.wav,4.0,16000
data/raw/deep_voice/fake/linus-to-margot.wav,90,fake,data/interim/deep_voice_chunks/fake/linus-to-margot_chunk0090.wav,4.0,16000
data/raw/deep_voice/fake/linus-to-margot.wav,91,fake,data/interim/deep_voice_chunks/fake/linus-to-margot_chunk0091.wav,4.0,16000
data/raw/deep_voice/fake/linus-to-margot.wav,92,fake,data/interim/deep_voice_chunks/fake/linus-to-margot_chunk0092.wav,4.0,16000
data/raw/deep_voice/fake/linus-to-margot.wav,93,fake,data/interim/deep_voice_chunks/fake/linus-to-margot_chunk0093.wav,4.0,16000
data/raw/deep_voice/fake/linus-to-margot.wav,94,fake,data/interim/deep_voice_chunks/fake/linus-to-margot_chunk0094.wav,4.0,16000
data/raw/deep_voice/fake/linus-to-margot.wav,95,fake,data/interim/deep_voice_chunks/fake/linus-to-margot_chunk0095.wav,4.0,16000
data/raw/deep_voice/fake/linus-to-margot.wav,96,fake,data/interim/deep_voice_chunks/fake/linus-to-margot_chunk0096.wav,4.0,16000
data/raw/deep_voice/fake/linus-to-margot.wav,97,fake,data/interim/deep_voice_chunks/fake/linus-to-margot_chunk0097.wav,4.0,16000
data/raw/deep_voice/fake/linus-to-margot.wav,98,fake,data/interim/deep_voice_chunks/fake/linus-to-margot_chunk0098.wav,4.0,16000
data/raw/deep_voice/fake/linus-to-margot.wav,99,fake,data/interim/deep_voice_chunks/fake/linus-to-margot_chunk0099.wav,4.0,16000
data/raw/deep_voice/fake/linus-to-margot.wav,100,fake,data/interim/deep_voice_chunks/fake/linus-to-margot_chunk0100.wav,4.0,16000
data/raw/deep_voice/fake/linus-to-margot.wav,101,fake,data/interim/deep_voice_chunks/fake/linus-to-margot_chunk0101.wav,4.0,16000
data/raw/deep_voice/fake/linus-to-margot.wav,102,fake,data/interim/deep_voice_chunks/fake/linus-to-margot_chunk0102.wav,4.0,16000
data/raw/deep_voice/fake/linus-to-margot.wav,103,fake,data/interim/deep_voice_chunks/fake/linus-to-margot_chunk0103.wav,4.0,16000
data/raw/deep_voice/fake/linus-to-margot.wav,104,fake,data/interim/deep_voice_chunks/fake/linus-to-margot_chunk0104.wav,4.0,16000
data/raw/deep_voice/fake/linus-to-margot.wav,105,fake,data/interim/deep_voice_chunks/fake/linus-to-margot_chunk0105.wav,4.0,16000
data/raw/deep_voice/fake/linus-to-margot.wav,106,fake,data/interim/deep_voice_chunks/fake/linus-to-margot_chunk0106.wav,4.0,16000
data/raw/deep_voice/fake/linus-to-margot.wav,107,fake,data/interim/deep_voice_chunks/fake/linus-to-margot_chunk0107.wav,4.0,16000
data/raw/deep_voice/fake/linus-to-margot.wav,108,fake,data/interim/deep_voice_chunks/fake/linus-to-margot_chunk0108.wav,4.0,16000
data/raw/deep_voice/fake/linus-to-margot.wav,109,fake,data/interim/deep_voice_chunks/fake/linus-to-margot_chunk0109.wav,4.0,16000
data/raw/deep_voice/fake/linus-to-margot.wav,110,fake,data/interim/deep_voice_chunks/fake/linus-to-margot_chunk0110.wav,4.0,16000
data/raw/deep_voice/fake/linus-to-margot.wav,111,fake,data/interim/deep_voice_chunks/fake/linus-to-margot_chunk0111.wav,4.0,16000
data/raw/deep_voice/fake/linus-to-margot.wav,112,fake,data/interim/deep_voice_chunks/fake/linus-to-margot_chunk0112.wav,4.0,16000
data/raw/deep_voice/fake/linus-to-margot.wav,113,fake,data/interim/deep_voice_chunks/fake/linus-to-margot_chunk0113.wav,4.0,16000
data/raw/deep_voice/fake/linus-to-margot.wav,114,fake,data/interim/deep_voice_chunks/fake/linus-to-margot_chunk0114.wav,4.0,16000
data/raw/deep_voice/fake/linus-to-margot.wav,115,fake,data/interim/deep_voice_chunks/fake/linus-to-margot_chunk0115.wav,4.0,16000
data/raw/deep_voice/fake/linus-to-margot.wav,116,fake,data/interim/deep_voice_chunks/fake/linus-to-margot_chunk0116.wav,4.0,16000
data/raw/deep_voice/fake/linus-to-margot.wav,117,fake,data/interim/deep_voice_chunks/fake/linus-to-margot_chunk0117.wav,4.0,16000
data/raw/deep_voice/fake/linus-to-margot.wav,118,fake,data/interim/deep_voice_chunks/fake/linus-to-margot_chunk0118.wav,4.0,16000
data/raw/deep_voice/fake/linus-to-margot.wav,119,fake,data/interim/deep_voice_chunks/fake/linus-to-margot_chunk0119.wav,4.0,16000
data/raw/deep_voice/fake/linus-to-margot.wav,120,fake,data/interim/deep_voice_chunks/fake/linus-to-margot_chunk0120.wav,4.0,16000
data/raw/deep_voice/fake/linus-to-margot.wav,121,fake,data/interim/deep_voice_chunks/fake/linus-to-margot_chunk0121.wav,4.0,16000
data/raw/deep_voice/fake/linus-to-margot.wav,122,fake,data/interim/deep_voice_chunks/fake/linus-to-margot_chunk0122.wav,4.0,16000
data/raw/deep_voice/fake/linus-to-margot.wav,123,fake,data/interim/deep_voice_chunks/fake/linus-to-margot_chunk0123.wav,4.0,16000
data/raw/deep_voice/fake/linus-to-margot.wav,124,fake,data/interim/deep_voice_chunks/fake/linus-to-margot_chunk0124.wav,4.0,16000
data/raw/deep_voice/fake/linus-to-margot.wav,125,fake,data/interim/deep_voice_chunks/fake/linus-to-margot_chunk0125.wav,4.0,16000
data/raw/deep_voice/fake/linus-to-margot.wav,126,fake,data/interim/deep_voice_chunks/fake/linus-to-margot_chunk0126.wav,4.0,16000
data/raw/deep_voice/fake/linus-to-margot.wav,127,fake,data/interim/deep_voice_chunks/fake/linus-to-margot_chunk0127.wav,4.0,16000
data/raw/deep_voice/fake/linus-to-margot.wav,128,fake,data/interim/deep_voice_chunks/fake/linus-to-margot_chunk0128.wav,4.0,16000
data/raw/deep_voice/fake/linus-to-margot.wav,129,fake,data/interim/deep_voice_chunks/fake/linus-to-margot_chunk0129.wav,4.0,16000
data/raw/deep_voice/fake/linus-to-margot.wav,130,fake,data/interim/deep_voice_chunks/fake/linus-to-margot_chunk0130.wav,4.0,16000
data/raw/deep_voice/fake/linus-to-margot.wav,131,fake,data/interim/deep_voice_chunks/fake/linus-to-margot_chunk0131.wav,4.0,16000
data/raw/deep_voice/fake/linus-to-margot.wav,132,fake,data/interim/deep_voice_chunks/fake/linus-to-margot_chunk0132.wav,4.0,16000
data/raw/deep_voice/fake/linus-to-margot.wav,133,fake,data/interim/deep_voice_chunks/fake/linus-to-margot_chunk0133.wav,4.0,16000
data/raw/deep_voice/fake/linus-to-margot.wav,134,fake,data/interim/deep_voice_chunks/fake/linus-to-margot_chunk0134.wav,4.0,16000
data/raw/deep_voice/fake/linus-to-margot.wav,135,fake,data/interim/deep_voice_chunks/fake/linus-to-margot_chunk0135.wav,4.0,16000
data/raw/deep_voice/fake/linus-to-margot.wav,136,fake,data/interim/deep_voice_chunks/fake/linus-to-margot_chunk0136.wav,4.0,16000
data/raw/deep_voice/fake/linus-to-margot.wav,137,fake,data/interim/deep_voice_chunks/fake/linus-to-margot_chunk0137.wav,4.0,16000
data/raw/deep_voice/fake/linus-to-margot.wav,138,fake,data/interim/deep_voice_chunks/fake/linus-to-margot_chunk0138.wav,4.0,16000
data/raw/deep_voice/fake/linus-to-margot.wav,139,fake,data/interim/deep_voice_chunks/fake/linus-to-margot_chunk0139.wav,4.0,16000
data/raw/deep_voice/fake/linus-to-margot.wav,140,fake,data/interim/deep_voice_chunks/fake/linus-to-margot_chunk0140.wav,4.0,16000
data/raw/deep_voice/fake/linus-to-margot.wav,141,fake,data/interim/deep_voice_chunks/fake/linus-to-margot_chunk0141.wav,4.0,16000
data/raw/deep_voice/fake/linus-to-margot.wav,142,fake,data/interim/deep_voice_chunks/fake/linus-to-margot_chunk0142.wav,2.2935625,16000
data/raw/deep_voice/fake/linus-to-musk.wav,0,fake,data/interim/deep_voice_chunks/fake/linus-to-musk_chunk0000.wav,4.0,16000
data/raw/deep_voice/fake/linus-to-musk.wav,1,fake,data/interim/deep_voice_chunks/fake/linus-to-musk_chunk0001.wav,4.0,16000
data/raw/deep_voice/fake/linus-to-musk.wav,2,fake,data/interim/deep_voice_chunks/fake/linus-to-musk_chunk0002.wav,4.0,16000
data/raw/deep_voice/fake/linus-to-musk.wav,3,fake,data/interim/deep_voice_chunks/fake/linus-to-musk_chunk0003.wav,4.0,16000
data/raw/deep_voice/fake/linus-to-musk.wav,4,fake,data/interim/deep_voice_chunks/fake/linus-to-musk_chunk0004.wav,4.0,16000
data/raw/deep_voice/fake/linus-to-musk.wav,5,fake,data/interim/deep_voice_chunks/fake/linus-to-musk_chunk0005.wav,4.0,16000
data/raw/deep_voice/fake/linus-to-musk.wav,6,fake,data/interim/deep_voice_chunks/fake/linus-to-musk_chunk0006.wav,4.0,16000
data/raw/deep_voice/fake/linus-to-musk.wav,7,fake,data/interim/deep_voice_chunks/fake/linus-to-musk_chunk0007.wav,4.0,16000
data/raw/deep_voice/fake/linus-to-musk.wav,8,fake,data/interim/deep_voice_chunks/fake/linus-to-musk_chunk0008.wav,4.0,16000
data/raw/deep_voice/fake/linus-to-musk.wav,9,fake,data/interim/deep_voice_chunks/fake/linus-to-musk_chunk0009.wav,4.0,16000
data/raw/deep_voice/fake/linus-to-musk.wav,10,fake,data/interim/deep_voice_chunks/fake/linus-to-musk_chunk0010.wav,4.0,16000
data/raw/deep_voice/fake/linus-to-musk.wav,11,fake,data/interim/deep_voice_chunks/fake/linus-to-musk_chunk0011.wav,4.0,16000
data/raw/deep_voice/fake/linus-to-musk.wav,12,fake,data/interim/deep_voice_chunks/fake/linus-to-musk_chunk0012.wav,4.0,16000
data/raw/deep_voice/fake/linus-to-musk.wav,13,fake,data/interim/deep_voice_chunks/fake/linus-to-musk_chunk0013.wav,4.0,16000
data/raw/deep_voice/fake/linus-to-musk.wav,14,fake,data/interim/deep_voice_chunks/fake/linus-to-musk_chunk0014.wav,4.0,16000
data/raw/deep_voice/fake/linus-to-musk.wav,15,fake,data/interim/deep_voice_chunks/fake/linus-to-musk_chunk0015.wav,4.0,16000
data/raw/deep_voice/fake/linus-to-musk.wav,16,fake,data/interim/deep_voice_chunks/fake/linus-to-musk_chunk0016.wav,4.0,16000
data/raw/deep_voice/fake/linus-to-musk.wav,17,fake,data/interim/deep_voice_chunks/fake/linus-to-musk_chunk0017.wav,4.0,16000
data/raw/deep_voice/fake/linus-to-musk.wav,18,fake,data/interim/deep_voice_chunks/fake/linus-to-musk_chunk0018.wav,4.0,16000
data/raw/deep_voice/fake/linus-to-musk.wav,19,fake,data/interim/deep_voice_chunks/fake/linus-to-musk_chunk0019.wav,4.0,16000
data/raw/deep_voice/fake/linus-to-musk.wav,20,fake,data/interim/deep_voice_chunks/fake/linus-to-musk_chunk0020.wav,4.0,16000
data/raw/deep_voice/fake/linus-to-musk.wav,21,fake,data/interim/deep_voice_chunks/fake/linus-to-musk_chunk0021.wav,4.0,16000
data/raw/deep_voice/fake/linus-to-musk.wav,22,fake,data/interim/deep_voice_chunks/fake/linus-to-musk_chunk0022.wav,4.0,16000
data/raw/deep_voice/fake/linus-to-musk.wav,23,fake,data/interim/deep_voice_chunks/fake/linus-to-musk_chunk0023.wav,4.0,16000
data/raw/deep_voice/fake/linus-to-musk.wav,24,fake,data/interim/deep_voice_chunks/fake/linus-to-musk_chunk0024.wav,4.0,16000
data/raw/deep_voice/fake/linus-to-musk.wav,25,fake,data/interim/deep_voice_chunks/fake/linus-to-musk_chunk0025.wav,4.0,16000
data/raw/deep_voice/fake/linus-to-musk.wav,26,fake,data/interim/deep_voice_chunks/fake/linus-to-musk_chunk0026.wav,4.0,16000
data/raw/deep_voice/fake/linus-to-musk.wav,27,fake,data/interim/deep_voice_chunks/fake/linus-to-musk_chunk0027.wav,4.0,16000
data/raw/deep_voice/fake/linus-to-musk.wav,28,fake,data/interim/deep_voice_chunks/fake/linus-to-musk_chunk0028.wav,4.0,16000
data/raw/deep_voice/fake/linus-to-musk.wav,29,fake,data/interim/deep_voice_chunks/fake/linus-to-musk_chunk0029.wav,4.0,16000
data/raw/deep_voice/fake/linus-to-musk.wav,30,fake,data/interim/deep_voice_chunks/fake/linus-to-musk_chunk0030.wav,4.0,16000
data/raw/deep_voice/fake/linus-to-musk.wav,31,fake,data/interim/deep_voice_chunks/fake/linus-to-musk_chunk0031.wav,4.0,16000
data/raw/deep_voice/fake/linus-to-musk.wav,32,fake,data/interim/deep_voice_chunks/fake/linus-to-musk_chunk0032.wav,4.0,16000
data/raw/deep_voice/fake/linus-to-musk.wav,33,fake,data/interim/deep_voice_chunks/fake/linus-to-musk_chunk0033.wav,4.0,16000
data/raw/deep_voice/fake/linus-to-musk.wav,34,fake,data/interim/deep_voice_chunks/fake/linus-to-musk_chunk0034.wav,4.0,16000
data/raw/deep_voice/fake/linus-to-musk.wav,35,fake,data/interim/deep_voice_chunks/fake/linus-to-musk_chunk0035.wav,4.0,16000
data/raw/deep_voice/fake/linus-to-musk.wav,36,fake,data/interim/deep_voice_chunks/fake/linus-to-musk_chunk0036.wav,4.0,16000
data/raw/deep_voice/fake/linus-to-musk.wav,37,fake,data/interim/deep_voice_chunks/fake/linus-to-musk_chunk0037.wav,4.0,16000
data/raw/deep_voice/fake/linus-to-musk.wav,38,fake,data/interim/deep_voice_chunks/fake/linus-to-musk_chunk0038.wav,4.0,16000
data/raw/deep_voice/fake/linus-to-musk.wav,39,fake,data/interim/deep_voice_chunks/fake/linus-to-musk_chunk0039.wav,4.0,16000
data/raw/deep_voice/fake/linus-to-musk.wav,40,fake,data/interim/deep_voice_chunks/fake/linus-to-musk_chunk0040.wav,4.0,16000
data/raw/deep_voice/fake/linus-to-musk.wav,41,fake,data/interim/deep_voice_chunks/fake/linus-to-musk_chunk0041.wav,4.0,16000
data/raw/deep_voice/fake/linus-to-musk.wav,42,fake,data/interim/deep_voice_chunks/fake/linus-to-musk_chunk0042.wav,4.0,16000
data/raw/deep_voice/fake/linus-to-musk.wav,43,fake,data/interim/deep_voice_chunks/fake/linus-to-musk_chunk0043.wav,4.0,16000
data/raw/deep_voice/fake/linus-to-musk.wav,44,fake,data/interim/deep_voice_chunks/fake/linus-to-musk_chunk0044.wav,4.0,16000
data/raw/deep_voice/fake/linus-to-musk.wav,45,fake,data/interim/deep_voice_chunks/fake/linus-to-musk_chunk0045.wav,4.0,16000
data/raw/deep_voice/fake/linus-to-musk.wav,46,fake,data/interim/deep_voice_chunks/fake/linus-to-musk_chunk0046.wav,4.0,16000
data/raw/deep_voice/fake/linus-to-musk.wav,47,fake,data/interim/deep_voice_chunks/fake/linus-to-musk_chunk0047.wav,4.0,16000
data/raw/deep_voice/fake/linus-to-musk.wav,48,fake,data/interim/deep_voice_chunks/fake/linus-to-musk_chunk0048.wav,4.0,16000
data/raw/deep_voice/fake/linus-to-musk.wav,49,fake,data/interim/deep_voice_chunks/fake/linus-to-musk_chunk0049.wav,4.0,16000
data/raw/deep_voice/fake/linus-to-musk.wav,50,fake,data/interim/deep_voice_chunks/fake/linus-to-musk_chunk0050.wav,4.0,16000
data/raw/deep_voice/fake/linus-to-musk.wav,51,fake,data/interim/deep_voice_chunks/fake/linus-to-musk_chunk0051.wav,4.0,16000
data/raw/deep_voice/fake/linus-to-musk.wav,52,fake,data/interim/deep_voice_chunks/fake/linus-to-musk_chunk0052.wav,4.0,16000
data/raw/deep_voice/fake/linus-to-musk.wav,53,fake,data/interim/deep_voice_chunks/fake/linus-to-musk_chunk0053.wav,4.0,16000
data/raw/deep_voice/fake/linus-to-musk.wav,54,fake,data/interim/deep_voice_chunks/fake/linus-to-musk_chunk0054.wav,4.0,16000
data/raw/deep_voice/fake/linus-to-musk.wav,55,fake,data/interim/deep_voice_chunks/fake/linus-to-musk_chunk0055.wav,4.0,16000
data/raw/deep_voice/fake/linus-to-musk.wav,56,fake,data/interim/deep_voice_chunks/fake/linus-to-musk_chunk0056.wav,4.0,16000
data/raw/deep_voice/fake/linus-to-musk.wav,57,fake,data/interim/deep_voice_chunks/fake/linus-to-musk_chunk0057.wav,4.0,16000
data/raw/deep_voice/fake/linus-to-musk.wav,58,fake,data/interim/deep_voice_chunks/fake/linus-to-musk_chunk0058.wav,4.0,16000
data/raw/deep_voice/fake/linus-to-musk.wav,59,fake,data/interim/deep_voice_chunks/fake/linus-to-musk_chunk0059.wav,4.0,16000
data/raw/deep_voice/fake/linus-to-musk.wav,60,fake,data/interim/deep_voice_chunks/fake/linus-to-musk_chunk0060.wav,4.0,16000
data/raw/deep_voice/fake/linus-to-musk.wav,61,fake,data/interim/deep_voice_chunks/fake/linus-to-musk_chunk0061.wav,4.0,16000
data/raw/deep_voice/fake/linus-to-musk.wav,62,fake,data/interim/deep_voice_chunks/fake/linus-to-musk_chunk0062.wav,4.0,16000
data/raw/deep_voice/fake/linus-to-musk.wav,63,fake,data/interim/deep_voice_chunks/fake/linus-to-musk_chunk0063.wav,4.0,16000
data/raw/deep_voice/fake/linus-to-musk.wav,64,fake,data/interim/deep_voice_chunks/fake/linus-to-musk_chunk0064.wav,4.0,16000
data/raw/deep_voice/fake/linus-to-musk.wav,65,fake,data/interim/deep_voice_chunks/fake/linus-to-musk_chunk0065.wav,4.0,16000
data/raw/deep_voice/fake/linus-to-musk.wav,66,fake,data/interim/deep_voice_chunks/fake/linus-to-musk_chunk0066.wav,4.0,16000
data/raw/deep_voice/fake/linus-to-musk.wav,67,fake,data/interim/deep_voice_chunks/fake/linus-to-musk_chunk0067.wav,4.0,16000
data/raw/deep_voice/fake/linus-to-musk.wav,68,fake,data/interim/deep_voice_chunks/fake/linus-to-musk_chunk0068.wav,4.0,16000
data/raw/deep_voice/fake/linus-to-musk.wav,69,fake,data/interim/deep_voice_chunks/fake/linus-to-musk_chunk0069.wav,4.0,16000
data/raw/deep_voice/fake/linus-to-musk.wav,70,fake,data/interim/deep_voice_chunks/fake/linus-to-musk_chunk0070.wav,4.0,16000
data/raw/deep_voice/fake/linus-to-musk.wav,71,fake,data/interim/deep_voice_chunks/fake/linus-to-musk_chunk0071.wav,4.0,16000
data/raw/deep_voice/fake/linus-to-musk.wav,72,fake,data/interim/deep_voice_chunks/fake/linus-to-musk_chunk0072.wav,4.0,16000
data/raw/deep_voice/fake/linus-to-musk.wav,73,fake,data/interim/deep_voice_chunks/fake/linus-to-musk_chunk0073.wav,4.0,16000
data/raw/deep_voice/fake/linus-to-musk.wav,74,fake,data/interim/deep_voice_chunks/fake/linus-to-musk_chunk0074.wav,4.0,16000
data/raw/deep_voice/fake/linus-to-musk.wav,75,fake,data/interim/deep_voice_chunks/fake/linus-to-musk_chunk0075.wav,4.0,16000
data/raw/deep_voice/fake/linus-to-musk.wav,76,fake,data/interim/deep_voice_chunks/fake/linus-to-musk_chunk0076.wav,4.0,16000
data/raw/deep_voice/fake/linus-to-musk.wav,77,fake,data/interim/deep_voice_chunks/fake/linus-to-musk_chunk0077.wav,4.0,16000
data/raw/deep_voice/fake/linus-to-musk.wav,78,fake,data/interim/deep_voice_chunks/fake/linus-to-musk_chunk0078.wav,4.0,16000
data/raw/deep_voice/fake/linus-to-musk.wav,79,fake,data/interim/deep_voice_chunks/fake/linus-to-musk_chunk0079.wav,4.0,16000
data/raw/deep_voice/fake/linus-to-musk.wav,80,fake,data/interim/deep_voice_chunks/fake/linus-to-musk_chunk0080.wav,4.0,16000
data/raw/deep_voice/fake/linus-to-musk.wav,81,fake,data/interim/deep_voice_chunks/fake/linus-to-musk_chunk0081.wav,4.0,16000
data/raw/deep_voice/fake/linus-to-musk.wav,82,fake,data/interim/deep_voice_chunks/fake/linus-to-musk_chunk0082.wav,4.0,16000
data/raw/deep_voice/fake/linus-to-musk.wav,83,fake,data/interim/deep_voice_chunks/fake/linus-to-musk_chunk0083.wav,4.0,16000
data/raw/deep_voice/fake/linus-to-musk.wav,84,fake,data/interim/deep_voice_chunks/fake/linus-to-musk_chunk0084.wav,4.0,16000
data/raw/deep_voice/fake/linus-to-musk.wav,85,fake,data/interim/deep_voice_chunks/fake/linus-to-musk_chunk0085.wav,4.0,16000
data/raw/deep_voice/fake/linus-to-musk.wav,86,fake,data/interim/deep_voice_chunks/fake/linus-to-musk_chunk0086.wav,4.0,16000
data/raw/deep_voice/fake/linus-to-musk.wav,87,fake,data/interim/deep_voice_chunks/fake/linus-to-musk_chunk0087.wav,4.0,16000
data/raw/deep_voice/fake/linus-to-musk.wav,88,fake,data/interim/deep_voice_chunks/fake/linus-to-musk_chunk0088.wav,4.0,16000
data/raw/deep_voice/fake/linus-to-musk.wav,89,fake,data/interim/deep_voice_chunks/fake/linus-to-musk_chunk0089.wav,4.0,16000
data/raw/deep_voice/fake/linus-to-musk.wav,90,fake,data/interim/deep_voice_chunks/fake/linus-to-musk_chunk0090.wav,4.0,16000
data/raw/deep_voice/fake/linus-to-musk.wav,91,fake,data/interim/deep_voice_chunks/fake/linus-to-musk_chunk0091.wav,4.0,16000
data/raw/deep_voice/fake/linus-to-musk.wav,92,fake,data/interim/deep_voice_chunks/fake/linus-to-musk_chunk0092.wav,4.0,16000
data/raw/deep_voice/fake/linus-to-musk.wav,93,fake,data/interim/deep_voice_chunks/fake/linus-to-musk_chunk0093.wav,4.0,16000
data/raw/deep_voice/fake/linus-to-musk.wav,94,fake,data/interim/deep_voice_chunks/fake/linus-to-musk_chunk0094.wav,4.0,16000
data/raw/deep_voice/fake/linus-to-musk.wav,95,fake,data/interim/deep_voice_chunks/fake/linus-to-musk_chunk0095.wav,4.0,16000
data/raw/deep_voice/fake/linus-to-musk.wav,96,fake,data/interim/deep_voice_chunks/fake/linus-to-musk_chunk0096.wav,4.0,16000
data/raw/deep_voice/fake/linus-to-musk.wav,97,fake,data/interim/deep_voice_chunks/fake/linus-to-musk_chunk0097.wav,4.0,16000
data/raw/deep_voice/fake/linus-to-musk.wav,98,fake,data/interim/deep_voice_chunks/fake/linus-to-musk_chunk0098.wav,4.0,16000
data/raw/deep_voice/fake/linus-to-musk.wav,99,fake,data/interim/deep_voice_chunks/fake/linus-to-musk_chunk0099.wav,4.0,16000
data/raw/deep_voice/fake/linus-to-musk.wav,100,fake,data/interim/deep_voice_chunks/fake/linus-to-musk_chunk0100.wav,4.0,16000
data/raw/deep_voice/fake/linus-to-musk.wav,101,fake,data/interim/deep_voice_chunks/fake/linus-to-musk_chunk0101.wav,4.0,16000
data/raw/deep_voice/fake/linus-to-musk.wav,102,fake,data/interim/deep_voice_chunks/fake/linus-to-musk_chunk0102.wav,4.0,16000
data/raw/deep_voice/fake/linus-to-musk.wav,103,fake,data/interim/deep_voice_chunks/fake/linus-to-musk_chunk0103.wav,4.0,16000
data/raw/deep_voice/fake/linus-to-musk.wav,104,fake,data/interim/deep_voice_chunks/fake/linus-to-musk_chunk0104.wav,4.0,16000
data/raw/deep_voice/fake/linus-to-musk.wav,105,fake,data/interim/deep_voice_chunks/fake/linus-to-musk_chunk0105.wav,4.0,16000
data/raw/deep_voice/fake/linus-to-musk.wav,106,fake,data/interim/deep_voice_chunks/fake/linus-to-musk_chunk0106.wav,4.0,16000
data/raw/deep_voice/fake/linus-to-musk.wav,107,fake,data/interim/deep_voice_chunks/fake/linus-to-musk_chunk0107.wav,4.0,16000
data/raw/deep_voice/fake/linus-to-musk.wav,108,fake,data/interim/deep_voice_chunks/fake/linus-to-musk_chunk0108.wav,4.0,16000
data/raw/deep_voice/fake/linus-to-musk.wav,109,fake,data/interim/deep_voice_chunks/fake/linus-to-musk_chunk0109.wav,4.0,16000
data/raw/deep_voice/fake/linus-to-musk.wav,110,fake,data/interim/deep_voice_chunks/fake/linus-to-musk_chunk0110.wav,4.0,16000
data/raw/deep_voice/fake/linus-to-musk.wav,111,fake,data/interim/deep_voice_chunks/fake/linus-to-musk_chunk0111.wav,4.0,16000
data/raw/deep_voice/fake/linus-to-musk.wav,112,fake,data/interim/deep_voice_chunks/fake/linus-to-musk_chunk0112.wav,4.0,16000
data/raw/deep_voice/fake/linus-to-musk.wav,113,fake,data/interim/deep_voice_chunks/fake/linus-to-musk_chunk0113.wav,4.0,16000
data/raw/deep_voice/fake/linus-to-musk.wav,114,fake,data/interim/deep_voice_chunks/fake/linus-to-musk_chunk0114.wav,4.0,16000
data/raw/deep_voice/fake/linus-to-musk.wav,115,fake,data/interim/deep_voice_chunks/fake/linus-to-musk_chunk0115.wav,4.0,16000
data/raw/deep_voice/fake/linus-to-musk.wav,116,fake,data/interim/deep_voice_chunks/fake/linus-to-musk_chunk0116.wav,4.0,16000
data/raw/deep_voice/fake/linus-to-musk.wav,117,fake,data/interim/deep_voice_chunks/fake/linus-to-musk_chunk0117.wav,4.0,16000
data/raw/deep_voice/fake/linus-to-musk.wav,118,fake,data/interim/deep_voice_chunks/fake/linus-to-musk_chunk0118.wav,4.0,16000
data/raw/deep_voice/fake/linus-to-musk.wav,119,fake,data/interim/deep_voice_chunks/fake/linus-to-musk_chunk0119.wav,4.0,16000
data/raw/deep_voice/fake/linus-to-musk.wav,120,fake,data/interim/deep_voice_chunks/fake/linus-to-musk_chunk0120.wav,4.0,16000
data/raw/deep_voice/fake/linus-to-musk.wav,121,fake,data/interim/deep_voice_chunks/fake/linus-to-musk_chunk0121.wav,4.0,16000
data/raw/deep_voice/fake/linus-to-musk.wav,122,fake,data/interim/deep_voice_chunks/fake/linus-to-musk_chunk0122.wav,4.0,16000
data/raw/deep_voice/fake/linus-to-musk.wav,123,fake,data/interim/deep_voice_chunks/fake/linus-to-musk_chunk0123.wav,4.0,16000
data/raw/deep_voice/fake/linus-to-musk.wav,124,fake,data/interim/deep_voice_chunks/fake/linus-to-musk_chunk0124.wav,4.0,16000
data/raw/deep_voice/fake/linus-to-musk.wav,125,fake,data/interim/deep_voice_chunks/fake/linus-to-musk_chunk0125.wav,4.0,16000
data/raw/deep_voice/fake/linus-to-musk.wav,126,fake,data/interim/deep_voice_chunks/fake/linus-to-musk_chunk0126.wav,4.0,16000
data/raw/deep_voice/fake/linus-to-musk.wav,127,fake,data/interim/deep_voice_chunks/fake/linus-to-musk_chunk0127.wav,4.0,16000
data/raw/deep_voice/fake/linus-to-musk.wav,128,fake,data/interim/deep_voice_chunks/fake/linus-to-musk_chunk0128.wav,4.0,16000
data/raw/deep_voice/fake/linus-to-musk.wav,129,fake,data/interim/deep_voice_chunks/fake/linus-to-musk_chunk0129.wav,4.0,16000
data/raw/deep_voice/fake/linus-to-musk.wav,130,fake,data/interim/deep_voice_chunks/fake/linus-to-musk_chunk0130.wav,4.0,16000
data/raw/deep_voice/fake/linus-to-musk.wav,131,fake,data/interim/deep_voice_chunks/fake/linus-to-musk_chunk0131.wav,4.0,16000
data/raw/deep_voice/fake/linus-to-musk.wav,132,fake,data/interim/deep_voice_chunks/fake/linus-to-musk_chunk0132.wav,4.0,16000
data/raw/deep_voice/fake/linus-to-musk.wav,133,fake,data/interim/deep_voice_chunks/fake/linus-to-musk_chunk0133.wav,4.0,16000
data/raw/deep_voice/fake/linus-to-musk.wav,134,fake,data/interim/deep_voice_chunks/fake/linus-to-musk_chunk0134.wav,4.0,16000
data/raw/deep_voice/fake/linus-to-musk.wav,135,fake,data/interim/deep_voice_chunks/fake/linus-to-musk_chunk0135.wav,4.0,16000
data/raw/deep_voice/fake/linus-to-musk.wav,136,fake,data/interim/deep_voice_chunks/fake/linus-to-musk_chunk0136.wav,4.0,16000
data/raw/deep_voice/fake/linus-to-musk.wav,137,fake,data/interim/deep_voice_chunks/fake/linus-to-musk_chunk0137.wav,4.0,16000
data/raw/deep_voice/fake/linus-to-musk.wav,138,fake,data/interim/deep_voice_chunks/fake/linus-to-musk_chunk0138.wav,4.0,16000
data/raw/deep_voice/fake/linus-to-musk.wav,139,fake,data/interim/deep_voice_chunks/fake/linus-to-musk_chunk0139.wav,4.0,16000
data/raw/deep_voice/fake/linus-to-musk.wav,140,fake,data/interim/deep_voice_chunks/fake/linus-to-musk_chunk0140.wav,4.0,16000
data/raw/deep_voice/fake/linus-to-musk.wav,141,fake,data/interim/deep_voice_chunks/fake/linus-to-musk_chunk0141.wav,4.0,16000
data/raw/deep_voice/fake/linus-to-musk.wav,142,fake,data/interim/deep_voice_chunks/fake/linus-to-musk_chunk0142.wav,2.272,16000
data/raw/deep_voice/fake/linus-to-obama.wav,0,fake,data/interim/deep_voice_chunks/fake/linus-to-obama_chunk0000.wav,4.0,16000
data/raw/deep_voice/fake/linus-to-obama.wav,1,fake,data/interim/deep_voice_chunks/fake/linus-to-obama_chunk0001.wav,4.0,16000
data/raw/deep_voice/fake/linus-to-obama.wav,2,fake,data/interim/deep_voice_chunks/fake/linus-to-obama_chunk0002.wav,4.0,16000
data/raw/deep_voice/fake/linus-to-obama.wav,3,fake,data/interim/deep_voice_chunks/fake/linus-to-obama_chunk0003.wav,4.0,16000
data/raw/deep_voice/fake/linus-to-obama.wav,4,fake,data/interim/deep_voice_chunks/fake/linus-to-obama_chunk0004.wav,4.0,16000
data/raw/deep_voice/fake/linus-to-obama.wav,5,fake,data/interim/deep_voice_chunks/fake/linus-to-obama_chunk0005.wav,4.0,16000
data/raw/deep_voice/fake/linus-to-obama.wav,6,fake,data/interim/deep_voice_chunks/fake/linus-to-obama_chunk0006.wav,4.0,16000
data/raw/deep_voice/fake/linus-to-obama.wav,7,fake,data/interim/deep_voice_chunks/fake/linus-to-obama_chunk0007.wav,4.0,16000
data/raw/deep_voice/fake/linus-to-obama.wav,8,fake,data/interim/deep_voice_chunks/fake/linus-to-obama_chunk0008.wav,4.0,16000
data/raw/deep_voice/fake/linus-to-obama.wav,9,fake,data/interim/deep_voice_chunks/fake/linus-to-obama_chunk0009.wav,4.0,16000
data/raw/deep_voice/fake/linus-to-obama.wav,10,fake,data/interim/deep_voice_chunks/fake/linus-to-obama_chunk0010.wav,4.0,16000
data/raw/deep_voice/fake/linus-to-obama.wav,11,fake,data/interim/deep_voice_chunks/fake/linus-to-obama_chunk0011.wav,4.0,16000
data/raw/deep_voice/fake/linus-to-obama.wav,12,fake,data/interim/deep_voice_chunks/fake/linus-to-obama_chunk0012.wav,4.0,16000
data/raw/deep_voice/fake/linus-to-obama.wav,13,fake,data/interim/deep_voice_chunks/fake/linus-to-obama_chunk0013.wav,4.0,16000
data/raw/deep_voice/fake/linus-to-obama.wav,14,fake,data/interim/deep_voice_chunks/fake/linus-to-obama_chunk0014.wav,4.0,16000
data/raw/deep_voice/fake/linus-to-obama.wav,15,fake,data/interim/deep_voice_chunks/fake/linus-to-obama_chunk0015.wav,4.0,16000
data/raw/deep_voice/fake/linus-to-obama.wav,16,fake,data/interim/deep_voice_chunks/fake/linus-to-obama_chunk0016.wav,4.0,16000
data/raw/deep_voice/fake/linus-to-obama.wav,17,fake,data/interim/deep_voice_chunks/fake/linus-to-obama_chunk0017.wav,4.0,16000
data/raw/deep_voice/fake/linus-to-obama.wav,18,fake,data/interim/deep_voice_chunks/fake/linus-to-obama_chunk0018.wav,4.0,16000
data/raw/deep_voice/fake/linus-to-obama.wav,19,fake,data/interim/deep_voice_chunks/fake/linus-to-obama_chunk0019.wav,4.0,16000
data/raw/deep_voice/fake/linus-to-obama.wav,20,fake,data/interim/deep_voice_chunks/fake/linus-to-obama_chunk0020.wav,4.0,16000
data/raw/deep_voice/fake/linus-to-obama.wav,21,fake,data/interim/deep_voice_chunks/fake/linus-to-obama_chunk0021.wav,4.0,16000
data/raw/deep_voice/fake/linus-to-obama.wav,22,fake,data/interim/deep_voice_chunks/fake/linus-to-obama_chunk0022.wav,4.0,16000
data/raw/deep_voice/fake/linus-to-obama.wav,23,fake,data/interim/deep_voice_chunks/fake/linus-to-obama_chunk0023.wav,4.0,16000
data/raw/deep_voice/fake/linus-to-obama.wav,24,fake,data/interim/deep_voice_chunks/fake/linus-to-obama_chunk0024.wav,4.0,16000
data/raw/deep_voice/fake/linus-to-obama.wav,25,fake,data/interim/deep_voice_chunks/fake/linus-to-obama_chunk0025.wav,4.0,16000
data/raw/deep_voice/fake/linus-to-obama.wav,26,fake,data/interim/deep_voice_chunks/fake/linus-to-obama_chunk0026.wav,4.0,16000
data/raw/deep_voice/fake/linus-to-obama.wav,27,fake,data/interim/deep_voice_chunks/fake/linus-to-obama_chunk0027.wav,4.0,16000
data/raw/deep_voice/fake/linus-to-obama.wav,28,fake,data/interim/deep_voice_chunks/fake/linus-to-obama_chunk0028.wav,4.0,16000
data/raw/deep_voice/fake/linus-to-obama.wav,29,fake,data/interim/deep_voice_chunks/fake/linus-to-obama_chunk0029.wav,4.0,16000
data/raw/deep_voice/fake/linus-to-obama.wav,30,fake,data/interim/deep_voice_chunks/fake/linus-to-obama_chunk0030.wav,4.0,16000
data/raw/deep_voice/fake/linus-to-obama.wav,31,fake,data/interim/deep_voice_chunks/fake/linus-to-obama_chunk0031.wav,4.0,16000
data/raw/deep_voice/fake/linus-to-obama.wav,32,fake,data/interim/deep_voice_chunks/fake/linus-to-obama_chunk0032.wav,4.0,16000
data/raw/deep_voice/fake/linus-to-obama.wav,33,fake,data/interim/deep_voice_chunks/fake/linus-to-obama_chunk0033.wav,4.0,16000
data/raw/deep_voice/fake/linus-to-obama.wav,34,fake,data/interim/deep_voice_chunks/fake/linus-to-obama_chunk0034.wav,4.0,16000
data/raw/deep_voice/fake/linus-to-obama.wav,35,fake,data/interim/deep_voice_chunks/fake/linus-to-obama_chunk0035.wav,4.0,16000
data/raw/deep_voice/fake/linus-to-obama.wav,36,fake,data/interim/deep_voice_chunks/fake/linus-to-obama_chunk0036.wav,4.0,16000
data/raw/deep_voice/fake/linus-to-obama.wav,37,fake,data/interim/deep_voice_chunks/fake/linus-to-obama_chunk0037.wav,4.0,16000
data/raw/deep_voice/fake/linus-to-obama.wav,38,fake,data/interim/deep_voice_chunks/fake/linus-to-obama_chunk0038.wav,4.0,16000
data/raw/deep_voice/fake/linus-to-obama.wav,39,fake,data/interim/deep_voice_chunks/fake/linus-to-obama_chunk0039.wav,4.0,16000
data/raw/deep_voice/fake/linus-to-obama.wav,40,fake,data/interim/deep_voice_chunks/fake/linus-to-obama_chunk0040.wav,4.0,16000
data/raw/deep_voice/fake/linus-to-obama.wav,41,fake,data/interim/deep_voice_chunks/fake/linus-to-obama_chunk0041.wav,4.0,16000
data/raw/deep_voice/fake/linus-to-obama.wav,42,fake,data/interim/deep_voice_chunks/fake/linus-to-obama_chunk0042.wav,4.0,16000
data/raw/deep_voice/fake/linus-to-obama.wav,43,fake,data/interim/deep_voice_chunks/fake/linus-to-obama_chunk0043.wav,4.0,16000
data/raw/deep_voice/fake/linus-to-obama.wav,44,fake,data/interim/deep_voice_chunks/fake/linus-to-obama_chunk0044.wav,4.0,16000
data/raw/deep_voice/fake/linus-to-obama.wav,45,fake,data/interim/deep_voice_chunks/fake/linus-to-obama_chunk0045.wav,4.0,16000
data/raw/deep_voice/fake/linus-to-obama.wav,46,fake,data/interim/deep_voice_chunks/fake/linus-to-obama_chunk0046.wav,4.0,16000
data/raw/deep_voice/fake/linus-to-obama.wav,47,fake,data/interim/deep_voice_chunks/fake/linus-to-obama_chunk0047.wav,4.0,16000
data/raw/deep_voice/fake/linus-to-obama.wav,48,fake,data/interim/deep_voice_chunks/fake/linus-to-obama_chunk0048.wav,4.0,16000
data/raw/deep_voice/fake/linus-to-obama.wav,49,fake,data/interim/deep_voice_chunks/fake/linus-to-obama_chunk0049.wav,4.0,16000
data/raw/deep_voice/fake/linus-to-obama.wav,50,fake,data/interim/deep_voice_chunks/fake/linus-to-obama_chunk0050.wav,4.0,16000
data/raw/deep_voice/fake/linus-to-obama.wav,51,fake,data/interim/deep_voice_chunks/fake/linus-to-obama_chunk0051.wav,4.0,16000
data/raw/deep_voice/fake/linus-to-obama.wav,52,fake,data/interim/deep_voice_chunks/fake/linus-to-obama_chunk0052.wav,4.0,16000
data/raw/deep_voice/fake/linus-to-obama.wav,53,fake,data/interim/deep_voice_chunks/fake/linus-to-obama_chunk0053.wav,4.0,16000
data/raw/deep_voice/fake/linus-to-obama.wav,54,fake,data/interim/deep_voice_chunks/fake/linus-to-obama_chunk0054.wav,4.0,16000
data/raw/deep_voice/fake/linus-to-obama.wav,55,fake,data/interim/deep_voice_chunks/fake/linus-to-obama_chunk0055.wav,4.0,16000
data/raw/deep_voice/fake/linus-to-obama.wav,56,fake,data/interim/deep_voice_chunks/fake/linus-to-obama_chunk0056.wav,4.0,16000
data/raw/deep_voice/fake/linus-to-obama.wav,57,fake,data/interim/deep_voice_chunks/fake/linus-to-obama_chunk0057.wav,4.0,16000
data/raw/deep_voice/fake/linus-to-obama.wav,58,fake,data/interim/deep_voice_chunks/fake/linus-to-obama_chunk0058.wav,4.0,16000
data/raw/deep_voice/fake/linus-to-obama.wav,59,fake,data/interim/deep_voice_chunks/fake/linus-to-obama_chunk0059.wav,4.0,16000
data/raw/deep_voice/fake/linus-to-obama.wav,60,fake,data/interim/deep_voice_chunks/fake/linus-to-obama_chunk0060.wav,4.0,16000
data/raw/deep_voice/fake/linus-to-obama.wav,61,fake,data/interim/deep_voice_chunks/fake/linus-to-obama_chunk0061.wav,4.0,16000
data/raw/deep_voice/fake/linus-to-obama.wav,62,fake,data/interim/deep_voice_chunks/fake/linus-to-obama_chunk0062.wav,4.0,16000
data/raw/deep_voice/fake/linus-to-obama.wav,63,fake,data/interim/deep_voice_chunks/fake/linus-to-obama_chunk0063.wav,4.0,16000
data/raw/deep_voice/fake/linus-to-obama.wav,64,fake,data/interim/deep_voice_chunks/fake/linus-to-obama_chunk0064.wav,4.0,16000
data/raw/deep_voice/fake/linus-to-obama.wav,65,fake,data/interim/deep_voice_chunks/fake/linus-to-obama_chunk0065.wav,4.0,16000
data/raw/deep_voice/fake/linus-to-obama.wav,66,fake,data/interim/deep_voice_chunks/fake/linus-to-obama_chunk0066.wav,4.0,16000
data/raw/deep_voice/fake/linus-to-obama.wav,67,fake,data/interim/deep_voice_chunks/fake/linus-to-obama_chunk0067.wav,4.0,16000
data/raw/deep_voice/fake/linus-to-obama.wav,68,fake,data/interim/deep_voice_chunks/fake/linus-to-obama_chunk0068.wav,4.0,16000
data/raw/deep_voice/fake/linus-to-obama.wav,69,fake,data/interim/deep_voice_chunks/fake/linus-to-obama_chunk0069.wav,4.0,16000
data/raw/deep_voice/fake/linus-to-obama.wav,70,fake,data/interim/deep_voice_chunks/fake/linus-to-obama_chunk0070.wav,4.0,16000
data/raw/deep_voice/fake/linus-to-obama.wav,71,fake,data/interim/deep_voice_chunks/fake/linus-to-obama_chunk0071.wav,4.0,16000
data/raw/deep_voice/fake/linus-to-obama.wav,72,fake,data/interim/deep_voice_chunks/fake/linus-to-obama_chunk0072.wav,4.0,16000
data/raw/deep_voice/fake/linus-to-obama.wav,73,fake,data/interim/deep_voice_chunks/fake/linus-to-obama_chunk0073.wav,4.0,16000
data/raw/deep_voice/fake/linus-to-obama.wav,74,fake,data/interim/deep_voice_chunks/fake/linus-to-obama_chunk0074.wav,4.0,16000
data/raw/deep_voice/fake/linus-to-obama.wav,75,fake,data/interim/deep_voice_chunks/fake/linus-to-obama_chunk0075.wav,4.0,16000
data/raw/deep_voice/fake/linus-to-obama.wav,76,fake,data/interim/deep_voice_chunks/fake/linus-to-obama_chunk0076.wav,4.0,16000
data/raw/deep_voice/fake/linus-to-obama.wav,77,fake,data/interim/deep_voice_chunks/fake/linus-to-obama_chunk0077.wav,4.0,16000
data/raw/deep_voice/fake/linus-to-obama.wav,78,fake,data/interim/deep_voice_chunks/fake/linus-to-obama_chunk0078.wav,4.0,16000
data/raw/deep_voice/fake/linus-to-obama.wav,79,fake,data/interim/deep_voice_chunks/fake/linus-to-obama_chunk0079.wav,4.0,16000
data/raw/deep_voice/fake/linus-to-obama.wav,80,fake,data/interim/deep_voice_chunks/fake/linus-to-obama_chunk0080.wav,4.0,16000
data/raw/deep_voice/fake/linus-to-obama.wav,81,fake,data/interim/deep_voice_chunks/fake/linus-to-obama_chunk0081.wav,4.0,16000
data/raw/deep_voice/fake/linus-to-obama.wav,82,fake,data/interim/deep_voice_chunks/fake/linus-to-obama_chunk0082.wav,4.0,16000
data/raw/deep_voice/fake/linus-to-obama.wav,83,fake,data/interim/deep_voice_chunks/fake/linus-to-obama_chunk0083.wav,4.0,16000
data/raw/deep_voice/fake/linus-to-obama.wav,84,fake,data/interim/deep_voice_chunks/fake/linus-to-obama_chunk0084.wav,4.0,16000
data/raw/deep_voice/fake/linus-to-obama.wav,85,fake,data/interim/deep_voice_chunks/fake/linus-to-obama_chunk0085.wav,4.0,16000
data/raw/deep_voice/fake/linus-to-obama.wav,86,fake,data/interim/deep_voice_chunks/fake/linus-to-obama_chunk0086.wav,4.0,16000
data/raw/deep_voice/fake/linus-to-obama.wav,87,fake,data/interim/deep_voice_chunks/fake/linus-to-obama_chunk0087.wav,4.0,16000
data/raw/deep_voice/fake/linus-to-obama.wav,88,fake,data/interim/deep_voice_chunks/fake/linus-to-obama_chunk0088.wav,4.0,16000
data/raw/deep_voice/fake/linus-to-obama.wav,89,fake,data/interim/deep_voice_chunks/fake/linus-to-obama_chunk0089.wav,4.0,16000
data/raw/deep_voice/fake/linus-to-obama.wav,90,fake,data/interim/deep_voice_chunks/fake/linus-to-obama_chunk0090.wav,4.0,16000
data/raw/deep_voice/fake/linus-to-obama.wav,91,fake,data/interim/deep_voice_chunks/fake/linus-to-obama_chunk0091.wav,4.0,16000
data/raw/deep_voice/fake/linus-to-obama.wav,92,fake,data/interim/deep_voice_chunks/fake/linus-to-obama_chunk0092.wav,4.0,16000
data/raw/deep_voice/fake/linus-to-obama.wav,93,fake,data/interim/deep_voice_chunks/fake/linus-to-obama_chunk0093.wav,4.0,16000
data/raw/deep_voice/fake/linus-to-obama.wav,94,fake,data/interim/deep_voice_chunks/fake/linus-to-obama_chunk0094.wav,4.0,16000
data/raw/deep_voice/fake/linus-to-obama.wav,95,fake,data/interim/deep_voice_chunks/fake/linus-to-obama_chunk0095.wav,4.0,16000
data/raw/deep_voice/fake/linus-to-obama.wav,96,fake,data/interim/deep_voice_chunks/fake/linus-to-obama_chunk0096.wav,4.0,16000
data/raw/deep_voice/fake/linus-to-obama.wav,97,fake,data/interim/deep_voice_chunks/fake/linus-to-obama_chunk0097.wav,4.0,16000
data/raw/deep_voice/fake/linus-to-obama.wav,98,fake,data/interim/deep_voice_chunks/fake/linus-to-obama_chunk0098.wav,4.0,16000
data/raw/deep_voice/fake/linus-to-obama.wav,99,fake,data/interim/deep_voice_chunks/fake/linus-to-obama_chunk0099.wav,4.0,16000
data/raw/deep_voice/fake/linus-to-obama.wav,100,fake,data/interim/deep_voice_chunks/fake/linus-to-obama_chunk0100.wav,4.0,16000
data/raw/deep_voice/fake/linus-to-obama.wav,101,fake,data/interim/deep_voice_chunks/fake/linus-to-obama_chunk0101.wav,4.0,16000
data/raw/deep_voice/fake/linus-to-obama.wav,102,fake,data/interim/deep_voice_chunks/fake/linus-to-obama_chunk0102.wav,4.0,16000
data/raw/deep_voice/fake/linus-to-obama.wav,103,fake,data/interim/deep_voice_chunks/fake/linus-to-obama_chunk0103.wav,4.0,16000
data/raw/deep_voice/fake/linus-to-obama.wav,104,fake,data/interim/deep_voice_chunks/fake/linus-to-obama_chunk0104.wav,4.0,16000
data/raw/deep_voice/fake/linus-to-obama.wav,105,fake,data/interim/deep_voice_chunks/fake/linus-to-obama_chunk0105.wav,4.0,16000
data/raw/deep_voice/fake/linus-to-obama.wav,106,fake,data/interim/deep_voice_chunks/fake/linus-to-obama_chunk0106.wav,4.0,16000
data/raw/deep_voice/fake/linus-to-obama.wav,107,fake,data/interim/deep_voice_chunks/fake/linus-to-obama_chunk0107.wav,4.0,16000
data/raw/deep_voice/fake/linus-to-obama.wav,108,fake,data/interim/deep_voice_chunks/fake/linus-to-obama_chunk0108.wav,4.0,16000
data/raw/deep_voice/fake/linus-to-obama.wav,109,fake,data/interim/deep_voice_chunks/fake/linus-to-obama_chunk0109.wav,4.0,16000
data/raw/deep_voice/fake/linus-to-obama.wav,110,fake,data/interim/deep_voice_chunks/fake/linus-to-obama_chunk0110.wav,4.0,16000
data/raw/deep_voice/fake/linus-to-obama.wav,111,fake,data/interim/deep_voice_chunks/fake/linus-to-obama_chunk0111.wav,4.0,16000
data/raw/deep_voice/fake/linus-to-obama.wav,112,fake,data/interim/deep_voice_chunks/fake/linus-to-obama_chunk0112.wav,4.0,16000
data/raw/deep_voice/fake/linus-to-obama.wav,113,fake,data/interim/deep_voice_chunks/fake/linus-to-obama_chunk0113.wav,4.0,16000
data/raw/deep_voice/fake/linus-to-obama.wav,114,fake,data/interim/deep_voice_chunks/fake/linus-to-obama_chunk0114.wav,4.0,16000
data/raw/deep_voice/fake/linus-to-obama.wav,115,fake,data/interim/deep_voice_chunks/fake/linus-to-obama_chunk0115.wav,4.0,16000
data/raw/deep_voice/fake/linus-to-obama.wav,116,fake,data/interim/deep_voice_chunks/fake/linus-to-obama_chunk0116.wav,4.0,16000
data/raw/deep_voice/fake/linus-to-obama.wav,117,fake,data/interim/deep_voice_chunks/fake/linus-to-obama_chunk0117.wav,4.0,16000
data/raw/deep_voice/fake/linus-to-obama.wav,118,fake,data/interim/deep_voice_chunks/fake/linus-to-obama_chunk0118.wav,4.0,16000
data/raw/deep_voice/fake/linus-to-obama.wav,119,fake,data/interim/deep_voice_chunks/fake/linus-to-obama_chunk0119.wav,4.0,16000
data/raw/deep_voice/fake/linus-to-obama.wav,120,fake,data/interim/deep_voice_chunks/fake/linus-to-obama_chunk0120.wav,4.0,16000
data/raw/deep_voice/fake/linus-to-obama.wav,121,fake,data/interim/deep_voice_chunks/fake/linus-to-obama_chunk0121.wav,4.0,16000
data/raw/deep_voice/fake/linus-to-obama.wav,122,fake,data/interim/deep_voice_chunks/fake/linus-to-obama_chunk0122.wav,4.0,16000
data/raw/deep_voice/fake/linus-to-obama.wav,123,fake,data/interim/deep_voice_chunks/fake/linus-to-obama_chunk0123.wav,4.0,16000
data/raw/deep_voice/fake/linus-to-obama.wav,124,fake,data/interim/deep_voice_chunks/fake/linus-to-obama_chunk0124.wav,4.0,16000
data/raw/deep_voice/fake/linus-to-obama.wav,125,fake,data/interim/deep_voice_chunks/fake/linus-to-obama_chunk0125.wav,4.0,16000
data/raw/deep_voice/fake/linus-to-obama.wav,126,fake,data/interim/deep_voice_chunks/fake/linus-to-obama_chunk0126.wav,4.0,16000
data/raw/deep_voice/fake/linus-to-obama.wav,127,fake,data/interim/deep_voice_chunks/fake/linus-to-obama_chunk0127.wav,4.0,16000
data/raw/deep_voice/fake/linus-to-obama.wav,128,fake,data/interim/deep_voice_chunks/fake/linus-to-obama_chunk0128.wav,4.0,16000
data/raw/deep_voice/fake/linus-to-obama.wav,129,fake,data/interim/deep_voice_chunks/fake/linus-to-obama_chunk0129.wav,4.0,16000
data/raw/deep_voice/fake/linus-to-obama.wav,130,fake,data/interim/deep_voice_chunks/fake/linus-to-obama_chunk0130.wav,4.0,16000
data/raw/deep_voice/fake/linus-to-obama.wav,131,fake,data/interim/deep_voice_chunks/fake/linus-to-obama_chunk0131.wav,4.0,16000
data/raw/deep_voice/fake/linus-to-obama.wav,132,fake,data/interim/deep_voice_chunks/fake/linus-to-obama_chunk0132.wav,4.0,16000
data/raw/deep_voice/fake/linus-to-obama.wav,133,fake,data/interim/deep_voice_chunks/fake/linus-to-obama_chunk0133.wav,4.0,16000
data/raw/deep_voice/fake/linus-to-obama.wav,134,fake,data/interim/deep_voice_chunks/fake/linus-to-obama_chunk0134.wav,4.0,16000
data/raw/deep_voice/fake/linus-to-obama.wav,135,fake,data/interim/deep_voice_chunks/fake/linus-to-obama_chunk0135.wav,4.0,16000
data/raw/deep_voice/fake/linus-to-obama.wav,136,fake,data/interim/deep_voice_chunks/fake/linus-to-obama_chunk0136.wav,4.0,16000
data/raw/deep_voice/fake/linus-to-obama.wav,137,fake,data/interim/deep_voice_chunks/fake/linus-to-obama_chunk0137.wav,4.0,16000
data/raw/deep_voice/fake/linus-to-obama.wav,138,fake,data/interim/deep_voice_chunks/fake/linus-to-obama_chunk0138.wav,4.0,16000
data/raw/deep_voice/fake/linus-to-obama.wav,139,fake,data/interim/deep_voice_chunks/fake/linus-to-obama_chunk0139.wav,4.0,16000
data/raw/deep_voice/fake/linus-to-obama.wav,140,fake,data/interim/deep_voice_chunks/fake/linus-to-obama_chunk0140.wav,4.0,16000
data/raw/deep_voice/fake/linus-to-obama.wav,141,fake,data/interim/deep_voice_chunks/fake/linus-to-obama_chunk0141.wav,4.0,16000
data/raw/deep_voice/fake/linus-to-obama.wav,142,fake,data/interim/deep_voice_chunks/fake/linus-to-obama_chunk0142.wav,2.24,16000
data/raw/deep_voice/fake/linus-to-ryan.wav,0,fake,data/interim/deep_voice_chunks/fake/linus-to-ryan_chunk0000.wav,4.0,16000
data/raw/deep_voice/fake/linus-to-ryan.wav,1,fake,data/interim/deep_voice_chunks/fake/linus-to-ryan_chunk0001.wav,4.0,16000
data/raw/deep_voice/fake/linus-to-ryan.wav,2,fake,data/interim/deep_voice_chunks/fake/linus-to-ryan_chunk0002.wav,4.0,16000
data/raw/deep_voice/fake/linus-to-ryan.wav,3,fake,data/interim/deep_voice_chunks/fake/linus-to-ryan_chunk0003.wav,4.0,16000
data/raw/deep_voice/fake/linus-to-ryan.wav,4,fake,data/interim/deep_voice_chunks/fake/linus-to-ryan_chunk0004.wav,4.0,16000
data/raw/deep_voice/fake/linus-to-ryan.wav,5,fake,data/interim/deep_voice_chunks/fake/linus-to-ryan_chunk0005.wav,4.0,16000
data/raw/deep_voice/fake/linus-to-ryan.wav,6,fake,data/interim/deep_voice_chunks/fake/linus-to-ryan_chunk0006.wav,4.0,16000
data/raw/deep_voice/fake/linus-to-ryan.wav,7,fake,data/interim/deep_voice_chunks/fake/linus-to-ryan_chunk0007.wav,4.0,16000
data/raw/deep_voice/fake/linus-to-ryan.wav,8,fake,data/interim/deep_voice_chunks/fake/linus-to-ryan_chunk0008.wav,4.0,16000
data/raw/deep_voice/fake/linus-to-ryan.wav,9,fake,data/interim/deep_voice_chunks/fake/linus-to-ryan_chunk0009.wav,4.0,16000
data/raw/deep_voice/fake/linus-to-ryan.wav,10,fake,data/interim/deep_voice_chunks/fake/linus-to-ryan_chunk0010.wav,4.0,16000
data/raw/deep_voice/fake/linus-to-ryan.wav,11,fake,data/interim/deep_voice_chunks/fake/linus-to-ryan_chunk0011.wav,4.0,16000
data/raw/deep_voice/fake/linus-to-ryan.wav,12,fake,data/interim/deep_voice_chunks/fake/linus-to-ryan_chunk0012.wav,4.0,16000
data/raw/deep_voice/fake/linus-to-ryan.wav,13,fake,data/interim/deep_voice_chunks/fake/linus-to-ryan_chunk0013.wav,4.0,16000
data/raw/deep_voice/fake/linus-to-ryan.wav,14,fake,data/interim/deep_voice_chunks/fake/linus-to-ryan_chunk0014.wav,4.0,16000
data/raw/deep_voice/fake/linus-to-ryan.wav,15,fake,data/interim/deep_voice_chunks/fake/linus-to-ryan_chunk0015.wav,4.0,16000
data/raw/deep_voice/fake/linus-to-ryan.wav,16,fake,data/interim/deep_voice_chunks/fake/linus-to-ryan_chunk0016.wav,4.0,16000
data/raw/deep_voice/fake/linus-to-ryan.wav,17,fake,data/interim/deep_voice_chunks/fake/linus-to-ryan_chunk0017.wav,4.0,16000
data/raw/deep_voice/fake/linus-to-ryan.wav,18,fake,data/interim/deep_voice_chunks/fake/linus-to-ryan_chunk0018.wav,4.0,16000
data/raw/deep_voice/fake/linus-to-ryan.wav,19,fake,data/interim/deep_voice_chunks/fake/linus-to-ryan_chunk0019.wav,4.0,16000
data/raw/deep_voice/fake/linus-to-ryan.wav,20,fake,data/interim/deep_voice_chunks/fake/linus-to-ryan_chunk0020.wav,4.0,16000
data/raw/deep_voice/fake/linus-to-ryan.wav,21,fake,data/interim/deep_voice_chunks/fake/linus-to-ryan_chunk0021.wav,4.0,16000
data/raw/deep_voice/fake/linus-to-ryan.wav,22,fake,data/interim/deep_voice_chunks/fake/linus-to-ryan_chunk0022.wav,4.0,16000
data/raw/deep_voice/fake/linus-to-ryan.wav,23,fake,data/interim/deep_voice_chunks/fake/linus-to-ryan_chunk0023.wav,4.0,16000
data/raw/deep_voice/fake/linus-to-ryan.wav,24,fake,data/interim/deep_voice_chunks/fake/linus-to-ryan_chunk0024.wav,4.0,16000
data/raw/deep_voice/fake/linus-to-ryan.wav,25,fake,data/interim/deep_voice_chunks/fake/linus-to-ryan_chunk0025.wav,4.0,16000
data/raw/deep_voice/fake/linus-to-ryan.wav,26,fake,data/interim/deep_voice_chunks/fake/linus-to-ryan_chunk0026.wav,4.0,16000
data/raw/deep_voice/fake/linus-to-ryan.wav,27,fake,data/interim/deep_voice_chunks/fake/linus-to-ryan_chunk0027.wav,4.0,16000
data/raw/deep_voice/fake/linus-to-ryan.wav,28,fake,data/interim/deep_voice_chunks/fake/linus-to-ryan_chunk0028.wav,4.0,16000
data/raw/deep_voice/fake/linus-to-ryan.wav,29,fake,data/interim/deep_voice_chunks/fake/linus-to-ryan_chunk0029.wav,4.0,16000
data/raw/deep_voice/fake/linus-to-ryan.wav,30,fake,data/interim/deep_voice_chunks/fake/linus-to-ryan_chunk0030.wav,4.0,16000
data/raw/deep_voice/fake/linus-to-ryan.wav,31,fake,data/interim/deep_voice_chunks/fake/linus-to-ryan_chunk0031.wav,4.0,16000
data/raw/deep_voice/fake/linus-to-ryan.wav,32,fake,data/interim/deep_voice_chunks/fake/linus-to-ryan_chunk0032.wav,4.0,16000
data/raw/deep_voice/fake/linus-to-ryan.wav,33,fake,data/interim/deep_voice_chunks/fake/linus-to-ryan_chunk0033.wav,4.0,16000
data/raw/deep_voice/fake/linus-to-ryan.wav,34,fake,data/interim/deep_voice_chunks/fake/linus-to-ryan_chunk0034.wav,4.0,16000
data/raw/deep_voice/fake/linus-to-ryan.wav,35,fake,data/interim/deep_voice_chunks/fake/linus-to-ryan_chunk0035.wav,4.0,16000
data/raw/deep_voice/fake/linus-to-ryan.wav,36,fake,data/interim/deep_voice_chunks/fake/linus-to-ryan_chunk0036.wav,4.0,16000
data/raw/deep_voice/fake/linus-to-ryan.wav,37,fake,data/interim/deep_voice_chunks/fake/linus-to-ryan_chunk0037.wav,4.0,16000
data/raw/deep_voice/fake/linus-to-ryan.wav,38,fake,data/interim/deep_voice_chunks/fake/linus-to-ryan_chunk0038.wav,4.0,16000
data/raw/deep_voice/fake/linus-to-ryan.wav,39,fake,data/interim/deep_voice_chunks/fake/linus-to-ryan_chunk0039.wav,4.0,16000
data/raw/deep_voice/fake/linus-to-ryan.wav,40,fake,data/interim/deep_voice_chunks/fake/linus-to-ryan_chunk0040.wav,4.0,16000
data/raw/deep_voice/fake/linus-to-ryan.wav,41,fake,data/interim/deep_voice_chunks/fake/linus-to-ryan_chunk0041.wav,4.0,16000
data/raw/deep_voice/fake/linus-to-ryan.wav,42,fake,data/interim/deep_voice_chunks/fake/linus-to-ryan_chunk0042.wav,4.0,16000
data/raw/deep_voice/fake/linus-to-ryan.wav,43,fake,data/interim/deep_voice_chunks/fake/linus-to-ryan_chunk0043.wav,4.0,16000
data/raw/deep_voice/fake/linus-to-ryan.wav,44,fake,data/interim/deep_voice_chunks/fake/linus-to-ryan_chunk0044.wav,4.0,16000
data/raw/deep_voice/fake/linus-to-ryan.wav,45,fake,data/interim/deep_voice_chunks/fake/linus-to-ryan_chunk0045.wav,4.0,16000
data/raw/deep_voice/fake/linus-to-ryan.wav,46,fake,data/interim/deep_voice_chunks/fake/linus-to-ryan_chunk0046.wav,4.0,16000
data/raw/deep_voice/fake/linus-to-ryan.wav,47,fake,data/interim/deep_voice_chunks/fake/linus-to-ryan_chunk0047.wav,4.0,16000
data/raw/deep_voice/fake/linus-to-ryan.wav,48,fake,data/interim/deep_voice_chunks/fake/linus-to-ryan_chunk0048.wav,4.0,16000
data/raw/deep_voice/fake/linus-to-ryan.wav,49,fake,data/interim/deep_voice_chunks/fake/linus-to-ryan_chunk0049.wav,4.0,16000
data/raw/deep_voice/fake/linus-to-ryan.wav,50,fake,data/interim/deep_voice_chunks/fake/linus-to-ryan_chunk0050.wav,4.0,16000
data/raw/deep_voice/fake/linus-to-ryan.wav,51,fake,data/interim/deep_voice_chunks/fake/linus-to-ryan_chunk0051.wav,4.0,16000
data/raw/deep_voice/fake/linus-to-ryan.wav,52,fake,data/interim/deep_voice_chunks/fake/linus-to-ryan_chunk0052.wav,4.0,16000
data/raw/deep_voice/fake/linus-to-ryan.wav,53,fake,data/interim/deep_voice_chunks/fake/linus-to-ryan_chunk0053.wav,4.0,16000
data/raw/deep_voice/fake/linus-to-ryan.wav,54,fake,data/interim/deep_voice_chunks/fake/linus-to-ryan_chunk0054.wav,4.0,16000
data/raw/deep_voice/fake/linus-to-ryan.wav,55,fake,data/interim/deep_voice_chunks/fake/linus-to-ryan_chunk0055.wav,4.0,16000
data/raw/deep_voice/fake/linus-to-ryan.wav,56,fake,data/interim/deep_voice_chunks/fake/linus-to-ryan_chunk0056.wav,4.0,16000
data/raw/deep_voice/fake/linus-to-ryan.wav,57,fake,data/interim/deep_voice_chunks/fake/linus-to-ryan_chunk0057.wav,4.0,16000
data/raw/deep_voice/fake/linus-to-ryan.wav,58,fake,data/interim/deep_voice_chunks/fake/linus-to-ryan_chunk0058.wav,4.0,16000
data/raw/deep_voice/fake/linus-to-ryan.wav,59,fake,data/interim/deep_voice_chunks/fake/linus-to-ryan_chunk0059.wav,4.0,16000
data/raw/deep_voice/fake/linus-to-ryan.wav,60,fake,data/interim/deep_voice_chunks/fake/linus-to-ryan_chunk0060.wav,4.0,16000
data/raw/deep_voice/fake/linus-to-ryan.wav,61,fake,data/interim/deep_voice_chunks/fake/linus-to-ryan_chunk0061.wav,4.0,16000
data/raw/deep_voice/fake/linus-to-ryan.wav,62,fake,data/interim/deep_voice_chunks/fake/linus-to-ryan_chunk0062.wav,4.0,16000
data/raw/deep_voice/fake/linus-to-ryan.wav,63,fake,data/interim/deep_voice_chunks/fake/linus-to-ryan_chunk0063.wav,4.0,16000
data/raw/deep_voice/fake/linus-to-ryan.wav,64,fake,data/interim/deep_voice_chunks/fake/linus-to-ryan_chunk0064.wav,4.0,16000
data/raw/deep_voice/fake/linus-to-ryan.wav,65,fake,data/interim/deep_voice_chunks/fake/linus-to-ryan_chunk0065.wav,4.0,16000
data/raw/deep_voice/fake/linus-to-ryan.wav,66,fake,data/interim/deep_voice_chunks/fake/linus-to-ryan_chunk0066.wav,4.0,16000
data/raw/deep_voice/fake/linus-to-ryan.wav,67,fake,data/interim/deep_voice_chunks/fake/linus-to-ryan_chunk0067.wav,4.0,16000
data/raw/deep_voice/fake/linus-to-ryan.wav,68,fake,data/interim/deep_voice_chunks/fake/linus-to-ryan_chunk0068.wav,4.0,16000
data/raw/deep_voice/fake/linus-to-ryan.wav,69,fake,data/interim/deep_voice_chunks/fake/linus-to-ryan_chunk0069.wav,4.0,16000
data/raw/deep_voice/fake/linus-to-ryan.wav,70,fake,data/interim/deep_voice_chunks/fake/linus-to-ryan_chunk0070.wav,4.0,16000
data/raw/deep_voice/fake/linus-to-ryan.wav,71,fake,data/interim/deep_voice_chunks/fake/linus-to-ryan_chunk0071.wav,4.0,16000
data/raw/deep_voice/fake/linus-to-ryan.wav,72,fake,data/interim/deep_voice_chunks/fake/linus-to-ryan_chunk0072.wav,4.0,16000
data/raw/deep_voice/fake/linus-to-ryan.wav,73,fake,data/interim/deep_voice_chunks/fake/linus-to-ryan_chunk0073.wav,4.0,16000
data/raw/deep_voice/fake/linus-to-ryan.wav,74,fake,data/interim/deep_voice_chunks/fake/linus-to-ryan_chunk0074.wav,4.0,16000
data/raw/deep_voice/fake/linus-to-ryan.wav,75,fake,data/interim/deep_voice_chunks/fake/linus-to-ryan_chunk0075.wav,4.0,16000
data/raw/deep_voice/fake/linus-to-ryan.wav,76,fake,data/interim/deep_voice_chunks/fake/linus-to-ryan_chunk0076.wav,4.0,16000
data/raw/deep_voice/fake/linus-to-ryan.wav,77,fake,data/interim/deep_voice_chunks/fake/linus-to-ryan_chunk0077.wav,4.0,16000
data/raw/deep_voice/fake/linus-to-ryan.wav,78,fake,data/interim/deep_voice_chunks/fake/linus-to-ryan_chunk0078.wav,4.0,16000
data/raw/deep_voice/fake/linus-to-ryan.wav,79,fake,data/interim/deep_voice_chunks/fake/linus-to-ryan_chunk0079.wav,4.0,16000
data/raw/deep_voice/fake/linus-to-ryan.wav,80,fake,data/interim/deep_voice_chunks/fake/linus-to-ryan_chunk0080.wav,4.0,16000
data/raw/deep_voice/fake/linus-to-ryan.wav,81,fake,data/interim/deep_voice_chunks/fake/linus-to-ryan_chunk0081.wav,4.0,16000
data/raw/deep_voice/fake/linus-to-ryan.wav,82,fake,data/interim/deep_voice_chunks/fake/linus-to-ryan_chunk0082.wav,4.0,16000
data/raw/deep_voice/fake/linus-to-ryan.wav,83,fake,data/interim/deep_voice_chunks/fake/linus-to-ryan_chunk0083.wav,4.0,16000
data/raw/deep_voice/fake/linus-to-ryan.wav,84,fake,data/interim/deep_voice_chunks/fake/linus-to-ryan_chunk0084.wav,4.0,16000
data/raw/deep_voice/fake/linus-to-ryan.wav,85,fake,data/interim/deep_voice_chunks/fake/linus-to-ryan_chunk0085.wav,4.0,16000
data/raw/deep_voice/fake/linus-to-ryan.wav,86,fake,data/interim/deep_voice_chunks/fake/linus-to-ryan_chunk0086.wav,4.0,16000
data/raw/deep_voice/fake/linus-to-ryan.wav,87,fake,data/interim/deep_voice_chunks/fake/linus-to-ryan_chunk0087.wav,4.0,16000
data/raw/deep_voice/fake/linus-to-ryan.wav,88,fake,data/interim/deep_voice_chunks/fake/linus-to-ryan_chunk0088.wav,4.0,16000
data/raw/deep_voice/fake/linus-to-ryan.wav,89,fake,data/interim/deep_voice_chunks/fake/linus-to-ryan_chunk0089.wav,4.0,16000
data/raw/deep_voice/fake/linus-to-ryan.wav,90,fake,data/interim/deep_voice_chunks/fake/linus-to-ryan_chunk0090.wav,4.0,16000
data/raw/deep_voice/fake/linus-to-ryan.wav,91,fake,data/interim/deep_voice_chunks/fake/linus-to-ryan_chunk0091.wav,4.0,16000
data/raw/deep_voice/fake/linus-to-ryan.wav,92,fake,data/interim/deep_voice_chunks/fake/linus-to-ryan_chunk0092.wav,4.0,16000
data/raw/deep_voice/fake/linus-to-ryan.wav,93,fake,data/interim/deep_voice_chunks/fake/linus-to-ryan_chunk0093.wav,4.0,16000
data/raw/deep_voice/fake/linus-to-ryan.wav,94,fake,data/interim/deep_voice_chunks/fake/linus-to-ryan_chunk0094.wav,4.0,16000
data/raw/deep_voice/fake/linus-to-ryan.wav,95,fake,data/interim/deep_voice_chunks/fake/linus-to-ryan_chunk0095.wav,4.0,16000
data/raw/deep_voice/fake/linus-to-ryan.wav,96,fake,data/interim/deep_voice_chunks/fake/linus-to-ryan_chunk0096.wav,4.0,16000
data/raw/deep_voice/fake/linus-to-ryan.wav,97,fake,data/interim/deep_voice_chunks/fake/linus-to-ryan_chunk0097.wav,4.0,16000
data/raw/deep_voice/fake/linus-to-ryan.wav,98,fake,data/interim/deep_voice_chunks/fake/linus-to-ryan_chunk0098.wav,4.0,16000
data/raw/deep_voice/fake/linus-to-ryan.wav,99,fake,data/interim/deep_voice_chunks/fake/linus-to-ryan_chunk0099.wav,4.0,16000
data/raw/deep_voice/fake/linus-to-ryan.wav,100,fake,data/interim/deep_voice_chunks/fake/linus-to-ryan_chunk0100.wav,4.0,16000
data/raw/deep_voice/fake/linus-to-ryan.wav,101,fake,data/interim/deep_voice_chunks/fake/linus-to-ryan_chunk0101.wav,4.0,16000
data/raw/deep_voice/fake/linus-to-ryan.wav,102,fake,data/interim/deep_voice_chunks/fake/linus-to-ryan_chunk0102.wav,4.0,16000
data/raw/deep_voice/fake/linus-to-ryan.wav,103,fake,data/interim/deep_voice_chunks/fake/linus-to-ryan_chunk0103.wav,4.0,16000
data/raw/deep_voice/fake/linus-to-ryan.wav,104,fake,data/interim/deep_voice_chunks/fake/linus-to-ryan_chunk0104.wav,4.0,16000
data/raw/deep_voice/fake/linus-to-ryan.wav,105,fake,data/interim/deep_voice_chunks/fake/linus-to-ryan_chunk0105.wav,4.0,16000
data/raw/deep_voice/fake/linus-to-ryan.wav,106,fake,data/interim/deep_voice_chunks/fake/linus-to-ryan_chunk0106.wav,4.0,16000
data/raw/deep_voice/fake/linus-to-ryan.wav,107,fake,data/interim/deep_voice_chunks/fake/linus-to-ryan_chunk0107.wav,4.0,16000
data/raw/deep_voice/fake/linus-to-ryan.wav,108,fake,data/interim/deep_voice_chunks/fake/linus-to-ryan_chunk0108.wav,4.0,16000
data/raw/deep_voice/fake/linus-to-ryan.wav,109,fake,data/interim/deep_voice_chunks/fake/linus-to-ryan_chunk0109.wav,4.0,16000
data/raw/deep_voice/fake/linus-to-ryan.wav,110,fake,data/interim/deep_voice_chunks/fake/linus-to-ryan_chunk0110.wav,4.0,16000
data/raw/deep_voice/fake/linus-to-ryan.wav,111,fake,data/interim/deep_voice_chunks/fake/linus-to-ryan_chunk0111.wav,4.0,16000
data/raw/deep_voice/fake/linus-to-ryan.wav,112,fake,data/interim/deep_voice_chunks/fake/linus-to-ryan_chunk0112.wav,4.0,16000
data/raw/deep_voice/fake/linus-to-ryan.wav,113,fake,data/interim/deep_voice_chunks/fake/linus-to-ryan_chunk0113.wav,4.0,16000
data/raw/deep_voice/fake/linus-to-ryan.wav,114,fake,data/interim/deep_voice_chunks/fake/linus-to-ryan_chunk0114.wav,4.0,16000
data/raw/deep_voice/fake/linus-to-ryan.wav,115,fake,data/interim/deep_voice_chunks/fake/linus-to-ryan_chunk0115.wav,4.0,16000
data/raw/deep_voice/fake/linus-to-ryan.wav,116,fake,data/interim/deep_voice_chunks/fake/linus-to-ryan_chunk0116.wav,4.0,16000
data/raw/deep_voice/fake/linus-to-ryan.wav,117,fake,data/interim/deep_voice_chunks/fake/linus-to-ryan_chunk0117.wav,4.0,16000
data/raw/deep_voice/fake/linus-to-ryan.wav,118,fake,data/interim/deep_voice_chunks/fake/linus-to-ryan_chunk0118.wav,4.0,16000
data/raw/deep_voice/fake/linus-to-ryan.wav,119,fake,data/interim/deep_voice_chunks/fake/linus-to-ryan_chunk0119.wav,4.0,16000
data/raw/deep_voice/fake/linus-to-ryan.wav,120,fake,data/interim/deep_voice_chunks/fake/linus-to-ryan_chunk0120.wav,4.0,16000
data/raw/deep_voice/fake/linus-to-ryan.wav,121,fake,data/interim/deep_voice_chunks/fake/linus-to-ryan_chunk0121.wav,4.0,16000
data/raw/deep_voice/fake/linus-to-ryan.wav,122,fake,data/interim/deep_voice_chunks/fake/linus-to-ryan_chunk0122.wav,4.0,16000
data/raw/deep_voice/fake/linus-to-ryan.wav,123,fake,data/interim/deep_voice_chunks/fake/linus-to-ryan_chunk0123.wav,4.0,16000
data/raw/deep_voice/fake/linus-to-ryan.wav,124,fake,data/interim/deep_voice_chunks/fake/linus-to-ryan_chunk0124.wav,4.0,16000
data/raw/deep_voice/fake/linus-to-ryan.wav,125,fake,data/interim/deep_voice_chunks/fake/linus-to-ryan_chunk0125.wav,4.0,16000
data/raw/deep_voice/fake/linus-to-ryan.wav,126,fake,data/interim/deep_voice_chunks/fake/linus-to-ryan_chunk0126.wav,4.0,16000
data/raw/deep_voice/fake/linus-to-ryan.wav,127,fake,data/interim/deep_voice_chunks/fake/linus-to-ryan_chunk0127.wav,4.0,16000
data/raw/deep_voice/fake/linus-to-ryan.wav,128,fake,data/interim/deep_voice_chunks/fake/linus-to-ryan_chunk0128.wav,4.0,16000
data/raw/deep_voice/fake/linus-to-ryan.wav,129,fake,data/interim/deep_voice_chunks/fake/linus-to-ryan_chunk0129.wav,4.0,16000
data/raw/deep_voice/fake/linus-to-ryan.wav,130,fake,data/interim/deep_voice_chunks/fake/linus-to-ryan_chunk0130.wav,4.0,16000
data/raw/deep_voice/fake/linus-to-ryan.wav,131,fake,data/interim/deep_voice_chunks/fake/linus-to-ryan_chunk0131.wav,4.0,16000
data/raw/deep_voice/fake/linus-to-ryan.wav,132,fake,data/interim/deep_voice_chunks/fake/linus-to-ryan_chunk0132.wav,4.0,16000
data/raw/deep_voice/fake/linus-to-ryan.wav,133,fake,data/interim/deep_voice_chunks/fake/linus-to-ryan_chunk0133.wav,4.0,16000
data/raw/deep_voice/fake/linus-to-ryan.wav,134,fake,data/interim/deep_voice_chunks/fake/linus-to-ryan_chunk0134.wav,4.0,16000
data/raw/deep_voice/fake/linus-to-ryan.wav,135,fake,data/interim/deep_voice_chunks/fake/linus-to-ryan_chunk0135.wav,4.0,16000
data/raw/deep_voice/fake/linus-to-ryan.wav,136,fake,data/interim/deep_voice_chunks/fake/linus-to-ryan_chunk0136.wav,4.0,16000
data/raw/deep_voice/fake/linus-to-ryan.wav,137,fake,data/interim/deep_voice_chunks/fake/linus-to-ryan_chunk0137.wav,4.0,16000
data/raw/deep_voice/fake/linus-to-ryan.wav,138,fake,data/interim/deep_voice_chunks/fake/linus-to-ryan_chunk0138.wav,4.0,16000
data/raw/deep_voice/fake/linus-to-ryan.wav,139,fake,data/interim/deep_voice_chunks/fake/linus-to-ryan_chunk0139.wav,4.0,16000
data/raw/deep_voice/fake/linus-to-ryan.wav,140,fake,data/interim/deep_voice_chunks/fake/linus-to-ryan_chunk0140.wav,4.0,16000
data/raw/deep_voice/fake/linus-to-ryan.wav,141,fake,data/interim/deep_voice_chunks/fake/linus-to-ryan_chunk0141.wav,4.0,16000
data/raw/deep_voice/fake/linus-to-ryan.wav,142,fake,data/interim/deep_voice_chunks/fake/linus-to-ryan_chunk0142.wav,2.272,16000
data/raw/deep_voice/fake/linus-to-taylor.wav,0,fake,data/interim/deep_voice_chunks/fake/linus-to-taylor_chunk0000.wav,4.0,16000
data/raw/deep_voice/fake/linus-to-taylor.wav,1,fake,data/interim/deep_voice_chunks/fake/linus-to-taylor_chunk0001.wav,4.0,16000
data/raw/deep_voice/fake/linus-to-taylor.wav,2,fake,data/interim/deep_voice_chunks/fake/linus-to-taylor_chunk0002.wav,4.0,16000
data/raw/deep_voice/fake/linus-to-taylor.wav,3,fake,data/interim/deep_voice_chunks/fake/linus-to-taylor_chunk0003.wav,4.0,16000
data/raw/deep_voice/fake/linus-to-taylor.wav,4,fake,data/interim/deep_voice_chunks/fake/linus-to-taylor_chunk0004.wav,4.0,16000
data/raw/deep_voice/fake/linus-to-taylor.wav,5,fake,data/interim/deep_voice_chunks/fake/linus-to-taylor_chunk0005.wav,4.0,16000
data/raw/deep_voice/fake/linus-to-taylor.wav,6,fake,data/interim/deep_voice_chunks/fake/linus-to-taylor_chunk0006.wav,4.0,16000
data/raw/deep_voice/fake/linus-to-taylor.wav,7,fake,data/interim/deep_voice_chunks/fake/linus-to-taylor_chunk0007.wav,4.0,16000
data/raw/deep_voice/fake/linus-to-taylor.wav,8,fake,data/interim/deep_voice_chunks/fake/linus-to-taylor_chunk0008.wav,4.0,16000
data/raw/deep_voice/fake/linus-to-taylor.wav,9,fake,data/interim/deep_voice_chunks/fake/linus-to-taylor_chunk0009.wav,4.0,16000
data/raw/deep_voice/fake/linus-to-taylor.wav,10,fake,data/interim/deep_voice_chunks/fake/linus-to-taylor_chunk0010.wav,4.0,16000
data/raw/deep_voice/fake/linus-to-taylor.wav,11,fake,data/interim/deep_voice_chunks/fake/linus-to-taylor_chunk0011.wav,4.0,16000
data/raw/deep_voice/fake/linus-to-taylor.wav,12,fake,data/interim/deep_voice_chunks/fake/linus-to-taylor_chunk0012.wav,4.0,16000
data/raw/deep_voice/fake/linus-to-taylor.wav,13,fake,data/interim/deep_voice_chunks/fake/linus-to-taylor_chunk0013.wav,4.0,16000
data/raw/deep_voice/fake/linus-to-taylor.wav,14,fake,data/interim/deep_voice_chunks/fake/linus-to-taylor_chunk0014.wav,4.0,16000
data/raw/deep_voice/fake/linus-to-taylor.wav,15,fake,data/interim/deep_voice_chunks/fake/linus-to-taylor_chunk0015.wav,4.0,16000
data/raw/deep_voice/fake/linus-to-taylor.wav,16,fake,data/interim/deep_voice_chunks/fake/linus-to-taylor_chunk0016.wav,4.0,16000
data/raw/deep_voice/fake/linus-to-taylor.wav,17,fake,data/interim/deep_voice_chunks/fake/linus-to-taylor_chunk0017.wav,4.0,16000
data/raw/deep_voice/fake/linus-to-taylor.wav,18,fake,data/interim/deep_voice_chunks/fake/linus-to-taylor_chunk0018.wav,4.0,16000
data/raw/deep_voice/fake/linus-to-taylor.wav,19,fake,data/interim/deep_voice_chunks/fake/linus-to-taylor_chunk0019.wav,4.0,16000
data/raw/deep_voice/fake/linus-to-taylor.wav,20,fake,data/interim/deep_voice_chunks/fake/linus-to-taylor_chunk0020.wav,4.0,16000
data/raw/deep_voice/fake/linus-to-taylor.wav,21,fake,data/interim/deep_voice_chunks/fake/linus-to-taylor_chunk0021.wav,4.0,16000
data/raw/deep_voice/fake/linus-to-taylor.wav,22,fake,data/interim/deep_voice_chunks/fake/linus-to-taylor_chunk0022.wav,4.0,16000
data/raw/deep_voice/fake/linus-to-taylor.wav,23,fake,data/interim/deep_voice_chunks/fake/linus-to-taylor_chunk0023.wav,4.0,16000
data/raw/deep_voice/fake/linus-to-taylor.wav,24,fake,data/interim/deep_voice_chunks/fake/linus-to-taylor_chunk0024.wav,4.0,16000
data/raw/deep_voice/fake/linus-to-taylor.wav,25,fake,data/interim/deep_voice_chunks/fake/linus-to-taylor_chunk0025.wav,4.0,16000
data/raw/deep_voice/fake/linus-to-taylor.wav,26,fake,data/interim/deep_voice_chunks/fake/linus-to-taylor_chunk0026.wav,4.0,16000
data/raw/deep_voice/fake/linus-to-taylor.wav,27,fake,data/interim/deep_voice_chunks/fake/linus-to-taylor_chunk0027.wav,4.0,16000
data/raw/deep_voice/fake/linus-to-taylor.wav,28,fake,data/interim/deep_voice_chunks/fake/linus-to-taylor_chunk0028.wav,4.0,16000
data/raw/deep_voice/fake/linus-to-taylor.wav,29,fake,data/interim/deep_voice_chunks/fake/linus-to-taylor_chunk0029.wav,4.0,16000
data/raw/deep_voice/fake/linus-to-taylor.wav,30,fake,data/interim/deep_voice_chunks/fake/linus-to-taylor_chunk0030.wav,4.0,16000
data/raw/deep_voice/fake/linus-to-taylor.wav,31,fake,data/interim/deep_voice_chunks/fake/linus-to-taylor_chunk0031.wav,4.0,16000
data/raw/deep_voice/fake/linus-to-taylor.wav,32,fake,data/interim/deep_voice_chunks/fake/linus-to-taylor_chunk0032.wav,4.0,16000
data/raw/deep_voice/fake/linus-to-taylor.wav,33,fake,data/interim/deep_voice_chunks/fake/linus-to-taylor_chunk0033.wav,4.0,16000
data/raw/deep_voice/fake/linus-to-taylor.wav,34,fake,data/interim/deep_voice_chunks/fake/linus-to-taylor_chunk0034.wav,4.0,16000
data/raw/deep_voice/fake/linus-to-taylor.wav,35,fake,data/interim/deep_voice_chunks/fake/linus-to-taylor_chunk0035.wav,4.0,16000
data/raw/deep_voice/fake/linus-to-taylor.wav,36,fake,data/interim/deep_voice_chunks/fake/linus-to-taylor_chunk0036.wav,4.0,16000
data/raw/deep_voice/fake/linus-to-taylor.wav,37,fake,data/interim/deep_voice_chunks/fake/linus-to-taylor_chunk0037.wav,4.0,16000
data/raw/deep_voice/fake/linus-to-taylor.wav,38,fake,data/interim/deep_voice_chunks/fake/linus-to-taylor_chunk0038.wav,4.0,16000
data/raw/deep_voice/fake/linus-to-taylor.wav,39,fake,data/interim/deep_voice_chunks/fake/linus-to-taylor_chunk0039.wav,4.0,16000
data/raw/deep_voice/fake/linus-to-taylor.wav,40,fake,data/interim/deep_voice_chunks/fake/linus-to-taylor_chunk0040.wav,4.0,16000
data/raw/deep_voice/fake/linus-to-taylor.wav,41,fake,data/interim/deep_voice_chunks/fake/linus-to-taylor_chunk0041.wav,4.0,16000
data/raw/deep_voice/fake/linus-to-taylor.wav,42,fake,data/interim/deep_voice_chunks/fake/linus-to-taylor_chunk0042.wav,4.0,16000
data/raw/deep_voice/fake/linus-to-taylor.wav,43,fake,data/interim/deep_voice_chunks/fake/linus-to-taylor_chunk0043.wav,4.0,16000
data/raw/deep_voice/fake/linus-to-taylor.wav,44,fake,data/interim/deep_voice_chunks/fake/linus-to-taylor_chunk0044.wav,4.0,16000
data/raw/deep_voice/fake/linus-to-taylor.wav,45,fake,data/interim/deep_voice_chunks/fake/linus-to-taylor_chunk0045.wav,4.0,16000
data/raw/deep_voice/fake/linus-to-taylor.wav,46,fake,data/interim/deep_voice_chunks/fake/linus-to-taylor_chunk0046.wav,4.0,16000
data/raw/deep_voice/fake/linus-to-taylor.wav,47,fake,data/interim/deep_voice_chunks/fake/linus-to-taylor_chunk0047.wav,4.0,16000
data/raw/deep_voice/fake/linus-to-taylor.wav,48,fake,data/interim/deep_voice_chunks/fake/linus-to-taylor_chunk0048.wav,4.0,16000
data/raw/deep_voice/fake/linus-to-taylor.wav,49,fake,data/interim/deep_voice_chunks/fake/linus-to-taylor_chunk0049.wav,4.0,16000
data/raw/deep_voice/fake/linus-to-taylor.wav,50,fake,data/interim/deep_voice_chunks/fake/linus-to-taylor_chunk0050.wav,4.0,16000
data/raw/deep_voice/fake/linus-to-taylor.wav,51,fake,data/interim/deep_voice_chunks/fake/linus-to-taylor_chunk0051.wav,4.0,16000
data/raw/deep_voice/fake/linus-to-taylor.wav,52,fake,data/interim/deep_voice_chunks/fake/linus-to-taylor_chunk0052.wav,4.0,16000
data/raw/deep_voice/fake/linus-to-taylor.wav,53,fake,data/interim/deep_voice_chunks/fake/linus-to-taylor_chunk0053.wav,4.0,16000
data/raw/deep_voice/fake/linus-to-taylor.wav,54,fake,data/interim/deep_voice_chunks/fake/linus-to-taylor_chunk0054.wav,4.0,16000
data/raw/deep_voice/fake/linus-to-taylor.wav,55,fake,data/interim/deep_voice_chunks/fake/linus-to-taylor_chunk0055.wav,4.0,16000
data/raw/deep_voice/fake/linus-to-taylor.wav,56,fake,data/interim/deep_voice_chunks/fake/linus-to-taylor_chunk0056.wav,4.0,16000
data/raw/deep_voice/fake/linus-to-taylor.wav,57,fake,data/interim/deep_voice_chunks/fake/linus-to-taylor_chunk0057.wav,4.0,16000
data/raw/deep_voice/fake/linus-to-taylor.wav,58,fake,data/interim/deep_voice_chunks/fake/linus-to-taylor_chunk0058.wav,4.0,16000
data/raw/deep_voice/fake/linus-to-taylor.wav,59,fake,data/interim/deep_voice_chunks/fake/linus-to-taylor_chunk0059.wav,4.0,16000
data/raw/deep_voice/fake/linus-to-taylor.wav,60,fake,data/interim/deep_voice_chunks/fake/linus-to-taylor_chunk0060.wav,4.0,16000
data/raw/deep_voice/fake/linus-to-taylor.wav,61,fake,data/interim/deep_voice_chunks/fake/linus-to-taylor_chunk0061.wav,4.0,16000
data/raw/deep_voice/fake/linus-to-taylor.wav,62,fake,data/interim/deep_voice_chunks/fake/linus-to-taylor_chunk0062.wav,4.0,16000
data/raw/deep_voice/fake/linus-to-taylor.wav,63,fake,data/interim/deep_voice_chunks/fake/linus-to-taylor_chunk0063.wav,4.0,16000
data/raw/deep_voice/fake/linus-to-taylor.wav,64,fake,data/interim/deep_voice_chunks/fake/linus-to-taylor_chunk0064.wav,4.0,16000
data/raw/deep_voice/fake/linus-to-taylor.wav,65,fake,data/interim/deep_voice_chunks/fake/linus-to-taylor_chunk0065.wav,4.0,16000
data/raw/deep_voice/fake/linus-to-taylor.wav,66,fake,data/interim/deep_voice_chunks/fake/linus-to-taylor_chunk0066.wav,4.0,16000
data/raw/deep_voice/fake/linus-to-taylor.wav,67,fake,data/interim/deep_voice_chunks/fake/linus-to-taylor_chunk0067.wav,4.0,16000
data/raw/deep_voice/fake/linus-to-taylor.wav,68,fake,data/interim/deep_voice_chunks/fake/linus-to-taylor_chunk0068.wav,4.0,16000
data/raw/deep_voice/fake/linus-to-taylor.wav,69,fake,data/interim/deep_voice_chunks/fake/linus-to-taylor_chunk0069.wav,4.0,16000
data/raw/deep_voice/fake/linus-to-taylor.wav,70,fake,data/interim/deep_voice_chunks/fake/linus-to-taylor_chunk0070.wav,4.0,16000
data/raw/deep_voice/fake/linus-to-taylor.wav,71,fake,data/interim/deep_voice_chunks/fake/linus-to-taylor_chunk0071.wav,4.0,16000
data/raw/deep_voice/fake/linus-to-taylor.wav,72,fake,data/interim/deep_voice_chunks/fake/linus-to-taylor_chunk0072.wav,4.0,16000
data/raw/deep_voice/fake/linus-to-taylor.wav,73,fake,data/interim/deep_voice_chunks/fake/linus-to-taylor_chunk0073.wav,4.0,16000
data/raw/deep_voice/fake/linus-to-taylor.wav,74,fake,data/interim/deep_voice_chunks/fake/linus-to-taylor_chunk0074.wav,4.0,16000
data/raw/deep_voice/fake/linus-to-taylor.wav,75,fake,data/interim/deep_voice_chunks/fake/linus-to-taylor_chunk0075.wav,4.0,16000
data/raw/deep_voice/fake/linus-to-taylor.wav,76,fake,data/interim/deep_voice_chunks/fake/linus-to-taylor_chunk0076.wav,4.0,16000
data/raw/deep_voice/fake/linus-to-taylor.wav,77,fake,data/interim/deep_voice_chunks/fake/linus-to-taylor_chunk0077.wav,4.0,16000
data/raw/deep_voice/fake/linus-to-taylor.wav,78,fake,data/interim/deep_voice_chunks/fake/linus-to-taylor_chunk0078.wav,4.0,16000
data/raw/deep_voice/fake/linus-to-taylor.wav,79,fake,data/interim/deep_voice_chunks/fake/linus-to-taylor_chunk0079.wav,4.0,16000
data/raw/deep_voice/fake/linus-to-taylor.wav,80,fake,data/interim/deep_voice_chunks/fake/linus-to-taylor_chunk0080.wav,4.0,16000
data/raw/deep_voice/fake/linus-to-taylor.wav,81,fake,data/interim/deep_voice_chunks/fake/linus-to-taylor_chunk0081.wav,4.0,16000
data/raw/deep_voice/fake/linus-to-taylor.wav,82,fake,data/interim/deep_voice_chunks/fake/linus-to-taylor_chunk0082.wav,4.0,16000
data/raw/deep_voice/fake/linus-to-taylor.wav,83,fake,data/interim/deep_voice_chunks/fake/linus-to-taylor_chunk0083.wav,4.0,16000
data/raw/deep_voice/fake/linus-to-taylor.wav,84,fake,data/interim/deep_voice_chunks/fake/linus-to-taylor_chunk0084.wav,4.0,16000
data/raw/deep_voice/fake/linus-to-taylor.wav,85,fake,data/interim/deep_voice_chunks/fake/linus-to-taylor_chunk0085.wav,4.0,16000
data/raw/deep_voice/fake/linus-to-taylor.wav,86,fake,data/interim/deep_voice_chunks/fake/linus-to-taylor_chunk0086.wav,4.0,16000
data/raw/deep_voice/fake/linus-to-taylor.wav,87,fake,data/interim/deep_voice_chunks/fake/linus-to-taylor_chunk0087.wav,4.0,16000
data/raw/deep_voice/fake/linus-to-taylor.wav,88,fake,data/interim/deep_voice_chunks/fake/linus-to-taylor_chunk0088.wav,4.0,16000
data/raw/deep_voice/fake/linus-to-taylor.wav,89,fake,data/interim/deep_voice_chunks/fake/linus-to-taylor_chunk0089.wav,4.0,16000
data/raw/deep_voice/fake/linus-to-taylor.wav,90,fake,data/interim/deep_voice_chunks/fake/linus-to-taylor_chunk0090.wav,4.0,16000
data/raw/deep_voice/fake/linus-to-taylor.wav,91,fake,data/interim/deep_voice_chunks/fake/linus-to-taylor_chunk0091.wav,4.0,16000
data/raw/deep_voice/fake/linus-to-taylor.wav,92,fake,data/interim/deep_voice_chunks/fake/linus-to-taylor_chunk0092.wav,4.0,16000
data/raw/deep_voice/fake/linus-to-taylor.wav,93,fake,data/interim/deep_voice_chunks/fake/linus-to-taylor_chunk0093.wav,4.0,16000
data/raw/deep_voice/fake/linus-to-taylor.wav,94,fake,data/interim/deep_voice_chunks/fake/linus-to-taylor_chunk0094.wav,4.0,16000
data/raw/deep_voice/fake/linus-to-taylor.wav,95,fake,data/interim/deep_voice_chunks/fake/linus-to-taylor_chunk0095.wav,4.0,16000
data/raw/deep_voice/fake/linus-to-taylor.wav,96,fake,data/interim/deep_voice_chunks/fake/linus-to-taylor_chunk0096.wav,4.0,16000
data/raw/deep_voice/fake/linus-to-taylor.wav,97,fake,data/interim/deep_voice_chunks/fake/linus-to-taylor_chunk0097.wav,4.0,16000
data/raw/deep_voice/fake/linus-to-taylor.wav,98,fake,data/interim/deep_voice_chunks/fake/linus-to-taylor_chunk0098.wav,4.0,16000
data/raw/deep_voice/fake/linus-to-taylor.wav,99,fake,data/interim/deep_voice_chunks/fake/linus-to-taylor_chunk0099.wav,4.0,16000
data/raw/deep_voice/fake/linus-to-taylor.wav,100,fake,data/interim/deep_voice_chunks/fake/linus-to-taylor_chunk0100.wav,4.0,16000
data/raw/deep_voice/fake/linus-to-taylor.wav,101,fake,data/interim/deep_voice_chunks/fake/linus-to-taylor_chunk0101.wav,4.0,16000
data/raw/deep_voice/fake/linus-to-taylor.wav,102,fake,data/interim/deep_voice_chunks/fake/linus-to-taylor_chunk0102.wav,4.0,16000
data/raw/deep_voice/fake/linus-to-taylor.wav,103,fake,data/interim/deep_voice_chunks/fake/linus-to-taylor_chunk0103.wav,4.0,16000
data/raw/deep_voice/fake/linus-to-taylor.wav,104,fake,data/interim/deep_voice_chunks/fake/linus-to-taylor_chunk0104.wav,4.0,16000
data/raw/deep_voice/fake/linus-to-taylor.wav,105,fake,data/interim/deep_voice_chunks/fake/linus-to-taylor_chunk0105.wav,4.0,16000
data/raw/deep_voice/fake/linus-to-taylor.wav,106,fake,data/interim/deep_voice_chunks/fake/linus-to-taylor_chunk0106.wav,4.0,16000
data/raw/deep_voice/fake/linus-to-taylor.wav,107,fake,data/interim/deep_voice_chunks/fake/linus-to-taylor_chunk0107.wav,4.0,16000
data/raw/deep_voice/fake/linus-to-taylor.wav,108,fake,data/interim/deep_voice_chunks/fake/linus-to-taylor_chunk0108.wav,4.0,16000
data/raw/deep_voice/fake/linus-to-taylor.wav,109,fake,data/interim/deep_voice_chunks/fake/linus-to-taylor_chunk0109.wav,4.0,16000
data/raw/deep_voice/fake/linus-to-taylor.wav,110,fake,data/interim/deep_voice_chunks/fake/linus-to-taylor_chunk0110.wav,4.0,16000
data/raw/deep_voice/fake/linus-to-taylor.wav,111,fake,data/interim/deep_voice_chunks/fake/linus-to-taylor_chunk0111.wav,4.0,16000
data/raw/deep_voice/fake/linus-to-taylor.wav,112,fake,data/interim/deep_voice_chunks/fake/linus-to-taylor_chunk0112.wav,4.0,16000
data/raw/deep_voice/fake/linus-to-taylor.wav,113,fake,data/interim/deep_voice_chunks/fake/linus-to-taylor_chunk0113.wav,4.0,16000
data/raw/deep_voice/fake/linus-to-taylor.wav,114,fake,data/interim/deep_voice_chunks/fake/linus-to-taylor_chunk0114.wav,4.0,16000
data/raw/deep_voice/fake/linus-to-taylor.wav,115,fake,data/interim/deep_voice_chunks/fake/linus-to-taylor_chunk0115.wav,4.0,16000
data/raw/deep_voice/fake/linus-to-taylor.wav,116,fake,data/interim/deep_voice_chunks/fake/linus-to-taylor_chunk0116.wav,4.0,16000
data/raw/deep_voice/fake/linus-to-taylor.wav,117,fake,data/interim/deep_voice_chunks/fake/linus-to-taylor_chunk0117.wav,4.0,16000
data/raw/deep_voice/fake/linus-to-taylor.wav,118,fake,data/interim/deep_voice_chunks/fake/linus-to-taylor_chunk0118.wav,4.0,16000
data/raw/deep_voice/fake/linus-to-taylor.wav,119,fake,data/interim/deep_voice_chunks/fake/linus-to-taylor_chunk0119.wav,4.0,16000
data/raw/deep_voice/fake/linus-to-taylor.wav,120,fake,data/interim/deep_voice_chunks/fake/linus-to-taylor_chunk0120.wav,4.0,16000
data/raw/deep_voice/fake/linus-to-taylor.wav,121,fake,data/interim/deep_voice_chunks/fake/linus-to-taylor_chunk0121.wav,4.0,16000
data/raw/deep_voice/fake/linus-to-taylor.wav,122,fake,data/interim/deep_voice_chunks/fake/linus-to-taylor_chunk0122.wav,4.0,16000
data/raw/deep_voice/fake/linus-to-taylor.wav,123,fake,data/interim/deep_voice_chunks/fake/linus-to-taylor_chunk0123.wav,4.0,16000
data/raw/deep_voice/fake/linus-to-taylor.wav,124,fake,data/interim/deep_voice_chunks/fake/linus-to-taylor_chunk0124.wav,4.0,16000
data/raw/deep_voice/fake/linus-to-taylor.wav,125,fake,data/interim/deep_voice_chunks/fake/linus-to-taylor_chunk0125.wav,4.0,16000
data/raw/deep_voice/fake/linus-to-taylor.wav,126,fake,data/interim/deep_voice_chunks/fake/linus-to-taylor_chunk0126.wav,4.0,16000
data/raw/deep_voice/fake/linus-to-taylor.wav,127,fake,data/interim/deep_voice_chunks/fake/linus-to-taylor_chunk0127.wav,4.0,16000
data/raw/deep_voice/fake/linus-to-taylor.wav,128,fake,data/interim/deep_voice_chunks/fake/linus-to-taylor_chunk0128.wav,4.0,16000
data/raw/deep_voice/fake/linus-to-taylor.wav,129,fake,data/interim/deep_voice_chunks/fake/linus-to-taylor_chunk0129.wav,4.0,16000
data/raw/deep_voice/fake/linus-to-taylor.wav,130,fake,data/interim/deep_voice_chunks/fake/linus-to-taylor_chunk0130.wav,4.0,16000
data/raw/deep_voice/fake/linus-to-taylor.wav,131,fake,data/interim/deep_voice_chunks/fake/linus-to-taylor_chunk0131.wav,4.0,16000
data/raw/deep_voice/fake/linus-to-taylor.wav,132,fake,data/interim/deep_voice_chunks/fake/linus-to-taylor_chunk0132.wav,4.0,16000
data/raw/deep_voice/fake/linus-to-taylor.wav,133,fake,data/interim/deep_voice_chunks/fake/linus-to-taylor_chunk0133.wav,4.0,16000
data/raw/deep_voice/fake/linus-to-taylor.wav,134,fake,data/interim/deep_voice_chunks/fake/linus-to-taylor_chunk0134.wav,4.0,16000
data/raw/deep_voice/fake/linus-to-taylor.wav,135,fake,data/interim/deep_voice_chunks/fake/linus-to-taylor_chunk0135.wav,4.0,16000
data/raw/deep_voice/fake/linus-to-taylor.wav,136,fake,data/interim/deep_voice_chunks/fake/linus-to-taylor_chunk0136.wav,4.0,16000
data/raw/deep_voice/fake/linus-to-taylor.wav,137,fake,data/interim/deep_voice_chunks/fake/linus-to-taylor_chunk0137.wav,4.0,16000
data/raw/deep_voice/fake/linus-to-taylor.wav,138,fake,data/interim/deep_voice_chunks/fake/linus-to-taylor_chunk0138.wav,4.0,16000
data/raw/deep_voice/fake/linus-to-taylor.wav,139,fake,data/interim/deep_voice_chunks/fake/linus-to-taylor_chunk0139.wav,4.0,16000
data/raw/deep_voice/fake/linus-to-taylor.wav,140,fake,data/interim/deep_voice_chunks/fake/linus-to-taylor_chunk0140.wav,4.0,16000
data/raw/deep_voice/fake/linus-to-taylor.wav,141,fake,data/interim/deep_voice_chunks/fake/linus-to-taylor_chunk0141.wav,4.0,16000
data/raw/deep_voice/fake/linus-to-taylor.wav,142,fake,data/interim/deep_voice_chunks/fake/linus-to-taylor_chunk0142.wav,2.272,16000
data/raw/deep_voice/fake/linus-to-trump.wav,0,fake,data/interim/deep_voice_chunks/fake/linus-to-trump_chunk0000.wav,4.0,16000
data/raw/deep_voice/fake/linus-to-trump.wav,1,fake,data/interim/deep_voice_chunks/fake/linus-to-trump_chunk0001.wav,4.0,16000
data/raw/deep_voice/fake/linus-to-trump.wav,2,fake,data/interim/deep_voice_chunks/fake/linus-to-trump_chunk0002.wav,4.0,16000
data/raw/deep_voice/fake/linus-to-trump.wav,3,fake,data/interim/deep_voice_chunks/fake/linus-to-trump_chunk0003.wav,4.0,16000
data/raw/deep_voice/fake/linus-to-trump.wav,4,fake,data/interim/deep_voice_chunks/fake/linus-to-trump_chunk0004.wav,4.0,16000
data/raw/deep_voice/fake/linus-to-trump.wav,5,fake,data/interim/deep_voice_chunks/fake/linus-to-trump_chunk0005.wav,4.0,16000
data/raw/deep_voice/fake/linus-to-trump.wav,6,fake,data/interim/deep_voice_chunks/fake/linus-to-trump_chunk0006.wav,4.0,16000
data/raw/deep_voice/fake/linus-to-trump.wav,7,fake,data/interim/deep_voice_chunks/fake/linus-to-trump_chunk0007.wav,4.0,16000
data/raw/deep_voice/fake/linus-to-trump.wav,8,fake,data/interim/deep_voice_chunks/fake/linus-to-trump_chunk0008.wav,4.0,16000
data/raw/deep_voice/fake/linus-to-trump.wav,9,fake,data/interim/deep_voice_chunks/fake/linus-to-trump_chunk0009.wav,4.0,16000
data/raw/deep_voice/fake/linus-to-trump.wav,10,fake,data/interim/deep_voice_chunks/fake/linus-to-trump_chunk0010.wav,4.0,16000
data/raw/deep_voice/fake/linus-to-trump.wav,11,fake,data/interim/deep_voice_chunks/fake/linus-to-trump_chunk0011.wav,4.0,16000
data/raw/deep_voice/fake/linus-to-trump.wav,12,fake,data/interim/deep_voice_chunks/fake/linus-to-trump_chunk0012.wav,4.0,16000
data/raw/deep_voice/fake/linus-to-trump.wav,13,fake,data/interim/deep_voice_chunks/fake/linus-to-trump_chunk0013.wav,4.0,16000
data/raw/deep_voice/fake/linus-to-trump.wav,14,fake,data/interim/deep_voice_chunks/fake/linus-to-trump_chunk0014.wav,4.0,16000
data/raw/deep_voice/fake/linus-to-trump.wav,15,fake,data/interim/deep_voice_chunks/fake/linus-to-trump_chunk0015.wav,4.0,16000
data/raw/deep_voice/fake/linus-to-trump.wav,16,fake,data/interim/deep_voice_chunks/fake/linus-to-trump_chunk0016.wav,4.0,16000
data/raw/deep_voice/fake/linus-to-trump.wav,17,fake,data/interim/deep_voice_chunks/fake/linus-to-trump_chunk0017.wav,4.0,16000
data/raw/deep_voice/fake/linus-to-trump.wav,18,fake,data/interim/deep_voice_chunks/fake/linus-to-trump_chunk0018.wav,4.0,16000
data/raw/deep_voice/fake/linus-to-trump.wav,19,fake,data/interim/deep_voice_chunks/fake/linus-to-trump_chunk0019.wav,4.0,16000
data/raw/deep_voice/fake/linus-to-trump.wav,20,fake,data/interim/deep_voice_chunks/fake/linus-to-trump_chunk0020.wav,4.0,16000
data/raw/deep_voice/fake/linus-to-trump.wav,21,fake,data/interim/deep_voice_chunks/fake/linus-to-trump_chunk0021.wav,4.0,16000
data/raw/deep_voice/fake/linus-to-trump.wav,22,fake,data/interim/deep_voice_chunks/fake/linus-to-trump_chunk0022.wav,4.0,16000
data/raw/deep_voice/fake/linus-to-trump.wav,23,fake,data/interim/deep_voice_chunks/fake/linus-to-trump_chunk0023.wav,4.0,16000
data/raw/deep_voice/fake/linus-to-trump.wav,24,fake,data/interim/deep_voice_chunks/fake/linus-to-trump_chunk0024.wav,4.0,16000
data/raw/deep_voice/fake/linus-to-trump.wav,25,fake,data/interim/deep_voice_chunks/fake/linus-to-trump_chunk0025.wav,4.0,16000
data/raw/deep_voice/fake/linus-to-trump.wav,26,fake,data/interim/deep_voice_chunks/fake/linus-to-trump_chunk0026.wav,4.0,16000
data/raw/deep_voice/fake/linus-to-trump.wav,27,fake,data/interim/deep_voice_chunks/fake/linus-to-trump_chunk0027.wav,4.0,16000
data/raw/deep_voice/fake/linus-to-trump.wav,28,fake,data/interim/deep_voice_chunks/fake/linus-to-trump_chunk0028.wav,4.0,16000
data/raw/deep_voice/fake/linus-to-trump.wav,29,fake,data/interim/deep_voice_chunks/fake/linus-to-trump_chunk0029.wav,4.0,16000
data/raw/deep_voice/fake/linus-to-trump.wav,30,fake,data/interim/deep_voice_chunks/fake/linus-to-trump_chunk0030.wav,4.0,16000
data/raw/deep_voice/fake/linus-to-trump.wav,31,fake,data/interim/deep_voice_chunks/fake/linus-to-trump_chunk0031.wav,4.0,16000
data/raw/deep_voice/fake/linus-to-trump.wav,32,fake,data/interim/deep_voice_chunks/fake/linus-to-trump_chunk0032.wav,4.0,16000
data/raw/deep_voice/fake/linus-to-trump.wav,33,fake,data/interim/deep_voice_chunks/fake/linus-to-trump_chunk0033.wav,4.0,16000
data/raw/deep_voice/fake/linus-to-trump.wav,34,fake,data/interim/deep_voice_chunks/fake/linus-to-trump_chunk0034.wav,4.0,16000
data/raw/deep_voice/fake/linus-to-trump.wav,35,fake,data/interim/deep_voice_chunks/fake/linus-to-trump_chunk0035.wav,4.0,16000
data/raw/deep_voice/fake/linus-to-trump.wav,36,fake,data/interim/deep_voice_chunks/fake/linus-to-trump_chunk0036.wav,4.0,16000
data/raw/deep_voice/fake/linus-to-trump.wav,37,fake,data/interim/deep_voice_chunks/fake/linus-to-trump_chunk0037.wav,4.0,16000
data/raw/deep_voice/fake/linus-to-trump.wav,38,fake,data/interim/deep_voice_chunks/fake/linus-to-trump_chunk0038.wav,4.0,16000
data/raw/deep_voice/fake/linus-to-trump.wav,39,fake,data/interim/deep_voice_chunks/fake/linus-to-trump_chunk0039.wav,4.0,16000
data/raw/deep_voice/fake/linus-to-trump.wav,40,fake,data/interim/deep_voice_chunks/fake/linus-to-trump_chunk0040.wav,4.0,16000
data/raw/deep_voice/fake/linus-to-trump.wav,41,fake,data/interim/deep_voice_chunks/fake/linus-to-trump_chunk0041.wav,4.0,16000
data/raw/deep_voice/fake/linus-to-trump.wav,42,fake,data/interim/deep_voice_chunks/fake/linus-to-trump_chunk0042.wav,4.0,16000
data/raw/deep_voice/fake/linus-to-trump.wav,43,fake,data/interim/deep_voice_chunks/fake/linus-to-trump_chunk0043.wav,4.0,16000
data/raw/deep_voice/fake/linus-to-trump.wav,44,fake,data/interim/deep_voice_chunks/fake/linus-to-trump_chunk0044.wav,4.0,16000
data/raw/deep_voice/fake/linus-to-trump.wav,45,fake,data/interim/deep_voice_chunks/fake/linus-to-trump_chunk0045.wav,4.0,16000
data/raw/deep_voice/fake/linus-to-trump.wav,46,fake,data/interim/deep_voice_chunks/fake/linus-to-trump_chunk0046.wav,4.0,16000
data/raw/deep_voice/fake/linus-to-trump.wav,47,fake,data/interim/deep_voice_chunks/fake/linus-to-trump_chunk0047.wav,4.0,16000
data/raw/deep_voice/fake/linus-to-trump.wav,48,fake,data/interim/deep_voice_chunks/fake/linus-to-trump_chunk0048.wav,4.0,16000
data/raw/deep_voice/fake/linus-to-trump.wav,49,fake,data/interim/deep_voice_chunks/fake/linus-to-trump_chunk0049.wav,4.0,16000
data/raw/deep_voice/fake/linus-to-trump.wav,50,fake,data/interim/deep_voice_chunks/fake/linus-to-trump_chunk0050.wav,4.0,16000
data/raw/deep_voice/fake/linus-to-trump.wav,51,fake,data/interim/deep_voice_chunks/fake/linus-to-trump_chunk0051.wav,4.0,16000
data/raw/deep_voice/fake/linus-to-trump.wav,52,fake,data/interim/deep_voice_chunks/fake/linus-to-trump_chunk0052.wav,4.0,16000
data/raw/deep_voice/fake/linus-to-trump.wav,53,fake,data/interim/deep_voice_chunks/fake/linus-to-trump_chunk0053.wav,4.0,16000
data/raw/deep_voice/fake/linus-to-trump.wav,54,fake,data/interim/deep_voice_chunks/fake/linus-to-trump_chunk0054.wav,4.0,16000
data/raw/deep_voice/fake/linus-to-trump.wav,55,fake,data/interim/deep_voice_chunks/fake/linus-to-trump_chunk0055.wav,4.0,16000
data/raw/deep_voice/fake/linus-to-trump.wav,56,fake,data/interim/deep_voice_chunks/fake/linus-to-trump_chunk0056.wav,4.0,16000
data/raw/deep_voice/fake/linus-to-trump.wav,57,fake,data/interim/deep_voice_chunks/fake/linus-to-trump_chunk0057.wav,4.0,16000
data/raw/deep_voice/fake/linus-to-trump.wav,58,fake,data/interim/deep_voice_chunks/fake/linus-to-trump_chunk0058.wav,4.0,16000
data/raw/deep_voice/fake/linus-to-trump.wav,59,fake,data/interim/deep_voice_chunks/fake/linus-to-trump_chunk0059.wav,4.0,16000
data/raw/deep_voice/fake/linus-to-trump.wav,60,fake,data/interim/deep_voice_chunks/fake/linus-to-trump_chunk0060.wav,4.0,16000
data/raw/deep_voice/fake/linus-to-trump.wav,61,fake,data/interim/deep_voice_chunks/fake/linus-to-trump_chunk0061.wav,4.0,16000
data/raw/deep_voice/fake/linus-to-trump.wav,62,fake,data/interim/deep_voice_chunks/fake/linus-to-trump_chunk0062.wav,4.0,16000
data/raw/deep_voice/fake/linus-to-trump.wav,63,fake,data/interim/deep_voice_chunks/fake/linus-to-trump_chunk0063.wav,4.0,16000
data/raw/deep_voice/fake/linus-to-trump.wav,64,fake,data/interim/deep_voice_chunks/fake/linus-to-trump_chunk0064.wav,4.0,16000
data/raw/deep_voice/fake/linus-to-trump.wav,65,fake,data/interim/deep_voice_chunks/fake/linus-to-trump_chunk0065.wav,4.0,16000
data/raw/deep_voice/fake/linus-to-trump.wav,66,fake,data/interim/deep_voice_chunks/fake/linus-to-trump_chunk0066.wav,4.0,16000
data/raw/deep_voice/fake/linus-to-trump.wav,67,fake,data/interim/deep_voice_chunks/fake/linus-to-trump_chunk0067.wav,4.0,16000
data/raw/deep_voice/fake/linus-to-trump.wav,68,fake,data/interim/deep_voice_chunks/fake/linus-to-trump_chunk0068.wav,4.0,16000
data/raw/deep_voice/fake/linus-to-trump.wav,69,fake,data/interim/deep_voice_chunks/fake/linus-to-trump_chunk0069.wav,4.0,16000
data/raw/deep_voice/fake/linus-to-trump.wav,70,fake,data/interim/deep_voice_chunks/fake/linus-to-trump_chunk0070.wav,4.0,16000
data/raw/deep_voice/fake/linus-to-trump.wav,71,fake,data/interim/deep_voice_chunks/fake/linus-to-trump_chunk0071.wav,4.0,16000
data/raw/deep_voice/fake/linus-to-trump.wav,72,fake,data/interim/deep_voice_chunks/fake/linus-to-trump_chunk0072.wav,4.0,16000
data/raw/deep_voice/fake/linus-to-trump.wav,73,fake,data/interim/deep_voice_chunks/fake/linus-to-trump_chunk0073.wav,4.0,16000
data/raw/deep_voice/fake/linus-to-trump.wav,74,fake,data/interim/deep_voice_chunks/fake/linus-to-trump_chunk0074.wav,4.0,16000
data/raw/deep_voice/fake/linus-to-trump.wav,75,fake,data/interim/deep_voice_chunks/fake/linus-to-trump_chunk0075.wav,4.0,16000
data/raw/deep_voice/fake/linus-to-trump.wav,76,fake,data/interim/deep_voice_chunks/fake/linus-to-trump_chunk0076.wav,4.0,16000
data/raw/deep_voice/fake/linus-to-trump.wav,77,fake,data/interim/deep_voice_chunks/fake/linus-to-trump_chunk0077.wav,4.0,16000
data/raw/deep_voice/fake/linus-to-trump.wav,78,fake,data/interim/deep_voice_chunks/fake/linus-to-trump_chunk0078.wav,4.0,16000
data/raw/deep_voice/fake/linus-to-trump.wav,79,fake,data/interim/deep_voice_chunks/fake/linus-to-trump_chunk0079.wav,4.0,16000
data/raw/deep_voice/fake/linus-to-trump.wav,80,fake,data/interim/deep_voice_chunks/fake/linus-to-trump_chunk0080.wav,4.0,16000
data/raw/deep_voice/fake/linus-to-trump.wav,81,fake,data/interim/deep_voice_chunks/fake/linus-to-trump_chunk0081.wav,4.0,16000
data/raw/deep_voice/fake/linus-to-trump.wav,82,fake,data/interim/deep_voice_chunks/fake/linus-to-trump_chunk0082.wav,4.0,16000
data/raw/deep_voice/fake/linus-to-trump.wav,83,fake,data/interim/deep_voice_chunks/fake/linus-to-trump_chunk0083.wav,4.0,16000
data/raw/deep_voice/fake/linus-to-trump.wav,84,fake,data/interim/deep_voice_chunks/fake/linus-to-trump_chunk0084.wav,4.0,16000
data/raw/deep_voice/fake/linus-to-trump.wav,85,fake,data/interim/deep_voice_chunks/fake/linus-to-trump_chunk0085.wav,4.0,16000
data/raw/deep_voice/fake/linus-to-trump.wav,86,fake,data/interim/deep_voice_chunks/fake/linus-to-trump_chunk0086.wav,4.0,16000
data/raw/deep_voice/fake/linus-to-trump.wav,87,fake,data/interim/deep_voice_chunks/fake/linus-to-trump_chunk0087.wav,4.0,16000
data/raw/deep_voice/fake/linus-to-trump.wav,88,fake,data/interim/deep_voice_chunks/fake/linus-to-trump_chunk0088.wav,4.0,16000
data/raw/deep_voice/fake/linus-to-trump.wav,89,fake,data/interim/deep_voice_chunks/fake/linus-to-trump_chunk0089.wav,4.0,16000
data/raw/deep_voice/fake/linus-to-trump.wav,90,fake,data/interim/deep_voice_chunks/fake/linus-to-trump_chunk0090.wav,4.0,16000
data/raw/deep_voice/fake/linus-to-trump.wav,91,fake,data/interim/deep_voice_chunks/fake/linus-to-trump_chunk0091.wav,4.0,16000
data/raw/deep_voice/fake/linus-to-trump.wav,92,fake,data/interim/deep_voice_chunks/fake/linus-to-trump_chunk0092.wav,4.0,16000
data/raw/deep_voice/fake/linus-to-trump.wav,93,fake,data/interim/deep_voice_chunks/fake/linus-to-trump_chunk0093.wav,4.0,16000
data/raw/deep_voice/fake/linus-to-trump.wav,94,fake,data/interim/deep_voice_chunks/fake/linus-to-trump_chunk0094.wav,4.0,16000
data/raw/deep_voice/fake/linus-to-trump.wav,95,fake,data/interim/deep_voice_chunks/fake/linus-to-trump_chunk0095.wav,4.0,16000
data/raw/deep_voice/fake/linus-to-trump.wav,96,fake,data/interim/deep_voice_chunks/fake/linus-to-trump_chunk0096.wav,4.0,16000
data/raw/deep_voice/fake/linus-to-trump.wav,97,fake,data/interim/deep_voice_chunks/fake/linus-to-trump_chunk0097.wav,4.0,16000
data/raw/deep_voice/fake/linus-to-trump.wav,98,fake,data/interim/deep_voice_chunks/fake/linus-to-trump_chunk0098.wav,4.0,16000
data/raw/deep_voice/fake/linus-to-trump.wav,99,fake,data/interim/deep_voice_chunks/fake/linus-to-trump_chunk0099.wav,4.0,16000
data/raw/deep_voice/fake/linus-to-trump.wav,100,fake,data/interim/deep_voice_chunks/fake/linus-to-trump_chunk0100.wav,4.0,16000
data/raw/deep_voice/fake/linus-to-trump.wav,101,fake,data/interim/deep_voice_chunks/fake/linus-to-trump_chunk0101.wav,4.0,16000
data/raw/deep_voice/fake/linus-to-trump.wav,102,fake,data/interim/deep_voice_chunks/fake/linus-to-trump_chunk0102.wav,4.0,16000
data/raw/deep_voice/fake/linus-to-trump.wav,103,fake,data/interim/deep_voice_chunks/fake/linus-to-trump_chunk0103.wav,4.0,16000
data/raw/deep_voice/fake/linus-to-trump.wav,104,fake,data/interim/deep_voice_chunks/fake/linus-to-trump_chunk0104.wav,4.0,16000
data/raw/deep_voice/fake/linus-to-trump.wav,105,fake,data/interim/deep_voice_chunks/fake/linus-to-trump_chunk0105.wav,4.0,16000
data/raw/deep_voice/fake/linus-to-trump.wav,106,fake,data/interim/deep_voice_chunks/fake/linus-to-trump_chunk0106.wav,4.0,16000
data/raw/deep_voice/fake/linus-to-trump.wav,107,fake,data/interim/deep_voice_chunks/fake/linus-to-trump_chunk0107.wav,4.0,16000
data/raw/deep_voice/fake/linus-to-trump.wav,108,fake,data/interim/deep_voice_chunks/fake/linus-to-trump_chunk0108.wav,4.0,16000
data/raw/deep_voice/fake/linus-to-trump.wav,109,fake,data/interim/deep_voice_chunks/fake/linus-to-trump_chunk0109.wav,4.0,16000
data/raw/deep_voice/fake/linus-to-trump.wav,110,fake,data/interim/deep_voice_chunks/fake/linus-to-trump_chunk0110.wav,4.0,16000
data/raw/deep_voice/fake/linus-to-trump.wav,111,fake,data/interim/deep_voice_chunks/fake/linus-to-trump_chunk0111.wav,4.0,16000
data/raw/deep_voice/fake/linus-to-trump.wav,112,fake,data/interim/deep_voice_chunks/fake/linus-to-trump_chunk0112.wav,4.0,16000
data/raw/deep_voice/fake/linus-to-trump.wav,113,fake,data/interim/deep_voice_chunks/fake/linus-to-trump_chunk0113.wav,4.0,16000
data/raw/deep_voice/fake/linus-to-trump.wav,114,fake,data/interim/deep_voice_chunks/fake/linus-to-trump_chunk0114.wav,4.0,16000
data/raw/deep_voice/fake/linus-to-trump.wav,115,fake,data/interim/deep_voice_chunks/fake/linus-to-trump_chunk0115.wav,4.0,16000
data/raw/deep_voice/fake/linus-to-trump.wav,116,fake,data/interim/deep_voice_chunks/fake/linus-to-trump_chunk0116.wav,4.0,16000
data/raw/deep_voice/fake/linus-to-trump.wav,117,fake,data/interim/deep_voice_chunks/fake/linus-to-trump_chunk0117.wav,4.0,16000
data/raw/deep_voice/fake/linus-to-trump.wav,118,fake,data/interim/deep_voice_chunks/fake/linus-to-trump_chunk0118.wav,4.0,16000
data/raw/deep_voice/fake/linus-to-trump.wav,119,fake,data/interim/deep_voice_chunks/fake/linus-to-trump_chunk0119.wav,4.0,16000
data/raw/deep_voice/fake/linus-to-trump.wav,120,fake,data/interim/deep_voice_chunks/fake/linus-to-trump_chunk0120.wav,4.0,16000
data/raw/deep_voice/fake/linus-to-trump.wav,121,fake,data/interim/deep_voice_chunks/fake/linus-to-trump_chunk0121.wav,4.0,16000
data/raw/deep_voice/fake/linus-to-trump.wav,122,fake,data/interim/deep_voice_chunks/fake/linus-to-trump_chunk0122.wav,4.0,16000
data/raw/deep_voice/fake/linus-to-trump.wav,123,fake,data/interim/deep_voice_chunks/fake/linus-to-trump_chunk0123.wav,4.0,16000
data/raw/deep_voice/fake/linus-to-trump.wav,124,fake,data/interim/deep_voice_chunks/fake/linus-to-trump_chunk0124.wav,4.0,16000
data/raw/deep_voice/fake/linus-to-trump.wav,125,fake,data/interim/deep_voice_chunks/fake/linus-to-trump_chunk0125.wav,4.0,16000
data/raw/deep_voice/fake/linus-to-trump.wav,126,fake,data/interim/deep_voice_chunks/fake/linus-to-trump_chunk0126.wav,4.0,16000
data/raw/deep_voice/fake/linus-to-trump.wav,127,fake,data/interim/deep_voice_chunks/fake/linus-to-trump_chunk0127.wav,4.0,16000
data/raw/deep_voice/fake/linus-to-trump.wav,128,fake,data/interim/deep_voice_chunks/fake/linus-to-trump_chunk0128.wav,4.0,16000
data/raw/deep_voice/fake/linus-to-trump.wav,129,fake,data/interim/deep_voice_chunks/fake/linus-to-trump_chunk0129.wav,4.0,16000
data/raw/deep_voice/fake/linus-to-trump.wav,130,fake,data/interim/deep_voice_chunks/fake/linus-to-trump_chunk0130.wav,4.0,16000
data/raw/deep_voice/fake/linus-to-trump.wav,131,fake,data/interim/deep_voice_chunks/fake/linus-to-trump_chunk0131.wav,4.0,16000
data/raw/deep_voice/fake/linus-to-trump.wav,132,fake,data/interim/deep_voice_chunks/fake/linus-to-trump_chunk0132.wav,4.0,16000
data/raw/deep_voice/fake/linus-to-trump.wav,133,fake,data/interim/deep_voice_chunks/fake/linus-to-trump_chunk0133.wav,4.0,16000
data/raw/deep_voice/fake/linus-to-trump.wav,134,fake,data/interim/deep_voice_chunks/fake/linus-to-trump_chunk0134.wav,4.0,16000
data/raw/deep_voice/fake/linus-to-trump.wav,135,fake,data/interim/deep_voice_chunks/fake/linus-to-trump_chunk0135.wav,4.0,16000
data/raw/deep_voice/fake/linus-to-trump.wav,136,fake,data/interim/deep_voice_chunks/fake/linus-to-trump_chunk0136.wav,4.0,16000
data/raw/deep_voice/fake/linus-to-trump.wav,137,fake,data/interim/deep_voice_chunks/fake/linus-to-trump_chunk0137.wav,4.0,16000
data/raw/deep_voice/fake/linus-to-trump.wav,138,fake,data/interim/deep_voice_chunks/fake/linus-to-trump_chunk0138.wav,4.0,16000
data/raw/deep_voice/fake/linus-to-trump.wav,139,fake,data/interim/deep_voice_chunks/fake/linus-to-trump_chunk0139.wav,4.0,16000
data/raw/deep_voice/fake/linus-to-trump.wav,140,fake,data/interim/deep_voice_chunks/fake/linus-to-trump_chunk0140.wav,4.0,16000
data/raw/deep_voice/fake/linus-to-trump.wav,141,fake,data/interim/deep_voice_chunks/fake/linus-to-trump_chunk0141.wav,4.0,16000
data/raw/deep_voice/fake/linus-to-trump.wav,142,fake,data/interim/deep_voice_chunks/fake/linus-to-trump_chunk0142.wav,2.272,16000
data/raw/deep_voice/fake/margot-to-biden.wav,0,fake,data/interim/deep_voice_chunks/fake/margot-to-biden_chunk0000.wav,4.0,16000
data/raw/deep_voice/fake/margot-to-biden.wav,1,fake,data/interim/deep_voice_chunks/fake/margot-to-biden_chunk0001.wav,4.0,16000
data/raw/deep_voice/fake/margot-to-biden.wav,2,fake,data/interim/deep_voice_chunks/fake/margot-to-biden_chunk0002.wav,4.0,16000
data/raw/deep_voice/fake/margot-to-biden.wav,3,fake,data/interim/deep_voice_chunks/fake/margot-to-biden_chunk0003.wav,4.0,16000
data/raw/deep_voice/fake/margot-to-biden.wav,4,fake,data/interim/deep_voice_chunks/fake/margot-to-biden_chunk0004.wav,4.0,16000
data/raw/deep_voice/fake/margot-to-biden.wav,5,fake,data/interim/deep_voice_chunks/fake/margot-to-biden_chunk0005.wav,4.0,16000
data/raw/deep_voice/fake/margot-to-biden.wav,6,fake,data/interim/deep_voice_chunks/fake/margot-to-biden_chunk0006.wav,4.0,16000
data/raw/deep_voice/fake/margot-to-biden.wav,7,fake,data/interim/deep_voice_chunks/fake/margot-to-biden_chunk0007.wav,4.0,16000
data/raw/deep_voice/fake/margot-to-biden.wav,8,fake,data/interim/deep_voice_chunks/fake/margot-to-biden_chunk0008.wav,4.0,16000
data/raw/deep_voice/fake/margot-to-biden.wav,9,fake,data/interim/deep_voice_chunks/fake/margot-to-biden_chunk0009.wav,4.0,16000
data/raw/deep_voice/fake/margot-to-biden.wav,10,fake,data/interim/deep_voice_chunks/fake/margot-to-biden_chunk0010.wav,4.0,16000
data/raw/deep_voice/fake/margot-to-biden.wav,11,fake,data/interim/deep_voice_chunks/fake/margot-to-biden_chunk0011.wav,4.0,16000
data/raw/deep_voice/fake/margot-to-biden.wav,12,fake,data/interim/deep_voice_chunks/fake/margot-to-biden_chunk0012.wav,4.0,16000
data/raw/deep_voice/fake/margot-to-biden.wav,13,fake,data/interim/deep_voice_chunks/fake/margot-to-biden_chunk0013.wav,4.0,16000
data/raw/deep_voice/fake/margot-to-biden.wav,14,fake,data/interim/deep_voice_chunks/fake/margot-to-biden_chunk0014.wav,4.0,16000
data/raw/deep_voice/fake/margot-to-biden.wav,15,fake,data/interim/deep_voice_chunks/fake/margot-to-biden_chunk0015.wav,4.0,16000
data/raw/deep_voice/fake/margot-to-biden.wav,16,fake,data/interim/deep_voice_chunks/fake/margot-to-biden_chunk0016.wav,4.0,16000
data/raw/deep_voice/fake/margot-to-biden.wav,17,fake,data/interim/deep_voice_chunks/fake/margot-to-biden_chunk0017.wav,4.0,16000
data/raw/deep_voice/fake/margot-to-biden.wav,18,fake,data/interim/deep_voice_chunks/fake/margot-to-biden_chunk0018.wav,4.0,16000
data/raw/deep_voice/fake/margot-to-biden.wav,19,fake,data/interim/deep_voice_chunks/fake/margot-to-biden_chunk0019.wav,3.136,16000
data/raw/deep_voice/fake/margot-to-linus.wav,0,fake,data/interim/deep_voice_chunks/fake/margot-to-linus_chunk0000.wav,4.0,16000
data/raw/deep_voice/fake/margot-to-linus.wav,1,fake,data/interim/deep_voice_chunks/fake/margot-to-linus_chunk0001.wav,4.0,16000
data/raw/deep_voice/fake/margot-to-linus.wav,2,fake,data/interim/deep_voice_chunks/fake/margot-to-linus_chunk0002.wav,4.0,16000
data/raw/deep_voice/fake/margot-to-linus.wav,3,fake,data/interim/deep_voice_chunks/fake/margot-to-linus_chunk0003.wav,4.0,16000
data/raw/deep_voice/fake/margot-to-linus.wav,4,fake,data/interim/deep_voice_chunks/fake/margot-to-linus_chunk0004.wav,4.0,16000
data/raw/deep_voice/fake/margot-to-linus.wav,5,fake,data/interim/deep_voice_chunks/fake/margot-to-linus_chunk0005.wav,4.0,16000
data/raw/deep_voice/fake/margot-to-linus.wav,6,fake,data/interim/deep_voice_chunks/fake/margot-to-linus_chunk0006.wav,4.0,16000
data/raw/deep_voice/fake/margot-to-linus.wav,7,fake,data/interim/deep_voice_chunks/fake/margot-to-linus_chunk0007.wav,4.0,16000
data/raw/deep_voice/fake/margot-to-linus.wav,8,fake,data/interim/deep_voice_chunks/fake/margot-to-linus_chunk0008.wav,4.0,16000
data/raw/deep_voice/fake/margot-to-linus.wav,9,fake,data/interim/deep_voice_chunks/fake/margot-to-linus_chunk0009.wav,4.0,16000
data/raw/deep_voice/fake/margot-to-linus.wav,10,fake,data/interim/deep_voice_chunks/fake/margot-to-linus_chunk0010.wav,4.0,16000
data/raw/deep_voice/fake/margot-to-linus.wav,11,fake,data/interim/deep_voice_chunks/fake/margot-to-linus_chunk0011.wav,4.0,16000
data/raw/deep_voice/fake/margot-to-linus.wav,12,fake,data/interim/deep_voice_chunks/fake/margot-to-linus_chunk0012.wav,4.0,16000
data/raw/deep_voice/fake/margot-to-linus.wav,13,fake,data/interim/deep_voice_chunks/fake/margot-to-linus_chunk0013.wav,4.0,16000
data/raw/deep_voice/fake/margot-to-linus.wav,14,fake,data/interim/deep_voice_chunks/fake/margot-to-linus_chunk0014.wav,4.0,16000
data/raw/deep_voice/fake/margot-to-linus.wav,15,fake,data/interim/deep_voice_chunks/fake/margot-to-linus_chunk0015.wav,4.0,16000
data/raw/deep_voice/fake/margot-to-linus.wav,16,fake,data/interim/deep_voice_chunks/fake/margot-to-linus_chunk0016.wav,4.0,16000
data/raw/deep_voice/fake/margot-to-linus.wav,17,fake,data/interim/deep_voice_chunks/fake/margot-to-linus_chunk0017.wav,4.0,16000
data/raw/deep_voice/fake/margot-to-linus.wav,18,fake,data/interim/deep_voice_chunks/fake/margot-to-linus_chunk0018.wav,4.0,16000
data/raw/deep_voice/fake/margot-to-linus.wav,19,fake,data/interim/deep_voice_chunks/fake/margot-to-linus_chunk0019.wav,3.168,16000
data/raw/deep_voice/fake/margot-to-musk.wav,0,fake,data/interim/deep_voice_chunks/fake/margot-to-musk_chunk0000.wav,4.0,16000
data/raw/deep_voice/fake/margot-to-musk.wav,1,fake,data/interim/deep_voice_chunks/fake/margot-to-musk_chunk0001.wav,4.0,16000
data/raw/deep_voice/fake/margot-to-musk.wav,2,fake,data/interim/deep_voice_chunks/fake/margot-to-musk_chunk0002.wav,4.0,16000
data/raw/deep_voice/fake/margot-to-musk.wav,3,fake,data/interim/deep_voice_chunks/fake/margot-to-musk_chunk0003.wav,4.0,16000
data/raw/deep_voice/fake/margot-to-musk.wav,4,fake,data/interim/deep_voice_chunks/fake/margot-to-musk_chunk0004.wav,4.0,16000
data/raw/deep_voice/fake/margot-to-musk.wav,5,fake,data/interim/deep_voice_chunks/fake/margot-to-musk_chunk0005.wav,4.0,16000
data/raw/deep_voice/fake/margot-to-musk.wav,6,fake,data/interim/deep_voice_chunks/fake/margot-to-musk_chunk0006.wav,4.0,16000
data/raw/deep_voice/fake/margot-to-musk.wav,7,fake,data/interim/deep_voice_chunks/fake/margot-to-musk_chunk0007.wav,4.0,16000
data/raw/deep_voice/fake/margot-to-musk.wav,8,fake,data/interim/deep_voice_chunks/fake/margot-to-musk_chunk0008.wav,4.0,16000
data/raw/deep_voice/fake/margot-to-musk.wav,9,fake,data/interim/deep_voice_chunks/fake/margot-to-musk_chunk0009.wav,4.0,16000
data/raw/deep_voice/fake/margot-to-musk.wav,10,fake,data/interim/deep_voice_chunks/fake/margot-to-musk_chunk0010.wav,4.0,16000
data/raw/deep_voice/fake/margot-to-musk.wav,11,fake,data/interim/deep_voice_chunks/fake/margot-to-musk_chunk0011.wav,4.0,16000
data/raw/deep_voice/fake/margot-to-musk.wav,12,fake,data/interim/deep_voice_chunks/fake/margot-to-musk_chunk0012.wav,4.0,16000
data/raw/deep_voice/fake/margot-to-musk.wav,13,fake,data/interim/deep_voice_chunks/fake/margot-to-musk_chunk0013.wav,4.0,16000
data/raw/deep_voice/fake/margot-to-musk.wav,14,fake,data/interim/deep_voice_chunks/fake/margot-to-musk_chunk0014.wav,4.0,16000
data/raw/deep_voice/fake/margot-to-musk.wav,15,fake,data/interim/deep_voice_chunks/fake/margot-to-musk_chunk0015.wav,4.0,16000
data/raw/deep_voice/fake/margot-to-musk.wav,16,fake,data/interim/deep_voice_chunks/fake/margot-to-musk_chunk0016.wav,4.0,16000
data/raw/deep_voice/fake/margot-to-musk.wav,17,fake,data/interim/deep_voice_chunks/fake/margot-to-musk_chunk0017.wav,4.0,16000
data/raw/deep_voice/fake/margot-to-musk.wav,18,fake,data/interim/deep_voice_chunks/fake/margot-to-musk_chunk0018.wav,4.0,16000
data/raw/deep_voice/fake/margot-to-musk.wav,19,fake,data/interim/deep_voice_chunks/fake/margot-to-musk_chunk0019.wav,3.168,16000
data/raw/deep_voice/fake/margot-to-obama.wav,0,fake,data/interim/deep_voice_chunks/fake/margot-to-obama_chunk0000.wav,4.0,16000
data/raw/deep_voice/fake/margot-to-obama.wav,1,fake,data/interim/deep_voice_chunks/fake/margot-to-obama_chunk0001.wav,4.0,16000
data/raw/deep_voice/fake/margot-to-obama.wav,2,fake,data/interim/deep_voice_chunks/fake/margot-to-obama_chunk0002.wav,4.0,16000
data/raw/deep_voice/fake/margot-to-obama.wav,3,fake,data/interim/deep_voice_chunks/fake/margot-to-obama_chunk0003.wav,4.0,16000
data/raw/deep_voice/fake/margot-to-obama.wav,4,fake,data/interim/deep_voice_chunks/fake/margot-to-obama_chunk0004.wav,4.0,16000
data/raw/deep_voice/fake/margot-to-obama.wav,5,fake,data/interim/deep_voice_chunks/fake/margot-to-obama_chunk0005.wav,4.0,16000
data/raw/deep_voice/fake/margot-to-obama.wav,6,fake,data/interim/deep_voice_chunks/fake/margot-to-obama_chunk0006.wav,4.0,16000
data/raw/deep_voice/fake/margot-to-obama.wav,7,fake,data/interim/deep_voice_chunks/fake/margot-to-obama_chunk0007.wav,4.0,16000
data/raw/deep_voice/fake/margot-to-obama.wav,8,fake,data/interim/deep_voice_chunks/fake/margot-to-obama_chunk0008.wav,4.0,16000
data/raw/deep_voice/fake/margot-to-obama.wav,9,fake,data/interim/deep_voice_chunks/fake/margot-to-obama_chunk0009.wav,4.0,16000
data/raw/deep_voice/fake/margot-to-obama.wav,10,fake,data/interim/deep_voice_chunks/fake/margot-to-obama_chunk0010.wav,4.0,16000
data/raw/deep_voice/fake/margot-to-obama.wav,11,fake,data/interim/deep_voice_chunks/fake/margot-to-obama_chunk0011.wav,4.0,16000
data/raw/deep_voice/fake/margot-to-obama.wav,12,fake,data/interim/deep_voice_chunks/fake/margot-to-obama_chunk0012.wav,4.0,16000
data/raw/deep_voice/fake/margot-to-obama.wav,13,fake,data/interim/deep_voice_chunks/fake/margot-to-obama_chunk0013.wav,4.0,16000
data/raw/deep_voice/fake/margot-to-obama.wav,14,fake,data/interim/deep_voice_chunks/fake/margot-to-obama_chunk0014.wav,4.0,16000
data/raw/deep_voice/fake/margot-to-obama.wav,15,fake,data/interim/deep_voice_chunks/fake/margot-to-obama_chunk0015.wav,4.0,16000
data/raw/deep_voice/fake/margot-to-obama.wav,16,fake,data/interim/deep_voice_chunks/fake/margot-to-obama_chunk0016.wav,4.0,16000
data/raw/deep_voice/fake/margot-to-obama.wav,17,fake,data/interim/deep_voice_chunks/fake/margot-to-obama_chunk0017.wav,4.0,16000
data/raw/deep_voice/fake/margot-to-obama.wav,18,fake,data/interim/deep_voice_chunks/fake/margot-to-obama_chunk0018.wav,4.0,16000
data/raw/deep_voice/fake/margot-to-obama.wav,19,fake,data/interim/deep_voice_chunks/fake/margot-to-obama_chunk0019.wav,3.136,16000
data/raw/deep_voice/fake/margot-to-ryan.wav,0,fake,data/interim/deep_voice_chunks/fake/margot-to-ryan_chunk0000.wav,4.0,16000
data/raw/deep_voice/fake/margot-to-ryan.wav,1,fake,data/interim/deep_voice_chunks/fake/margot-to-ryan_chunk0001.wav,4.0,16000
data/raw/deep_voice/fake/margot-to-ryan.wav,2,fake,data/interim/deep_voice_chunks/fake/margot-to-ryan_chunk0002.wav,4.0,16000
data/raw/deep_voice/fake/margot-to-ryan.wav,3,fake,data/interim/deep_voice_chunks/fake/margot-to-ryan_chunk0003.wav,4.0,16000
data/raw/deep_voice/fake/margot-to-ryan.wav,4,fake,data/interim/deep_voice_chunks/fake/margot-to-ryan_chunk0004.wav,4.0,16000
data/raw/deep_voice/fake/margot-to-ryan.wav,5,fake,data/interim/deep_voice_chunks/fake/margot-to-ryan_chunk0005.wav,4.0,16000
data/raw/deep_voice/fake/margot-to-ryan.wav,6,fake,data/interim/deep_voice_chunks/fake/margot-to-ryan_chunk0006.wav,4.0,16000
data/raw/deep_voice/fake/margot-to-ryan.wav,7,fake,data/interim/deep_voice_chunks/fake/margot-to-ryan_chunk0007.wav,4.0,16000
data/raw/deep_voice/fake/margot-to-ryan.wav,8,fake,data/interim/deep_voice_chunks/fake/margot-to-ryan_chunk0008.wav,4.0,16000
data/raw/deep_voice/fake/margot-to-ryan.wav,9,fake,data/interim/deep_voice_chunks/fake/margot-to-ryan_chunk0009.wav,4.0,16000
data/raw/deep_voice/fake/margot-to-ryan.wav,10,fake,data/interim/deep_voice_chunks/fake/margot-to-ryan_chunk0010.wav,4.0,16000
data/raw/deep_voice/fake/margot-to-ryan.wav,11,fake,data/interim/deep_voice_chunks/fake/margot-to-ryan_chunk0011.wav,4.0,16000
data/raw/deep_voice/fake/margot-to-ryan.wav,12,fake,data/interim/deep_voice_chunks/fake/margot-to-ryan_chunk0012.wav,4.0,16000
data/raw/deep_voice/fake/margot-to-ryan.wav,13,fake,data/interim/deep_voice_chunks/fake/margot-to-ryan_chunk0013.wav,4.0,16000
data/raw/deep_voice/fake/margot-to-ryan.wav,14,fake,data/interim/deep_voice_chunks/fake/margot-to-ryan_chunk0014.wav,4.0,16000
data/raw/deep_voice/fake/margot-to-ryan.wav,15,fake,data/interim/deep_voice_chunks/fake/margot-to-ryan_chunk0015.wav,4.0,16000
data/raw/deep_voice/fake/margot-to-ryan.wav,16,fake,data/interim/deep_voice_chunks/fake/margot-to-ryan_chunk0016.wav,4.0,16000
data/raw/deep_voice/fake/margot-to-ryan.wav,17,fake,data/interim/deep_voice_chunks/fake/margot-to-ryan_chunk0017.wav,4.0,16000
data/raw/deep_voice/fake/margot-to-ryan.wav,18,fake,data/interim/deep_voice_chunks/fake/margot-to-ryan_chunk0018.wav,4.0,16000
data/raw/deep_voice/fake/margot-to-ryan.wav,19,fake,data/interim/deep_voice_chunks/fake/margot-to-ryan_chunk0019.wav,3.168,16000
data/raw/deep_voice/fake/margot-to-taylor.wav,0,fake,data/interim/deep_voice_chunks/fake/margot-to-taylor_chunk0000.wav,4.0,16000
data/raw/deep_voice/fake/margot-to-taylor.wav,1,fake,data/interim/deep_voice_chunks/fake/margot-to-taylor_chunk0001.wav,4.0,16000
data/raw/deep_voice/fake/margot-to-taylor.wav,2,fake,data/interim/deep_voice_chunks/fake/margot-to-taylor_chunk0002.wav,4.0,16000
data/raw/deep_voice/fake/margot-to-taylor.wav,3,fake,data/interim/deep_voice_chunks/fake/margot-to-taylor_chunk0003.wav,4.0,16000
data/raw/deep_voice/fake/margot-to-taylor.wav,4,fake,data/interim/deep_voice_chunks/fake/margot-to-taylor_chunk0004.wav,4.0,16000
data/raw/deep_voice/fake/margot-to-taylor.wav,5,fake,data/interim/deep_voice_chunks/fake/margot-to-taylor_chunk0005.wav,4.0,16000
data/raw/deep_voice/fake/margot-to-taylor.wav,6,fake,data/interim/deep_voice_chunks/fake/margot-to-taylor_chunk0006.wav,4.0,16000
data/raw/deep_voice/fake/margot-to-taylor.wav,7,fake,data/interim/deep_voice_chunks/fake/margot-to-taylor_chunk0007.wav,4.0,16000
data/raw/deep_voice/fake/margot-to-taylor.wav,8,fake,data/interim/deep_voice_chunks/fake/margot-to-taylor_chunk0008.wav,4.0,16000
data/raw/deep_voice/fake/margot-to-taylor.wav,9,fake,data/interim/deep_voice_chunks/fake/margot-to-taylor_chunk0009.wav,4.0,16000
data/raw/deep_voice/fake/margot-to-taylor.wav,10,fake,data/interim/deep_voice_chunks/fake/margot-to-taylor_chunk0010.wav,4.0,16000
data/raw/deep_voice/fake/margot-to-taylor.wav,11,fake,data/interim/deep_voice_chunks/fake/margot-to-taylor_chunk0011.wav,4.0,16000
data/raw/deep_voice/fake/margot-to-taylor.wav,12,fake,data/interim/deep_voice_chunks/fake/margot-to-taylor_chunk0012.wav,4.0,16000
data/raw/deep_voice/fake/margot-to-taylor.wav,13,fake,data/interim/deep_voice_chunks/fake/margot-to-taylor_chunk0013.wav,4.0,16000
data/raw/deep_voice/fake/margot-to-taylor.wav,14,fake,data/interim/deep_voice_chunks/fake/margot-to-taylor_chunk0014.wav,4.0,16000
data/raw/deep_voice/fake/margot-to-taylor.wav,15,fake,data/interim/deep_voice_chunks/fake/margot-to-taylor_chunk0015.wav,4.0,16000
data/raw/deep_voice/fake/margot-to-taylor.wav,16,fake,data/interim/deep_voice_chunks/fake/margot-to-taylor_chunk0016.wav,4.0,16000
data/raw/deep_voice/fake/margot-to-taylor.wav,17,fake,data/interim/deep_voice_chunks/fake/margot-to-taylor_chunk0017.wav,4.0,16000
data/raw/deep_voice/fake/margot-to-taylor.wav,18,fake,data/interim/deep_voice_chunks/fake/margot-to-taylor_chunk0018.wav,4.0,16000
data/raw/deep_voice/fake/margot-to-taylor.wav,19,fake,data/interim/deep_voice_chunks/fake/margot-to-taylor_chunk0019.wav,3.168,16000
data/raw/deep_voice/fake/margot-to-trump.wav,0,fake,data/interim/deep_voice_chunks/fake/margot-to-trump_chunk0000.wav,4.0,16000
data/raw/deep_voice/fake/margot-to-trump.wav,1,fake,data/interim/deep_voice_chunks/fake/margot-to-trump_chunk0001.wav,4.0,16000
data/raw/deep_voice/fake/margot-to-trump.wav,2,fake,data/interim/deep_voice_chunks/fake/margot-to-trump_chunk0002.wav,4.0,16000
data/raw/deep_voice/fake/margot-to-trump.wav,3,fake,data/interim/deep_voice_chunks/fake/margot-to-trump_chunk0003.wav,4.0,16000
data/raw/deep_voice/fake/margot-to-trump.wav,4,fake,data/interim/deep_voice_chunks/fake/margot-to-trump_chunk0004.wav,4.0,16000
data/raw/deep_voice/fake/margot-to-trump.wav,5,fake,data/interim/deep_voice_chunks/fake/margot-to-trump_chunk0005.wav,4.0,16000
data/raw/deep_voice/fake/margot-to-trump.wav,6,fake,data/interim/deep_voice_chunks/fake/margot-to-trump_chunk0006.wav,4.0,16000
data/raw/deep_voice/fake/margot-to-trump.wav,7,fake,data/interim/deep_voice_chunks/fake/margot-to-trump_chunk0007.wav,4.0,16000
data/raw/deep_voice/fake/margot-to-trump.wav,8,fake,data/interim/deep_voice_chunks/fake/margot-to-trump_chunk0008.wav,4.0,16000
data/raw/deep_voice/fake/margot-to-trump.wav,9,fake,data/interim/deep_voice_chunks/fake/margot-to-trump_chunk0009.wav,4.0,16000
data/raw/deep_voice/fake/margot-to-trump.wav,10,fake,data/interim/deep_voice_chunks/fake/margot-to-trump_chunk0010.wav,4.0,16000
data/raw/deep_voice/fake/margot-to-trump.wav,11,fake,data/interim/deep_voice_chunks/fake/margot-to-trump_chunk0011.wav,4.0,16000
data/raw/deep_voice/fake/margot-to-trump.wav,12,fake,data/interim/deep_voice_chunks/fake/margot-to-trump_chunk0012.wav,4.0,16000
data/raw/deep_voice/fake/margot-to-trump.wav,13,fake,data/interim/deep_voice_chunks/fake/margot-to-trump_chunk0013.wav,4.0,16000
data/raw/deep_voice/fake/margot-to-trump.wav,14,fake,data/interim/deep_voice_chunks/fake/margot-to-trump_chunk0014.wav,4.0,16000
data/raw/deep_voice/fake/margot-to-trump.wav,15,fake,data/interim/deep_voice_chunks/fake/margot-to-trump_chunk0015.wav,4.0,16000
data/raw/deep_voice/fake/margot-to-trump.wav,16,fake,data/interim/deep_voice_chunks/fake/margot-to-trump_chunk0016.wav,4.0,16000
data/raw/deep_voice/fake/margot-to-trump.wav,17,fake,data/interim/deep_voice_chunks/fake/margot-to-trump_chunk0017.wav,4.0,16000
data/raw/deep_voice/fake/margot-to-trump.wav,18,fake,data/interim/deep_voice_chunks/fake/margot-to-trump_chunk0018.wav,4.0,16000
data/raw/deep_voice/fake/margot-to-trump.wav,19,fake,data/interim/deep_voice_chunks/fake/margot-to-trump_chunk0019.wav,3.168,16000
data/raw/deep_voice/fake/musk-to-biden.wav,0,fake,data/interim/deep_voice_chunks/fake/musk-to-biden_chunk0000.wav,4.0,16000
data/raw/deep_voice/fake/musk-to-biden.wav,1,fake,data/interim/deep_voice_chunks/fake/musk-to-biden_chunk0001.wav,4.0,16000
data/raw/deep_voice/fake/musk-to-biden.wav,2,fake,data/interim/deep_voice_chunks/fake/musk-to-biden_chunk0002.wav,4.0,16000
data/raw/deep_voice/fake/musk-to-biden.wav,3,fake,data/interim/deep_voice_chunks/fake/musk-to-biden_chunk0003.wav,4.0,16000
data/raw/deep_voice/fake/musk-to-biden.wav,4,fake,data/interim/deep_voice_chunks/fake/musk-to-biden_chunk0004.wav,4.0,16000
data/raw/deep_voice/fake/musk-to-biden.wav,5,fake,data/interim/deep_voice_chunks/fake/musk-to-biden_chunk0005.wav,4.0,16000
data/raw/deep_voice/fake/musk-to-biden.wav,6,fake,data/interim/deep_voice_chunks/fake/musk-to-biden_chunk0006.wav,4.0,16000
data/raw/deep_voice/fake/musk-to-biden.wav,7,fake,data/interim/deep_voice_chunks/fake/musk-to-biden_chunk0007.wav,4.0,16000
data/raw/deep_voice/fake/musk-to-biden.wav,8,fake,data/interim/deep_voice_chunks/fake/musk-to-biden_chunk0008.wav,4.0,16000
data/raw/deep_voice/fake/musk-to-biden.wav,9,fake,data/interim/deep_voice_chunks/fake/musk-to-biden_chunk0009.wav,4.0,16000
data/raw/deep_voice/fake/musk-to-biden.wav,10,fake,data/interim/deep_voice_chunks/fake/musk-to-biden_chunk0010.wav,4.0,16000
data/raw/deep_voice/fake/musk-to-biden.wav,11,fake,data/interim/deep_voice_chunks/fake/musk-to-biden_chunk0011.wav,4.0,16000
data/raw/deep_voice/fake/musk-to-biden.wav,12,fake,data/interim/deep_voice_chunks/fake/musk-to-biden_chunk0012.wav,4.0,16000
data/raw/deep_voice/fake/musk-to-biden.wav,13,fake,data/interim/deep_voice_chunks/fake/musk-to-biden_chunk0013.wav,4.0,16000
data/raw/deep_voice/fake/musk-to-biden.wav,14,fake,data/interim/deep_voice_chunks/fake/musk-to-biden_chunk0014.wav,4.0,16000
data/raw/deep_voice/fake/musk-to-biden.wav,15,fake,data/interim/deep_voice_chunks/fake/musk-to-biden_chunk0015.wav,4.0,16000
data/raw/deep_voice/fake/musk-to-biden.wav,16,fake,data/interim/deep_voice_chunks/fake/musk-to-biden_chunk0016.wav,4.0,16000
data/raw/deep_voice/fake/musk-to-biden.wav,17,fake,data/interim/deep_voice_chunks/fake/musk-to-biden_chunk0017.wav,4.0,16000
data/raw/deep_voice/fake/musk-to-biden.wav,18,fake,data/interim/deep_voice_chunks/fake/musk-to-biden_chunk0018.wav,4.0,16000
data/raw/deep_voice/fake/musk-to-biden.wav,19,fake,data/interim/deep_voice_chunks/fake/musk-to-biden_chunk0019.wav,4.0,16000
data/raw/deep_voice/fake/musk-to-biden.wav,20,fake,data/interim/deep_voice_chunks/fake/musk-to-biden_chunk0020.wav,4.0,16000
data/raw/deep_voice/fake/musk-to-biden.wav,21,fake,data/interim/deep_voice_chunks/fake/musk-to-biden_chunk0021.wav,4.0,16000
data/raw/deep_voice/fake/musk-to-biden.wav,22,fake,data/interim/deep_voice_chunks/fake/musk-to-biden_chunk0022.wav,4.0,16000
data/raw/deep_voice/fake/musk-to-biden.wav,23,fake,data/interim/deep_voice_chunks/fake/musk-to-biden_chunk0023.wav,4.0,16000
data/raw/deep_voice/fake/musk-to-biden.wav,24,fake,data/interim/deep_voice_chunks/fake/musk-to-biden_chunk0024.wav,4.0,16000
data/raw/deep_voice/fake/musk-to-biden.wav,25,fake,data/interim/deep_voice_chunks/fake/musk-to-biden_chunk0025.wav,4.0,16000
data/raw/deep_voice/fake/musk-to-biden.wav,26,fake,data/interim/deep_voice_chunks/fake/musk-to-biden_chunk0026.wav,4.0,16000
data/raw/deep_voice/fake/musk-to-biden.wav,27,fake,data/interim/deep_voice_chunks/fake/musk-to-biden_chunk0027.wav,4.0,16000
data/raw/deep_voice/fake/musk-to-biden.wav,28,fake,data/interim/deep_voice_chunks/fake/musk-to-biden_chunk0028.wav,4.0,16000
data/raw/deep_voice/fake/musk-to-biden.wav,29,fake,data/interim/deep_voice_chunks/fake/musk-to-biden_chunk0029.wav,4.0,16000
data/raw/deep_voice/fake/musk-to-biden.wav,30,fake,data/interim/deep_voice_chunks/fake/musk-to-biden_chunk0030.wav,4.0,16000
data/raw/deep_voice/fake/musk-to-biden.wav,31,fake,data/interim/deep_voice_chunks/fake/musk-to-biden_chunk0031.wav,4.0,16000
data/raw/deep_voice/fake/musk-to-biden.wav,32,fake,data/interim/deep_voice_chunks/fake/musk-to-biden_chunk0032.wav,4.0,16000
data/raw/deep_voice/fake/musk-to-biden.wav,33,fake,data/interim/deep_voice_chunks/fake/musk-to-biden_chunk0033.wav,4.0,16000
data/raw/deep_voice/fake/musk-to-biden.wav,34,fake,data/interim/deep_voice_chunks/fake/musk-to-biden_chunk0034.wav,4.0,16000
data/raw/deep_voice/fake/musk-to-biden.wav,35,fake,data/interim/deep_voice_chunks/fake/musk-to-biden_chunk0035.wav,4.0,16000
data/raw/deep_voice/fake/musk-to-biden.wav,36,fake,data/interim/deep_voice_chunks/fake/musk-to-biden_chunk0036.wav,4.0,16000
data/raw/deep_voice/fake/musk-to-biden.wav,37,fake,data/interim/deep_voice_chunks/fake/musk-to-biden_chunk0037.wav,4.0,16000
data/raw/deep_voice/fake/musk-to-biden.wav,38,fake,data/interim/deep_voice_chunks/fake/musk-to-biden_chunk0038.wav,4.0,16000
data/raw/deep_voice/fake/musk-to-biden.wav,39,fake,data/interim/deep_voice_chunks/fake/musk-to-biden_chunk0039.wav,4.0,16000
data/raw/deep_voice/fake/musk-to-biden.wav,40,fake,data/interim/deep_voice_chunks/fake/musk-to-biden_chunk0040.wav,4.0,16000
data/raw/deep_voice/fake/musk-to-biden.wav,41,fake,data/interim/deep_voice_chunks/fake/musk-to-biden_chunk0041.wav,4.0,16000
data/raw/deep_voice/fake/musk-to-biden.wav,42,fake,data/interim/deep_voice_chunks/fake/musk-to-biden_chunk0042.wav,4.0,16000
data/raw/deep_voice/fake/musk-to-biden.wav,43,fake,data/interim/deep_voice_chunks/fake/musk-to-biden_chunk0043.wav,4.0,16000
data/raw/deep_voice/fake/musk-to-biden.wav,44,fake,data/interim/deep_voice_chunks/fake/musk-to-biden_chunk0044.wav,4.0,16000
data/raw/deep_voice/fake/musk-to-biden.wav,45,fake,data/interim/deep_voice_chunks/fake/musk-to-biden_chunk0045.wav,4.0,16000
data/raw/deep_voice/fake/musk-to-biden.wav,46,fake,data/interim/deep_voice_chunks/fake/musk-to-biden_chunk0046.wav,4.0,16000
data/raw/deep_voice/fake/musk-to-biden.wav,47,fake,data/interim/deep_voice_chunks/fake/musk-to-biden_chunk0047.wav,4.0,16000
data/raw/deep_voice/fake/musk-to-biden.wav,48,fake,data/interim/deep_voice_chunks/fake/musk-to-biden_chunk0048.wav,4.0,16000
data/raw/deep_voice/fake/musk-to-biden.wav,49,fake,data/interim/deep_voice_chunks/fake/musk-to-biden_chunk0049.wav,4.0,16000
data/raw/deep_voice/fake/musk-to-biden.wav,50,fake,data/interim/deep_voice_chunks/fake/musk-to-biden_chunk0050.wav,4.0,16000
data/raw/deep_voice/fake/musk-to-biden.wav,51,fake,data/interim/deep_voice_chunks/fake/musk-to-biden_chunk0051.wav,4.0,16000
data/raw/deep_voice/fake/musk-to-biden.wav,52,fake,data/interim/deep_voice_chunks/fake/musk-to-biden_chunk0052.wav,4.0,16000
data/raw/deep_voice/fake/musk-to-biden.wav,53,fake,data/interim/deep_voice_chunks/fake/musk-to-biden_chunk0053.wav,4.0,16000
data/raw/deep_voice/fake/musk-to-biden.wav,54,fake,data/interim/deep_voice_chunks/fake/musk-to-biden_chunk0054.wav,4.0,16000
data/raw/deep_voice/fake/musk-to-biden.wav,55,fake,data/interim/deep_voice_chunks/fake/musk-to-biden_chunk0055.wav,4.0,16000
data/raw/deep_voice/fake/musk-to-biden.wav,56,fake,data/interim/deep_voice_chunks/fake/musk-to-biden_chunk0056.wav,4.0,16000
data/raw/deep_voice/fake/musk-to-biden.wav,57,fake,data/interim/deep_voice_chunks/fake/musk-to-biden_chunk0057.wav,4.0,16000
data/raw/deep_voice/fake/musk-to-biden.wav,58,fake,data/interim/deep_voice_chunks/fake/musk-to-biden_chunk0058.wav,4.0,16000
data/raw/deep_voice/fake/musk-to-biden.wav,59,fake,data/interim/deep_voice_chunks/fake/musk-to-biden_chunk0059.wav,4.0,16000
data/raw/deep_voice/fake/musk-to-biden.wav,60,fake,data/interim/deep_voice_chunks/fake/musk-to-biden_chunk0060.wav,4.0,16000
data/raw/deep_voice/fake/musk-to-biden.wav,61,fake,data/interim/deep_voice_chunks/fake/musk-to-biden_chunk0061.wav,4.0,16000
data/raw/deep_voice/fake/musk-to-biden.wav,62,fake,data/interim/deep_voice_chunks/fake/musk-to-biden_chunk0062.wav,4.0,16000
data/raw/deep_voice/fake/musk-to-biden.wav,63,fake,data/interim/deep_voice_chunks/fake/musk-to-biden_chunk0063.wav,4.0,16000
data/raw/deep_voice/fake/musk-to-biden.wav,64,fake,data/interim/deep_voice_chunks/fake/musk-to-biden_chunk0064.wav,4.0,16000
data/raw/deep_voice/fake/musk-to-biden.wav,65,fake,data/interim/deep_voice_chunks/fake/musk-to-biden_chunk0065.wav,4.0,16000
data/raw/deep_voice/fake/musk-to-biden.wav,66,fake,data/interim/deep_voice_chunks/fake/musk-to-biden_chunk0066.wav,4.0,16000
data/raw/deep_voice/fake/musk-to-biden.wav,67,fake,data/interim/deep_voice_chunks/fake/musk-to-biden_chunk0067.wav,4.0,16000
data/raw/deep_voice/fake/musk-to-biden.wav,68,fake,data/interim/deep_voice_chunks/fake/musk-to-biden_chunk0068.wav,4.0,16000
data/raw/deep_voice/fake/musk-to-biden.wav,69,fake,data/interim/deep_voice_chunks/fake/musk-to-biden_chunk0069.wav,4.0,16000
data/raw/deep_voice/fake/musk-to-biden.wav,70,fake,data/interim/deep_voice_chunks/fake/musk-to-biden_chunk0070.wav,4.0,16000
data/raw/deep_voice/fake/musk-to-biden.wav,71,fake,data/interim/deep_voice_chunks/fake/musk-to-biden_chunk0071.wav,4.0,16000
data/raw/deep_voice/fake/musk-to-biden.wav,72,fake,data/interim/deep_voice_chunks/fake/musk-to-biden_chunk0072.wav,4.0,16000
data/raw/deep_voice/fake/musk-to-biden.wav,73,fake,data/interim/deep_voice_chunks/fake/musk-to-biden_chunk0073.wav,4.0,16000
data/raw/deep_voice/fake/musk-to-biden.wav,74,fake,data/interim/deep_voice_chunks/fake/musk-to-biden_chunk0074.wav,4.0,16000
data/raw/deep_voice/fake/musk-to-biden.wav,75,fake,data/interim/deep_voice_chunks/fake/musk-to-biden_chunk0075.wav,4.0,16000
data/raw/deep_voice/fake/musk-to-biden.wav,76,fake,data/interim/deep_voice_chunks/fake/musk-to-biden_chunk0076.wav,4.0,16000
data/raw/deep_voice/fake/musk-to-biden.wav,77,fake,data/interim/deep_voice_chunks/fake/musk-to-biden_chunk0077.wav,4.0,16000
data/raw/deep_voice/fake/musk-to-biden.wav,78,fake,data/interim/deep_voice_chunks/fake/musk-to-biden_chunk0078.wav,4.0,16000
data/raw/deep_voice/fake/musk-to-biden.wav,79,fake,data/interim/deep_voice_chunks/fake/musk-to-biden_chunk0079.wav,4.0,16000
data/raw/deep_voice/fake/musk-to-biden.wav,80,fake,data/interim/deep_voice_chunks/fake/musk-to-biden_chunk0080.wav,4.0,16000
data/raw/deep_voice/fake/musk-to-biden.wav,81,fake,data/interim/deep_voice_chunks/fake/musk-to-biden_chunk0081.wav,4.0,16000
data/raw/deep_voice/fake/musk-to-biden.wav,82,fake,data/interim/deep_voice_chunks/fake/musk-to-biden_chunk0082.wav,4.0,16000
data/raw/deep_voice/fake/musk-to-biden.wav,83,fake,data/interim/deep_voice_chunks/fake/musk-to-biden_chunk0083.wav,4.0,16000
data/raw/deep_voice/fake/musk-to-biden.wav,84,fake,data/interim/deep_voice_chunks/fake/musk-to-biden_chunk0084.wav,4.0,16000
data/raw/deep_voice/fake/musk-to-biden.wav,85,fake,data/interim/deep_voice_chunks/fake/musk-to-biden_chunk0085.wav,4.0,16000
data/raw/deep_voice/fake/musk-to-biden.wav,86,fake,data/interim/deep_voice_chunks/fake/musk-to-biden_chunk0086.wav,4.0,16000
data/raw/deep_voice/fake/musk-to-biden.wav,87,fake,data/interim/deep_voice_chunks/fake/musk-to-biden_chunk0087.wav,4.0,16000
data/raw/deep_voice/fake/musk-to-biden.wav,88,fake,data/interim/deep_voice_chunks/fake/musk-to-biden_chunk0088.wav,4.0,16000
data/raw/deep_voice/fake/musk-to-biden.wav,89,fake,data/interim/deep_voice_chunks/fake/musk-to-biden_chunk0089.wav,4.0,16000
data/raw/deep_voice/fake/musk-to-biden.wav,90,fake,data/interim/deep_voice_chunks/fake/musk-to-biden_chunk0090.wav,4.0,16000
data/raw/deep_voice/fake/musk-to-biden.wav,91,fake,data/interim/deep_voice_chunks/fake/musk-to-biden_chunk0091.wav,4.0,16000
data/raw/deep_voice/fake/musk-to-biden.wav,92,fake,data/interim/deep_voice_chunks/fake/musk-to-biden_chunk0092.wav,4.0,16000
data/raw/deep_voice/fake/musk-to-biden.wav,93,fake,data/interim/deep_voice_chunks/fake/musk-to-biden_chunk0093.wav,4.0,16000
data/raw/deep_voice/fake/musk-to-biden.wav,94,fake,data/interim/deep_voice_chunks/fake/musk-to-biden_chunk0094.wav,4.0,16000
data/raw/deep_voice/fake/musk-to-biden.wav,95,fake,data/interim/deep_voice_chunks/fake/musk-to-biden_chunk0095.wav,4.0,16000
data/raw/deep_voice/fake/musk-to-biden.wav,96,fake,data/interim/deep_voice_chunks/fake/musk-to-biden_chunk0096.wav,4.0,16000
data/raw/deep_voice/fake/musk-to-biden.wav,97,fake,data/interim/deep_voice_chunks/fake/musk-to-biden_chunk0097.wav,4.0,16000
data/raw/deep_voice/fake/musk-to-biden.wav,98,fake,data/interim/deep_voice_chunks/fake/musk-to-biden_chunk0098.wav,4.0,16000
data/raw/deep_voice/fake/musk-to-biden.wav,99,fake,data/interim/deep_voice_chunks/fake/musk-to-biden_chunk0099.wav,4.0,16000
data/raw/deep_voice/fake/musk-to-biden.wav,100,fake,data/interim/deep_voice_chunks/fake/musk-to-biden_chunk0100.wav,4.0,16000
data/raw/deep_voice/fake/musk-to-biden.wav,101,fake,data/interim/deep_voice_chunks/fake/musk-to-biden_chunk0101.wav,4.0,16000
data/raw/deep_voice/fake/musk-to-biden.wav,102,fake,data/interim/deep_voice_chunks/fake/musk-to-biden_chunk0102.wav,4.0,16000
data/raw/deep_voice/fake/musk-to-biden.wav,103,fake,data/interim/deep_voice_chunks/fake/musk-to-biden_chunk0103.wav,4.0,16000
data/raw/deep_voice/fake/musk-to-biden.wav,104,fake,data/interim/deep_voice_chunks/fake/musk-to-biden_chunk0104.wav,4.0,16000
data/raw/deep_voice/fake/musk-to-biden.wav,105,fake,data/interim/deep_voice_chunks/fake/musk-to-biden_chunk0105.wav,4.0,16000
data/raw/deep_voice/fake/musk-to-biden.wav,106,fake,data/interim/deep_voice_chunks/fake/musk-to-biden_chunk0106.wav,4.0,16000
data/raw/deep_voice/fake/musk-to-biden.wav,107,fake,data/interim/deep_voice_chunks/fake/musk-to-biden_chunk0107.wav,4.0,16000
data/raw/deep_voice/fake/musk-to-biden.wav,108,fake,data/interim/deep_voice_chunks/fake/musk-to-biden_chunk0108.wav,4.0,16000
data/raw/deep_voice/fake/musk-to-biden.wav,109,fake,data/interim/deep_voice_chunks/fake/musk-to-biden_chunk0109.wav,4.0,16000
data/raw/deep_voice/fake/musk-to-biden.wav,110,fake,data/interim/deep_voice_chunks/fake/musk-to-biden_chunk0110.wav,4.0,16000
data/raw/deep_voice/fake/musk-to-biden.wav,111,fake,data/interim/deep_voice_chunks/fake/musk-to-biden_chunk0111.wav,4.0,16000
data/raw/deep_voice/fake/musk-to-biden.wav,112,fake,data/interim/deep_voice_chunks/fake/musk-to-biden_chunk0112.wav,4.0,16000
data/raw/deep_voice/fake/musk-to-biden.wav,113,fake,data/interim/deep_voice_chunks/fake/musk-to-biden_chunk0113.wav,4.0,16000
data/raw/deep_voice/fake/musk-to-biden.wav,114,fake,data/interim/deep_voice_chunks/fake/musk-to-biden_chunk0114.wav,4.0,16000
data/raw/deep_voice/fake/musk-to-biden.wav,115,fake,data/interim/deep_voice_chunks/fake/musk-to-biden_chunk0115.wav,4.0,16000
data/raw/deep_voice/fake/musk-to-biden.wav,116,fake,data/interim/deep_voice_chunks/fake/musk-to-biden_chunk0116.wav,4.0,16000
data/raw/deep_voice/fake/musk-to-biden.wav,117,fake,data/interim/deep_voice_chunks/fake/musk-to-biden_chunk0117.wav,4.0,16000
data/raw/deep_voice/fake/musk-to-biden.wav,118,fake,data/interim/deep_voice_chunks/fake/musk-to-biden_chunk0118.wav,4.0,16000
data/raw/deep_voice/fake/musk-to-biden.wav,119,fake,data/interim/deep_voice_chunks/fake/musk-to-biden_chunk0119.wav,4.0,16000
data/raw/deep_voice/fake/musk-to-biden.wav,120,fake,data/interim/deep_voice_chunks/fake/musk-to-biden_chunk0120.wav,4.0,16000
data/raw/deep_voice/fake/musk-to-biden.wav,121,fake,data/interim/deep_voice_chunks/fake/musk-to-biden_chunk0121.wav,4.0,16000
data/raw/deep_voice/fake/musk-to-biden.wav,122,fake,data/interim/deep_voice_chunks/fake/musk-to-biden_chunk0122.wav,4.0,16000
data/raw/deep_voice/fake/musk-to-biden.wav,123,fake,data/interim/deep_voice_chunks/fake/musk-to-biden_chunk0123.wav,4.0,16000
data/raw/deep_voice/fake/musk-to-biden.wav,124,fake,data/interim/deep_voice_chunks/fake/musk-to-biden_chunk0124.wav,4.0,16000
data/raw/deep_voice/fake/musk-to-biden.wav,125,fake,data/interim/deep_voice_chunks/fake/musk-to-biden_chunk0125.wav,4.0,16000
data/raw/deep_voice/fake/musk-to-biden.wav,126,fake,data/interim/deep_voice_chunks/fake/musk-to-biden_chunk0126.wav,4.0,16000
data/raw/deep_voice/fake/musk-to-biden.wav,127,fake,data/interim/deep_voice_chunks/fake/musk-to-biden_chunk0127.wav,4.0,16000
data/raw/deep_voice/fake/musk-to-biden.wav,128,fake,data/interim/deep_voice_chunks/fake/musk-to-biden_chunk0128.wav,4.0,16000
data/raw/deep_voice/fake/musk-to-biden.wav,129,fake,data/interim/deep_voice_chunks/fake/musk-to-biden_chunk0129.wav,4.0,16000
data/raw/deep_voice/fake/musk-to-biden.wav,130,fake,data/interim/deep_voice_chunks/fake/musk-to-biden_chunk0130.wav,4.0,16000
data/raw/deep_voice/fake/musk-to-biden.wav,131,fake,data/interim/deep_voice_chunks/fake/musk-to-biden_chunk0131.wav,4.0,16000
data/raw/deep_voice/fake/musk-to-biden.wav,132,fake,data/interim/deep_voice_chunks/fake/musk-to-biden_chunk0132.wav,4.0,16000
data/raw/deep_voice/fake/musk-to-biden.wav,133,fake,data/interim/deep_voice_chunks/fake/musk-to-biden_chunk0133.wav,4.0,16000
data/raw/deep_voice/fake/musk-to-biden.wav,134,fake,data/interim/deep_voice_chunks/fake/musk-to-biden_chunk0134.wav,4.0,16000
data/raw/deep_voice/fake/musk-to-biden.wav,135,fake,data/interim/deep_voice_chunks/fake/musk-to-biden_chunk0135.wav,4.0,16000
data/raw/deep_voice/fake/musk-to-biden.wav,136,fake,data/interim/deep_voice_chunks/fake/musk-to-biden_chunk0136.wav,4.0,16000
data/raw/deep_voice/fake/musk-to-biden.wav,137,fake,data/interim/deep_voice_chunks/fake/musk-to-biden_chunk0137.wav,4.0,16000
data/raw/deep_voice/fake/musk-to-biden.wav,138,fake,data/interim/deep_voice_chunks/fake/musk-to-biden_chunk0138.wav,4.0,16000
data/raw/deep_voice/fake/musk-to-biden.wav,139,fake,data/interim/deep_voice_chunks/fake/musk-to-biden_chunk0139.wav,4.0,16000
data/raw/deep_voice/fake/musk-to-biden.wav,140,fake,data/interim/deep_voice_chunks/fake/musk-to-biden_chunk0140.wav,4.0,16000
data/raw/deep_voice/fake/musk-to-biden.wav,141,fake,data/interim/deep_voice_chunks/fake/musk-to-biden_chunk0141.wav,4.0,16000
data/raw/deep_voice/fake/musk-to-biden.wav,142,fake,data/interim/deep_voice_chunks/fake/musk-to-biden_chunk0142.wav,4.0,16000
data/raw/deep_voice/fake/musk-to-biden.wav,143,fake,data/interim/deep_voice_chunks/fake/musk-to-biden_chunk0143.wav,4.0,16000
data/raw/deep_voice/fake/musk-to-biden.wav,144,fake,data/interim/deep_voice_chunks/fake/musk-to-biden_chunk0144.wav,4.0,16000
data/raw/deep_voice/fake/musk-to-biden.wav,145,fake,data/interim/deep_voice_chunks/fake/musk-to-biden_chunk0145.wav,4.0,16000
data/raw/deep_voice/fake/musk-to-biden.wav,146,fake,data/interim/deep_voice_chunks/fake/musk-to-biden_chunk0146.wav,4.0,16000
data/raw/deep_voice/fake/musk-to-biden.wav,147,fake,data/interim/deep_voice_chunks/fake/musk-to-biden_chunk0147.wav,4.0,16000
data/raw/deep_voice/fake/musk-to-biden.wav,148,fake,data/interim/deep_voice_chunks/fake/musk-to-biden_chunk0148.wav,4.0,16000
data/raw/deep_voice/fake/musk-to-biden.wav,149,fake,data/interim/deep_voice_chunks/fake/musk-to-biden_chunk0149.wav,4.0,16000
data/raw/deep_voice/fake/musk-to-linus.wav,0,fake,data/interim/deep_voice_chunks/fake/musk-to-linus_chunk0000.wav,4.0,16000
data/raw/deep_voice/fake/musk-to-linus.wav,1,fake,data/interim/deep_voice_chunks/fake/musk-to-linus_chunk0001.wav,4.0,16000
data/raw/deep_voice/fake/musk-to-linus.wav,2,fake,data/interim/deep_voice_chunks/fake/musk-to-linus_chunk0002.wav,4.0,16000
data/raw/deep_voice/fake/musk-to-linus.wav,3,fake,data/interim/deep_voice_chunks/fake/musk-to-linus_chunk0003.wav,4.0,16000
data/raw/deep_voice/fake/musk-to-linus.wav,4,fake,data/interim/deep_voice_chunks/fake/musk-to-linus_chunk0004.wav,4.0,16000
data/raw/deep_voice/fake/musk-to-linus.wav,5,fake,data/interim/deep_voice_chunks/fake/musk-to-linus_chunk0005.wav,4.0,16000
data/raw/deep_voice/fake/musk-to-linus.wav,6,fake,data/interim/deep_voice_chunks/fake/musk-to-linus_chunk0006.wav,4.0,16000
data/raw/deep_voice/fake/musk-to-linus.wav,7,fake,data/interim/deep_voice_chunks/fake/musk-to-linus_chunk0007.wav,4.0,16000
data/raw/deep_voice/fake/musk-to-linus.wav,8,fake,data/interim/deep_voice_chunks/fake/musk-to-linus_chunk0008.wav,4.0,16000
data/raw/deep_voice/fake/musk-to-linus.wav,9,fake,data/interim/deep_voice_chunks/fake/musk-to-linus_chunk0009.wav,4.0,16000
data/raw/deep_voice/fake/musk-to-linus.wav,10,fake,data/interim/deep_voice_chunks/fake/musk-to-linus_chunk0010.wav,4.0,16000
data/raw/deep_voice/fake/musk-to-linus.wav,11,fake,data/interim/deep_voice_chunks/fake/musk-to-linus_chunk0011.wav,4.0,16000
data/raw/deep_voice/fake/musk-to-linus.wav,12,fake,data/interim/deep_voice_chunks/fake/musk-to-linus_chunk0012.wav,4.0,16000
data/raw/deep_voice/fake/musk-to-linus.wav,13,fake,data/interim/deep_voice_chunks/fake/musk-to-linus_chunk0013.wav,4.0,16000
data/raw/deep_voice/fake/musk-to-linus.wav,14,fake,data/interim/deep_voice_chunks/fake/musk-to-linus_chunk0014.wav,4.0,16000
data/raw/deep_voice/fake/musk-to-linus.wav,15,fake,data/interim/deep_voice_chunks/fake/musk-to-linus_chunk0015.wav,4.0,16000
data/raw/deep_voice/fake/musk-to-linus.wav,16,fake,data/interim/deep_voice_chunks/fake/musk-to-linus_chunk0016.wav,4.0,16000
data/raw/deep_voice/fake/musk-to-linus.wav,17,fake,data/interim/deep_voice_chunks/fake/musk-to-linus_chunk0017.wav,4.0,16000
data/raw/deep_voice/fake/musk-to-linus.wav,18,fake,data/interim/deep_voice_chunks/fake/musk-to-linus_chunk0018.wav,4.0,16000
data/raw/deep_voice/fake/musk-to-linus.wav,19,fake,data/interim/deep_voice_chunks/fake/musk-to-linus_chunk0019.wav,4.0,16000
data/raw/deep_voice/fake/musk-to-linus.wav,20,fake,data/interim/deep_voice_chunks/fake/musk-to-linus_chunk0020.wav,4.0,16000
data/raw/deep_voice/fake/musk-to-linus.wav,21,fake,data/interim/deep_voice_chunks/fake/musk-to-linus_chunk0021.wav,4.0,16000
data/raw/deep_voice/fake/musk-to-linus.wav,22,fake,data/interim/deep_voice_chunks/fake/musk-to-linus_chunk0022.wav,4.0,16000
data/raw/deep_voice/fake/musk-to-linus.wav,23,fake,data/interim/deep_voice_chunks/fake/musk-to-linus_chunk0023.wav,4.0,16000
data/raw/deep_voice/fake/musk-to-linus.wav,24,fake,data/interim/deep_voice_chunks/fake/musk-to-linus_chunk0024.wav,4.0,16000
data/raw/deep_voice/fake/musk-to-linus.wav,25,fake,data/interim/deep_voice_chunks/fake/musk-to-linus_chunk0025.wav,4.0,16000
data/raw/deep_voice/fake/musk-to-linus.wav,26,fake,data/interim/deep_voice_chunks/fake/musk-to-linus_chunk0026.wav,4.0,16000
data/raw/deep_voice/fake/musk-to-linus.wav,27,fake,data/interim/deep_voice_chunks/fake/musk-to-linus_chunk0027.wav,4.0,16000
data/raw/deep_voice/fake/musk-to-linus.wav,28,fake,data/interim/deep_voice_chunks/fake/musk-to-linus_chunk0028.wav,4.0,16000
data/raw/deep_voice/fake/musk-to-linus.wav,29,fake,data/interim/deep_voice_chunks/fake/musk-to-linus_chunk0029.wav,4.0,16000
data/raw/deep_voice/fake/musk-to-linus.wav,30,fake,data/interim/deep_voice_chunks/fake/musk-to-linus_chunk0030.wav,4.0,16000
data/raw/deep_voice/fake/musk-to-linus.wav,31,fake,data/interim/deep_voice_chunks/fake/musk-to-linus_chunk0031.wav,4.0,16000
data/raw/deep_voice/fake/musk-to-linus.wav,32,fake,data/interim/deep_voice_chunks/fake/musk-to-linus_chunk0032.wav,4.0,16000
data/raw/deep_voice/fake/musk-to-linus.wav,33,fake,data/interim/deep_voice_chunks/fake/musk-to-linus_chunk0033.wav,4.0,16000
data/raw/deep_voice/fake/musk-to-linus.wav,34,fake,data/interim/deep_voice_chunks/fake/musk-to-linus_chunk0034.wav,4.0,16000
data/raw/deep_voice/fake/musk-to-linus.wav,35,fake,data/interim/deep_voice_chunks/fake/musk-to-linus_chunk0035.wav,4.0,16000
data/raw/deep_voice/fake/musk-to-linus.wav,36,fake,data/interim/deep_voice_chunks/fake/musk-to-linus_chunk0036.wav,4.0,16000
data/raw/deep_voice/fake/musk-to-linus.wav,37,fake,data/interim/deep_voice_chunks/fake/musk-to-linus_chunk0037.wav,4.0,16000
data/raw/deep_voice/fake/musk-to-linus.wav,38,fake,data/interim/deep_voice_chunks/fake/musk-to-linus_chunk0038.wav,4.0,16000
data/raw/deep_voice/fake/musk-to-linus.wav,39,fake,data/interim/deep_voice_chunks/fake/musk-to-linus_chunk0039.wav,4.0,16000
data/raw/deep_voice/fake/musk-to-linus.wav,40,fake,data/interim/deep_voice_chunks/fake/musk-to-linus_chunk0040.wav,4.0,16000
data/raw/deep_voice/fake/musk-to-linus.wav,41,fake,data/interim/deep_voice_chunks/fake/musk-to-linus_chunk0041.wav,4.0,16000
data/raw/deep_voice/fake/musk-to-linus.wav,42,fake,data/interim/deep_voice_chunks/fake/musk-to-linus_chunk0042.wav,4.0,16000
data/raw/deep_voice/fake/musk-to-linus.wav,43,fake,data/interim/deep_voice_chunks/fake/musk-to-linus_chunk0043.wav,4.0,16000
data/raw/deep_voice/fake/musk-to-linus.wav,44,fake,data/interim/deep_voice_chunks/fake/musk-to-linus_chunk0044.wav,4.0,16000
data/raw/deep_voice/fake/musk-to-linus.wav,45,fake,data/interim/deep_voice_chunks/fake/musk-to-linus_chunk0045.wav,4.0,16000
data/raw/deep_voice/fake/musk-to-linus.wav,46,fake,data/interim/deep_voice_chunks/fake/musk-to-linus_chunk0046.wav,4.0,16000
data/raw/deep_voice/fake/musk-to-linus.wav,47,fake,data/interim/deep_voice_chunks/fake/musk-to-linus_chunk0047.wav,4.0,16000
data/raw/deep_voice/fake/musk-to-linus.wav,48,fake,data/interim/deep_voice_chunks/fake/musk-to-linus_chunk0048.wav,4.0,16000
data/raw/deep_voice/fake/musk-to-linus.wav,49,fake,data/interim/deep_voice_chunks/fake/musk-to-linus_chunk0049.wav,4.0,16000
data/raw/deep_voice/fake/musk-to-linus.wav,50,fake,data/interim/deep_voice_chunks/fake/musk-to-linus_chunk0050.wav,4.0,16000
data/raw/deep_voice/fake/musk-to-linus.wav,51,fake,data/interim/deep_voice_chunks/fake/musk-to-linus_chunk0051.wav,4.0,16000
data/raw/deep_voice/fake/musk-to-linus.wav,52,fake,data/interim/deep_voice_chunks/fake/musk-to-linus_chunk0052.wav,4.0,16000
data/raw/deep_voice/fake/musk-to-linus.wav,53,fake,data/interim/deep_voice_chunks/fake/musk-to-linus_chunk0053.wav,4.0,16000
data/raw/deep_voice/fake/musk-to-linus.wav,54,fake,data/interim/deep_voice_chunks/fake/musk-to-linus_chunk0054.wav,4.0,16000
data/raw/deep_voice/fake/musk-to-linus.wav,55,fake,data/interim/deep_voice_chunks/fake/musk-to-linus_chunk0055.wav,4.0,16000
data/raw/deep_voice/fake/musk-to-linus.wav,56,fake,data/interim/deep_voice_chunks/fake/musk-to-linus_chunk0056.wav,4.0,16000
data/raw/deep_voice/fake/musk-to-linus.wav,57,fake,data/interim/deep_voice_chunks/fake/musk-to-linus_chunk0057.wav,4.0,16000
data/raw/deep_voice/fake/musk-to-linus.wav,58,fake,data/interim/deep_voice_chunks/fake/musk-to-linus_chunk0058.wav,4.0,16000
data/raw/deep_voice/fake/musk-to-linus.wav,59,fake,data/interim/deep_voice_chunks/fake/musk-to-linus_chunk0059.wav,4.0,16000
data/raw/deep_voice/fake/musk-to-linus.wav,60,fake,data/interim/deep_voice_chunks/fake/musk-to-linus_chunk0060.wav,4.0,16000
data/raw/deep_voice/fake/musk-to-linus.wav,61,fake,data/interim/deep_voice_chunks/fake/musk-to-linus_chunk0061.wav,4.0,16000
data/raw/deep_voice/fake/musk-to-linus.wav,62,fake,data/interim/deep_voice_chunks/fake/musk-to-linus_chunk0062.wav,4.0,16000
data/raw/deep_voice/fake/musk-to-linus.wav,63,fake,data/interim/deep_voice_chunks/fake/musk-to-linus_chunk0063.wav,4.0,16000
data/raw/deep_voice/fake/musk-to-linus.wav,64,fake,data/interim/deep_voice_chunks/fake/musk-to-linus_chunk0064.wav,4.0,16000
data/raw/deep_voice/fake/musk-to-linus.wav,65,fake,data/interim/deep_voice_chunks/fake/musk-to-linus_chunk0065.wav,4.0,16000
data/raw/deep_voice/fake/musk-to-linus.wav,66,fake,data/interim/deep_voice_chunks/fake/musk-to-linus_chunk0066.wav,4.0,16000
data/raw/deep_voice/fake/musk-to-linus.wav,67,fake,data/interim/deep_voice_chunks/fake/musk-to-linus_chunk0067.wav,4.0,16000
data/raw/deep_voice/fake/musk-to-linus.wav,68,fake,data/interim/deep_voice_chunks/fake/musk-to-linus_chunk0068.wav,4.0,16000
data/raw/deep_voice/fake/musk-to-linus.wav,69,fake,data/interim/deep_voice_chunks/fake/musk-to-linus_chunk0069.wav,4.0,16000
data/raw/deep_voice/fake/musk-to-linus.wav,70,fake,data/interim/deep_voice_chunks/fake/musk-to-linus_chunk0070.wav,4.0,16000
data/raw/deep_voice/fake/musk-to-linus.wav,71,fake,data/interim/deep_voice_chunks/fake/musk-to-linus_chunk0071.wav,4.0,16000
data/raw/deep_voice/fake/musk-to-linus.wav,72,fake,data/interim/deep_voice_chunks/fake/musk-to-linus_chunk0072.wav,4.0,16000
data/raw/deep_voice/fake/musk-to-linus.wav,73,fake,data/interim/deep_voice_chunks/fake/musk-to-linus_chunk0073.wav,4.0,16000
data/raw/deep_voice/fake/musk-to-linus.wav,74,fake,data/interim/deep_voice_chunks/fake/musk-to-linus_chunk0074.wav,4.0,16000
data/raw/deep_voice/fake/musk-to-linus.wav,75,fake,data/interim/deep_voice_chunks/fake/musk-to-linus_chunk0075.wav,4.0,16000
data/raw/deep_voice/fake/musk-to-linus.wav,76,fake,data/interim/deep_voice_chunks/fake/musk-to-linus_chunk0076.wav,4.0,16000
data/raw/deep_voice/fake/musk-to-linus.wav,77,fake,data/interim/deep_voice_chunks/fake/musk-to-linus_chunk0077.wav,4.0,16000
data/raw/deep_voice/fake/musk-to-linus.wav,78,fake,data/interim/deep_voice_chunks/fake/musk-to-linus_chunk0078.wav,4.0,16000
data/raw/deep_voice/fake/musk-to-linus.wav,79,fake,data/interim/deep_voice_chunks/fake/musk-to-linus_chunk0079.wav,4.0,16000
data/raw/deep_voice/fake/musk-to-linus.wav,80,fake,data/interim/deep_voice_chunks/fake/musk-to-linus_chunk0080.wav,4.0,16000
data/raw/deep_voice/fake/musk-to-linus.wav,81,fake,data/interim/deep_voice_chunks/fake/musk-to-linus_chunk0081.wav,4.0,16000
data/raw/deep_voice/fake/musk-to-linus.wav,82,fake,data/interim/deep_voice_chunks/fake/musk-to-linus_chunk0082.wav,4.0,16000
data/raw/deep_voice/fake/musk-to-linus.wav,83,fake,data/interim/deep_voice_chunks/fake/musk-to-linus_chunk0083.wav,4.0,16000
data/raw/deep_voice/fake/musk-to-linus.wav,84,fake,data/interim/deep_voice_chunks/fake/musk-to-linus_chunk0084.wav,4.0,16000
data/raw/deep_voice/fake/musk-to-linus.wav,85,fake,data/interim/deep_voice_chunks/fake/musk-to-linus_chunk0085.wav,4.0,16000
data/raw/deep_voice/fake/musk-to-linus.wav,86,fake,data/interim/deep_voice_chunks/fake/musk-to-linus_chunk0086.wav,4.0,16000
data/raw/deep_voice/fake/musk-to-linus.wav,87,fake,data/interim/deep_voice_chunks/fake/musk-to-linus_chunk0087.wav,4.0,16000
data/raw/deep_voice/fake/musk-to-linus.wav,88,fake,data/interim/deep_voice_chunks/fake/musk-to-linus_chunk0088.wav,4.0,16000
data/raw/deep_voice/fake/musk-to-linus.wav,89,fake,data/interim/deep_voice_chunks/fake/musk-to-linus_chunk0089.wav,4.0,16000
data/raw/deep_voice/fake/musk-to-linus.wav,90,fake,data/interim/deep_voice_chunks/fake/musk-to-linus_chunk0090.wav,4.0,16000
data/raw/deep_voice/fake/musk-to-linus.wav,91,fake,data/interim/deep_voice_chunks/fake/musk-to-linus_chunk0091.wav,4.0,16000
data/raw/deep_voice/fake/musk-to-linus.wav,92,fake,data/interim/deep_voice_chunks/fake/musk-to-linus_chunk0092.wav,4.0,16000
data/raw/deep_voice/fake/musk-to-linus.wav,93,fake,data/interim/deep_voice_chunks/fake/musk-to-linus_chunk0093.wav,4.0,16000
data/raw/deep_voice/fake/musk-to-linus.wav,94,fake,data/interim/deep_voice_chunks/fake/musk-to-linus_chunk0094.wav,4.0,16000
data/raw/deep_voice/fake/musk-to-linus.wav,95,fake,data/interim/deep_voice_chunks/fake/musk-to-linus_chunk0095.wav,4.0,16000
data/raw/deep_voice/fake/musk-to-linus.wav,96,fake,data/interim/deep_voice_chunks/fake/musk-to-linus_chunk0096.wav,4.0,16000
data/raw/deep_voice/fake/musk-to-linus.wav,97,fake,data/interim/deep_voice_chunks/fake/musk-to-linus_chunk0097.wav,4.0,16000
data/raw/deep_voice/fake/musk-to-linus.wav,98,fake,data/interim/deep_voice_chunks/fake/musk-to-linus_chunk0098.wav,4.0,16000
data/raw/deep_voice/fake/musk-to-linus.wav,99,fake,data/interim/deep_voice_chunks/fake/musk-to-linus_chunk0099.wav,4.0,16000
data/raw/deep_voice/fake/musk-to-linus.wav,100,fake,data/interim/deep_voice_chunks/fake/musk-to-linus_chunk0100.wav,4.0,16000
data/raw/deep_voice/fake/musk-to-linus.wav,101,fake,data/interim/deep_voice_chunks/fake/musk-to-linus_chunk0101.wav,4.0,16000
data/raw/deep_voice/fake/musk-to-linus.wav,102,fake,data/interim/deep_voice_chunks/fake/musk-to-linus_chunk0102.wav,4.0,16000
data/raw/deep_voice/fake/musk-to-linus.wav,103,fake,data/interim/deep_voice_chunks/fake/musk-to-linus_chunk0103.wav,4.0,16000
data/raw/deep_voice/fake/musk-to-linus.wav,104,fake,data/interim/deep_voice_chunks/fake/musk-to-linus_chunk0104.wav,4.0,16000
data/raw/deep_voice/fake/musk-to-linus.wav,105,fake,data/interim/deep_voice_chunks/fake/musk-to-linus_chunk0105.wav,4.0,16000
data/raw/deep_voice/fake/musk-to-linus.wav,106,fake,data/interim/deep_voice_chunks/fake/musk-to-linus_chunk0106.wav,4.0,16000
data/raw/deep_voice/fake/musk-to-linus.wav,107,fake,data/interim/deep_voice_chunks/fake/musk-to-linus_chunk0107.wav,4.0,16000
data/raw/deep_voice/fake/musk-to-linus.wav,108,fake,data/interim/deep_voice_chunks/fake/musk-to-linus_chunk0108.wav,4.0,16000
data/raw/deep_voice/fake/musk-to-linus.wav,109,fake,data/interim/deep_voice_chunks/fake/musk-to-linus_chunk0109.wav,4.0,16000
data/raw/deep_voice/fake/musk-to-linus.wav,110,fake,data/interim/deep_voice_chunks/fake/musk-to-linus_chunk0110.wav,4.0,16000
data/raw/deep_voice/fake/musk-to-linus.wav,111,fake,data/interim/deep_voice_chunks/fake/musk-to-linus_chunk0111.wav,4.0,16000
data/raw/deep_voice/fake/musk-to-linus.wav,112,fake,data/interim/deep_voice_chunks/fake/musk-to-linus_chunk0112.wav,4.0,16000
data/raw/deep_voice/fake/musk-to-linus.wav,113,fake,data/interim/deep_voice_chunks/fake/musk-to-linus_chunk0113.wav,4.0,16000
data/raw/deep_voice/fake/musk-to-linus.wav,114,fake,data/interim/deep_voice_chunks/fake/musk-to-linus_chunk0114.wav,4.0,16000
data/raw/deep_voice/fake/musk-to-linus.wav,115,fake,data/interim/deep_voice_chunks/fake/musk-to-linus_chunk0115.wav,4.0,16000
data/raw/deep_voice/fake/musk-to-linus.wav,116,fake,data/interim/deep_voice_chunks/fake/musk-to-linus_chunk0116.wav,4.0,16000
data/raw/deep_voice/fake/musk-to-linus.wav,117,fake,data/interim/deep_voice_chunks/fake/musk-to-linus_chunk0117.wav,4.0,16000
data/raw/deep_voice/fake/musk-to-linus.wav,118,fake,data/interim/deep_voice_chunks/fake/musk-to-linus_chunk0118.wav,4.0,16000
data/raw/deep_voice/fake/musk-to-linus.wav,119,fake,data/interim/deep_voice_chunks/fake/musk-to-linus_chunk0119.wav,4.0,16000
data/raw/deep_voice/fake/musk-to-linus.wav,120,fake,data/interim/deep_voice_chunks/fake/musk-to-linus_chunk0120.wav,4.0,16000
data/raw/deep_voice/fake/musk-to-linus.wav,121,fake,data/interim/deep_voice_chunks/fake/musk-to-linus_chunk0121.wav,4.0,16000
data/raw/deep_voice/fake/musk-to-linus.wav,122,fake,data/interim/deep_voice_chunks/fake/musk-to-linus_chunk0122.wav,4.0,16000
data/raw/deep_voice/fake/musk-to-linus.wav,123,fake,data/interim/deep_voice_chunks/fake/musk-to-linus_chunk0123.wav,4.0,16000
data/raw/deep_voice/fake/musk-to-linus.wav,124,fake,data/interim/deep_voice_chunks/fake/musk-to-linus_chunk0124.wav,4.0,16000
data/raw/deep_voice/fake/musk-to-linus.wav,125,fake,data/interim/deep_voice_chunks/fake/musk-to-linus_chunk0125.wav,4.0,16000
data/raw/deep_voice/fake/musk-to-linus.wav,126,fake,data/interim/deep_voice_chunks/fake/musk-to-linus_chunk0126.wav,4.0,16000
data/raw/deep_voice/fake/musk-to-linus.wav,127,fake,data/interim/deep_voice_chunks/fake/musk-to-linus_chunk0127.wav,4.0,16000
data/raw/deep_voice/fake/musk-to-linus.wav,128,fake,data/interim/deep_voice_chunks/fake/musk-to-linus_chunk0128.wav,4.0,16000
data/raw/deep_voice/fake/musk-to-linus.wav,129,fake,data/interim/deep_voice_chunks/fake/musk-to-linus_chunk0129.wav,4.0,16000
data/raw/deep_voice/fake/musk-to-linus.wav,130,fake,data/interim/deep_voice_chunks/fake/musk-to-linus_chunk0130.wav,4.0,16000
data/raw/deep_voice/fake/musk-to-linus.wav,131,fake,data/interim/deep_voice_chunks/fake/musk-to-linus_chunk0131.wav,4.0,16000
data/raw/deep_voice/fake/musk-to-linus.wav,132,fake,data/interim/deep_voice_chunks/fake/musk-to-linus_chunk0132.wav,4.0,16000
data/raw/deep_voice/fake/musk-to-linus.wav,133,fake,data/interim/deep_voice_chunks/fake/musk-to-linus_chunk0133.wav,4.0,16000
data/raw/deep_voice/fake/musk-to-linus.wav,134,fake,data/interim/deep_voice_chunks/fake/musk-to-linus_chunk0134.wav,4.0,16000
data/raw/deep_voice/fake/musk-to-linus.wav,135,fake,data/interim/deep_voice_chunks/fake/musk-to-linus_chunk0135.wav,4.0,16000
data/raw/deep_voice/fake/musk-to-linus.wav,136,fake,data/interim/deep_voice_chunks/fake/musk-to-linus_chunk0136.wav,4.0,16000
data/raw/deep_voice/fake/musk-to-linus.wav,137,fake,data/interim/deep_voice_chunks/fake/musk-to-linus_chunk0137.wav,4.0,16000
data/raw/deep_voice/fake/musk-to-linus.wav,138,fake,data/interim/deep_voice_chunks/fake/musk-to-linus_chunk0138.wav,4.0,16000
data/raw/deep_voice/fake/musk-to-linus.wav,139,fake,data/interim/deep_voice_chunks/fake/musk-to-linus_chunk0139.wav,4.0,16000
data/raw/deep_voice/fake/musk-to-linus.wav,140,fake,data/interim/deep_voice_chunks/fake/musk-to-linus_chunk0140.wav,4.0,16000
data/raw/deep_voice/fake/musk-to-linus.wav,141,fake,data/interim/deep_voice_chunks/fake/musk-to-linus_chunk0141.wav,4.0,16000
data/raw/deep_voice/fake/musk-to-linus.wav,142,fake,data/interim/deep_voice_chunks/fake/musk-to-linus_chunk0142.wav,4.0,16000
data/raw/deep_voice/fake/musk-to-linus.wav,143,fake,data/interim/deep_voice_chunks/fake/musk-to-linus_chunk0143.wav,4.0,16000
data/raw/deep_voice/fake/musk-to-linus.wav,144,fake,data/interim/deep_voice_chunks/fake/musk-to-linus_chunk0144.wav,4.0,16000
data/raw/deep_voice/fake/musk-to-linus.wav,145,fake,data/interim/deep_voice_chunks/fake/musk-to-linus_chunk0145.wav,4.0,16000
data/raw/deep_voice/fake/musk-to-linus.wav,146,fake,data/interim/deep_voice_chunks/fake/musk-to-linus_chunk0146.wav,4.0,16000
data/raw/deep_voice/fake/musk-to-linus.wav,147,fake,data/interim/deep_voice_chunks/fake/musk-to-linus_chunk0147.wav,4.0,16000
data/raw/deep_voice/fake/musk-to-linus.wav,148,fake,data/interim/deep_voice_chunks/fake/musk-to-linus_chunk0148.wav,4.0,16000
data/raw/deep_voice/fake/musk-to-linus.wav,149,fake,data/interim/deep_voice_chunks/fake/musk-to-linus_chunk0149.wav,4.0,16000
data/raw/deep_voice/fake/musk-to-margot.wav,0,fake,data/interim/deep_voice_chunks/fake/musk-to-margot_chunk0000.wav,4.0,16000
data/raw/deep_voice/fake/musk-to-margot.wav,1,fake,data/interim/deep_voice_chunks/fake/musk-to-margot_chunk0001.wav,4.0,16000
data/raw/deep_voice/fake/musk-to-margot.wav,2,fake,data/interim/deep_voice_chunks/fake/musk-to-margot_chunk0002.wav,4.0,16000
data/raw/deep_voice/fake/musk-to-margot.wav,3,fake,data/interim/deep_voice_chunks/fake/musk-to-margot_chunk0003.wav,4.0,16000
data/raw/deep_voice/fake/musk-to-margot.wav,4,fake,data/interim/deep_voice_chunks/fake/musk-to-margot_chunk0004.wav,4.0,16000
data/raw/deep_voice/fake/musk-to-margot.wav,5,fake,data/interim/deep_voice_chunks/fake/musk-to-margot_chunk0005.wav,4.0,16000
data/raw/deep_voice/fake/musk-to-margot.wav,6,fake,data/interim/deep_voice_chunks/fake/musk-to-margot_chunk0006.wav,4.0,16000
data/raw/deep_voice/fake/musk-to-margot.wav,7,fake,data/interim/deep_voice_chunks/fake/musk-to-margot_chunk0007.wav,4.0,16000
data/raw/deep_voice/fake/musk-to-margot.wav,8,fake,data/interim/deep_voice_chunks/fake/musk-to-margot_chunk0008.wav,4.0,16000
data/raw/deep_voice/fake/musk-to-margot.wav,9,fake,data/interim/deep_voice_chunks/fake/musk-to-margot_chunk0009.wav,4.0,16000
data/raw/deep_voice/fake/musk-to-margot.wav,10,fake,data/interim/deep_voice_chunks/fake/musk-to-margot_chunk0010.wav,4.0,16000
data/raw/deep_voice/fake/musk-to-margot.wav,11,fake,data/interim/deep_voice_chunks/fake/musk-to-margot_chunk0011.wav,4.0,16000
data/raw/deep_voice/fake/musk-to-margot.wav,12,fake,data/interim/deep_voice_chunks/fake/musk-to-margot_chunk0012.wav,4.0,16000
data/raw/deep_voice/fake/musk-to-margot.wav,13,fake,data/interim/deep_voice_chunks/fake/musk-to-margot_chunk0013.wav,4.0,16000
data/raw/deep_voice/fake/musk-to-margot.wav,14,fake,data/interim/deep_voice_chunks/fake/musk-to-margot_chunk0014.wav,4.0,16000
data/raw/deep_voice/fake/musk-to-margot.wav,15,fake,data/interim/deep_voice_chunks/fake/musk-to-margot_chunk0015.wav,4.0,16000
data/raw/deep_voice/fake/musk-to-margot.wav,16,fake,data/interim/deep_voice_chunks/fake/musk-to-margot_chunk0016.wav,4.0,16000
data/raw/deep_voice/fake/musk-to-margot.wav,17,fake,data/interim/deep_voice_chunks/fake/musk-to-margot_chunk0017.wav,4.0,16000
data/raw/deep_voice/fake/musk-to-margot.wav,18,fake,data/interim/deep_voice_chunks/fake/musk-to-margot_chunk0018.wav,4.0,16000
data/raw/deep_voice/fake/musk-to-margot.wav,19,fake,data/interim/deep_voice_chunks/fake/musk-to-margot_chunk0019.wav,4.0,16000
data/raw/deep_voice/fake/musk-to-margot.wav,20,fake,data/interim/deep_voice_chunks/fake/musk-to-margot_chunk0020.wav,4.0,16000
data/raw/deep_voice/fake/musk-to-margot.wav,21,fake,data/interim/deep_voice_chunks/fake/musk-to-margot_chunk0021.wav,4.0,16000
data/raw/deep_voice/fake/musk-to-margot.wav,22,fake,data/interim/deep_voice_chunks/fake/musk-to-margot_chunk0022.wav,4.0,16000
data/raw/deep_voice/fake/musk-to-margot.wav,23,fake,data/interim/deep_voice_chunks/fake/musk-to-margot_chunk0023.wav,4.0,16000
data/raw/deep_voice/fake/musk-to-margot.wav,24,fake,data/interim/deep_voice_chunks/fake/musk-to-margot_chunk0024.wav,4.0,16000
data/raw/deep_voice/fake/musk-to-margot.wav,25,fake,data/interim/deep_voice_chunks/fake/musk-to-margot_chunk0025.wav,4.0,16000
data/raw/deep_voice/fake/musk-to-margot.wav,26,fake,data/interim/deep_voice_chunks/fake/musk-to-margot_chunk0026.wav,4.0,16000
data/raw/deep_voice/fake/musk-to-margot.wav,27,fake,data/interim/deep_voice_chunks/fake/musk-to-margot_chunk0027.wav,4.0,16000
data/raw/deep_voice/fake/musk-to-margot.wav,28,fake,data/interim/deep_voice_chunks/fake/musk-to-margot_chunk0028.wav,4.0,16000
data/raw/deep_voice/fake/musk-to-margot.wav,29,fake,data/interim/deep_voice_chunks/fake/musk-to-margot_chunk0029.wav,4.0,16000
data/raw/deep_voice/fake/musk-to-margot.wav,30,fake,data/interim/deep_voice_chunks/fake/musk-to-margot_chunk0030.wav,4.0,16000
data/raw/deep_voice/fake/musk-to-margot.wav,31,fake,data/interim/deep_voice_chunks/fake/musk-to-margot_chunk0031.wav,4.0,16000
data/raw/deep_voice/fake/musk-to-margot.wav,32,fake,data/interim/deep_voice_chunks/fake/musk-to-margot_chunk0032.wav,4.0,16000
data/raw/deep_voice/fake/musk-to-margot.wav,33,fake,data/interim/deep_voice_chunks/fake/musk-to-margot_chunk0033.wav,4.0,16000
data/raw/deep_voice/fake/musk-to-margot.wav,34,fake,data/interim/deep_voice_chunks/fake/musk-to-margot_chunk0034.wav,4.0,16000
data/raw/deep_voice/fake/musk-to-margot.wav,35,fake,data/interim/deep_voice_chunks/fake/musk-to-margot_chunk0035.wav,4.0,16000
data/raw/deep_voice/fake/musk-to-margot.wav,36,fake,data/interim/deep_voice_chunks/fake/musk-to-margot_chunk0036.wav,4.0,16000
data/raw/deep_voice/fake/musk-to-margot.wav,37,fake,data/interim/deep_voice_chunks/fake/musk-to-margot_chunk0037.wav,4.0,16000
data/raw/deep_voice/fake/musk-to-margot.wav,38,fake,data/interim/deep_voice_chunks/fake/musk-to-margot_chunk0038.wav,4.0,16000
data/raw/deep_voice/fake/musk-to-margot.wav,39,fake,data/interim/deep_voice_chunks/fake/musk-to-margot_chunk0039.wav,4.0,16000
data/raw/deep_voice/fake/musk-to-margot.wav,40,fake,data/interim/deep_voice_chunks/fake/musk-to-margot_chunk0040.wav,4.0,16000
data/raw/deep_voice/fake/musk-to-margot.wav,41,fake,data/interim/deep_voice_chunks/fake/musk-to-margot_chunk0041.wav,4.0,16000
data/raw/deep_voice/fake/musk-to-margot.wav,42,fake,data/interim/deep_voice_chunks/fake/musk-to-margot_chunk0042.wav,4.0,16000
data/raw/deep_voice/fake/musk-to-margot.wav,43,fake,data/interim/deep_voice_chunks/fake/musk-to-margot_chunk0043.wav,4.0,16000
data/raw/deep_voice/fake/musk-to-margot.wav,44,fake,data/interim/deep_voice_chunks/fake/musk-to-margot_chunk0044.wav,4.0,16000
data/raw/deep_voice/fake/musk-to-margot.wav,45,fake,data/interim/deep_voice_chunks/fake/musk-to-margot_chunk0045.wav,4.0,16000
data/raw/deep_voice/fake/musk-to-margot.wav,46,fake,data/interim/deep_voice_chunks/fake/musk-to-margot_chunk0046.wav,4.0,16000
data/raw/deep_voice/fake/musk-to-margot.wav,47,fake,data/interim/deep_voice_chunks/fake/musk-to-margot_chunk0047.wav,4.0,16000
data/raw/deep_voice/fake/musk-to-margot.wav,48,fake,data/interim/deep_voice_chunks/fake/musk-to-margot_chunk0048.wav,4.0,16000
data/raw/deep_voice/fake/musk-to-margot.wav,49,fake,data/interim/deep_voice_chunks/fake/musk-to-margot_chunk0049.wav,4.0,16000
data/raw/deep_voice/fake/musk-to-margot.wav,50,fake,data/interim/deep_voice_chunks/fake/musk-to-margot_chunk0050.wav,4.0,16000
data/raw/deep_voice/fake/musk-to-margot.wav,51,fake,data/interim/deep_voice_chunks/fake/musk-to-margot_chunk0051.wav,4.0,16000
data/raw/deep_voice/fake/musk-to-margot.wav,52,fake,data/interim/deep_voice_chunks/fake/musk-to-margot_chunk0052.wav,4.0,16000
data/raw/deep_voice/fake/musk-to-margot.wav,53,fake,data/interim/deep_voice_chunks/fake/musk-to-margot_chunk0053.wav,4.0,16000
data/raw/deep_voice/fake/musk-to-margot.wav,54,fake,data/interim/deep_voice_chunks/fake/musk-to-margot_chunk0054.wav,4.0,16000
data/raw/deep_voice/fake/musk-to-margot.wav,55,fake,data/interim/deep_voice_chunks/fake/musk-to-margot_chunk0055.wav,4.0,16000
data/raw/deep_voice/fake/musk-to-margot.wav,56,fake,data/interim/deep_voice_chunks/fake/musk-to-margot_chunk0056.wav,4.0,16000
data/raw/deep_voice/fake/musk-to-margot.wav,57,fake,data/interim/deep_voice_chunks/fake/musk-to-margot_chunk0057.wav,4.0,16000
data/raw/deep_voice/fake/musk-to-margot.wav,58,fake,data/interim/deep_voice_chunks/fake/musk-to-margot_chunk0058.wav,4.0,16000
data/raw/deep_voice/fake/musk-to-margot.wav,59,fake,data/interim/deep_voice_chunks/fake/musk-to-margot_chunk0059.wav,4.0,16000
data/raw/deep_voice/fake/musk-to-margot.wav,60,fake,data/interim/deep_voice_chunks/fake/musk-to-margot_chunk0060.wav,4.0,16000
data/raw/deep_voice/fake/musk-to-margot.wav,61,fake,data/interim/deep_voice_chunks/fake/musk-to-margot_chunk0061.wav,4.0,16000
data/raw/deep_voice/fake/musk-to-margot.wav,62,fake,data/interim/deep_voice_chunks/fake/musk-to-margot_chunk0062.wav,4.0,16000
data/raw/deep_voice/fake/musk-to-margot.wav,63,fake,data/interim/deep_voice_chunks/fake/musk-to-margot_chunk0063.wav,4.0,16000
data/raw/deep_voice/fake/musk-to-margot.wav,64,fake,data/interim/deep_voice_chunks/fake/musk-to-margot_chunk0064.wav,4.0,16000
data/raw/deep_voice/fake/musk-to-margot.wav,65,fake,data/interim/deep_voice_chunks/fake/musk-to-margot_chunk0065.wav,4.0,16000
data/raw/deep_voice/fake/musk-to-margot.wav,66,fake,data/interim/deep_voice_chunks/fake/musk-to-margot_chunk0066.wav,4.0,16000
data/raw/deep_voice/fake/musk-to-margot.wav,67,fake,data/interim/deep_voice_chunks/fake/musk-to-margot_chunk0067.wav,4.0,16000
data/raw/deep_voice/fake/musk-to-margot.wav,68,fake,data/interim/deep_voice_chunks/fake/musk-to-margot_chunk0068.wav,4.0,16000
data/raw/deep_voice/fake/musk-to-margot.wav,69,fake,data/interim/deep_voice_chunks/fake/musk-to-margot_chunk0069.wav,4.0,16000
data/raw/deep_voice/fake/musk-to-margot.wav,70,fake,data/interim/deep_voice_chunks/fake/musk-to-margot_chunk0070.wav,4.0,16000
data/raw/deep_voice/fake/musk-to-margot.wav,71,fake,data/interim/deep_voice_chunks/fake/musk-to-margot_chunk0071.wav,4.0,16000
data/raw/deep_voice/fake/musk-to-margot.wav,72,fake,data/interim/deep_voice_chunks/fake/musk-to-margot_chunk0072.wav,4.0,16000
data/raw/deep_voice/fake/musk-to-margot.wav,73,fake,data/interim/deep_voice_chunks/fake/musk-to-margot_chunk0073.wav,4.0,16000
data/raw/deep_voice/fake/musk-to-margot.wav,74,fake,data/interim/deep_voice_chunks/fake/musk-to-margot_chunk0074.wav,4.0,16000
data/raw/deep_voice/fake/musk-to-margot.wav,75,fake,data/interim/deep_voice_chunks/fake/musk-to-margot_chunk0075.wav,4.0,16000
data/raw/deep_voice/fake/musk-to-margot.wav,76,fake,data/interim/deep_voice_chunks/fake/musk-to-margot_chunk0076.wav,4.0,16000
data/raw/deep_voice/fake/musk-to-margot.wav,77,fake,data/interim/deep_voice_chunks/fake/musk-to-margot_chunk0077.wav,4.0,16000
data/raw/deep_voice/fake/musk-to-margot.wav,78,fake,data/interim/deep_voice_chunks/fake/musk-to-margot_chunk0078.wav,4.0,16000
data/raw/deep_voice/fake/musk-to-margot.wav,79,fake,data/interim/deep_voice_chunks/fake/musk-to-margot_chunk0079.wav,4.0,16000
data/raw/deep_voice/fake/musk-to-margot.wav,80,fake,data/interim/deep_voice_chunks/fake/musk-to-margot_chunk0080.wav,4.0,16000
data/raw/deep_voice/fake/musk-to-margot.wav,81,fake,data/interim/deep_voice_chunks/fake/musk-to-margot_chunk0081.wav,4.0,16000
data/raw/deep_voice/fake/musk-to-margot.wav,82,fake,data/interim/deep_voice_chunks/fake/musk-to-margot_chunk0082.wav,4.0,16000
data/raw/deep_voice/fake/musk-to-margot.wav,83,fake,data/interim/deep_voice_chunks/fake/musk-to-margot_chunk0083.wav,4.0,16000
data/raw/deep_voice/fake/musk-to-margot.wav,84,fake,data/interim/deep_voice_chunks/fake/musk-to-margot_chunk0084.wav,4.0,16000
data/raw/deep_voice/fake/musk-to-margot.wav,85,fake,data/interim/deep_voice_chunks/fake/musk-to-margot_chunk0085.wav,4.0,16000
data/raw/deep_voice/fake/musk-to-margot.wav,86,fake,data/interim/deep_voice_chunks/fake/musk-to-margot_chunk0086.wav,4.0,16000
data/raw/deep_voice/fake/musk-to-margot.wav,87,fake,data/interim/deep_voice_chunks/fake/musk-to-margot_chunk0087.wav,4.0,16000
data/raw/deep_voice/fake/musk-to-margot.wav,88,fake,data/interim/deep_voice_chunks/fake/musk-to-margot_chunk0088.wav,4.0,16000
data/raw/deep_voice/fake/musk-to-margot.wav,89,fake,data/interim/deep_voice_chunks/fake/musk-to-margot_chunk0089.wav,4.0,16000
data/raw/deep_voice/fake/musk-to-margot.wav,90,fake,data/interim/deep_voice_chunks/fake/musk-to-margot_chunk0090.wav,4.0,16000
data/raw/deep_voice/fake/musk-to-margot.wav,91,fake,data/interim/deep_voice_chunks/fake/musk-to-margot_chunk0091.wav,4.0,16000
data/raw/deep_voice/fake/musk-to-margot.wav,92,fake,data/interim/deep_voice_chunks/fake/musk-to-margot_chunk0092.wav,4.0,16000
data/raw/deep_voice/fake/musk-to-margot.wav,93,fake,data/interim/deep_voice_chunks/fake/musk-to-margot_chunk0093.wav,4.0,16000
data/raw/deep_voice/fake/musk-to-margot.wav,94,fake,data/interim/deep_voice_chunks/fake/musk-to-margot_chunk0094.wav,4.0,16000
data/raw/deep_voice/fake/musk-to-margot.wav,95,fake,data/interim/deep_voice_chunks/fake/musk-to-margot_chunk0095.wav,4.0,16000
data/raw/deep_voice/fake/musk-to-margot.wav,96,fake,data/interim/deep_voice_chunks/fake/musk-to-margot_chunk0096.wav,4.0,16000
data/raw/deep_voice/fake/musk-to-margot.wav,97,fake,data/interim/deep_voice_chunks/fake/musk-to-margot_chunk0097.wav,4.0,16000
data/raw/deep_voice/fake/musk-to-margot.wav,98,fake,data/interim/deep_voice_chunks/fake/musk-to-margot_chunk0098.wav,4.0,16000
data/raw/deep_voice/fake/musk-to-margot.wav,99,fake,data/interim/deep_voice_chunks/fake/musk-to-margot_chunk0099.wav,4.0,16000
data/raw/deep_voice/fake/musk-to-margot.wav,100,fake,data/interim/deep_voice_chunks/fake/musk-to-margot_chunk0100.wav,4.0,16000
data/raw/deep_voice/fake/musk-to-margot.wav,101,fake,data/interim/deep_voice_chunks/fake/musk-to-margot_chunk0101.wav,4.0,16000
data/raw/deep_voice/fake/musk-to-margot.wav,102,fake,data/interim/deep_voice_chunks/fake/musk-to-margot_chunk0102.wav,4.0,16000
data/raw/deep_voice/fake/musk-to-margot.wav,103,fake,data/interim/deep_voice_chunks/fake/musk-to-margot_chunk0103.wav,4.0,16000
data/raw/deep_voice/fake/musk-to-margot.wav,104,fake,data/interim/deep_voice_chunks/fake/musk-to-margot_chunk0104.wav,4.0,16000
data/raw/deep_voice/fake/musk-to-margot.wav,105,fake,data/interim/deep_voice_chunks/fake/musk-to-margot_chunk0105.wav,4.0,16000
data/raw/deep_voice/fake/musk-to-margot.wav,106,fake,data/interim/deep_voice_chunks/fake/musk-to-margot_chunk0106.wav,4.0,16000
data/raw/deep_voice/fake/musk-to-margot.wav,107,fake,data/interim/deep_voice_chunks/fake/musk-to-margot_chunk0107.wav,4.0,16000
data/raw/deep_voice/fake/musk-to-margot.wav,108,fake,data/interim/deep_voice_chunks/fake/musk-to-margot_chunk0108.wav,4.0,16000
data/raw/deep_voice/fake/musk-to-margot.wav,109,fake,data/interim/deep_voice_chunks/fake/musk-to-margot_chunk0109.wav,4.0,16000
data/raw/deep_voice/fake/musk-to-margot.wav,110,fake,data/interim/deep_voice_chunks/fake/musk-to-margot_chunk0110.wav,4.0,16000
data/raw/deep_voice/fake/musk-to-margot.wav,111,fake,data/interim/deep_voice_chunks/fake/musk-to-margot_chunk0111.wav,4.0,16000
data/raw/deep_voice/fake/musk-to-margot.wav,112,fake,data/interim/deep_voice_chunks/fake/musk-to-margot_chunk0112.wav,4.0,16000
data/raw/deep_voice/fake/musk-to-margot.wav,113,fake,data/interim/deep_voice_chunks/fake/musk-to-margot_chunk0113.wav,4.0,16000
data/raw/deep_voice/fake/musk-to-margot.wav,114,fake,data/interim/deep_voice_chunks/fake/musk-to-margot_chunk0114.wav,4.0,16000
data/raw/deep_voice/fake/musk-to-margot.wav,115,fake,data/interim/deep_voice_chunks/fake/musk-to-margot_chunk0115.wav,4.0,16000
data/raw/deep_voice/fake/musk-to-margot.wav,116,fake,data/interim/deep_voice_chunks/fake/musk-to-margot_chunk0116.wav,4.0,16000
data/raw/deep_voice/fake/musk-to-margot.wav,117,fake,data/interim/deep_voice_chunks/fake/musk-to-margot_chunk0117.wav,4.0,16000
data/raw/deep_voice/fake/musk-to-margot.wav,118,fake,data/interim/deep_voice_chunks/fake/musk-to-margot_chunk0118.wav,4.0,16000
data/raw/deep_voice/fake/musk-to-margot.wav,119,fake,data/interim/deep_voice_chunks/fake/musk-to-margot_chunk0119.wav,4.0,16000
data/raw/deep_voice/fake/musk-to-margot.wav,120,fake,data/interim/deep_voice_chunks/fake/musk-to-margot_chunk0120.wav,4.0,16000
data/raw/deep_voice/fake/musk-to-margot.wav,121,fake,data/interim/deep_voice_chunks/fake/musk-to-margot_chunk0121.wav,4.0,16000
data/raw/deep_voice/fake/musk-to-margot.wav,122,fake,data/interim/deep_voice_chunks/fake/musk-to-margot_chunk0122.wav,4.0,16000
data/raw/deep_voice/fake/musk-to-margot.wav,123,fake,data/interim/deep_voice_chunks/fake/musk-to-margot_chunk0123.wav,4.0,16000
data/raw/deep_voice/fake/musk-to-margot.wav,124,fake,data/interim/deep_voice_chunks/fake/musk-to-margot_chunk0124.wav,4.0,16000
data/raw/deep_voice/fake/musk-to-margot.wav,125,fake,data/interim/deep_voice_chunks/fake/musk-to-margot_chunk0125.wav,4.0,16000
data/raw/deep_voice/fake/musk-to-margot.wav,126,fake,data/interim/deep_voice_chunks/fake/musk-to-margot_chunk0126.wav,4.0,16000
data/raw/deep_voice/fake/musk-to-margot.wav,127,fake,data/interim/deep_voice_chunks/fake/musk-to-margot_chunk0127.wav,4.0,16000
data/raw/deep_voice/fake/musk-to-margot.wav,128,fake,data/interim/deep_voice_chunks/fake/musk-to-margot_chunk0128.wav,4.0,16000
data/raw/deep_voice/fake/musk-to-margot.wav,129,fake,data/interim/deep_voice_chunks/fake/musk-to-margot_chunk0129.wav,4.0,16000
data/raw/deep_voice/fake/musk-to-margot.wav,130,fake,data/interim/deep_voice_chunks/fake/musk-to-margot_chunk0130.wav,4.0,16000
data/raw/deep_voice/fake/musk-to-margot.wav,131,fake,data/interim/deep_voice_chunks/fake/musk-to-margot_chunk0131.wav,4.0,16000
data/raw/deep_voice/fake/musk-to-margot.wav,132,fake,data/interim/deep_voice_chunks/fake/musk-to-margot_chunk0132.wav,4.0,16000
data/raw/deep_voice/fake/musk-to-margot.wav,133,fake,data/interim/deep_voice_chunks/fake/musk-to-margot_chunk0133.wav,4.0,16000
data/raw/deep_voice/fake/musk-to-margot.wav,134,fake,data/interim/deep_voice_chunks/fake/musk-to-margot_chunk0134.wav,4.0,16000
data/raw/deep_voice/fake/musk-to-margot.wav,135,fake,data/interim/deep_voice_chunks/fake/musk-to-margot_chunk0135.wav,4.0,16000
data/raw/deep_voice/fake/musk-to-margot.wav,136,fake,data/interim/deep_voice_chunks/fake/musk-to-margot_chunk0136.wav,4.0,16000
data/raw/deep_voice/fake/musk-to-margot.wav,137,fake,data/interim/deep_voice_chunks/fake/musk-to-margot_chunk0137.wav,4.0,16000
data/raw/deep_voice/fake/musk-to-margot.wav,138,fake,data/interim/deep_voice_chunks/fake/musk-to-margot_chunk0138.wav,4.0,16000
data/raw/deep_voice/fake/musk-to-margot.wav,139,fake,data/interim/deep_voice_chunks/fake/musk-to-margot_chunk0139.wav,4.0,16000
data/raw/deep_voice/fake/musk-to-margot.wav,140,fake,data/interim/deep_voice_chunks/fake/musk-to-margot_chunk0140.wav,4.0,16000
data/raw/deep_voice/fake/musk-to-margot.wav,141,fake,data/interim/deep_voice_chunks/fake/musk-to-margot_chunk0141.wav,4.0,16000
data/raw/deep_voice/fake/musk-to-margot.wav,142,fake,data/interim/deep_voice_chunks/fake/musk-to-margot_chunk0142.wav,4.0,16000
data/raw/deep_voice/fake/musk-to-margot.wav,143,fake,data/interim/deep_voice_chunks/fake/musk-to-margot_chunk0143.wav,4.0,16000
data/raw/deep_voice/fake/musk-to-margot.wav,144,fake,data/interim/deep_voice_chunks/fake/musk-to-margot_chunk0144.wav,4.0,16000
data/raw/deep_voice/fake/musk-to-margot.wav,145,fake,data/interim/deep_voice_chunks/fake/musk-to-margot_chunk0145.wav,4.0,16000
data/raw/deep_voice/fake/musk-to-margot.wav,146,fake,data/interim/deep_voice_chunks/fake/musk-to-margot_chunk0146.wav,4.0,16000
data/raw/deep_voice/fake/musk-to-margot.wav,147,fake,data/interim/deep_voice_chunks/fake/musk-to-margot_chunk0147.wav,4.0,16000
data/raw/deep_voice/fake/musk-to-margot.wav,148,fake,data/interim/deep_voice_chunks/fake/musk-to-margot_chunk0148.wav,4.0,16000
data/raw/deep_voice/fake/musk-to-margot.wav,149,fake,data/interim/deep_voice_chunks/fake/musk-to-margot_chunk0149.wav,4.0,16000
data/raw/deep_voice/fake/musk-to-obama.wav,0,fake,data/interim/deep_voice_chunks/fake/musk-to-obama_chunk0000.wav,4.0,16000
data/raw/deep_voice/fake/musk-to-obama.wav,1,fake,data/interim/deep_voice_chunks/fake/musk-to-obama_chunk0001.wav,4.0,16000
data/raw/deep_voice/fake/musk-to-obama.wav,2,fake,data/interim/deep_voice_chunks/fake/musk-to-obama_chunk0002.wav,4.0,16000
data/raw/deep_voice/fake/musk-to-obama.wav,3,fake,data/interim/deep_voice_chunks/fake/musk-to-obama_chunk0003.wav,4.0,16000
data/raw/deep_voice/fake/musk-to-obama.wav,4,fake,data/interim/deep_voice_chunks/fake/musk-to-obama_chunk0004.wav,4.0,16000
data/raw/deep_voice/fake/musk-to-obama.wav,5,fake,data/interim/deep_voice_chunks/fake/musk-to-obama_chunk0005.wav,4.0,16000
data/raw/deep_voice/fake/musk-to-obama.wav,6,fake,data/interim/deep_voice_chunks/fake/musk-to-obama_chunk0006.wav,4.0,16000
data/raw/deep_voice/fake/musk-to-obama.wav,7,fake,data/interim/deep_voice_chunks/fake/musk-to-obama_chunk0007.wav,4.0,16000
data/raw/deep_voice/fake/musk-to-obama.wav,8,fake,data/interim/deep_voice_chunks/fake/musk-to-obama_chunk0008.wav,4.0,16000
data/raw/deep_voice/fake/musk-to-obama.wav,9,fake,data/interim/deep_voice_chunks/fake/musk-to-obama_chunk0009.wav,4.0,16000
data/raw/deep_voice/fake/musk-to-obama.wav,10,fake,data/interim/deep_voice_chunks/fake/musk-to-obama_chunk0010.wav,4.0,16000
data/raw/deep_voice/fake/musk-to-obama.wav,11,fake,data/interim/deep_voice_chunks/fake/musk-to-obama_chunk0011.wav,4.0,16000
data/raw/deep_voice/fake/musk-to-obama.wav,12,fake,data/interim/deep_voice_chunks/fake/musk-to-obama_chunk0012.wav,4.0,16000
data/raw/deep_voice/fake/musk-to-obama.wav,13,fake,data/interim/deep_voice_chunks/fake/musk-to-obama_chunk0013.wav,4.0,16000
data/raw/deep_voice/fake/musk-to-obama.wav,14,fake,data/interim/deep_voice_chunks/fake/musk-to-obama_chunk0014.wav,4.0,16000
data/raw/deep_voice/fake/musk-to-obama.wav,15,fake,data/interim/deep_voice_chunks/fake/musk-to-obama_chunk0015.wav,4.0,16000
data/raw/deep_voice/fake/musk-to-obama.wav,16,fake,data/interim/deep_voice_chunks/fake/musk-to-obama_chunk0016.wav,4.0,16000
data/raw/deep_voice/fake/musk-to-obama.wav,17,fake,data/interim/deep_voice_chunks/fake/musk-to-obama_chunk0017.wav,4.0,16000
data/raw/deep_voice/fake/musk-to-obama.wav,18,fake,data/interim/deep_voice_chunks/fake/musk-to-obama_chunk0018.wav,4.0,16000
data/raw/deep_voice/fake/musk-to-obama.wav,19,fake,data/interim/deep_voice_chunks/fake/musk-to-obama_chunk0019.wav,4.0,16000
data/raw/deep_voice/fake/musk-to-obama.wav,20,fake,data/interim/deep_voice_chunks/fake/musk-to-obama_chunk0020.wav,4.0,16000
data/raw/deep_voice/fake/musk-to-obama.wav,21,fake,data/interim/deep_voice_chunks/fake/musk-to-obama_chunk0021.wav,4.0,16000
data/raw/deep_voice/fake/musk-to-obama.wav,22,fake,data/interim/deep_voice_chunks/fake/musk-to-obama_chunk0022.wav,4.0,16000
data/raw/deep_voice/fake/musk-to-obama.wav,23,fake,data/interim/deep_voice_chunks/fake/musk-to-obama_chunk0023.wav,4.0,16000
data/raw/deep_voice/fake/musk-to-obama.wav,24,fake,data/interim/deep_voice_chunks/fake/musk-to-obama_chunk0024.wav,4.0,16000
data/raw/deep_voice/fake/musk-to-obama.wav,25,fake,data/interim/deep_voice_chunks/fake/musk-to-obama_chunk0025.wav,4.0,16000
data/raw/deep_voice/fake/musk-to-obama.wav,26,fake,data/interim/deep_voice_chunks/fake/musk-to-obama_chunk0026.wav,4.0,16000
data/raw/deep_voice/fake/musk-to-obama.wav,27,fake,data/interim/deep_voice_chunks/fake/musk-to-obama_chunk0027.wav,4.0,16000
data/raw/deep_voice/fake/musk-to-obama.wav,28,fake,data/interim/deep_voice_chunks/fake/musk-to-obama_chunk0028.wav,4.0,16000
data/raw/deep_voice/fake/musk-to-obama.wav,29,fake,data/interim/deep_voice_chunks/fake/musk-to-obama_chunk0029.wav,4.0,16000
data/raw/deep_voice/fake/musk-to-obama.wav,30,fake,data/interim/deep_voice_chunks/fake/musk-to-obama_chunk0030.wav,4.0,16000
data/raw/deep_voice/fake/musk-to-obama.wav,31,fake,data/interim/deep_voice_chunks/fake/musk-to-obama_chunk0031.wav,4.0,16000
data/raw/deep_voice/fake/musk-to-obama.wav,32,fake,data/interim/deep_voice_chunks/fake/musk-to-obama_chunk0032.wav,4.0,16000
data/raw/deep_voice/fake/musk-to-obama.wav,33,fake,data/interim/deep_voice_chunks/fake/musk-to-obama_chunk0033.wav,4.0,16000
data/raw/deep_voice/fake/musk-to-obama.wav,34,fake,data/interim/deep_voice_chunks/fake/musk-to-obama_chunk0034.wav,4.0,16000
data/raw/deep_voice/fake/musk-to-obama.wav,35,fake,data/interim/deep_voice_chunks/fake/musk-to-obama_chunk0035.wav,4.0,16000
data/raw/deep_voice/fake/musk-to-obama.wav,36,fake,data/interim/deep_voice_chunks/fake/musk-to-obama_chunk0036.wav,4.0,16000
data/raw/deep_voice/fake/musk-to-obama.wav,37,fake,data/interim/deep_voice_chunks/fake/musk-to-obama_chunk0037.wav,4.0,16000
data/raw/deep_voice/fake/musk-to-obama.wav,38,fake,data/interim/deep_voice_chunks/fake/musk-to-obama_chunk0038.wav,4.0,16000
data/raw/deep_voice/fake/musk-to-obama.wav,39,fake,data/interim/deep_voice_chunks/fake/musk-to-obama_chunk0039.wav,4.0,16000
data/raw/deep_voice/fake/musk-to-obama.wav,40,fake,data/interim/deep_voice_chunks/fake/musk-to-obama_chunk0040.wav,4.0,16000
data/raw/deep_voice/fake/musk-to-obama.wav,41,fake,data/interim/deep_voice_chunks/fake/musk-to-obama_chunk0041.wav,4.0,16000
data/raw/deep_voice/fake/musk-to-obama.wav,42,fake,data/interim/deep_voice_chunks/fake/musk-to-obama_chunk0042.wav,4.0,16000
data/raw/deep_voice/fake/musk-to-obama.wav,43,fake,data/interim/deep_voice_chunks/fake/musk-to-obama_chunk0043.wav,4.0,16000
data/raw/deep_voice/fake/musk-to-obama.wav,44,fake,data/interim/deep_voice_chunks/fake/musk-to-obama_chunk0044.wav,4.0,16000
data/raw/deep_voice/fake/musk-to-obama.wav,45,fake,data/interim/deep_voice_chunks/fake/musk-to-obama_chunk0045.wav,4.0,16000
data/raw/deep_voice/fake/musk-to-obama.wav,46,fake,data/interim/deep_voice_chunks/fake/musk-to-obama_chunk0046.wav,4.0,16000
data/raw/deep_voice/fake/musk-to-obama.wav,47,fake,data/interim/deep_voice_chunks/fake/musk-to-obama_chunk0047.wav,4.0,16000
data/raw/deep_voice/fake/musk-to-obama.wav,48,fake,data/interim/deep_voice_chunks/fake/musk-to-obama_chunk0048.wav,4.0,16000
data/raw/deep_voice/fake/musk-to-obama.wav,49,fake,data/interim/deep_voice_chunks/fake/musk-to-obama_chunk0049.wav,4.0,16000
data/raw/deep_voice/fake/musk-to-obama.wav,50,fake,data/interim/deep_voice_chunks/fake/musk-to-obama_chunk0050.wav,4.0,16000
data/raw/deep_voice/fake/musk-to-obama.wav,51,fake,data/interim/deep_voice_chunks/fake/musk-to-obama_chunk0051.wav,4.0,16000
data/raw/deep_voice/fake/musk-to-obama.wav,52,fake,data/interim/deep_voice_chunks/fake/musk-to-obama_chunk0052.wav,4.0,16000
data/raw/deep_voice/fake/musk-to-obama.wav,53,fake,data/interim/deep_voice_chunks/fake/musk-to-obama_chunk0053.wav,4.0,16000
data/raw/deep_voice/fake/musk-to-obama.wav,54,fake,data/interim/deep_voice_chunks/fake/musk-to-obama_chunk0054.wav,4.0,16000
data/raw/deep_voice/fake/musk-to-obama.wav,55,fake,data/interim/deep_voice_chunks/fake/musk-to-obama_chunk0055.wav,4.0,16000
data/raw/deep_voice/fake/musk-to-obama.wav,56,fake,data/interim/deep_voice_chunks/fake/musk-to-obama_chunk0056.wav,4.0,16000
data/raw/deep_voice/fake/musk-to-obama.wav,57,fake,data/interim/deep_voice_chunks/fake/musk-to-obama_chunk0057.wav,4.0,16000
data/raw/deep_voice/fake/musk-to-obama.wav,58,fake,data/interim/deep_voice_chunks/fake/musk-to-obama_chunk0058.wav,4.0,16000
data/raw/deep_voice/fake/musk-to-obama.wav,59,fake,data/interim/deep_voice_chunks/fake/musk-to-obama_chunk0059.wav,4.0,16000
data/raw/deep_voice/fake/musk-to-obama.wav,60,fake,data/interim/deep_voice_chunks/fake/musk-to-obama_chunk0060.wav,4.0,16000
data/raw/deep_voice/fake/musk-to-obama.wav,61,fake,data/interim/deep_voice_chunks/fake/musk-to-obama_chunk0061.wav,4.0,16000
data/raw/deep_voice/fake/musk-to-obama.wav,62,fake,data/interim/deep_voice_chunks/fake/musk-to-obama_chunk0062.wav,4.0,16000
data/raw/deep_voice/fake/musk-to-obama.wav,63,fake,data/interim/deep_voice_chunks/fake/musk-to-obama_chunk0063.wav,4.0,16000
data/raw/deep_voice/fake/musk-to-obama.wav,64,fake,data/interim/deep_voice_chunks/fake/musk-to-obama_chunk0064.wav,4.0,16000
data/raw/deep_voice/fake/musk-to-obama.wav,65,fake,data/interim/deep_voice_chunks/fake/musk-to-obama_chunk0065.wav,4.0,16000
data/raw/deep_voice/fake/musk-to-obama.wav,66,fake,data/interim/deep_voice_chunks/fake/musk-to-obama_chunk0066.wav,4.0,16000
data/raw/deep_voice/fake/musk-to-obama.wav,67,fake,data/interim/deep_voice_chunks/fake/musk-to-obama_chunk0067.wav,4.0,16000
data/raw/deep_voice/fake/musk-to-obama.wav,68,fake,data/interim/deep_voice_chunks/fake/musk-to-obama_chunk0068.wav,4.0,16000
data/raw/deep_voice/fake/musk-to-obama.wav,69,fake,data/interim/deep_voice_chunks/fake/musk-to-obama_chunk0069.wav,4.0,16000
data/raw/deep_voice/fake/musk-to-obama.wav,70,fake,data/interim/deep_voice_chunks/fake/musk-to-obama_chunk0070.wav,4.0,16000
data/raw/deep_voice/fake/musk-to-obama.wav,71,fake,data/interim/deep_voice_chunks/fake/musk-to-obama_chunk0071.wav,4.0,16000
data/raw/deep_voice/fake/musk-to-obama.wav,72,fake,data/interim/deep_voice_chunks/fake/musk-to-obama_chunk0072.wav,4.0,16000
data/raw/deep_voice/fake/musk-to-obama.wav,73,fake,data/interim/deep_voice_chunks/fake/musk-to-obama_chunk0073.wav,4.0,16000
data/raw/deep_voice/fake/musk-to-obama.wav,74,fake,data/interim/deep_voice_chunks/fake/musk-to-obama_chunk0074.wav,4.0,16000
data/raw/deep_voice/fake/musk-to-obama.wav,75,fake,data/interim/deep_voice_chunks/fake/musk-to-obama_chunk0075.wav,4.0,16000
data/raw/deep_voice/fake/musk-to-obama.wav,76,fake,data/interim/deep_voice_chunks/fake/musk-to-obama_chunk0076.wav,4.0,16000
data/raw/deep_voice/fake/musk-to-obama.wav,77,fake,data/interim/deep_voice_chunks/fake/musk-to-obama_chunk0077.wav,4.0,16000
data/raw/deep_voice/fake/musk-to-obama.wav,78,fake,data/interim/deep_voice_chunks/fake/musk-to-obama_chunk0078.wav,4.0,16000
data/raw/deep_voice/fake/musk-to-obama.wav,79,fake,data/interim/deep_voice_chunks/fake/musk-to-obama_chunk0079.wav,4.0,16000
data/raw/deep_voice/fake/musk-to-obama.wav,80,fake,data/interim/deep_voice_chunks/fake/musk-to-obama_chunk0080.wav,4.0,16000
data/raw/deep_voice/fake/musk-to-obama.wav,81,fake,data/interim/deep_voice_chunks/fake/musk-to-obama_chunk0081.wav,4.0,16000
data/raw/deep_voice/fake/musk-to-obama.wav,82,fake,data/interim/deep_voice_chunks/fake/musk-to-obama_chunk0082.wav,4.0,16000
data/raw/deep_voice/fake/musk-to-obama.wav,83,fake,data/interim/deep_voice_chunks/fake/musk-to-obama_chunk0083.wav,4.0,16000
data/raw/deep_voice/fake/musk-to-obama.wav,84,fake,data/interim/deep_voice_chunks/fake/musk-to-obama_chunk0084.wav,4.0,16000
data/raw/deep_voice/fake/musk-to-obama.wav,85,fake,data/interim/deep_voice_chunks/fake/musk-to-obama_chunk0085.wav,4.0,16000
data/raw/deep_voice/fake/musk-to-obama.wav,86,fake,data/interim/deep_voice_chunks/fake/musk-to-obama_chunk0086.wav,4.0,16000
data/raw/deep_voice/fake/musk-to-obama.wav,87,fake,data/interim/deep_voice_chunks/fake/musk-to-obama_chunk0087.wav,4.0,16000
data/raw/deep_voice/fake/musk-to-obama.wav,88,fake,data/interim/deep_voice_chunks/fake/musk-to-obama_chunk0088.wav,4.0,16000
data/raw/deep_voice/fake/musk-to-obama.wav,89,fake,data/interim/deep_voice_chunks/fake/musk-to-obama_chunk0089.wav,4.0,16000
data/raw/deep_voice/fake/musk-to-obama.wav,90,fake,data/interim/deep_voice_chunks/fake/musk-to-obama_chunk0090.wav,4.0,16000
data/raw/deep_voice/fake/musk-to-obama.wav,91,fake,data/interim/deep_voice_chunks/fake/musk-to-obama_chunk0091.wav,4.0,16000
data/raw/deep_voice/fake/musk-to-obama.wav,92,fake,data/interim/deep_voice_chunks/fake/musk-to-obama_chunk0092.wav,4.0,16000
data/raw/deep_voice/fake/musk-to-obama.wav,93,fake,data/interim/deep_voice_chunks/fake/musk-to-obama_chunk0093.wav,4.0,16000
data/raw/deep_voice/fake/musk-to-obama.wav,94,fake,data/interim/deep_voice_chunks/fake/musk-to-obama_chunk0094.wav,4.0,16000
data/raw/deep_voice/fake/musk-to-obama.wav,95,fake,data/interim/deep_voice_chunks/fake/musk-to-obama_chunk0095.wav,4.0,16000
data/raw/deep_voice/fake/musk-to-obama.wav,96,fake,data/interim/deep_voice_chunks/fake/musk-to-obama_chunk0096.wav,4.0,16000
data/raw/deep_voice/fake/musk-to-obama.wav,97,fake,data/interim/deep_voice_chunks/fake/musk-to-obama_chunk0097.wav,4.0,16000
data/raw/deep_voice/fake/musk-to-obama.wav,98,fake,data/interim/deep_voice_chunks/fake/musk-to-obama_chunk0098.wav,4.0,16000
data/raw/deep_voice/fake/musk-to-obama.wav,99,fake,data/interim/deep_voice_chunks/fake/musk-to-obama_chunk0099.wav,4.0,16000
data/raw/deep_voice/fake/musk-to-obama.wav,100,fake,data/interim/deep_voice_chunks/fake/musk-to-obama_chunk0100.wav,4.0,16000
data/raw/deep_voice/fake/musk-to-obama.wav,101,fake,data/interim/deep_voice_chunks/fake/musk-to-obama_chunk0101.wav,4.0,16000
data/raw/deep_voice/fake/musk-to-obama.wav,102,fake,data/interim/deep_voice_chunks/fake/musk-to-obama_chunk0102.wav,4.0,16000
data/raw/deep_voice/fake/musk-to-obama.wav,103,fake,data/interim/deep_voice_chunks/fake/musk-to-obama_chunk0103.wav,4.0,16000
data/raw/deep_voice/fake/musk-to-obama.wav,104,fake,data/interim/deep_voice_chunks/fake/musk-to-obama_chunk0104.wav,4.0,16000
data/raw/deep_voice/fake/musk-to-obama.wav,105,fake,data/interim/deep_voice_chunks/fake/musk-to-obama_chunk0105.wav,4.0,16000
data/raw/deep_voice/fake/musk-to-obama.wav,106,fake,data/interim/deep_voice_chunks/fake/musk-to-obama_chunk0106.wav,4.0,16000
data/raw/deep_voice/fake/musk-to-obama.wav,107,fake,data/interim/deep_voice_chunks/fake/musk-to-obama_chunk0107.wav,4.0,16000
data/raw/deep_voice/fake/musk-to-obama.wav,108,fake,data/interim/deep_voice_chunks/fake/musk-to-obama_chunk0108.wav,4.0,16000
data/raw/deep_voice/fake/musk-to-obama.wav,109,fake,data/interim/deep_voice_chunks/fake/musk-to-obama_chunk0109.wav,4.0,16000
data/raw/deep_voice/fake/musk-to-obama.wav,110,fake,data/interim/deep_voice_chunks/fake/musk-to-obama_chunk0110.wav,4.0,16000
data/raw/deep_voice/fake/musk-to-obama.wav,111,fake,data/interim/deep_voice_chunks/fake/musk-to-obama_chunk0111.wav,4.0,16000
data/raw/deep_voice/fake/musk-to-obama.wav,112,fake,data/interim/deep_voice_chunks/fake/musk-to-obama_chunk0112.wav,4.0,16000
data/raw/deep_voice/fake/musk-to-obama.wav,113,fake,data/interim/deep_voice_chunks/fake/musk-to-obama_chunk0113.wav,4.0,16000
data/raw/deep_voice/fake/musk-to-obama.wav,114,fake,data/interim/deep_voice_chunks/fake/musk-to-obama_chunk0114.wav,4.0,16000
data/raw/deep_voice/fake/musk-to-obama.wav,115,fake,data/interim/deep_voice_chunks/fake/musk-to-obama_chunk0115.wav,4.0,16000
data/raw/deep_voice/fake/musk-to-obama.wav,116,fake,data/interim/deep_voice_chunks/fake/musk-to-obama_chunk0116.wav,4.0,16000
data/raw/deep_voice/fake/musk-to-obama.wav,117,fake,data/interim/deep_voice_chunks/fake/musk-to-obama_chunk0117.wav,4.0,16000
data/raw/deep_voice/fake/musk-to-obama.wav,118,fake,data/interim/deep_voice_chunks/fake/musk-to-obama_chunk0118.wav,4.0,16000
data/raw/deep_voice/fake/musk-to-obama.wav,119,fake,data/interim/deep_voice_chunks/fake/musk-to-obama_chunk0119.wav,4.0,16000
data/raw/deep_voice/fake/musk-to-obama.wav,120,fake,data/interim/deep_voice_chunks/fake/musk-to-obama_chunk0120.wav,4.0,16000
data/raw/deep_voice/fake/musk-to-obama.wav,121,fake,data/interim/deep_voice_chunks/fake/musk-to-obama_chunk0121.wav,4.0,16000
data/raw/deep_voice/fake/musk-to-obama.wav,122,fake,data/interim/deep_voice_chunks/fake/musk-to-obama_chunk0122.wav,4.0,16000
data/raw/deep_voice/fake/musk-to-obama.wav,123,fake,data/interim/deep_voice_chunks/fake/musk-to-obama_chunk0123.wav,4.0,16000
data/raw/deep_voice/fake/musk-to-obama.wav,124,fake,data/interim/deep_voice_chunks/fake/musk-to-obama_chunk0124.wav,4.0,16000
data/raw/deep_voice/fake/musk-to-obama.wav,125,fake,data/interim/deep_voice_chunks/fake/musk-to-obama_chunk0125.wav,4.0,16000
data/raw/deep_voice/fake/musk-to-obama.wav,126,fake,data/interim/deep_voice_chunks/fake/musk-to-obama_chunk0126.wav,4.0,16000
data/raw/deep_voice/fake/musk-to-obama.wav,127,fake,data/interim/deep_voice_chunks/fake/musk-to-obama_chunk0127.wav,4.0,16000
data/raw/deep_voice/fake/musk-to-obama.wav,128,fake,data/interim/deep_voice_chunks/fake/musk-to-obama_chunk0128.wav,4.0,16000
data/raw/deep_voice/fake/musk-to-obama.wav,129,fake,data/interim/deep_voice_chunks/fake/musk-to-obama_chunk0129.wav,4.0,16000
data/raw/deep_voice/fake/musk-to-obama.wav,130,fake,data/interim/deep_voice_chunks/fake/musk-to-obama_chunk0130.wav,4.0,16000
data/raw/deep_voice/fake/musk-to-obama.wav,131,fake,data/interim/deep_voice_chunks/fake/musk-to-obama_chunk0131.wav,4.0,16000
data/raw/deep_voice/fake/musk-to-obama.wav,132,fake,data/interim/deep_voice_chunks/fake/musk-to-obama_chunk0132.wav,4.0,16000
data/raw/deep_voice/fake/musk-to-obama.wav,133,fake,data/interim/deep_voice_chunks/fake/musk-to-obama_chunk0133.wav,4.0,16000
data/raw/deep_voice/fake/musk-to-obama.wav,134,fake,data/interim/deep_voice_chunks/fake/musk-to-obama_chunk0134.wav,4.0,16000
data/raw/deep_voice/fake/musk-to-obama.wav,135,fake,data/interim/deep_voice_chunks/fake/musk-to-obama_chunk0135.wav,4.0,16000
data/raw/deep_voice/fake/musk-to-obama.wav,136,fake,data/interim/deep_voice_chunks/fake/musk-to-obama_chunk0136.wav,4.0,16000
data/raw/deep_voice/fake/musk-to-obama.wav,137,fake,data/interim/deep_voice_chunks/fake/musk-to-obama_chunk0137.wav,4.0,16000
data/raw/deep_voice/fake/musk-to-obama.wav,138,fake,data/interim/deep_voice_chunks/fake/musk-to-obama_chunk0138.wav,4.0,16000
data/raw/deep_voice/fake/musk-to-obama.wav,139,fake,data/interim/deep_voice_chunks/fake/musk-to-obama_chunk0139.wav,4.0,16000
data/raw/deep_voice/fake/musk-to-obama.wav,140,fake,data/interim/deep_voice_chunks/fake/musk-to-obama_chunk0140.wav,4.0,16000
data/raw/deep_voice/fake/musk-to-obama.wav,141,fake,data/interim/deep_voice_chunks/fake/musk-to-obama_chunk0141.wav,4.0,16000
data/raw/deep_voice/fake/musk-to-obama.wav,142,fake,data/interim/deep_voice_chunks/fake/musk-to-obama_chunk0142.wav,4.0,16000
data/raw/deep_voice/fake/musk-to-obama.wav,143,fake,data/interim/deep_voice_chunks/fake/musk-to-obama_chunk0143.wav,4.0,16000
data/raw/deep_voice/fake/musk-to-obama.wav,144,fake,data/interim/deep_voice_chunks/fake/musk-to-obama_chunk0144.wav,4.0,16000
data/raw/deep_voice/fake/musk-to-obama.wav,145,fake,data/interim/deep_voice_chunks/fake/musk-to-obama_chunk0145.wav,4.0,16000
data/raw/deep_voice/fake/musk-to-obama.wav,146,fake,data/interim/deep_voice_chunks/fake/musk-to-obama_chunk0146.wav,4.0,16000
data/raw/deep_voice/fake/musk-to-obama.wav,147,fake,data/interim/deep_voice_chunks/fake/musk-to-obama_chunk0147.wav,4.0,16000
data/raw/deep_voice/fake/musk-to-obama.wav,148,fake,data/interim/deep_voice_chunks/fake/musk-to-obama_chunk0148.wav,4.0,16000
data/raw/deep_voice/fake/musk-to-obama.wav,149,fake,data/interim/deep_voice_chunks/fake/musk-to-obama_chunk0149.wav,4.0,16000
data/raw/deep_voice/fake/musk-to-ryan.wav,0,fake,data/interim/deep_voice_chunks/fake/musk-to-ryan_chunk0000.wav,4.0,16000
data/raw/deep_voice/fake/musk-to-ryan.wav,1,fake,data/interim/deep_voice_chunks/fake/musk-to-ryan_chunk0001.wav,4.0,16000
data/raw/deep_voice/fake/musk-to-ryan.wav,2,fake,data/interim/deep_voice_chunks/fake/musk-to-ryan_chunk0002.wav,4.0,16000
data/raw/deep_voice/fake/musk-to-ryan.wav,3,fake,data/interim/deep_voice_chunks/fake/musk-to-ryan_chunk0003.wav,4.0,16000
data/raw/deep_voice/fake/musk-to-ryan.wav,4,fake,data/interim/deep_voice_chunks/fake/musk-to-ryan_chunk0004.wav,4.0,16000
data/raw/deep_voice/fake/musk-to-ryan.wav,5,fake,data/interim/deep_voice_chunks/fake/musk-to-ryan_chunk0005.wav,4.0,16000
data/raw/deep_voice/fake/musk-to-ryan.wav,6,fake,data/interim/deep_voice_chunks/fake/musk-to-ryan_chunk0006.wav,4.0,16000
data/raw/deep_voice/fake/musk-to-ryan.wav,7,fake,data/interim/deep_voice_chunks/fake/musk-to-ryan_chunk0007.wav,4.0,16000
data/raw/deep_voice/fake/musk-to-ryan.wav,8,fake,data/interim/deep_voice_chunks/fake/musk-to-ryan_chunk0008.wav,4.0,16000
data/raw/deep_voice/fake/musk-to-ryan.wav,9,fake,data/interim/deep_voice_chunks/fake/musk-to-ryan_chunk0009.wav,4.0,16000
data/raw/deep_voice/fake/musk-to-ryan.wav,10,fake,data/interim/deep_voice_chunks/fake/musk-to-ryan_chunk0010.wav,4.0,16000
data/raw/deep_voice/fake/musk-to-ryan.wav,11,fake,data/interim/deep_voice_chunks/fake/musk-to-ryan_chunk0011.wav,4.0,16000
data/raw/deep_voice/fake/musk-to-ryan.wav,12,fake,data/interim/deep_voice_chunks/fake/musk-to-ryan_chunk0012.wav,4.0,16000
data/raw/deep_voice/fake/musk-to-ryan.wav,13,fake,data/interim/deep_voice_chunks/fake/musk-to-ryan_chunk0013.wav,4.0,16000
data/raw/deep_voice/fake/musk-to-ryan.wav,14,fake,data/interim/deep_voice_chunks/fake/musk-to-ryan_chunk0014.wav,4.0,16000
data/raw/deep_voice/fake/musk-to-ryan.wav,15,fake,data/interim/deep_voice_chunks/fake/musk-to-ryan_chunk0015.wav,4.0,16000
data/raw/deep_voice/fake/musk-to-ryan.wav,16,fake,data/interim/deep_voice_chunks/fake/musk-to-ryan_chunk0016.wav,4.0,16000
data/raw/deep_voice/fake/musk-to-ryan.wav,17,fake,data/interim/deep_voice_chunks/fake/musk-to-ryan_chunk0017.wav,4.0,16000
data/raw/deep_voice/fake/musk-to-ryan.wav,18,fake,data/interim/deep_voice_chunks/fake/musk-to-ryan_chunk0018.wav,4.0,16000
data/raw/deep_voice/fake/musk-to-ryan.wav,19,fake,data/interim/deep_voice_chunks/fake/musk-to-ryan_chunk0019.wav,4.0,16000
data/raw/deep_voice/fake/musk-to-ryan.wav,20,fake,data/interim/deep_voice_chunks/fake/musk-to-ryan_chunk0020.wav,4.0,16000
data/raw/deep_voice/fake/musk-to-ryan.wav,21,fake,data/interim/deep_voice_chunks/fake/musk-to-ryan_chunk0021.wav,4.0,16000
data/raw/deep_voice/fake/musk-to-ryan.wav,22,fake,data/interim/deep_voice_chunks/fake/musk-to-ryan_chunk0022.wav,4.0,16000
data/raw/deep_voice/fake/musk-to-ryan.wav,23,fake,data/interim/deep_voice_chunks/fake/musk-to-ryan_chunk0023.wav,4.0,16000
data/raw/deep_voice/fake/musk-to-ryan.wav,24,fake,data/interim/deep_voice_chunks/fake/musk-to-ryan_chunk0024.wav,4.0,16000
data/raw/deep_voice/fake/musk-to-ryan.wav,25,fake,data/interim/deep_voice_chunks/fake/musk-to-ryan_chunk0025.wav,4.0,16000
data/raw/deep_voice/fake/musk-to-ryan.wav,26,fake,data/interim/deep_voice_chunks/fake/musk-to-ryan_chunk0026.wav,4.0,16000
data/raw/deep_voice/fake/musk-to-ryan.wav,27,fake,data/interim/deep_voice_chunks/fake/musk-to-ryan_chunk0027.wav,4.0,16000
data/raw/deep_voice/fake/musk-to-ryan.wav,28,fake,data/interim/deep_voice_chunks/fake/musk-to-ryan_chunk0028.wav,4.0,16000
data/raw/deep_voice/fake/musk-to-ryan.wav,29,fake,data/interim/deep_voice_chunks/fake/musk-to-ryan_chunk0029.wav,4.0,16000
data/raw/deep_voice/fake/musk-to-ryan.wav,30,fake,data/interim/deep_voice_chunks/fake/musk-to-ryan_chunk0030.wav,4.0,16000
data/raw/deep_voice/fake/musk-to-ryan.wav,31,fake,data/interim/deep_voice_chunks/fake/musk-to-ryan_chunk0031.wav,4.0,16000
data/raw/deep_voice/fake/musk-to-ryan.wav,32,fake,data/interim/deep_voice_chunks/fake/musk-to-ryan_chunk0032.wav,4.0,16000
data/raw/deep_voice/fake/musk-to-ryan.wav,33,fake,data/interim/deep_voice_chunks/fake/musk-to-ryan_chunk0033.wav,4.0,16000
data/raw/deep_voice/fake/musk-to-ryan.wav,34,fake,data/interim/deep_voice_chunks/fake/musk-to-ryan_chunk0034.wav,4.0,16000
data/raw/deep_voice/fake/musk-to-ryan.wav,35,fake,data/interim/deep_voice_chunks/fake/musk-to-ryan_chunk0035.wav,4.0,16000
data/raw/deep_voice/fake/musk-to-ryan.wav,36,fake,data/interim/deep_voice_chunks/fake/musk-to-ryan_chunk0036.wav,4.0,16000
data/raw/deep_voice/fake/musk-to-ryan.wav,37,fake,data/interim/deep_voice_chunks/fake/musk-to-ryan_chunk0037.wav,4.0,16000
data/raw/deep_voice/fake/musk-to-ryan.wav,38,fake,data/interim/deep_voice_chunks/fake/musk-to-ryan_chunk0038.wav,4.0,16000
data/raw/deep_voice/fake/musk-to-ryan.wav,39,fake,data/interim/deep_voice_chunks/fake/musk-to-ryan_chunk0039.wav,4.0,16000
data/raw/deep_voice/fake/musk-to-ryan.wav,40,fake,data/interim/deep_voice_chunks/fake/musk-to-ryan_chunk0040.wav,4.0,16000
data/raw/deep_voice/fake/musk-to-ryan.wav,41,fake,data/interim/deep_voice_chunks/fake/musk-to-ryan_chunk0041.wav,4.0,16000
data/raw/deep_voice/fake/musk-to-ryan.wav,42,fake,data/interim/deep_voice_chunks/fake/musk-to-ryan_chunk0042.wav,4.0,16000
data/raw/deep_voice/fake/musk-to-ryan.wav,43,fake,data/interim/deep_voice_chunks/fake/musk-to-ryan_chunk0043.wav,4.0,16000
data/raw/deep_voice/fake/musk-to-ryan.wav,44,fake,data/interim/deep_voice_chunks/fake/musk-to-ryan_chunk0044.wav,4.0,16000
data/raw/deep_voice/fake/musk-to-ryan.wav,45,fake,data/interim/deep_voice_chunks/fake/musk-to-ryan_chunk0045.wav,4.0,16000
data/raw/deep_voice/fake/musk-to-ryan.wav,46,fake,data/interim/deep_voice_chunks/fake/musk-to-ryan_chunk0046.wav,4.0,16000
data/raw/deep_voice/fake/musk-to-ryan.wav,47,fake,data/interim/deep_voice_chunks/fake/musk-to-ryan_chunk0047.wav,4.0,16000
data/raw/deep_voice/fake/musk-to-ryan.wav,48,fake,data/interim/deep_voice_chunks/fake/musk-to-ryan_chunk0048.wav,4.0,16000
data/raw/deep_voice/fake/musk-to-ryan.wav,49,fake,data/interim/deep_voice_chunks/fake/musk-to-ryan_chunk0049.wav,4.0,16000
data/raw/deep_voice/fake/musk-to-ryan.wav,50,fake,data/interim/deep_voice_chunks/fake/musk-to-ryan_chunk0050.wav,4.0,16000
data/raw/deep_voice/fake/musk-to-ryan.wav,51,fake,data/interim/deep_voice_chunks/fake/musk-to-ryan_chunk0051.wav,4.0,16000
data/raw/deep_voice/fake/musk-to-ryan.wav,52,fake,data/interim/deep_voice_chunks/fake/musk-to-ryan_chunk0052.wav,4.0,16000
data/raw/deep_voice/fake/musk-to-ryan.wav,53,fake,data/interim/deep_voice_chunks/fake/musk-to-ryan_chunk0053.wav,4.0,16000
data/raw/deep_voice/fake/musk-to-ryan.wav,54,fake,data/interim/deep_voice_chunks/fake/musk-to-ryan_chunk0054.wav,4.0,16000
data/raw/deep_voice/fake/musk-to-ryan.wav,55,fake,data/interim/deep_voice_chunks/fake/musk-to-ryan_chunk0055.wav,4.0,16000
data/raw/deep_voice/fake/musk-to-ryan.wav,56,fake,data/interim/deep_voice_chunks/fake/musk-to-ryan_chunk0056.wav,4.0,16000
data/raw/deep_voice/fake/musk-to-ryan.wav,57,fake,data/interim/deep_voice_chunks/fake/musk-to-ryan_chunk0057.wav,4.0,16000
data/raw/deep_voice/fake/musk-to-ryan.wav,58,fake,data/interim/deep_voice_chunks/fake/musk-to-ryan_chunk0058.wav,4.0,16000
data/raw/deep_voice/fake/musk-to-ryan.wav,59,fake,data/interim/deep_voice_chunks/fake/musk-to-ryan_chunk0059.wav,4.0,16000
data/raw/deep_voice/fake/musk-to-ryan.wav,60,fake,data/interim/deep_voice_chunks/fake/musk-to-ryan_chunk0060.wav,4.0,16000
data/raw/deep_voice/fake/musk-to-ryan.wav,61,fake,data/interim/deep_voice_chunks/fake/musk-to-ryan_chunk0061.wav,4.0,16000
data/raw/deep_voice/fake/musk-to-ryan.wav,62,fake,data/interim/deep_voice_chunks/fake/musk-to-ryan_chunk0062.wav,4.0,16000
data/raw/deep_voice/fake/musk-to-ryan.wav,63,fake,data/interim/deep_voice_chunks/fake/musk-to-ryan_chunk0063.wav,4.0,16000
data/raw/deep_voice/fake/musk-to-ryan.wav,64,fake,data/interim/deep_voice_chunks/fake/musk-to-ryan_chunk0064.wav,4.0,16000
data/raw/deep_voice/fake/musk-to-ryan.wav,65,fake,data/interim/deep_voice_chunks/fake/musk-to-ryan_chunk0065.wav,4.0,16000
data/raw/deep_voice/fake/musk-to-ryan.wav,66,fake,data/interim/deep_voice_chunks/fake/musk-to-ryan_chunk0066.wav,4.0,16000
data/raw/deep_voice/fake/musk-to-ryan.wav,67,fake,data/interim/deep_voice_chunks/fake/musk-to-ryan_chunk0067.wav,4.0,16000
data/raw/deep_voice/fake/musk-to-ryan.wav,68,fake,data/interim/deep_voice_chunks/fake/musk-to-ryan_chunk0068.wav,4.0,16000
data/raw/deep_voice/fake/musk-to-ryan.wav,69,fake,data/interim/deep_voice_chunks/fake/musk-to-ryan_chunk0069.wav,4.0,16000
data/raw/deep_voice/fake/musk-to-ryan.wav,70,fake,data/interim/deep_voice_chunks/fake/musk-to-ryan_chunk0070.wav,4.0,16000
data/raw/deep_voice/fake/musk-to-ryan.wav,71,fake,data/interim/deep_voice_chunks/fake/musk-to-ryan_chunk0071.wav,4.0,16000
data/raw/deep_voice/fake/musk-to-ryan.wav,72,fake,data/interim/deep_voice_chunks/fake/musk-to-ryan_chunk0072.wav,4.0,16000
data/raw/deep_voice/fake/musk-to-ryan.wav,73,fake,data/interim/deep_voice_chunks/fake/musk-to-ryan_chunk0073.wav,4.0,16000
data/raw/deep_voice/fake/musk-to-ryan.wav,74,fake,data/interim/deep_voice_chunks/fake/musk-to-ryan_chunk0074.wav,4.0,16000
data/raw/deep_voice/fake/musk-to-ryan.wav,75,fake,data/interim/deep_voice_chunks/fake/musk-to-ryan_chunk0075.wav,4.0,16000
data/raw/deep_voice/fake/musk-to-ryan.wav,76,fake,data/interim/deep_voice_chunks/fake/musk-to-ryan_chunk0076.wav,4.0,16000
data/raw/deep_voice/fake/musk-to-ryan.wav,77,fake,data/interim/deep_voice_chunks/fake/musk-to-ryan_chunk0077.wav,4.0,16000
data/raw/deep_voice/fake/musk-to-ryan.wav,78,fake,data/interim/deep_voice_chunks/fake/musk-to-ryan_chunk0078.wav,4.0,16000
data/raw/deep_voice/fake/musk-to-ryan.wav,79,fake,data/interim/deep_voice_chunks/fake/musk-to-ryan_chunk0079.wav,4.0,16000
data/raw/deep_voice/fake/musk-to-ryan.wav,80,fake,data/interim/deep_voice_chunks/fake/musk-to-ryan_chunk0080.wav,4.0,16000
data/raw/deep_voice/fake/musk-to-ryan.wav,81,fake,data/interim/deep_voice_chunks/fake/musk-to-ryan_chunk0081.wav,4.0,16000
data/raw/deep_voice/fake/musk-to-ryan.wav,82,fake,data/interim/deep_voice_chunks/fake/musk-to-ryan_chunk0082.wav,4.0,16000
data/raw/deep_voice/fake/musk-to-ryan.wav,83,fake,data/interim/deep_voice_chunks/fake/musk-to-ryan_chunk0083.wav,4.0,16000
data/raw/deep_voice/fake/musk-to-ryan.wav,84,fake,data/interim/deep_voice_chunks/fake/musk-to-ryan_chunk0084.wav,4.0,16000
data/raw/deep_voice/fake/musk-to-ryan.wav,85,fake,data/interim/deep_voice_chunks/fake/musk-to-ryan_chunk0085.wav,4.0,16000
data/raw/deep_voice/fake/musk-to-ryan.wav,86,fake,data/interim/deep_voice_chunks/fake/musk-to-ryan_chunk0086.wav,4.0,16000
data/raw/deep_voice/fake/musk-to-ryan.wav,87,fake,data/interim/deep_voice_chunks/fake/musk-to-ryan_chunk0087.wav,4.0,16000
data/raw/deep_voice/fake/musk-to-ryan.wav,88,fake,data/interim/deep_voice_chunks/fake/musk-to-ryan_chunk0088.wav,4.0,16000
data/raw/deep_voice/fake/musk-to-ryan.wav,89,fake,data/interim/deep_voice_chunks/fake/musk-to-ryan_chunk0089.wav,4.0,16000
data/raw/deep_voice/fake/musk-to-ryan.wav,90,fake,data/interim/deep_voice_chunks/fake/musk-to-ryan_chunk0090.wav,4.0,16000
data/raw/deep_voice/fake/musk-to-ryan.wav,91,fake,data/interim/deep_voice_chunks/fake/musk-to-ryan_chunk0091.wav,4.0,16000
data/raw/deep_voice/fake/musk-to-ryan.wav,92,fake,data/interim/deep_voice_chunks/fake/musk-to-ryan_chunk0092.wav,4.0,16000
data/raw/deep_voice/fake/musk-to-ryan.wav,93,fake,data/interim/deep_voice_chunks/fake/musk-to-ryan_chunk0093.wav,4.0,16000
data/raw/deep_voice/fake/musk-to-ryan.wav,94,fake,data/interim/deep_voice_chunks/fake/musk-to-ryan_chunk0094.wav,4.0,16000
data/raw/deep_voice/fake/musk-to-ryan.wav,95,fake,data/interim/deep_voice_chunks/fake/musk-to-ryan_chunk0095.wav,4.0,16000
data/raw/deep_voice/fake/musk-to-ryan.wav,96,fake,data/interim/deep_voice_chunks/fake/musk-to-ryan_chunk0096.wav,4.0,16000
data/raw/deep_voice/fake/musk-to-ryan.wav,97,fake,data/interim/deep_voice_chunks/fake/musk-to-ryan_chunk0097.wav,4.0,16000
data/raw/deep_voice/fake/musk-to-ryan.wav,98,fake,data/interim/deep_voice_chunks/fake/musk-to-ryan_chunk0098.wav,4.0,16000
data/raw/deep_voice/fake/musk-to-ryan.wav,99,fake,data/interim/deep_voice_chunks/fake/musk-to-ryan_chunk0099.wav,4.0,16000
data/raw/deep_voice/fake/musk-to-ryan.wav,100,fake,data/interim/deep_voice_chunks/fake/musk-to-ryan_chunk0100.wav,4.0,16000
data/raw/deep_voice/fake/musk-to-ryan.wav,101,fake,data/interim/deep_voice_chunks/fake/musk-to-ryan_chunk0101.wav,4.0,16000
data/raw/deep_voice/fake/musk-to-ryan.wav,102,fake,data/interim/deep_voice_chunks/fake/musk-to-ryan_chunk0102.wav,4.0,16000
data/raw/deep_voice/fake/musk-to-ryan.wav,103,fake,data/interim/deep_voice_chunks/fake/musk-to-ryan_chunk0103.wav,4.0,16000
data/raw/deep_voice/fake/musk-to-ryan.wav,104,fake,data/interim/deep_voice_chunks/fake/musk-to-ryan_chunk0104.wav,4.0,16000
data/raw/deep_voice/fake/musk-to-ryan.wav,105,fake,data/interim/deep_voice_chunks/fake/musk-to-ryan_chunk0105.wav,4.0,16000
data/raw/deep_voice/fake/musk-to-ryan.wav,106,fake,data/interim/deep_voice_chunks/fake/musk-to-ryan_chunk0106.wav,4.0,16000
data/raw/deep_voice/fake/musk-to-ryan.wav,107,fake,data/interim/deep_voice_chunks/fake/musk-to-ryan_chunk0107.wav,4.0,16000
data/raw/deep_voice/fake/musk-to-ryan.wav,108,fake,data/interim/deep_voice_chunks/fake/musk-to-ryan_chunk0108.wav,4.0,16000
data/raw/deep_voice/fake/musk-to-ryan.wav,109,fake,data/interim/deep_voice_chunks/fake/musk-to-ryan_chunk0109.wav,4.0,16000
data/raw/deep_voice/fake/musk-to-ryan.wav,110,fake,data/interim/deep_voice_chunks/fake/musk-to-ryan_chunk0110.wav,4.0,16000
data/raw/deep_voice/fake/musk-to-ryan.wav,111,fake,data/interim/deep_voice_chunks/fake/musk-to-ryan_chunk0111.wav,4.0,16000
data/raw/deep_voice/fake/musk-to-ryan.wav,112,fake,data/interim/deep_voice_chunks/fake/musk-to-ryan_chunk0112.wav,4.0,16000
data/raw/deep_voice/fake/musk-to-ryan.wav,113,fake,data/interim/deep_voice_chunks/fake/musk-to-ryan_chunk0113.wav,4.0,16000
data/raw/deep_voice/fake/musk-to-ryan.wav,114,fake,data/interim/deep_voice_chunks/fake/musk-to-ryan_chunk0114.wav,4.0,16000
data/raw/deep_voice/fake/musk-to-ryan.wav,115,fake,data/interim/deep_voice_chunks/fake/musk-to-ryan_chunk0115.wav,4.0,16000
data/raw/deep_voice/fake/musk-to-ryan.wav,116,fake,data/interim/deep_voice_chunks/fake/musk-to-ryan_chunk0116.wav,4.0,16000
data/raw/deep_voice/fake/musk-to-ryan.wav,117,fake,data/interim/deep_voice_chunks/fake/musk-to-ryan_chunk0117.wav,4.0,16000
data/raw/deep_voice/fake/musk-to-ryan.wav,118,fake,data/interim/deep_voice_chunks/fake/musk-to-ryan_chunk0118.wav,4.0,16000
data/raw/deep_voice/fake/musk-to-ryan.wav,119,fake,data/interim/deep_voice_chunks/fake/musk-to-ryan_chunk0119.wav,4.0,16000
data/raw/deep_voice/fake/musk-to-ryan.wav,120,fake,data/interim/deep_voice_chunks/fake/musk-to-ryan_chunk0120.wav,4.0,16000
data/raw/deep_voice/fake/musk-to-ryan.wav,121,fake,data/interim/deep_voice_chunks/fake/musk-to-ryan_chunk0121.wav,4.0,16000
data/raw/deep_voice/fake/musk-to-ryan.wav,122,fake,data/interim/deep_voice_chunks/fake/musk-to-ryan_chunk0122.wav,4.0,16000
data/raw/deep_voice/fake/musk-to-ryan.wav,123,fake,data/interim/deep_voice_chunks/fake/musk-to-ryan_chunk0123.wav,4.0,16000
data/raw/deep_voice/fake/musk-to-ryan.wav,124,fake,data/interim/deep_voice_chunks/fake/musk-to-ryan_chunk0124.wav,4.0,16000
data/raw/deep_voice/fake/musk-to-ryan.wav,125,fake,data/interim/deep_voice_chunks/fake/musk-to-ryan_chunk0125.wav,4.0,16000
data/raw/deep_voice/fake/musk-to-ryan.wav,126,fake,data/interim/deep_voice_chunks/fake/musk-to-ryan_chunk0126.wav,4.0,16000
data/raw/deep_voice/fake/musk-to-ryan.wav,127,fake,data/interim/deep_voice_chunks/fake/musk-to-ryan_chunk0127.wav,4.0,16000
data/raw/deep_voice/fake/musk-to-ryan.wav,128,fake,data/interim/deep_voice_chunks/fake/musk-to-ryan_chunk0128.wav,4.0,16000
data/raw/deep_voice/fake/musk-to-ryan.wav,129,fake,data/interim/deep_voice_chunks/fake/musk-to-ryan_chunk0129.wav,4.0,16000
data/raw/deep_voice/fake/musk-to-ryan.wav,130,fake,data/interim/deep_voice_chunks/fake/musk-to-ryan_chunk0130.wav,4.0,16000
data/raw/deep_voice/fake/musk-to-ryan.wav,131,fake,data/interim/deep_voice_chunks/fake/musk-to-ryan_chunk0131.wav,4.0,16000
data/raw/deep_voice/fake/musk-to-ryan.wav,132,fake,data/interim/deep_voice_chunks/fake/musk-to-ryan_chunk0132.wav,4.0,16000
data/raw/deep_voice/fake/musk-to-ryan.wav,133,fake,data/interim/deep_voice_chunks/fake/musk-to-ryan_chunk0133.wav,4.0,16000
data/raw/deep_voice/fake/musk-to-ryan.wav,134,fake,data/interim/deep_voice_chunks/fake/musk-to-ryan_chunk0134.wav,4.0,16000
data/raw/deep_voice/fake/musk-to-ryan.wav,135,fake,data/interim/deep_voice_chunks/fake/musk-to-ryan_chunk0135.wav,4.0,16000
data/raw/deep_voice/fake/musk-to-ryan.wav,136,fake,data/interim/deep_voice_chunks/fake/musk-to-ryan_chunk0136.wav,4.0,16000
data/raw/deep_voice/fake/musk-to-ryan.wav,137,fake,data/interim/deep_voice_chunks/fake/musk-to-ryan_chunk0137.wav,4.0,16000
data/raw/deep_voice/fake/musk-to-ryan.wav,138,fake,data/interim/deep_voice_chunks/fake/musk-to-ryan_chunk0138.wav,4.0,16000
data/raw/deep_voice/fake/musk-to-ryan.wav,139,fake,data/interim/deep_voice_chunks/fake/musk-to-ryan_chunk0139.wav,4.0,16000
data/raw/deep_voice/fake/musk-to-ryan.wav,140,fake,data/interim/deep_voice_chunks/fake/musk-to-ryan_chunk0140.wav,4.0,16000
data/raw/deep_voice/fake/musk-to-ryan.wav,141,fake,data/interim/deep_voice_chunks/fake/musk-to-ryan_chunk0141.wav,4.0,16000
data/raw/deep_voice/fake/musk-to-ryan.wav,142,fake,data/interim/deep_voice_chunks/fake/musk-to-ryan_chunk0142.wav,4.0,16000
data/raw/deep_voice/fake/musk-to-ryan.wav,143,fake,data/interim/deep_voice_chunks/fake/musk-to-ryan_chunk0143.wav,4.0,16000
data/raw/deep_voice/fake/musk-to-ryan.wav,144,fake,data/interim/deep_voice_chunks/fake/musk-to-ryan_chunk0144.wav,4.0,16000
data/raw/deep_voice/fake/musk-to-ryan.wav,145,fake,data/interim/deep_voice_chunks/fake/musk-to-ryan_chunk0145.wav,4.0,16000
data/raw/deep_voice/fake/musk-to-ryan.wav,146,fake,data/interim/deep_voice_chunks/fake/musk-to-ryan_chunk0146.wav,4.0,16000
data/raw/deep_voice/fake/musk-to-ryan.wav,147,fake,data/interim/deep_voice_chunks/fake/musk-to-ryan_chunk0147.wav,4.0,16000
data/raw/deep_voice/fake/musk-to-ryan.wav,148,fake,data/interim/deep_voice_chunks/fake/musk-to-ryan_chunk0148.wav,4.0,16000
data/raw/deep_voice/fake/musk-to-ryan.wav,149,fake,data/interim/deep_voice_chunks/fake/musk-to-ryan_chunk0149.wav,4.0,16000
data/raw/deep_voice/fake/musk-to-taylor.wav,0,fake,data/interim/deep_voice_chunks/fake/musk-to-taylor_chunk0000.wav,4.0,16000
data/raw/deep_voice/fake/musk-to-taylor.wav,1,fake,data/interim/deep_voice_chunks/fake/musk-to-taylor_chunk0001.wav,4.0,16000
data/raw/deep_voice/fake/musk-to-taylor.wav,2,fake,data/interim/deep_voice_chunks/fake/musk-to-taylor_chunk0002.wav,4.0,16000
data/raw/deep_voice/fake/musk-to-taylor.wav,3,fake,data/interim/deep_voice_chunks/fake/musk-to-taylor_chunk0003.wav,4.0,16000
data/raw/deep_voice/fake/musk-to-taylor.wav,4,fake,data/interim/deep_voice_chunks/fake/musk-to-taylor_chunk0004.wav,4.0,16000
data/raw/deep_voice/fake/musk-to-taylor.wav,5,fake,data/interim/deep_voice_chunks/fake/musk-to-taylor_chunk0005.wav,4.0,16000
data/raw/deep_voice/fake/musk-to-taylor.wav,6,fake,data/interim/deep_voice_chunks/fake/musk-to-taylor_chunk0006.wav,4.0,16000
data/raw/deep_voice/fake/musk-to-taylor.wav,7,fake,data/interim/deep_voice_chunks/fake/musk-to-taylor_chunk0007.wav,4.0,16000
data/raw/deep_voice/fake/musk-to-taylor.wav,8,fake,data/interim/deep_voice_chunks/fake/musk-to-taylor_chunk0008.wav,4.0,16000
data/raw/deep_voice/fake/musk-to-taylor.wav,9,fake,data/interim/deep_voice_chunks/fake/musk-to-taylor_chunk0009.wav,4.0,16000
data/raw/deep_voice/fake/musk-to-taylor.wav,10,fake,data/interim/deep_voice_chunks/fake/musk-to-taylor_chunk0010.wav,4.0,16000
data/raw/deep_voice/fake/musk-to-taylor.wav,11,fake,data/interim/deep_voice_chunks/fake/musk-to-taylor_chunk0011.wav,4.0,16000
data/raw/deep_voice/fake/musk-to-taylor.wav,12,fake,data/interim/deep_voice_chunks/fake/musk-to-taylor_chunk0012.wav,4.0,16000
data/raw/deep_voice/fake/musk-to-taylor.wav,13,fake,data/interim/deep_voice_chunks/fake/musk-to-taylor_chunk0013.wav,4.0,16000
data/raw/deep_voice/fake/musk-to-taylor.wav,14,fake,data/interim/deep_voice_chunks/fake/musk-to-taylor_chunk0014.wav,4.0,16000
data/raw/deep_voice/fake/musk-to-taylor.wav,15,fake,data/interim/deep_voice_chunks/fake/musk-to-taylor_chunk0015.wav,4.0,16000
data/raw/deep_voice/fake/musk-to-taylor.wav,16,fake,data/interim/deep_voice_chunks/fake/musk-to-taylor_chunk0016.wav,4.0,16000
data/raw/deep_voice/fake/musk-to-taylor.wav,17,fake,data/interim/deep_voice_chunks/fake/musk-to-taylor_chunk0017.wav,4.0,16000
data/raw/deep_voice/fake/musk-to-taylor.wav,18,fake,data/interim/deep_voice_chunks/fake/musk-to-taylor_chunk0018.wav,4.0,16000
data/raw/deep_voice/fake/musk-to-taylor.wav,19,fake,data/interim/deep_voice_chunks/fake/musk-to-taylor_chunk0019.wav,4.0,16000
data/raw/deep_voice/fake/musk-to-taylor.wav,20,fake,data/interim/deep_voice_chunks/fake/musk-to-taylor_chunk0020.wav,4.0,16000
data/raw/deep_voice/fake/musk-to-taylor.wav,21,fake,data/interim/deep_voice_chunks/fake/musk-to-taylor_chunk0021.wav,4.0,16000
data/raw/deep_voice/fake/musk-to-taylor.wav,22,fake,data/interim/deep_voice_chunks/fake/musk-to-taylor_chunk0022.wav,4.0,16000
data/raw/deep_voice/fake/musk-to-taylor.wav,23,fake,data/interim/deep_voice_chunks/fake/musk-to-taylor_chunk0023.wav,4.0,16000
data/raw/deep_voice/fake/musk-to-taylor.wav,24,fake,data/interim/deep_voice_chunks/fake/musk-to-taylor_chunk0024.wav,4.0,16000
data/raw/deep_voice/fake/musk-to-taylor.wav,25,fake,data/interim/deep_voice_chunks/fake/musk-to-taylor_chunk0025.wav,4.0,16000
data/raw/deep_voice/fake/musk-to-taylor.wav,26,fake,data/interim/deep_voice_chunks/fake/musk-to-taylor_chunk0026.wav,4.0,16000
data/raw/deep_voice/fake/musk-to-taylor.wav,27,fake,data/interim/deep_voice_chunks/fake/musk-to-taylor_chunk0027.wav,4.0,16000
data/raw/deep_voice/fake/musk-to-taylor.wav,28,fake,data/interim/deep_voice_chunks/fake/musk-to-taylor_chunk0028.wav,4.0,16000
data/raw/deep_voice/fake/musk-to-taylor.wav,29,fake,data/interim/deep_voice_chunks/fake/musk-to-taylor_chunk0029.wav,4.0,16000
data/raw/deep_voice/fake/musk-to-taylor.wav,30,fake,data/interim/deep_voice_chunks/fake/musk-to-taylor_chunk0030.wav,4.0,16000
data/raw/deep_voice/fake/musk-to-taylor.wav,31,fake,data/interim/deep_voice_chunks/fake/musk-to-taylor_chunk0031.wav,4.0,16000
data/raw/deep_voice/fake/musk-to-taylor.wav,32,fake,data/interim/deep_voice_chunks/fake/musk-to-taylor_chunk0032.wav,4.0,16000
data/raw/deep_voice/fake/musk-to-taylor.wav,33,fake,data/interim/deep_voice_chunks/fake/musk-to-taylor_chunk0033.wav,4.0,16000
data/raw/deep_voice/fake/musk-to-taylor.wav,34,fake,data/interim/deep_voice_chunks/fake/musk-to-taylor_chunk0034.wav,4.0,16000
data/raw/deep_voice/fake/musk-to-taylor.wav,35,fake,data/interim/deep_voice_chunks/fake/musk-to-taylor_chunk0035.wav,4.0,16000
data/raw/deep_voice/fake/musk-to-taylor.wav,36,fake,data/interim/deep_voice_chunks/fake/musk-to-taylor_chunk0036.wav,4.0,16000
data/raw/deep_voice/fake/musk-to-taylor.wav,37,fake,data/interim/deep_voice_chunks/fake/musk-to-taylor_chunk0037.wav,4.0,16000
data/raw/deep_voice/fake/musk-to-taylor.wav,38,fake,data/interim/deep_voice_chunks/fake/musk-to-taylor_chunk0038.wav,4.0,16000
data/raw/deep_voice/fake/musk-to-taylor.wav,39,fake,data/interim/deep_voice_chunks/fake/musk-to-taylor_chunk0039.wav,4.0,16000
data/raw/deep_voice/fake/musk-to-taylor.wav,40,fake,data/interim/deep_voice_chunks/fake/musk-to-taylor_chunk0040.wav,4.0,16000
data/raw/deep_voice/fake/musk-to-taylor.wav,41,fake,data/interim/deep_voice_chunks/fake/musk-to-taylor_chunk0041.wav,4.0,16000
data/raw/deep_voice/fake/musk-to-taylor.wav,42,fake,data/interim/deep_voice_chunks/fake/musk-to-taylor_chunk0042.wav,4.0,16000
data/raw/deep_voice/fake/musk-to-taylor.wav,43,fake,data/interim/deep_voice_chunks/fake/musk-to-taylor_chunk0043.wav,4.0,16000
data/raw/deep_voice/fake/musk-to-taylor.wav,44,fake,data/interim/deep_voice_chunks/fake/musk-to-taylor_chunk0044.wav,4.0,16000
data/raw/deep_voice/fake/musk-to-taylor.wav,45,fake,data/interim/deep_voice_chunks/fake/musk-to-taylor_chunk0045.wav,4.0,16000
data/raw/deep_voice/fake/musk-to-taylor.wav,46,fake,data/interim/deep_voice_chunks/fake/musk-to-taylor_chunk0046.wav,4.0,16000
data/raw/deep_voice/fake/musk-to-taylor.wav,47,fake,data/interim/deep_voice_chunks/fake/musk-to-taylor_chunk0047.wav,4.0,16000
data/raw/deep_voice/fake/musk-to-taylor.wav,48,fake,data/interim/deep_voice_chunks/fake/musk-to-taylor_chunk0048.wav,4.0,16000
data/raw/deep_voice/fake/musk-to-taylor.wav,49,fake,data/interim/deep_voice_chunks/fake/musk-to-taylor_chunk0049.wav,4.0,16000
data/raw/deep_voice/fake/musk-to-taylor.wav,50,fake,data/interim/deep_voice_chunks/fake/musk-to-taylor_chunk0050.wav,4.0,16000
data/raw/deep_voice/fake/musk-to-taylor.wav,51,fake,data/interim/deep_voice_chunks/fake/musk-to-taylor_chunk0051.wav,4.0,16000
data/raw/deep_voice/fake/musk-to-taylor.wav,52,fake,data/interim/deep_voice_chunks/fake/musk-to-taylor_chunk0052.wav,4.0,16000
data/raw/deep_voice/fake/musk-to-taylor.wav,53,fake,data/interim/deep_voice_chunks/fake/musk-to-taylor_chunk0053.wav,4.0,16000
data/raw/deep_voice/fake/musk-to-taylor.wav,54,fake,data/interim/deep_voice_chunks/fake/musk-to-taylor_chunk0054.wav,4.0,16000
data/raw/deep_voice/fake/musk-to-taylor.wav,55,fake,data/interim/deep_voice_chunks/fake/musk-to-taylor_chunk0055.wav,4.0,16000
data/raw/deep_voice/fake/musk-to-taylor.wav,56,fake,data/interim/deep_voice_chunks/fake/musk-to-taylor_chunk0056.wav,4.0,16000
data/raw/deep_voice/fake/musk-to-taylor.wav,57,fake,data/interim/deep_voice_chunks/fake/musk-to-taylor_chunk0057.wav,4.0,16000
data/raw/deep_voice/fake/musk-to-taylor.wav,58,fake,data/interim/deep_voice_chunks/fake/musk-to-taylor_chunk0058.wav,4.0,16000
data/raw/deep_voice/fake/musk-to-taylor.wav,59,fake,data/interim/deep_voice_chunks/fake/musk-to-taylor_chunk0059.wav,4.0,16000
data/raw/deep_voice/fake/musk-to-taylor.wav,60,fake,data/interim/deep_voice_chunks/fake/musk-to-taylor_chunk0060.wav,4.0,16000
data/raw/deep_voice/fake/musk-to-taylor.wav,61,fake,data/interim/deep_voice_chunks/fake/musk-to-taylor_chunk0061.wav,4.0,16000
data/raw/deep_voice/fake/musk-to-taylor.wav,62,fake,data/interim/deep_voice_chunks/fake/musk-to-taylor_chunk0062.wav,4.0,16000
data/raw/deep_voice/fake/musk-to-taylor.wav,63,fake,data/interim/deep_voice_chunks/fake/musk-to-taylor_chunk0063.wav,4.0,16000
data/raw/deep_voice/fake/musk-to-taylor.wav,64,fake,data/interim/deep_voice_chunks/fake/musk-to-taylor_chunk0064.wav,4.0,16000
data/raw/deep_voice/fake/musk-to-taylor.wav,65,fake,data/interim/deep_voice_chunks/fake/musk-to-taylor_chunk0065.wav,4.0,16000
data/raw/deep_voice/fake/musk-to-taylor.wav,66,fake,data/interim/deep_voice_chunks/fake/musk-to-taylor_chunk0066.wav,4.0,16000
data/raw/deep_voice/fake/musk-to-taylor.wav,67,fake,data/interim/deep_voice_chunks/fake/musk-to-taylor_chunk0067.wav,4.0,16000
data/raw/deep_voice/fake/musk-to-taylor.wav,68,fake,data/interim/deep_voice_chunks/fake/musk-to-taylor_chunk0068.wav,4.0,16000
data/raw/deep_voice/fake/musk-to-taylor.wav,69,fake,data/interim/deep_voice_chunks/fake/musk-to-taylor_chunk0069.wav,4.0,16000
data/raw/deep_voice/fake/musk-to-taylor.wav,70,fake,data/interim/deep_voice_chunks/fake/musk-to-taylor_chunk0070.wav,4.0,16000
data/raw/deep_voice/fake/musk-to-taylor.wav,71,fake,data/interim/deep_voice_chunks/fake/musk-to-taylor_chunk0071.wav,4.0,16000
data/raw/deep_voice/fake/musk-to-taylor.wav,72,fake,data/interim/deep_voice_chunks/fake/musk-to-taylor_chunk0072.wav,4.0,16000
data/raw/deep_voice/fake/musk-to-taylor.wav,73,fake,data/interim/deep_voice_chunks/fake/musk-to-taylor_chunk0073.wav,4.0,16000
data/raw/deep_voice/fake/musk-to-taylor.wav,74,fake,data/interim/deep_voice_chunks/fake/musk-to-taylor_chunk0074.wav,4.0,16000
data/raw/deep_voice/fake/musk-to-taylor.wav,75,fake,data/interim/deep_voice_chunks/fake/musk-to-taylor_chunk0075.wav,4.0,16000
data/raw/deep_voice/fake/musk-to-taylor.wav,76,fake,data/interim/deep_voice_chunks/fake/musk-to-taylor_chunk0076.wav,4.0,16000
data/raw/deep_voice/fake/musk-to-taylor.wav,77,fake,data/interim/deep_voice_chunks/fake/musk-to-taylor_chunk0077.wav,4.0,16000
data/raw/deep_voice/fake/musk-to-taylor.wav,78,fake,data/interim/deep_voice_chunks/fake/musk-to-taylor_chunk0078.wav,4.0,16000
data/raw/deep_voice/fake/musk-to-taylor.wav,79,fake,data/interim/deep_voice_chunks/fake/musk-to-taylor_chunk0079.wav,4.0,16000
data/raw/deep_voice/fake/musk-to-taylor.wav,80,fake,data/interim/deep_voice_chunks/fake/musk-to-taylor_chunk0080.wav,4.0,16000
data/raw/deep_voice/fake/musk-to-taylor.wav,81,fake,data/interim/deep_voice_chunks/fake/musk-to-taylor_chunk0081.wav,4.0,16000
data/raw/deep_voice/fake/musk-to-taylor.wav,82,fake,data/interim/deep_voice_chunks/fake/musk-to-taylor_chunk0082.wav,4.0,16000
data/raw/deep_voice/fake/musk-to-taylor.wav,83,fake,data/interim/deep_voice_chunks/fake/musk-to-taylor_chunk0083.wav,4.0,16000
data/raw/deep_voice/fake/musk-to-taylor.wav,84,fake,data/interim/deep_voice_chunks/fake/musk-to-taylor_chunk0084.wav,4.0,16000
data/raw/deep_voice/fake/musk-to-taylor.wav,85,fake,data/interim/deep_voice_chunks/fake/musk-to-taylor_chunk0085.wav,4.0,16000
data/raw/deep_voice/fake/musk-to-taylor.wav,86,fake,data/interim/deep_voice_chunks/fake/musk-to-taylor_chunk0086.wav,4.0,16000
data/raw/deep_voice/fake/musk-to-taylor.wav,87,fake,data/interim/deep_voice_chunks/fake/musk-to-taylor_chunk0087.wav,4.0,16000
data/raw/deep_voice/fake/musk-to-taylor.wav,88,fake,data/interim/deep_voice_chunks/fake/musk-to-taylor_chunk0088.wav,4.0,16000
data/raw/deep_voice/fake/musk-to-taylor.wav,89,fake,data/interim/deep_voice_chunks/fake/musk-to-taylor_chunk0089.wav,4.0,16000
data/raw/deep_voice/fake/musk-to-taylor.wav,90,fake,data/interim/deep_voice_chunks/fake/musk-to-taylor_chunk0090.wav,4.0,16000
data/raw/deep_voice/fake/musk-to-taylor.wav,91,fake,data/interim/deep_voice_chunks/fake/musk-to-taylor_chunk0091.wav,4.0,16000
data/raw/deep_voice/fake/musk-to-taylor.wav,92,fake,data/interim/deep_voice_chunks/fake/musk-to-taylor_chunk0092.wav,4.0,16000
data/raw/deep_voice/fake/musk-to-taylor.wav,93,fake,data/interim/deep_voice_chunks/fake/musk-to-taylor_chunk0093.wav,4.0,16000
data/raw/deep_voice/fake/musk-to-taylor.wav,94,fake,data/interim/deep_voice_chunks/fake/musk-to-taylor_chunk0094.wav,4.0,16000
data/raw/deep_voice/fake/musk-to-taylor.wav,95,fake,data/interim/deep_voice_chunks/fake/musk-to-taylor_chunk0095.wav,4.0,16000
data/raw/deep_voice/fake/musk-to-taylor.wav,96,fake,data/interim/deep_voice_chunks/fake/musk-to-taylor_chunk0096.wav,4.0,16000
data/raw/deep_voice/fake/musk-to-taylor.wav,97,fake,data/interim/deep_voice_chunks/fake/musk-to-taylor_chunk0097.wav,4.0,16000
data/raw/deep_voice/fake/musk-to-taylor.wav,98,fake,data/interim/deep_voice_chunks/fake/musk-to-taylor_chunk0098.wav,4.0,16000
data/raw/deep_voice/fake/musk-to-taylor.wav,99,fake,data/interim/deep_voice_chunks/fake/musk-to-taylor_chunk0099.wav,4.0,16000
data/raw/deep_voice/fake/musk-to-taylor.wav,100,fake,data/interim/deep_voice_chunks/fake/musk-to-taylor_chunk0100.wav,4.0,16000
data/raw/deep_voice/fake/musk-to-taylor.wav,101,fake,data/interim/deep_voice_chunks/fake/musk-to-taylor_chunk0101.wav,4.0,16000
data/raw/deep_voice/fake/musk-to-taylor.wav,102,fake,data/interim/deep_voice_chunks/fake/musk-to-taylor_chunk0102.wav,4.0,16000
data/raw/deep_voice/fake/musk-to-taylor.wav,103,fake,data/interim/deep_voice_chunks/fake/musk-to-taylor_chunk0103.wav,4.0,16000
data/raw/deep_voice/fake/musk-to-taylor.wav,104,fake,data/interim/deep_voice_chunks/fake/musk-to-taylor_chunk0104.wav,4.0,16000
data/raw/deep_voice/fake/musk-to-taylor.wav,105,fake,data/interim/deep_voice_chunks/fake/musk-to-taylor_chunk0105.wav,4.0,16000
data/raw/deep_voice/fake/musk-to-taylor.wav,106,fake,data/interim/deep_voice_chunks/fake/musk-to-taylor_chunk0106.wav,4.0,16000
data/raw/deep_voice/fake/musk-to-taylor.wav,107,fake,data/interim/deep_voice_chunks/fake/musk-to-taylor_chunk0107.wav,4.0,16000
data/raw/deep_voice/fake/musk-to-taylor.wav,108,fake,data/interim/deep_voice_chunks/fake/musk-to-taylor_chunk0108.wav,4.0,16000
data/raw/deep_voice/fake/musk-to-taylor.wav,109,fake,data/interim/deep_voice_chunks/fake/musk-to-taylor_chunk0109.wav,4.0,16000
data/raw/deep_voice/fake/musk-to-taylor.wav,110,fake,data/interim/deep_voice_chunks/fake/musk-to-taylor_chunk0110.wav,4.0,16000
data/raw/deep_voice/fake/musk-to-taylor.wav,111,fake,data/interim/deep_voice_chunks/fake/musk-to-taylor_chunk0111.wav,4.0,16000
data/raw/deep_voice/fake/musk-to-taylor.wav,112,fake,data/interim/deep_voice_chunks/fake/musk-to-taylor_chunk0112.wav,4.0,16000
data/raw/deep_voice/fake/musk-to-taylor.wav,113,fake,data/interim/deep_voice_chunks/fake/musk-to-taylor_chunk0113.wav,4.0,16000
data/raw/deep_voice/fake/musk-to-taylor.wav,114,fake,data/interim/deep_voice_chunks/fake/musk-to-taylor_chunk0114.wav,4.0,16000
data/raw/deep_voice/fake/musk-to-taylor.wav,115,fake,data/interim/deep_voice_chunks/fake/musk-to-taylor_chunk0115.wav,4.0,16000
data/raw/deep_voice/fake/musk-to-taylor.wav,116,fake,data/interim/deep_voice_chunks/fake/musk-to-taylor_chunk0116.wav,4.0,16000
data/raw/deep_voice/fake/musk-to-taylor.wav,117,fake,data/interim/deep_voice_chunks/fake/musk-to-taylor_chunk0117.wav,4.0,16000
data/raw/deep_voice/fake/musk-to-taylor.wav,118,fake,data/interim/deep_voice_chunks/fake/musk-to-taylor_chunk0118.wav,4.0,16000
data/raw/deep_voice/fake/musk-to-taylor.wav,119,fake,data/interim/deep_voice_chunks/fake/musk-to-taylor_chunk0119.wav,4.0,16000
data/raw/deep_voice/fake/musk-to-taylor.wav,120,fake,data/interim/deep_voice_chunks/fake/musk-to-taylor_chunk0120.wav,4.0,16000
data/raw/deep_voice/fake/musk-to-taylor.wav,121,fake,data/interim/deep_voice_chunks/fake/musk-to-taylor_chunk0121.wav,4.0,16000
data/raw/deep_voice/fake/musk-to-taylor.wav,122,fake,data/interim/deep_voice_chunks/fake/musk-to-taylor_chunk0122.wav,4.0,16000
data/raw/deep_voice/fake/musk-to-taylor.wav,123,fake,data/interim/deep_voice_chunks/fake/musk-to-taylor_chunk0123.wav,4.0,16000
data/raw/deep_voice/fake/musk-to-taylor.wav,124,fake,data/interim/deep_voice_chunks/fake/musk-to-taylor_chunk0124.wav,4.0,16000
data/raw/deep_voice/fake/musk-to-taylor.wav,125,fake,data/interim/deep_voice_chunks/fake/musk-to-taylor_chunk0125.wav,4.0,16000
data/raw/deep_voice/fake/musk-to-taylor.wav,126,fake,data/interim/deep_voice_chunks/fake/musk-to-taylor_chunk0126.wav,4.0,16000
data/raw/deep_voice/fake/musk-to-taylor.wav,127,fake,data/interim/deep_voice_chunks/fake/musk-to-taylor_chunk0127.wav,4.0,16000
data/raw/deep_voice/fake/musk-to-taylor.wav,128,fake,data/interim/deep_voice_chunks/fake/musk-to-taylor_chunk0128.wav,4.0,16000
data/raw/deep_voice/fake/musk-to-taylor.wav,129,fake,data/interim/deep_voice_chunks/fake/musk-to-taylor_chunk0129.wav,4.0,16000
data/raw/deep_voice/fake/musk-to-taylor.wav,130,fake,data/interim/deep_voice_chunks/fake/musk-to-taylor_chunk0130.wav,4.0,16000
data/raw/deep_voice/fake/musk-to-taylor.wav,131,fake,data/interim/deep_voice_chunks/fake/musk-to-taylor_chunk0131.wav,4.0,16000
data/raw/deep_voice/fake/musk-to-taylor.wav,132,fake,data/interim/deep_voice_chunks/fake/musk-to-taylor_chunk0132.wav,4.0,16000
data/raw/deep_voice/fake/musk-to-taylor.wav,133,fake,data/interim/deep_voice_chunks/fake/musk-to-taylor_chunk0133.wav,4.0,16000
data/raw/deep_voice/fake/musk-to-taylor.wav,134,fake,data/interim/deep_voice_chunks/fake/musk-to-taylor_chunk0134.wav,4.0,16000
data/raw/deep_voice/fake/musk-to-taylor.wav,135,fake,data/interim/deep_voice_chunks/fake/musk-to-taylor_chunk0135.wav,4.0,16000
data/raw/deep_voice/fake/musk-to-taylor.wav,136,fake,data/interim/deep_voice_chunks/fake/musk-to-taylor_chunk0136.wav,4.0,16000
data/raw/deep_voice/fake/musk-to-taylor.wav,137,fake,data/interim/deep_voice_chunks/fake/musk-to-taylor_chunk0137.wav,4.0,16000
data/raw/deep_voice/fake/musk-to-taylor.wav,138,fake,data/interim/deep_voice_chunks/fake/musk-to-taylor_chunk0138.wav,4.0,16000
data/raw/deep_voice/fake/musk-to-taylor.wav,139,fake,data/interim/deep_voice_chunks/fake/musk-to-taylor_chunk0139.wav,4.0,16000
data/raw/deep_voice/fake/musk-to-taylor.wav,140,fake,data/interim/deep_voice_chunks/fake/musk-to-taylor_chunk0140.wav,4.0,16000
data/raw/deep_voice/fake/musk-to-taylor.wav,141,fake,data/interim/deep_voice_chunks/fake/musk-to-taylor_chunk0141.wav,4.0,16000
data/raw/deep_voice/fake/musk-to-taylor.wav,142,fake,data/interim/deep_voice_chunks/fake/musk-to-taylor_chunk0142.wav,4.0,16000
data/raw/deep_voice/fake/musk-to-taylor.wav,143,fake,data/interim/deep_voice_chunks/fake/musk-to-taylor_chunk0143.wav,4.0,16000
data/raw/deep_voice/fake/musk-to-taylor.wav,144,fake,data/interim/deep_voice_chunks/fake/musk-to-taylor_chunk0144.wav,4.0,16000
data/raw/deep_voice/fake/musk-to-taylor.wav,145,fake,data/interim/deep_voice_chunks/fake/musk-to-taylor_chunk0145.wav,4.0,16000
data/raw/deep_voice/fake/musk-to-taylor.wav,146,fake,data/interim/deep_voice_chunks/fake/musk-to-taylor_chunk0146.wav,4.0,16000
data/raw/deep_voice/fake/musk-to-taylor.wav,147,fake,data/interim/deep_voice_chunks/fake/musk-to-taylor_chunk0147.wav,4.0,16000
data/raw/deep_voice/fake/musk-to-taylor.wav,148,fake,data/interim/deep_voice_chunks/fake/musk-to-taylor_chunk0148.wav,4.0,16000
data/raw/deep_voice/fake/musk-to-taylor.wav,149,fake,data/interim/deep_voice_chunks/fake/musk-to-taylor_chunk0149.wav,3.968,16000
data/raw/deep_voice/fake/musk-to-trump.wav,0,fake,data/interim/deep_voice_chunks/fake/musk-to-trump_chunk0000.wav,4.0,16000
data/raw/deep_voice/fake/musk-to-trump.wav,1,fake,data/interim/deep_voice_chunks/fake/musk-to-trump_chunk0001.wav,4.0,16000
data/raw/deep_voice/fake/musk-to-trump.wav,2,fake,data/interim/deep_voice_chunks/fake/musk-to-trump_chunk0002.wav,4.0,16000
data/raw/deep_voice/fake/musk-to-trump.wav,3,fake,data/interim/deep_voice_chunks/fake/musk-to-trump_chunk0003.wav,4.0,16000
data/raw/deep_voice/fake/musk-to-trump.wav,4,fake,data/interim/deep_voice_chunks/fake/musk-to-trump_chunk0004.wav,4.0,16000
data/raw/deep_voice/fake/musk-to-trump.wav,5,fake,data/interim/deep_voice_chunks/fake/musk-to-trump_chunk0005.wav,4.0,16000
data/raw/deep_voice/fake/musk-to-trump.wav,6,fake,data/interim/deep_voice_chunks/fake/musk-to-trump_chunk0006.wav,4.0,16000
data/raw/deep_voice/fake/musk-to-trump.wav,7,fake,data/interim/deep_voice_chunks/fake/musk-to-trump_chunk0007.wav,4.0,16000
data/raw/deep_voice/fake/musk-to-trump.wav,8,fake,data/interim/deep_voice_chunks/fake/musk-to-trump_chunk0008.wav,4.0,16000
data/raw/deep_voice/fake/musk-to-trump.wav,9,fake,data/interim/deep_voice_chunks/fake/musk-to-trump_chunk0009.wav,4.0,16000
data/raw/deep_voice/fake/musk-to-trump.wav,10,fake,data/interim/deep_voice_chunks/fake/musk-to-trump_chunk0010.wav,4.0,16000
data/raw/deep_voice/fake/musk-to-trump.wav,11,fake,data/interim/deep_voice_chunks/fake/musk-to-trump_chunk0011.wav,4.0,16000
data/raw/deep_voice/fake/musk-to-trump.wav,12,fake,data/interim/deep_voice_chunks/fake/musk-to-trump_chunk0012.wav,4.0,16000
data/raw/deep_voice/fake/musk-to-trump.wav,13,fake,data/interim/deep_voice_chunks/fake/musk-to-trump_chunk0013.wav,4.0,16000
data/raw/deep_voice/fake/musk-to-trump.wav,14,fake,data/interim/deep_voice_chunks/fake/musk-to-trump_chunk0014.wav,4.0,16000
data/raw/deep_voice/fake/musk-to-trump.wav,15,fake,data/interim/deep_voice_chunks/fake/musk-to-trump_chunk0015.wav,4.0,16000
data/raw/deep_voice/fake/musk-to-trump.wav,16,fake,data/interim/deep_voice_chunks/fake/musk-to-trump_chunk0016.wav,4.0,16000
data/raw/deep_voice/fake/musk-to-trump.wav,17,fake,data/interim/deep_voice_chunks/fake/musk-to-trump_chunk0017.wav,4.0,16000
data/raw/deep_voice/fake/musk-to-trump.wav,18,fake,data/interim/deep_voice_chunks/fake/musk-to-trump_chunk0018.wav,4.0,16000
data/raw/deep_voice/fake/musk-to-trump.wav,19,fake,data/interim/deep_voice_chunks/fake/musk-to-trump_chunk0019.wav,4.0,16000
data/raw/deep_voice/fake/musk-to-trump.wav,20,fake,data/interim/deep_voice_chunks/fake/musk-to-trump_chunk0020.wav,4.0,16000
data/raw/deep_voice/fake/musk-to-trump.wav,21,fake,data/interim/deep_voice_chunks/fake/musk-to-trump_chunk0021.wav,4.0,16000
data/raw/deep_voice/fake/musk-to-trump.wav,22,fake,data/interim/deep_voice_chunks/fake/musk-to-trump_chunk0022.wav,4.0,16000
data/raw/deep_voice/fake/musk-to-trump.wav,23,fake,data/interim/deep_voice_chunks/fake/musk-to-trump_chunk0023.wav,4.0,16000
data/raw/deep_voice/fake/musk-to-trump.wav,24,fake,data/interim/deep_voice_chunks/fake/musk-to-trump_chunk0024.wav,4.0,16000
data/raw/deep_voice/fake/musk-to-trump.wav,25,fake,data/interim/deep_voice_chunks/fake/musk-to-trump_chunk0025.wav,4.0,16000
data/raw/deep_voice/fake/musk-to-trump.wav,26,fake,data/interim/deep_voice_chunks/fake/musk-to-trump_chunk0026.wav,4.0,16000
data/raw/deep_voice/fake/musk-to-trump.wav,27,fake,data/interim/deep_voice_chunks/fake/musk-to-trump_chunk0027.wav,4.0,16000
data/raw/deep_voice/fake/musk-to-trump.wav,28,fake,data/interim/deep_voice_chunks/fake/musk-to-trump_chunk0028.wav,4.0,16000
data/raw/deep_voice/fake/musk-to-trump.wav,29,fake,data/interim/deep_voice_chunks/fake/musk-to-trump_chunk0029.wav,4.0,16000
data/raw/deep_voice/fake/musk-to-trump.wav,30,fake,data/interim/deep_voice_chunks/fake/musk-to-trump_chunk0030.wav,4.0,16000
data/raw/deep_voice/fake/musk-to-trump.wav,31,fake,data/interim/deep_voice_chunks/fake/musk-to-trump_chunk0031.wav,4.0,16000
data/raw/deep_voice/fake/musk-to-trump.wav,32,fake,data/interim/deep_voice_chunks/fake/musk-to-trump_chunk0032.wav,4.0,16000
data/raw/deep_voice/fake/musk-to-trump.wav,33,fake,data/interim/deep_voice_chunks/fake/musk-to-trump_chunk0033.wav,4.0,16000
data/raw/deep_voice/fake/musk-to-trump.wav,34,fake,data/interim/deep_voice_chunks/fake/musk-to-trump_chunk0034.wav,4.0,16000
data/raw/deep_voice/fake/musk-to-trump.wav,35,fake,data/interim/deep_voice_chunks/fake/musk-to-trump_chunk0035.wav,4.0,16000
data/raw/deep_voice/fake/musk-to-trump.wav,36,fake,data/interim/deep_voice_chunks/fake/musk-to-trump_chunk0036.wav,4.0,16000
data/raw/deep_voice/fake/musk-to-trump.wav,37,fake,data/interim/deep_voice_chunks/fake/musk-to-trump_chunk0037.wav,4.0,16000
data/raw/deep_voice/fake/musk-to-trump.wav,38,fake,data/interim/deep_voice_chunks/fake/musk-to-trump_chunk0038.wav,4.0,16000
data/raw/deep_voice/fake/musk-to-trump.wav,39,fake,data/interim/deep_voice_chunks/fake/musk-to-trump_chunk0039.wav,4.0,16000
data/raw/deep_voice/fake/musk-to-trump.wav,40,fake,data/interim/deep_voice_chunks/fake/musk-to-trump_chunk0040.wav,4.0,16000
data/raw/deep_voice/fake/musk-to-trump.wav,41,fake,data/interim/deep_voice_chunks/fake/musk-to-trump_chunk0041.wav,4.0,16000
data/raw/deep_voice/fake/musk-to-trump.wav,42,fake,data/interim/deep_voice_chunks/fake/musk-to-trump_chunk0042.wav,4.0,16000
data/raw/deep_voice/fake/musk-to-trump.wav,43,fake,data/interim/deep_voice_chunks/fake/musk-to-trump_chunk0043.wav,4.0,16000
data/raw/deep_voice/fake/musk-to-trump.wav,44,fake,data/interim/deep_voice_chunks/fake/musk-to-trump_chunk0044.wav,4.0,16000
data/raw/deep_voice/fake/musk-to-trump.wav,45,fake,data/interim/deep_voice_chunks/fake/musk-to-trump_chunk0045.wav,4.0,16000
data/raw/deep_voice/fake/musk-to-trump.wav,46,fake,data/interim/deep_voice_chunks/fake/musk-to-trump_chunk0046.wav,4.0,16000
data/raw/deep_voice/fake/musk-to-trump.wav,47,fake,data/interim/deep_voice_chunks/fake/musk-to-trump_chunk0047.wav,4.0,16000
data/raw/deep_voice/fake/musk-to-trump.wav,48,fake,data/interim/deep_voice_chunks/fake/musk-to-trump_chunk0048.wav,4.0,16000
data/raw/deep_voice/fake/musk-to-trump.wav,49,fake,data/interim/deep_voice_chunks/fake/musk-to-trump_chunk0049.wav,4.0,16000
data/raw/deep_voice/fake/musk-to-trump.wav,50,fake,data/interim/deep_voice_chunks/fake/musk-to-trump_chunk0050.wav,4.0,16000
data/raw/deep_voice/fake/musk-to-trump.wav,51,fake,data/interim/deep_voice_chunks/fake/musk-to-trump_chunk0051.wav,4.0,16000
data/raw/deep_voice/fake/musk-to-trump.wav,52,fake,data/interim/deep_voice_chunks/fake/musk-to-trump_chunk0052.wav,4.0,16000
data/raw/deep_voice/fake/musk-to-trump.wav,53,fake,data/interim/deep_voice_chunks/fake/musk-to-trump_chunk0053.wav,4.0,16000
data/raw/deep_voice/fake/musk-to-trump.wav,54,fake,data/interim/deep_voice_chunks/fake/musk-to-trump_chunk0054.wav,4.0,16000
data/raw/deep_voice/fake/musk-to-trump.wav,55,fake,data/interim/deep_voice_chunks/fake/musk-to-trump_chunk0055.wav,4.0,16000
data/raw/deep_voice/fake/musk-to-trump.wav,56,fake,data/interim/deep_voice_chunks/fake/musk-to-trump_chunk0056.wav,4.0,16000
data/raw/deep_voice/fake/musk-to-trump.wav,57,fake,data/interim/deep_voice_chunks/fake/musk-to-trump_chunk0057.wav,4.0,16000
data/raw/deep_voice/fake/musk-to-trump.wav,58,fake,data/interim/deep_voice_chunks/fake/musk-to-trump_chunk0058.wav,4.0,16000
data/raw/deep_voice/fake/musk-to-trump.wav,59,fake,data/interim/deep_voice_chunks/fake/musk-to-trump_chunk0059.wav,4.0,16000
data/raw/deep_voice/fake/musk-to-trump.wav,60,fake,data/interim/deep_voice_chunks/fake/musk-to-trump_chunk0060.wav,4.0,16000
data/raw/deep_voice/fake/musk-to-trump.wav,61,fake,data/interim/deep_voice_chunks/fake/musk-to-trump_chunk0061.wav,4.0,16000
data/raw/deep_voice/fake/musk-to-trump.wav,62,fake,data/interim/deep_voice_chunks/fake/musk-to-trump_chunk0062.wav,4.0,16000
data/raw/deep_voice/fake/musk-to-trump.wav,63,fake,data/interim/deep_voice_chunks/fake/musk-to-trump_chunk0063.wav,4.0,16000
data/raw/deep_voice/fake/musk-to-trump.wav,64,fake,data/interim/deep_voice_chunks/fake/musk-to-trump_chunk0064.wav,4.0,16000
data/raw/deep_voice/fake/musk-to-trump.wav,65,fake,data/interim/deep_voice_chunks/fake/musk-to-trump_chunk0065.wav,4.0,16000
data/raw/deep_voice/fake/musk-to-trump.wav,66,fake,data/interim/deep_voice_chunks/fake/musk-to-trump_chunk0066.wav,4.0,16000
data/raw/deep_voice/fake/musk-to-trump.wav,67,fake,data/interim/deep_voice_chunks/fake/musk-to-trump_chunk0067.wav,4.0,16000
data/raw/deep_voice/fake/musk-to-trump.wav,68,fake,data/interim/deep_voice_chunks/fake/musk-to-trump_chunk0068.wav,4.0,16000
data/raw/deep_voice/fake/musk-to-trump.wav,69,fake,data/interim/deep_voice_chunks/fake/musk-to-trump_chunk0069.wav,4.0,16000
data/raw/deep_voice/fake/musk-to-trump.wav,70,fake,data/interim/deep_voice_chunks/fake/musk-to-trump_chunk0070.wav,4.0,16000
data/raw/deep_voice/fake/musk-to-trump.wav,71,fake,data/interim/deep_voice_chunks/fake/musk-to-trump_chunk0071.wav,4.0,16000
data/raw/deep_voice/fake/musk-to-trump.wav,72,fake,data/interim/deep_voice_chunks/fake/musk-to-trump_chunk0072.wav,4.0,16000
data/raw/deep_voice/fake/musk-to-trump.wav,73,fake,data/interim/deep_voice_chunks/fake/musk-to-trump_chunk0073.wav,4.0,16000
data/raw/deep_voice/fake/musk-to-trump.wav,74,fake,data/interim/deep_voice_chunks/fake/musk-to-trump_chunk0074.wav,4.0,16000
data/raw/deep_voice/fake/musk-to-trump.wav,75,fake,data/interim/deep_voice_chunks/fake/musk-to-trump_chunk0075.wav,4.0,16000
data/raw/deep_voice/fake/musk-to-trump.wav,76,fake,data/interim/deep_voice_chunks/fake/musk-to-trump_chunk0076.wav,4.0,16000
data/raw/deep_voice/fake/musk-to-trump.wav,77,fake,data/interim/deep_voice_chunks/fake/musk-to-trump_chunk0077.wav,4.0,16000
data/raw/deep_voice/fake/musk-to-trump.wav,78,fake,data/interim/deep_voice_chunks/fake/musk-to-trump_chunk0078.wav,4.0,16000
data/raw/deep_voice/fake/musk-to-trump.wav,79,fake,data/interim/deep_voice_chunks/fake/musk-to-trump_chunk0079.wav,4.0,16000
data/raw/deep_voice/fake/musk-to-trump.wav,80,fake,data/interim/deep_voice_chunks/fake/musk-to-trump_chunk0080.wav,4.0,16000
data/raw/deep_voice/fake/musk-to-trump.wav,81,fake,data/interim/deep_voice_chunks/fake/musk-to-trump_chunk0081.wav,4.0,16000
data/raw/deep_voice/fake/musk-to-trump.wav,82,fake,data/interim/deep_voice_chunks/fake/musk-to-trump_chunk0082.wav,4.0,16000
data/raw/deep_voice/fake/musk-to-trump.wav,83,fake,data/interim/deep_voice_chunks/fake/musk-to-trump_chunk0083.wav,4.0,16000
data/raw/deep_voice/fake/musk-to-trump.wav,84,fake,data/interim/deep_voice_chunks/fake/musk-to-trump_chunk0084.wav,4.0,16000
data/raw/deep_voice/fake/musk-to-trump.wav,85,fake,data/interim/deep_voice_chunks/fake/musk-to-trump_chunk0085.wav,4.0,16000
data/raw/deep_voice/fake/musk-to-trump.wav,86,fake,data/interim/deep_voice_chunks/fake/musk-to-trump_chunk0086.wav,4.0,16000
data/raw/deep_voice/fake/musk-to-trump.wav,87,fake,data/interim/deep_voice_chunks/fake/musk-to-trump_chunk0087.wav,4.0,16000
data/raw/deep_voice/fake/musk-to-trump.wav,88,fake,data/interim/deep_voice_chunks/fake/musk-to-trump_chunk0088.wav,4.0,16000
data/raw/deep_voice/fake/musk-to-trump.wav,89,fake,data/interim/deep_voice_chunks/fake/musk-to-trump_chunk0089.wav,4.0,16000
data/raw/deep_voice/fake/musk-to-trump.wav,90,fake,data/interim/deep_voice_chunks/fake/musk-to-trump_chunk0090.wav,4.0,16000
data/raw/deep_voice/fake/musk-to-trump.wav,91,fake,data/interim/deep_voice_chunks/fake/musk-to-trump_chunk0091.wav,4.0,16000
data/raw/deep_voice/fake/musk-to-trump.wav,92,fake,data/interim/deep_voice_chunks/fake/musk-to-trump_chunk0092.wav,4.0,16000
data/raw/deep_voice/fake/musk-to-trump.wav,93,fake,data/interim/deep_voice_chunks/fake/musk-to-trump_chunk0093.wav,4.0,16000
data/raw/deep_voice/fake/musk-to-trump.wav,94,fake,data/interim/deep_voice_chunks/fake/musk-to-trump_chunk0094.wav,4.0,16000
data/raw/deep_voice/fake/musk-to-trump.wav,95,fake,data/interim/deep_voice_chunks/fake/musk-to-trump_chunk0095.wav,4.0,16000
data/raw/deep_voice/fake/musk-to-trump.wav,96,fake,data/interim/deep_voice_chunks/fake/musk-to-trump_chunk0096.wav,4.0,16000
data/raw/deep_voice/fake/musk-to-trump.wav,97,fake,data/interim/deep_voice_chunks/fake/musk-to-trump_chunk0097.wav,4.0,16000
data/raw/deep_voice/fake/musk-to-trump.wav,98,fake,data/interim/deep_voice_chunks/fake/musk-to-trump_chunk0098.wav,4.0,16000
data/raw/deep_voice/fake/musk-to-trump.wav,99,fake,data/interim/deep_voice_chunks/fake/musk-to-trump_chunk0099.wav,4.0,16000
data/raw/deep_voice/fake/musk-to-trump.wav,100,fake,data/interim/deep_voice_chunks/fake/musk-to-trump_chunk0100.wav,4.0,16000
data/raw/deep_voice/fake/musk-to-trump.wav,101,fake,data/interim/deep_voice_chunks/fake/musk-to-trump_chunk0101.wav,4.0,16000
data/raw/deep_voice/fake/musk-to-trump.wav,102,fake,data/interim/deep_voice_chunks/fake/musk-to-trump_chunk0102.wav,4.0,16000
data/raw/deep_voice/fake/musk-to-trump.wav,103,fake,data/interim/deep_voice_chunks/fake/musk-to-trump_chunk0103.wav,4.0,16000
data/raw/deep_voice/fake/musk-to-trump.wav,104,fake,data/interim/deep_voice_chunks/fake/musk-to-trump_chunk0104.wav,4.0,16000
data/raw/deep_voice/fake/musk-to-trump.wav,105,fake,data/interim/deep_voice_chunks/fake/musk-to-trump_chunk0105.wav,4.0,16000
data/raw/deep_voice/fake/musk-to-trump.wav,106,fake,data/interim/deep_voice_chunks/fake/musk-to-trump_chunk0106.wav,4.0,16000
data/raw/deep_voice/fake/musk-to-trump.wav,107,fake,data/interim/deep_voice_chunks/fake/musk-to-trump_chunk0107.wav,4.0,16000
data/raw/deep_voice/fake/musk-to-trump.wav,108,fake,data/interim/deep_voice_chunks/fake/musk-to-trump_chunk0108.wav,4.0,16000
data/raw/deep_voice/fake/musk-to-trump.wav,109,fake,data/interim/deep_voice_chunks/fake/musk-to-trump_chunk0109.wav,4.0,16000
data/raw/deep_voice/fake/musk-to-trump.wav,110,fake,data/interim/deep_voice_chunks/fake/musk-to-trump_chunk0110.wav,4.0,16000
data/raw/deep_voice/fake/musk-to-trump.wav,111,fake,data/interim/deep_voice_chunks/fake/musk-to-trump_chunk0111.wav,4.0,16000
data/raw/deep_voice/fake/musk-to-trump.wav,112,fake,data/interim/deep_voice_chunks/fake/musk-to-trump_chunk0112.wav,4.0,16000
data/raw/deep_voice/fake/musk-to-trump.wav,113,fake,data/interim/deep_voice_chunks/fake/musk-to-trump_chunk0113.wav,4.0,16000
data/raw/deep_voice/fake/musk-to-trump.wav,114,fake,data/interim/deep_voice_chunks/fake/musk-to-trump_chunk0114.wav,4.0,16000
data/raw/deep_voice/fake/musk-to-trump.wav,115,fake,data/interim/deep_voice_chunks/fake/musk-to-trump_chunk0115.wav,4.0,16000
data/raw/deep_voice/fake/musk-to-trump.wav,116,fake,data/interim/deep_voice_chunks/fake/musk-to-trump_chunk0116.wav,4.0,16000
data/raw/deep_voice/fake/musk-to-trump.wav,117,fake,data/interim/deep_voice_chunks/fake/musk-to-trump_chunk0117.wav,4.0,16000
data/raw/deep_voice/fake/musk-to-trump.wav,118,fake,data/interim/deep_voice_chunks/fake/musk-to-trump_chunk0118.wav,4.0,16000
data/raw/deep_voice/fake/musk-to-trump.wav,119,fake,data/interim/deep_voice_chunks/fake/musk-to-trump_chunk0119.wav,4.0,16000
data/raw/deep_voice/fake/musk-to-trump.wav,120,fake,data/interim/deep_voice_chunks/fake/musk-to-trump_chunk0120.wav,4.0,16000
data/raw/deep_voice/fake/musk-to-trump.wav,121,fake,data/interim/deep_voice_chunks/fake/musk-to-trump_chunk0121.wav,4.0,16000
data/raw/deep_voice/fake/musk-to-trump.wav,122,fake,data/interim/deep_voice_chunks/fake/musk-to-trump_chunk0122.wav,4.0,16000
data/raw/deep_voice/fake/musk-to-trump.wav,123,fake,data/interim/deep_voice_chunks/fake/musk-to-trump_chunk0123.wav,4.0,16000
data/raw/deep_voice/fake/musk-to-trump.wav,124,fake,data/interim/deep_voice_chunks/fake/musk-to-trump_chunk0124.wav,4.0,16000
data/raw/deep_voice/fake/musk-to-trump.wav,125,fake,data/interim/deep_voice_chunks/fake/musk-to-trump_chunk0125.wav,4.0,16000
data/raw/deep_voice/fake/musk-to-trump.wav,126,fake,data/interim/deep_voice_chunks/fake/musk-to-trump_chunk0126.wav,4.0,16000
data/raw/deep_voice/fake/musk-to-trump.wav,127,fake,data/interim/deep_voice_chunks/fake/musk-to-trump_chunk0127.wav,4.0,16000
data/raw/deep_voice/fake/musk-to-trump.wav,128,fake,data/interim/deep_voice_chunks/fake/musk-to-trump_chunk0128.wav,4.0,16000
data/raw/deep_voice/fake/musk-to-trump.wav,129,fake,data/interim/deep_voice_chunks/fake/musk-to-trump_chunk0129.wav,4.0,16000
data/raw/deep_voice/fake/musk-to-trump.wav,130,fake,data/interim/deep_voice_chunks/fake/musk-to-trump_chunk0130.wav,4.0,16000
data/raw/deep_voice/fake/musk-to-trump.wav,131,fake,data/interim/deep_voice_chunks/fake/musk-to-trump_chunk0131.wav,4.0,16000
data/raw/deep_voice/fake/musk-to-trump.wav,132,fake,data/interim/deep_voice_chunks/fake/musk-to-trump_chunk0132.wav,4.0,16000
data/raw/deep_voice/fake/musk-to-trump.wav,133,fake,data/interim/deep_voice_chunks/fake/musk-to-trump_chunk0133.wav,4.0,16000
data/raw/deep_voice/fake/musk-to-trump.wav,134,fake,data/interim/deep_voice_chunks/fake/musk-to-trump_chunk0134.wav,4.0,16000
data/raw/deep_voice/fake/musk-to-trump.wav,135,fake,data/interim/deep_voice_chunks/fake/musk-to-trump_chunk0135.wav,4.0,16000
data/raw/deep_voice/fake/musk-to-trump.wav,136,fake,data/interim/deep_voice_chunks/fake/musk-to-trump_chunk0136.wav,4.0,16000
data/raw/deep_voice/fake/musk-to-trump.wav,137,fake,data/interim/deep_voice_chunks/fake/musk-to-trump_chunk0137.wav,4.0,16000
data/raw/deep_voice/fake/musk-to-trump.wav,138,fake,data/interim/deep_voice_chunks/fake/musk-to-trump_chunk0138.wav,4.0,16000
data/raw/deep_voice/fake/musk-to-trump.wav,139,fake,data/interim/deep_voice_chunks/fake/musk-to-trump_chunk0139.wav,4.0,16000
data/raw/deep_voice/fake/musk-to-trump.wav,140,fake,data/interim/deep_voice_chunks/fake/musk-to-trump_chunk0140.wav,4.0,16000
data/raw/deep_voice/fake/musk-to-trump.wav,141,fake,data/interim/deep_voice_chunks/fake/musk-to-trump_chunk0141.wav,4.0,16000
data/raw/deep_voice/fake/musk-to-trump.wav,142,fake,data/interim/deep_voice_chunks/fake/musk-to-trump_chunk0142.wav,4.0,16000
data/raw/deep_voice/fake/musk-to-trump.wav,143,fake,data/interim/deep_voice_chunks/fake/musk-to-trump_chunk0143.wav,4.0,16000
data/raw/deep_voice/fake/musk-to-trump.wav,144,fake,data/interim/deep_voice_chunks/fake/musk-to-trump_chunk0144.wav,4.0,16000
data/raw/deep_voice/fake/musk-to-trump.wav,145,fake,data/interim/deep_voice_chunks/fake/musk-to-trump_chunk0145.wav,4.0,16000
data/raw/deep_voice/fake/musk-to-trump.wav,146,fake,data/interim/deep_voice_chunks/fake/musk-to-trump_chunk0146.wav,4.0,16000
data/raw/deep_voice/fake/musk-to-trump.wav,147,fake,data/interim/deep_voice_chunks/fake/musk-to-trump_chunk0147.wav,4.0,16000
data/raw/deep_voice/fake/musk-to-trump.wav,148,fake,data/interim/deep_voice_chunks/fake/musk-to-trump_chunk0148.wav,4.0,16000
data/raw/deep_voice/fake/musk-to-trump.wav,149,fake,data/interim/deep_voice_chunks/fake/musk-to-trump_chunk0149.wav,4.0,16000
data/raw/deep_voice/fake/Obama-to-Biden.wav,0,fake,data/interim/deep_voice_chunks/fake/Obama-to-Biden_chunk0000.wav,4.0,16000
data/raw/deep_voice/fake/Obama-to-Biden.wav,1,fake,data/interim/deep_voice_chunks/fake/Obama-to-Biden_chunk0001.wav,4.0,16000
data/raw/deep_voice/fake/Obama-to-Biden.wav,2,fake,data/interim/deep_voice_chunks/fake/Obama-to-Biden_chunk0002.wav,4.0,16000
data/raw/deep_voice/fake/Obama-to-Biden.wav,3,fake,data/interim/deep_voice_chunks/fake/Obama-to-Biden_chunk0003.wav,4.0,16000
data/raw/deep_voice/fake/Obama-to-Biden.wav,4,fake,data/interim/deep_voice_chunks/fake/Obama-to-Biden_chunk0004.wav,4.0,16000
data/raw/deep_voice/fake/Obama-to-Biden.wav,5,fake,data/interim/deep_voice_chunks/fake/Obama-to-Biden_chunk0005.wav,4.0,16000
data/raw/deep_voice/fake/Obama-to-Biden.wav,6,fake,data/interim/deep_voice_chunks/fake/Obama-to-Biden_chunk0006.wav,4.0,16000
data/raw/deep_voice/fake/Obama-to-Biden.wav,7,fake,data/interim/deep_voice_chunks/fake/Obama-to-Biden_chunk0007.wav,4.0,16000
data/raw/deep_voice/fake/Obama-to-Biden.wav,8,fake,data/interim/deep_voice_chunks/fake/Obama-to-Biden_chunk0008.wav,4.0,16000
data/raw/deep_voice/fake/Obama-to-Biden.wav,9,fake,data/interim/deep_voice_chunks/fake/Obama-to-Biden_chunk0009.wav,4.0,16000
data/raw/deep_voice/fake/Obama-to-Biden.wav,10,fake,data/interim/deep_voice_chunks/fake/Obama-to-Biden_chunk0010.wav,4.0,16000
data/raw/deep_voice/fake/Obama-to-Biden.wav,11,fake,data/interim/deep_voice_chunks/fake/Obama-to-Biden_chunk0011.wav,4.0,16000
data/raw/deep_voice/fake/Obama-to-Biden.wav,12,fake,data/interim/deep_voice_chunks/fake/Obama-to-Biden_chunk0012.wav,4.0,16000
data/raw/deep_voice/fake/Obama-to-Biden.wav,13,fake,data/interim/deep_voice_chunks/fake/Obama-to-Biden_chunk0013.wav,4.0,16000
data/raw/deep_voice/fake/Obama-to-Biden.wav,14,fake,data/interim/deep_voice_chunks/fake/Obama-to-Biden_chunk0014.wav,4.0,16000
data/raw/deep_voice/fake/Obama-to-Biden.wav,15,fake,data/interim/deep_voice_chunks/fake/Obama-to-Biden_chunk0015.wav,4.0,16000
data/raw/deep_voice/fake/Obama-to-Biden.wav,16,fake,data/interim/deep_voice_chunks/fake/Obama-to-Biden_chunk0016.wav,4.0,16000
data/raw/deep_voice/fake/Obama-to-Biden.wav,17,fake,data/interim/deep_voice_chunks/fake/Obama-to-Biden_chunk0017.wav,4.0,16000
data/raw/deep_voice/fake/Obama-to-Biden.wav,18,fake,data/interim/deep_voice_chunks/fake/Obama-to-Biden_chunk0018.wav,4.0,16000
data/raw/deep_voice/fake/Obama-to-Biden.wav,19,fake,data/interim/deep_voice_chunks/fake/Obama-to-Biden_chunk0019.wav,4.0,16000
data/raw/deep_voice/fake/Obama-to-Biden.wav,20,fake,data/interim/deep_voice_chunks/fake/Obama-to-Biden_chunk0020.wav,4.0,16000
data/raw/deep_voice/fake/Obama-to-Biden.wav,21,fake,data/interim/deep_voice_chunks/fake/Obama-to-Biden_chunk0021.wav,4.0,16000
data/raw/deep_voice/fake/Obama-to-Biden.wav,22,fake,data/interim/deep_voice_chunks/fake/Obama-to-Biden_chunk0022.wav,4.0,16000
data/raw/deep_voice/fake/Obama-to-Biden.wav,23,fake,data/interim/deep_voice_chunks/fake/Obama-to-Biden_chunk0023.wav,4.0,16000
data/raw/deep_voice/fake/Obama-to-Biden.wav,24,fake,data/interim/deep_voice_chunks/fake/Obama-to-Biden_chunk0024.wav,4.0,16000
data/raw/deep_voice/fake/Obama-to-Biden.wav,25,fake,data/interim/deep_voice_chunks/fake/Obama-to-Biden_chunk0025.wav,4.0,16000
data/raw/deep_voice/fake/Obama-to-Biden.wav,26,fake,data/interim/deep_voice_chunks/fake/Obama-to-Biden_chunk0026.wav,4.0,16000
data/raw/deep_voice/fake/Obama-to-Biden.wav,27,fake,data/interim/deep_voice_chunks/fake/Obama-to-Biden_chunk0027.wav,4.0,16000
data/raw/deep_voice/fake/Obama-to-Biden.wav,28,fake,data/interim/deep_voice_chunks/fake/Obama-to-Biden_chunk0028.wav,4.0,16000
data/raw/deep_voice/fake/Obama-to-Biden.wav,29,fake,data/interim/deep_voice_chunks/fake/Obama-to-Biden_chunk0029.wav,4.0,16000
data/raw/deep_voice/fake/Obama-to-Biden.wav,30,fake,data/interim/deep_voice_chunks/fake/Obama-to-Biden_chunk0030.wav,4.0,16000
data/raw/deep_voice/fake/Obama-to-Biden.wav,31,fake,data/interim/deep_voice_chunks/fake/Obama-to-Biden_chunk0031.wav,4.0,16000
data/raw/deep_voice/fake/Obama-to-Biden.wav,32,fake,data/interim/deep_voice_chunks/fake/Obama-to-Biden_chunk0032.wav,4.0,16000
data/raw/deep_voice/fake/Obama-to-Biden.wav,33,fake,data/interim/deep_voice_chunks/fake/Obama-to-Biden_chunk0033.wav,4.0,16000
data/raw/deep_voice/fake/Obama-to-Biden.wav,34,fake,data/interim/deep_voice_chunks/fake/Obama-to-Biden_chunk0034.wav,4.0,16000
data/raw/deep_voice/fake/Obama-to-Biden.wav,35,fake,data/interim/deep_voice_chunks/fake/Obama-to-Biden_chunk0035.wav,4.0,16000
data/raw/deep_voice/fake/Obama-to-Biden.wav,36,fake,data/interim/deep_voice_chunks/fake/Obama-to-Biden_chunk0036.wav,4.0,16000
data/raw/deep_voice/fake/Obama-to-Biden.wav,37,fake,data/interim/deep_voice_chunks/fake/Obama-to-Biden_chunk0037.wav,4.0,16000
data/raw/deep_voice/fake/Obama-to-Biden.wav,38,fake,data/interim/deep_voice_chunks/fake/Obama-to-Biden_chunk0038.wav,4.0,16000
data/raw/deep_voice/fake/Obama-to-Biden.wav,39,fake,data/interim/deep_voice_chunks/fake/Obama-to-Biden_chunk0039.wav,4.0,16000
data/raw/deep_voice/fake/Obama-to-Biden.wav,40,fake,data/interim/deep_voice_chunks/fake/Obama-to-Biden_chunk0040.wav,4.0,16000
data/raw/deep_voice/fake/Obama-to-Biden.wav,41,fake,data/interim/deep_voice_chunks/fake/Obama-to-Biden_chunk0041.wav,4.0,16000
data/raw/deep_voice/fake/Obama-to-Biden.wav,42,fake,data/interim/deep_voice_chunks/fake/Obama-to-Biden_chunk0042.wav,4.0,16000
data/raw/deep_voice/fake/Obama-to-Biden.wav,43,fake,data/interim/deep_voice_chunks/fake/Obama-to-Biden_chunk0043.wav,4.0,16000
data/raw/deep_voice/fake/Obama-to-Biden.wav,44,fake,data/interim/deep_voice_chunks/fake/Obama-to-Biden_chunk0044.wav,4.0,16000
data/raw/deep_voice/fake/Obama-to-Biden.wav,45,fake,data/interim/deep_voice_chunks/fake/Obama-to-Biden_chunk0045.wav,4.0,16000
data/raw/deep_voice/fake/Obama-to-Biden.wav,46,fake,data/interim/deep_voice_chunks/fake/Obama-to-Biden_chunk0046.wav,4.0,16000
data/raw/deep_voice/fake/Obama-to-Biden.wav,47,fake,data/interim/deep_voice_chunks/fake/Obama-to-Biden_chunk0047.wav,4.0,16000
data/raw/deep_voice/fake/Obama-to-Biden.wav,48,fake,data/interim/deep_voice_chunks/fake/Obama-to-Biden_chunk0048.wav,4.0,16000
data/raw/deep_voice/fake/Obama-to-Biden.wav,49,fake,data/interim/deep_voice_chunks/fake/Obama-to-Biden_chunk0049.wav,4.0,16000
data/raw/deep_voice/fake/Obama-to-Biden.wav,50,fake,data/interim/deep_voice_chunks/fake/Obama-to-Biden_chunk0050.wav,4.0,16000
data/raw/deep_voice/fake/Obama-to-Biden.wav,51,fake,data/interim/deep_voice_chunks/fake/Obama-to-Biden_chunk0051.wav,4.0,16000
data/raw/deep_voice/fake/Obama-to-Biden.wav,52,fake,data/interim/deep_voice_chunks/fake/Obama-to-Biden_chunk0052.wav,4.0,16000
data/raw/deep_voice/fake/Obama-to-Biden.wav,53,fake,data/interim/deep_voice_chunks/fake/Obama-to-Biden_chunk0053.wav,4.0,16000
data/raw/deep_voice/fake/Obama-to-Biden.wav,54,fake,data/interim/deep_voice_chunks/fake/Obama-to-Biden_chunk0054.wav,4.0,16000
data/raw/deep_voice/fake/Obama-to-Biden.wav,55,fake,data/interim/deep_voice_chunks/fake/Obama-to-Biden_chunk0055.wav,4.0,16000
data/raw/deep_voice/fake/Obama-to-Biden.wav,56,fake,data/interim/deep_voice_chunks/fake/Obama-to-Biden_chunk0056.wav,4.0,16000
data/raw/deep_voice/fake/Obama-to-Biden.wav,57,fake,data/interim/deep_voice_chunks/fake/Obama-to-Biden_chunk0057.wav,4.0,16000
data/raw/deep_voice/fake/Obama-to-Biden.wav,58,fake,data/interim/deep_voice_chunks/fake/Obama-to-Biden_chunk0058.wav,4.0,16000
data/raw/deep_voice/fake/Obama-to-Biden.wav,59,fake,data/interim/deep_voice_chunks/fake/Obama-to-Biden_chunk0059.wav,4.0,16000
data/raw/deep_voice/fake/Obama-to-Biden.wav,60,fake,data/interim/deep_voice_chunks/fake/Obama-to-Biden_chunk0060.wav,4.0,16000
data/raw/deep_voice/fake/Obama-to-Biden.wav,61,fake,data/interim/deep_voice_chunks/fake/Obama-to-Biden_chunk0061.wav,4.0,16000
data/raw/deep_voice/fake/Obama-to-Biden.wav,62,fake,data/interim/deep_voice_chunks/fake/Obama-to-Biden_chunk0062.wav,4.0,16000
data/raw/deep_voice/fake/Obama-to-Biden.wav,63,fake,data/interim/deep_voice_chunks/fake/Obama-to-Biden_chunk0063.wav,4.0,16000
data/raw/deep_voice/fake/Obama-to-Biden.wav,64,fake,data/interim/deep_voice_chunks/fake/Obama-to-Biden_chunk0064.wav,4.0,16000
data/raw/deep_voice/fake/Obama-to-Biden.wav,65,fake,data/interim/deep_voice_chunks/fake/Obama-to-Biden_chunk0065.wav,4.0,16000
data/raw/deep_voice/fake/Obama-to-Biden.wav,66,fake,data/interim/deep_voice_chunks/fake/Obama-to-Biden_chunk0066.wav,4.0,16000
data/raw/deep_voice/fake/Obama-to-Biden.wav,67,fake,data/interim/deep_voice_chunks/fake/Obama-to-Biden_chunk0067.wav,4.0,16000
data/raw/deep_voice/fake/Obama-to-Biden.wav,68,fake,data/interim/deep_voice_chunks/fake/Obama-to-Biden_chunk0068.wav,4.0,16000
data/raw/deep_voice/fake/Obama-to-Biden.wav,69,fake,data/interim/deep_voice_chunks/fake/Obama-to-Biden_chunk0069.wav,4.0,16000
data/raw/deep_voice/fake/Obama-to-Biden.wav,70,fake,data/interim/deep_voice_chunks/fake/Obama-to-Biden_chunk0070.wav,4.0,16000
data/raw/deep_voice/fake/Obama-to-Biden.wav,71,fake,data/interim/deep_voice_chunks/fake/Obama-to-Biden_chunk0071.wav,4.0,16000
data/raw/deep_voice/fake/Obama-to-Biden.wav,72,fake,data/interim/deep_voice_chunks/fake/Obama-to-Biden_chunk0072.wav,4.0,16000
data/raw/deep_voice/fake/Obama-to-Biden.wav,73,fake,data/interim/deep_voice_chunks/fake/Obama-to-Biden_chunk0073.wav,4.0,16000
data/raw/deep_voice/fake/Obama-to-Biden.wav,74,fake,data/interim/deep_voice_chunks/fake/Obama-to-Biden_chunk0074.wav,4.0,16000
data/raw/deep_voice/fake/Obama-to-Biden.wav,75,fake,data/interim/deep_voice_chunks/fake/Obama-to-Biden_chunk0075.wav,4.0,16000
data/raw/deep_voice/fake/Obama-to-Biden.wav,76,fake,data/interim/deep_voice_chunks/fake/Obama-to-Biden_chunk0076.wav,4.0,16000
data/raw/deep_voice/fake/Obama-to-Biden.wav,77,fake,data/interim/deep_voice_chunks/fake/Obama-to-Biden_chunk0077.wav,4.0,16000
data/raw/deep_voice/fake/Obama-to-Biden.wav,78,fake,data/interim/deep_voice_chunks/fake/Obama-to-Biden_chunk0078.wav,4.0,16000
data/raw/deep_voice/fake/Obama-to-Biden.wav,79,fake,data/interim/deep_voice_chunks/fake/Obama-to-Biden_chunk0079.wav,4.0,16000
data/raw/deep_voice/fake/Obama-to-Biden.wav,80,fake,data/interim/deep_voice_chunks/fake/Obama-to-Biden_chunk0080.wav,4.0,16000
data/raw/deep_voice/fake/Obama-to-Biden.wav,81,fake,data/interim/deep_voice_chunks/fake/Obama-to-Biden_chunk0081.wav,4.0,16000
data/raw/deep_voice/fake/Obama-to-Biden.wav,82,fake,data/interim/deep_voice_chunks/fake/Obama-to-Biden_chunk0082.wav,4.0,16000
data/raw/deep_voice/fake/Obama-to-Biden.wav,83,fake,data/interim/deep_voice_chunks/fake/Obama-to-Biden_chunk0083.wav,4.0,16000
data/raw/deep_voice/fake/Obama-to-Biden.wav,84,fake,data/interim/deep_voice_chunks/fake/Obama-to-Biden_chunk0084.wav,4.0,16000
data/raw/deep_voice/fake/Obama-to-Biden.wav,85,fake,data/interim/deep_voice_chunks/fake/Obama-to-Biden_chunk0085.wav,4.0,16000
data/raw/deep_voice/fake/Obama-to-Biden.wav,86,fake,data/interim/deep_voice_chunks/fake/Obama-to-Biden_chunk0086.wav,4.0,16000
data/raw/deep_voice/fake/Obama-to-Biden.wav,87,fake,data/interim/deep_voice_chunks/fake/Obama-to-Biden_chunk0087.wav,4.0,16000
data/raw/deep_voice/fake/Obama-to-Biden.wav,88,fake,data/interim/deep_voice_chunks/fake/Obama-to-Biden_chunk0088.wav,4.0,16000
data/raw/deep_voice/fake/Obama-to-Biden.wav,89,fake,data/interim/deep_voice_chunks/fake/Obama-to-Biden_chunk0089.wav,4.0,16000
data/raw/deep_voice/fake/Obama-to-Biden.wav,90,fake,data/interim/deep_voice_chunks/fake/Obama-to-Biden_chunk0090.wav,4.0,16000
data/raw/deep_voice/fake/Obama-to-Biden.wav,91,fake,data/interim/deep_voice_chunks/fake/Obama-to-Biden_chunk0091.wav,4.0,16000
data/raw/deep_voice/fake/Obama-to-Biden.wav,92,fake,data/interim/deep_voice_chunks/fake/Obama-to-Biden_chunk0092.wav,4.0,16000
data/raw/deep_voice/fake/Obama-to-Biden.wav,93,fake,data/interim/deep_voice_chunks/fake/Obama-to-Biden_chunk0093.wav,4.0,16000
data/raw/deep_voice/fake/Obama-to-Biden.wav,94,fake,data/interim/deep_voice_chunks/fake/Obama-to-Biden_chunk0094.wav,4.0,16000
data/raw/deep_voice/fake/Obama-to-Biden.wav,95,fake,data/interim/deep_voice_chunks/fake/Obama-to-Biden_chunk0095.wav,4.0,16000
data/raw/deep_voice/fake/Obama-to-Biden.wav,96,fake,data/interim/deep_voice_chunks/fake/Obama-to-Biden_chunk0096.wav,4.0,16000
data/raw/deep_voice/fake/Obama-to-Biden.wav,97,fake,data/interim/deep_voice_chunks/fake/Obama-to-Biden_chunk0097.wav,4.0,16000
data/raw/deep_voice/fake/Obama-to-Biden.wav,98,fake,data/interim/deep_voice_chunks/fake/Obama-to-Biden_chunk0098.wav,4.0,16000
data/raw/deep_voice/fake/Obama-to-Biden.wav,99,fake,data/interim/deep_voice_chunks/fake/Obama-to-Biden_chunk0099.wav,4.0,16000
data/raw/deep_voice/fake/Obama-to-Biden.wav,100,fake,data/interim/deep_voice_chunks/fake/Obama-to-Biden_chunk0100.wav,4.0,16000
data/raw/deep_voice/fake/Obama-to-Biden.wav,101,fake,data/interim/deep_voice_chunks/fake/Obama-to-Biden_chunk0101.wav,4.0,16000
data/raw/deep_voice/fake/Obama-to-Biden.wav,102,fake,data/interim/deep_voice_chunks/fake/Obama-to-Biden_chunk0102.wav,4.0,16000
data/raw/deep_voice/fake/Obama-to-Biden.wav,103,fake,data/interim/deep_voice_chunks/fake/Obama-to-Biden_chunk0103.wav,4.0,16000
data/raw/deep_voice/fake/Obama-to-Biden.wav,104,fake,data/interim/deep_voice_chunks/fake/Obama-to-Biden_chunk0104.wav,4.0,16000
data/raw/deep_voice/fake/Obama-to-Biden.wav,105,fake,data/interim/deep_voice_chunks/fake/Obama-to-Biden_chunk0105.wav,4.0,16000
data/raw/deep_voice/fake/Obama-to-Biden.wav,106,fake,data/interim/deep_voice_chunks/fake/Obama-to-Biden_chunk0106.wav,4.0,16000
data/raw/deep_voice/fake/Obama-to-Biden.wav,107,fake,data/interim/deep_voice_chunks/fake/Obama-to-Biden_chunk0107.wav,4.0,16000
data/raw/deep_voice/fake/Obama-to-Biden.wav,108,fake,data/interim/deep_voice_chunks/fake/Obama-to-Biden_chunk0108.wav,4.0,16000
data/raw/deep_voice/fake/Obama-to-Biden.wav,109,fake,data/interim/deep_voice_chunks/fake/Obama-to-Biden_chunk0109.wav,4.0,16000
data/raw/deep_voice/fake/Obama-to-Biden.wav,110,fake,data/interim/deep_voice_chunks/fake/Obama-to-Biden_chunk0110.wav,4.0,16000
data/raw/deep_voice/fake/Obama-to-Biden.wav,111,fake,data/interim/deep_voice_chunks/fake/Obama-to-Biden_chunk0111.wav,4.0,16000
data/raw/deep_voice/fake/Obama-to-Biden.wav,112,fake,data/interim/deep_voice_chunks/fake/Obama-to-Biden_chunk0112.wav,4.0,16000
data/raw/deep_voice/fake/Obama-to-Biden.wav,113,fake,data/interim/deep_voice_chunks/fake/Obama-to-Biden_chunk0113.wav,4.0,16000
data/raw/deep_voice/fake/Obama-to-Biden.wav,114,fake,data/interim/deep_voice_chunks/fake/Obama-to-Biden_chunk0114.wav,4.0,16000
data/raw/deep_voice/fake/Obama-to-Biden.wav,115,fake,data/interim/deep_voice_chunks/fake/Obama-to-Biden_chunk0115.wav,4.0,16000
data/raw/deep_voice/fake/Obama-to-Biden.wav,116,fake,data/interim/deep_voice_chunks/fake/Obama-to-Biden_chunk0116.wav,4.0,16000
data/raw/deep_voice/fake/Obama-to-Biden.wav,117,fake,data/interim/deep_voice_chunks/fake/Obama-to-Biden_chunk0117.wav,4.0,16000
data/raw/deep_voice/fake/Obama-to-Biden.wav,118,fake,data/interim/deep_voice_chunks/fake/Obama-to-Biden_chunk0118.wav,4.0,16000
data/raw/deep_voice/fake/Obama-to-Biden.wav,119,fake,data/interim/deep_voice_chunks/fake/Obama-to-Biden_chunk0119.wav,4.0,16000
data/raw/deep_voice/fake/Obama-to-Biden.wav,120,fake,data/interim/deep_voice_chunks/fake/Obama-to-Biden_chunk0120.wav,4.0,16000
data/raw/deep_voice/fake/Obama-to-Biden.wav,121,fake,data/interim/deep_voice_chunks/fake/Obama-to-Biden_chunk0121.wav,4.0,16000
data/raw/deep_voice/fake/Obama-to-Biden.wav,122,fake,data/interim/deep_voice_chunks/fake/Obama-to-Biden_chunk0122.wav,4.0,16000
data/raw/deep_voice/fake/Obama-to-Biden.wav,123,fake,data/interim/deep_voice_chunks/fake/Obama-to-Biden_chunk0123.wav,4.0,16000
data/raw/deep_voice/fake/Obama-to-Biden.wav,124,fake,data/interim/deep_voice_chunks/fake/Obama-to-Biden_chunk0124.wav,4.0,16000
data/raw/deep_voice/fake/Obama-to-Biden.wav,125,fake,data/interim/deep_voice_chunks/fake/Obama-to-Biden_chunk0125.wav,4.0,16000
data/raw/deep_voice/fake/Obama-to-Biden.wav,126,fake,data/interim/deep_voice_chunks/fake/Obama-to-Biden_chunk0126.wav,4.0,16000
data/raw/deep_voice/fake/Obama-to-Biden.wav,127,fake,data/interim/deep_voice_chunks/fake/Obama-to-Biden_chunk0127.wav,4.0,16000
data/raw/deep_voice/fake/Obama-to-Biden.wav,128,fake,data/interim/deep_voice_chunks/fake/Obama-to-Biden_chunk0128.wav,4.0,16000
data/raw/deep_voice/fake/Obama-to-Biden.wav,129,fake,data/interim/deep_voice_chunks/fake/Obama-to-Biden_chunk0129.wav,4.0,16000
data/raw/deep_voice/fake/Obama-to-Biden.wav,130,fake,data/interim/deep_voice_chunks/fake/Obama-to-Biden_chunk0130.wav,4.0,16000
data/raw/deep_voice/fake/Obama-to-Biden.wav,131,fake,data/interim/deep_voice_chunks/fake/Obama-to-Biden_chunk0131.wav,4.0,16000
data/raw/deep_voice/fake/Obama-to-Biden.wav,132,fake,data/interim/deep_voice_chunks/fake/Obama-to-Biden_chunk0132.wav,4.0,16000
data/raw/deep_voice/fake/Obama-to-Biden.wav,133,fake,data/interim/deep_voice_chunks/fake/Obama-to-Biden_chunk0133.wav,4.0,16000
data/raw/deep_voice/fake/obama-to-linus.wav,0,fake,data/interim/deep_voice_chunks/fake/obama-to-linus_chunk0000.wav,4.0,16000
data/raw/deep_voice/fake/obama-to-linus.wav,1,fake,data/interim/deep_voice_chunks/fake/obama-to-linus_chunk0001.wav,4.0,16000
data/raw/deep_voice/fake/obama-to-linus.wav,2,fake,data/interim/deep_voice_chunks/fake/obama-to-linus_chunk0002.wav,4.0,16000
data/raw/deep_voice/fake/obama-to-linus.wav,3,fake,data/interim/deep_voice_chunks/fake/obama-to-linus_chunk0003.wav,4.0,16000
data/raw/deep_voice/fake/obama-to-linus.wav,4,fake,data/interim/deep_voice_chunks/fake/obama-to-linus_chunk0004.wav,4.0,16000
data/raw/deep_voice/fake/obama-to-linus.wav,5,fake,data/interim/deep_voice_chunks/fake/obama-to-linus_chunk0005.wav,4.0,16000
data/raw/deep_voice/fake/obama-to-linus.wav,6,fake,data/interim/deep_voice_chunks/fake/obama-to-linus_chunk0006.wav,4.0,16000
data/raw/deep_voice/fake/obama-to-linus.wav,7,fake,data/interim/deep_voice_chunks/fake/obama-to-linus_chunk0007.wav,4.0,16000
data/raw/deep_voice/fake/obama-to-linus.wav,8,fake,data/interim/deep_voice_chunks/fake/obama-to-linus_chunk0008.wav,4.0,16000
data/raw/deep_voice/fake/obama-to-linus.wav,9,fake,data/interim/deep_voice_chunks/fake/obama-to-linus_chunk0009.wav,4.0,16000
data/raw/deep_voice/fake/obama-to-linus.wav,10,fake,data/interim/deep_voice_chunks/fake/obama-to-linus_chunk0010.wav,4.0,16000
data/raw/deep_voice/fake/obama-to-linus.wav,11,fake,data/interim/deep_voice_chunks/fake/obama-to-linus_chunk0011.wav,4.0,16000
data/raw/deep_voice/fake/obama-to-linus.wav,12,fake,data/interim/deep_voice_chunks/fake/obama-to-linus_chunk0012.wav,4.0,16000
data/raw/deep_voice/fake/obama-to-linus.wav,13,fake,data/interim/deep_voice_chunks/fake/obama-to-linus_chunk0013.wav,4.0,16000
data/raw/deep_voice/fake/obama-to-linus.wav,14,fake,data/interim/deep_voice_chunks/fake/obama-to-linus_chunk0014.wav,4.0,16000
data/raw/deep_voice/fake/obama-to-linus.wav,15,fake,data/interim/deep_voice_chunks/fake/obama-to-linus_chunk0015.wav,4.0,16000
data/raw/deep_voice/fake/obama-to-linus.wav,16,fake,data/interim/deep_voice_chunks/fake/obama-to-linus_chunk0016.wav,4.0,16000
data/raw/deep_voice/fake/obama-to-linus.wav,17,fake,data/interim/deep_voice_chunks/fake/obama-to-linus_chunk0017.wav,4.0,16000
data/raw/deep_voice/fake/obama-to-linus.wav,18,fake,data/interim/deep_voice_chunks/fake/obama-to-linus_chunk0018.wav,4.0,16000
data/raw/deep_voice/fake/obama-to-linus.wav,19,fake,data/interim/deep_voice_chunks/fake/obama-to-linus_chunk0019.wav,4.0,16000
data/raw/deep_voice/fake/obama-to-linus.wav,20,fake,data/interim/deep_voice_chunks/fake/obama-to-linus_chunk0020.wav,4.0,16000
data/raw/deep_voice/fake/obama-to-linus.wav,21,fake,data/interim/deep_voice_chunks/fake/obama-to-linus_chunk0021.wav,4.0,16000
data/raw/deep_voice/fake/obama-to-linus.wav,22,fake,data/interim/deep_voice_chunks/fake/obama-to-linus_chunk0022.wav,4.0,16000
data/raw/deep_voice/fake/obama-to-linus.wav,23,fake,data/interim/deep_voice_chunks/fake/obama-to-linus_chunk0023.wav,4.0,16000
data/raw/deep_voice/fake/obama-to-linus.wav,24,fake,data/interim/deep_voice_chunks/fake/obama-to-linus_chunk0024.wav,4.0,16000
data/raw/deep_voice/fake/obama-to-linus.wav,25,fake,data/interim/deep_voice_chunks/fake/obama-to-linus_chunk0025.wav,4.0,16000
data/raw/deep_voice/fake/obama-to-linus.wav,26,fake,data/interim/deep_voice_chunks/fake/obama-to-linus_chunk0026.wav,4.0,16000
data/raw/deep_voice/fake/obama-to-linus.wav,27,fake,data/interim/deep_voice_chunks/fake/obama-to-linus_chunk0027.wav,4.0,16000
data/raw/deep_voice/fake/obama-to-linus.wav,28,fake,data/interim/deep_voice_chunks/fake/obama-to-linus_chunk0028.wav,4.0,16000
data/raw/deep_voice/fake/obama-to-linus.wav,29,fake,data/interim/deep_voice_chunks/fake/obama-to-linus_chunk0029.wav,4.0,16000
data/raw/deep_voice/fake/obama-to-linus.wav,30,fake,data/interim/deep_voice_chunks/fake/obama-to-linus_chunk0030.wav,4.0,16000
data/raw/deep_voice/fake/obama-to-linus.wav,31,fake,data/interim/deep_voice_chunks/fake/obama-to-linus_chunk0031.wav,4.0,16000
data/raw/deep_voice/fake/obama-to-linus.wav,32,fake,data/interim/deep_voice_chunks/fake/obama-to-linus_chunk0032.wav,4.0,16000
data/raw/deep_voice/fake/obama-to-linus.wav,33,fake,data/interim/deep_voice_chunks/fake/obama-to-linus_chunk0033.wav,4.0,16000
data/raw/deep_voice/fake/obama-to-linus.wav,34,fake,data/interim/deep_voice_chunks/fake/obama-to-linus_chunk0034.wav,4.0,16000
data/raw/deep_voice/fake/obama-to-linus.wav,35,fake,data/interim/deep_voice_chunks/fake/obama-to-linus_chunk0035.wav,4.0,16000
data/raw/deep_voice/fake/obama-to-linus.wav,36,fake,data/interim/deep_voice_chunks/fake/obama-to-linus_chunk0036.wav,4.0,16000
data/raw/deep_voice/fake/obama-to-linus.wav,37,fake,data/interim/deep_voice_chunks/fake/obama-to-linus_chunk0037.wav,4.0,16000
data/raw/deep_voice/fake/obama-to-linus.wav,38,fake,data/interim/deep_voice_chunks/fake/obama-to-linus_chunk0038.wav,4.0,16000
data/raw/deep_voice/fake/obama-to-linus.wav,39,fake,data/interim/deep_voice_chunks/fake/obama-to-linus_chunk0039.wav,4.0,16000
data/raw/deep_voice/fake/obama-to-linus.wav,40,fake,data/interim/deep_voice_chunks/fake/obama-to-linus_chunk0040.wav,4.0,16000
data/raw/deep_voice/fake/obama-to-linus.wav,41,fake,data/interim/deep_voice_chunks/fake/obama-to-linus_chunk0041.wav,4.0,16000
data/raw/deep_voice/fake/obama-to-linus.wav,42,fake,data/interim/deep_voice_chunks/fake/obama-to-linus_chunk0042.wav,4.0,16000
data/raw/deep_voice/fake/obama-to-linus.wav,43,fake,data/interim/deep_voice_chunks/fake/obama-to-linus_chunk0043.wav,4.0,16000
data/raw/deep_voice/fake/obama-to-linus.wav,44,fake,data/interim/deep_voice_chunks/fake/obama-to-linus_chunk0044.wav,4.0,16000
data/raw/deep_voice/fake/obama-to-linus.wav,45,fake,data/interim/deep_voice_chunks/fake/obama-to-linus_chunk0045.wav,4.0,16000
data/raw/deep_voice/fake/obama-to-linus.wav,46,fake,data/interim/deep_voice_chunks/fake/obama-to-linus_chunk0046.wav,4.0,16000
data/raw/deep_voice/fake/obama-to-linus.wav,47,fake,data/interim/deep_voice_chunks/fake/obama-to-linus_chunk0047.wav,4.0,16000
data/raw/deep_voice/fake/obama-to-linus.wav,48,fake,data/interim/deep_voice_chunks/fake/obama-to-linus_chunk0048.wav,4.0,16000
data/raw/deep_voice/fake/obama-to-linus.wav,49,fake,data/interim/deep_voice_chunks/fake/obama-to-linus_chunk0049.wav,4.0,16000
data/raw/deep_voice/fake/obama-to-linus.wav,50,fake,data/interim/deep_voice_chunks/fake/obama-to-linus_chunk0050.wav,4.0,16000
data/raw/deep_voice/fake/obama-to-linus.wav,51,fake,data/interim/deep_voice_chunks/fake/obama-to-linus_chunk0051.wav,4.0,16000
data/raw/deep_voice/fake/obama-to-linus.wav,52,fake,data/interim/deep_voice_chunks/fake/obama-to-linus_chunk0052.wav,4.0,16000
data/raw/deep_voice/fake/obama-to-linus.wav,53,fake,data/interim/deep_voice_chunks/fake/obama-to-linus_chunk0053.wav,4.0,16000
data/raw/deep_voice/fake/obama-to-linus.wav,54,fake,data/interim/deep_voice_chunks/fake/obama-to-linus_chunk0054.wav,4.0,16000
data/raw/deep_voice/fake/obama-to-linus.wav,55,fake,data/interim/deep_voice_chunks/fake/obama-to-linus_chunk0055.wav,4.0,16000
data/raw/deep_voice/fake/obama-to-linus.wav,56,fake,data/interim/deep_voice_chunks/fake/obama-to-linus_chunk0056.wav,4.0,16000
data/raw/deep_voice/fake/obama-to-linus.wav,57,fake,data/interim/deep_voice_chunks/fake/obama-to-linus_chunk0057.wav,4.0,16000
data/raw/deep_voice/fake/obama-to-linus.wav,58,fake,data/interim/deep_voice_chunks/fake/obama-to-linus_chunk0058.wav,4.0,16000
data/raw/deep_voice/fake/obama-to-linus.wav,59,fake,data/interim/deep_voice_chunks/fake/obama-to-linus_chunk0059.wav,4.0,16000
data/raw/deep_voice/fake/obama-to-linus.wav,60,fake,data/interim/deep_voice_chunks/fake/obama-to-linus_chunk0060.wav,4.0,16000
data/raw/deep_voice/fake/obama-to-linus.wav,61,fake,data/interim/deep_voice_chunks/fake/obama-to-linus_chunk0061.wav,4.0,16000
data/raw/deep_voice/fake/obama-to-linus.wav,62,fake,data/interim/deep_voice_chunks/fake/obama-to-linus_chunk0062.wav,4.0,16000
data/raw/deep_voice/fake/obama-to-linus.wav,63,fake,data/interim/deep_voice_chunks/fake/obama-to-linus_chunk0063.wav,4.0,16000
data/raw/deep_voice/fake/obama-to-linus.wav,64,fake,data/interim/deep_voice_chunks/fake/obama-to-linus_chunk0064.wav,4.0,16000
data/raw/deep_voice/fake/obama-to-linus.wav,65,fake,data/interim/deep_voice_chunks/fake/obama-to-linus_chunk0065.wav,4.0,16000
data/raw/deep_voice/fake/obama-to-linus.wav,66,fake,data/interim/deep_voice_chunks/fake/obama-to-linus_chunk0066.wav,4.0,16000
data/raw/deep_voice/fake/obama-to-linus.wav,67,fake,data/interim/deep_voice_chunks/fake/obama-to-linus_chunk0067.wav,4.0,16000
data/raw/deep_voice/fake/obama-to-linus.wav,68,fake,data/interim/deep_voice_chunks/fake/obama-to-linus_chunk0068.wav,4.0,16000
data/raw/deep_voice/fake/obama-to-linus.wav,69,fake,data/interim/deep_voice_chunks/fake/obama-to-linus_chunk0069.wav,4.0,16000
data/raw/deep_voice/fake/obama-to-linus.wav,70,fake,data/interim/deep_voice_chunks/fake/obama-to-linus_chunk0070.wav,4.0,16000
data/raw/deep_voice/fake/obama-to-linus.wav,71,fake,data/interim/deep_voice_chunks/fake/obama-to-linus_chunk0071.wav,4.0,16000
data/raw/deep_voice/fake/obama-to-linus.wav,72,fake,data/interim/deep_voice_chunks/fake/obama-to-linus_chunk0072.wav,4.0,16000
data/raw/deep_voice/fake/obama-to-linus.wav,73,fake,data/interim/deep_voice_chunks/fake/obama-to-linus_chunk0073.wav,4.0,16000
data/raw/deep_voice/fake/obama-to-linus.wav,74,fake,data/interim/deep_voice_chunks/fake/obama-to-linus_chunk0074.wav,4.0,16000
data/raw/deep_voice/fake/obama-to-linus.wav,75,fake,data/interim/deep_voice_chunks/fake/obama-to-linus_chunk0075.wav,4.0,16000
data/raw/deep_voice/fake/obama-to-linus.wav,76,fake,data/interim/deep_voice_chunks/fake/obama-to-linus_chunk0076.wav,4.0,16000
data/raw/deep_voice/fake/obama-to-linus.wav,77,fake,data/interim/deep_voice_chunks/fake/obama-to-linus_chunk0077.wav,4.0,16000
data/raw/deep_voice/fake/obama-to-linus.wav,78,fake,data/interim/deep_voice_chunks/fake/obama-to-linus_chunk0078.wav,4.0,16000
data/raw/deep_voice/fake/obama-to-linus.wav,79,fake,data/interim/deep_voice_chunks/fake/obama-to-linus_chunk0079.wav,4.0,16000
data/raw/deep_voice/fake/obama-to-linus.wav,80,fake,data/interim/deep_voice_chunks/fake/obama-to-linus_chunk0080.wav,4.0,16000
data/raw/deep_voice/fake/obama-to-linus.wav,81,fake,data/interim/deep_voice_chunks/fake/obama-to-linus_chunk0081.wav,4.0,16000
data/raw/deep_voice/fake/obama-to-linus.wav,82,fake,data/interim/deep_voice_chunks/fake/obama-to-linus_chunk0082.wav,4.0,16000
data/raw/deep_voice/fake/obama-to-linus.wav,83,fake,data/interim/deep_voice_chunks/fake/obama-to-linus_chunk0083.wav,4.0,16000
data/raw/deep_voice/fake/obama-to-linus.wav,84,fake,data/interim/deep_voice_chunks/fake/obama-to-linus_chunk0084.wav,4.0,16000
data/raw/deep_voice/fake/obama-to-linus.wav,85,fake,data/interim/deep_voice_chunks/fake/obama-to-linus_chunk0085.wav,4.0,16000
data/raw/deep_voice/fake/obama-to-linus.wav,86,fake,data/interim/deep_voice_chunks/fake/obama-to-linus_chunk0086.wav,4.0,16000
data/raw/deep_voice/fake/obama-to-linus.wav,87,fake,data/interim/deep_voice_chunks/fake/obama-to-linus_chunk0087.wav,4.0,16000
data/raw/deep_voice/fake/obama-to-linus.wav,88,fake,data/interim/deep_voice_chunks/fake/obama-to-linus_chunk0088.wav,4.0,16000
data/raw/deep_voice/fake/obama-to-linus.wav,89,fake,data/interim/deep_voice_chunks/fake/obama-to-linus_chunk0089.wav,4.0,16000
data/raw/deep_voice/fake/obama-to-linus.wav,90,fake,data/interim/deep_voice_chunks/fake/obama-to-linus_chunk0090.wav,4.0,16000
data/raw/deep_voice/fake/obama-to-linus.wav,91,fake,data/interim/deep_voice_chunks/fake/obama-to-linus_chunk0091.wav,4.0,16000
data/raw/deep_voice/fake/obama-to-linus.wav,92,fake,data/interim/deep_voice_chunks/fake/obama-to-linus_chunk0092.wav,4.0,16000
data/raw/deep_voice/fake/obama-to-linus.wav,93,fake,data/interim/deep_voice_chunks/fake/obama-to-linus_chunk0093.wav,4.0,16000
data/raw/deep_voice/fake/obama-to-linus.wav,94,fake,data/interim/deep_voice_chunks/fake/obama-to-linus_chunk0094.wav,4.0,16000
data/raw/deep_voice/fake/obama-to-linus.wav,95,fake,data/interim/deep_voice_chunks/fake/obama-to-linus_chunk0095.wav,4.0,16000
data/raw/deep_voice/fake/obama-to-linus.wav,96,fake,data/interim/deep_voice_chunks/fake/obama-to-linus_chunk0096.wav,4.0,16000
data/raw/deep_voice/fake/obama-to-linus.wav,97,fake,data/interim/deep_voice_chunks/fake/obama-to-linus_chunk0097.wav,4.0,16000
data/raw/deep_voice/fake/obama-to-linus.wav,98,fake,data/interim/deep_voice_chunks/fake/obama-to-linus_chunk0098.wav,4.0,16000
data/raw/deep_voice/fake/obama-to-linus.wav,99,fake,data/interim/deep_voice_chunks/fake/obama-to-linus_chunk0099.wav,4.0,16000
data/raw/deep_voice/fake/obama-to-linus.wav,100,fake,data/interim/deep_voice_chunks/fake/obama-to-linus_chunk0100.wav,4.0,16000
data/raw/deep_voice/fake/obama-to-linus.wav,101,fake,data/interim/deep_voice_chunks/fake/obama-to-linus_chunk0101.wav,4.0,16000
data/raw/deep_voice/fake/obama-to-linus.wav,102,fake,data/interim/deep_voice_chunks/fake/obama-to-linus_chunk0102.wav,4.0,16000
data/raw/deep_voice/fake/obama-to-linus.wav,103,fake,data/interim/deep_voice_chunks/fake/obama-to-linus_chunk0103.wav,4.0,16000
data/raw/deep_voice/fake/obama-to-linus.wav,104,fake,data/interim/deep_voice_chunks/fake/obama-to-linus_chunk0104.wav,4.0,16000
data/raw/deep_voice/fake/obama-to-linus.wav,105,fake,data/interim/deep_voice_chunks/fake/obama-to-linus_chunk0105.wav,4.0,16000
data/raw/deep_voice/fake/obama-to-linus.wav,106,fake,data/interim/deep_voice_chunks/fake/obama-to-linus_chunk0106.wav,4.0,16000
data/raw/deep_voice/fake/obama-to-linus.wav,107,fake,data/interim/deep_voice_chunks/fake/obama-to-linus_chunk0107.wav,4.0,16000
data/raw/deep_voice/fake/obama-to-linus.wav,108,fake,data/interim/deep_voice_chunks/fake/obama-to-linus_chunk0108.wav,4.0,16000
data/raw/deep_voice/fake/obama-to-linus.wav,109,fake,data/interim/deep_voice_chunks/fake/obama-to-linus_chunk0109.wav,4.0,16000
data/raw/deep_voice/fake/obama-to-linus.wav,110,fake,data/interim/deep_voice_chunks/fake/obama-to-linus_chunk0110.wav,4.0,16000
data/raw/deep_voice/fake/obama-to-linus.wav,111,fake,data/interim/deep_voice_chunks/fake/obama-to-linus_chunk0111.wav,4.0,16000
data/raw/deep_voice/fake/obama-to-linus.wav,112,fake,data/interim/deep_voice_chunks/fake/obama-to-linus_chunk0112.wav,4.0,16000
data/raw/deep_voice/fake/obama-to-linus.wav,113,fake,data/interim/deep_voice_chunks/fake/obama-to-linus_chunk0113.wav,4.0,16000
data/raw/deep_voice/fake/obama-to-linus.wav,114,fake,data/interim/deep_voice_chunks/fake/obama-to-linus_chunk0114.wav,4.0,16000
data/raw/deep_voice/fake/obama-to-linus.wav,115,fake,data/interim/deep_voice_chunks/fake/obama-to-linus_chunk0115.wav,4.0,16000
data/raw/deep_voice/fake/obama-to-linus.wav,116,fake,data/interim/deep_voice_chunks/fake/obama-to-linus_chunk0116.wav,4.0,16000
data/raw/deep_voice/fake/obama-to-linus.wav,117,fake,data/interim/deep_voice_chunks/fake/obama-to-linus_chunk0117.wav,4.0,16000
data/raw/deep_voice/fake/obama-to-linus.wav,118,fake,data/interim/deep_voice_chunks/fake/obama-to-linus_chunk0118.wav,4.0,16000
data/raw/deep_voice/fake/obama-to-linus.wav,119,fake,data/interim/deep_voice_chunks/fake/obama-to-linus_chunk0119.wav,4.0,16000
data/raw/deep_voice/fake/obama-to-linus.wav,120,fake,data/interim/deep_voice_chunks/fake/obama-to-linus_chunk0120.wav,4.0,16000
data/raw/deep_voice/fake/obama-to-linus.wav,121,fake,data/interim/deep_voice_chunks/fake/obama-to-linus_chunk0121.wav,4.0,16000
data/raw/deep_voice/fake/obama-to-linus.wav,122,fake,data/interim/deep_voice_chunks/fake/obama-to-linus_chunk0122.wav,4.0,16000
data/raw/deep_voice/fake/obama-to-linus.wav,123,fake,data/interim/deep_voice_chunks/fake/obama-to-linus_chunk0123.wav,4.0,16000
data/raw/deep_voice/fake/obama-to-linus.wav,124,fake,data/interim/deep_voice_chunks/fake/obama-to-linus_chunk0124.wav,4.0,16000
data/raw/deep_voice/fake/obama-to-linus.wav,125,fake,data/interim/deep_voice_chunks/fake/obama-to-linus_chunk0125.wav,4.0,16000
data/raw/deep_voice/fake/obama-to-linus.wav,126,fake,data/interim/deep_voice_chunks/fake/obama-to-linus_chunk0126.wav,4.0,16000
data/raw/deep_voice/fake/obama-to-linus.wav,127,fake,data/interim/deep_voice_chunks/fake/obama-to-linus_chunk0127.wav,4.0,16000
data/raw/deep_voice/fake/obama-to-linus.wav,128,fake,data/interim/deep_voice_chunks/fake/obama-to-linus_chunk0128.wav,4.0,16000
data/raw/deep_voice/fake/obama-to-linus.wav,129,fake,data/interim/deep_voice_chunks/fake/obama-to-linus_chunk0129.wav,4.0,16000
data/raw/deep_voice/fake/obama-to-linus.wav,130,fake,data/interim/deep_voice_chunks/fake/obama-to-linus_chunk0130.wav,4.0,16000
data/raw/deep_voice/fake/obama-to-linus.wav,131,fake,data/interim/deep_voice_chunks/fake/obama-to-linus_chunk0131.wav,4.0,16000
data/raw/deep_voice/fake/obama-to-linus.wav,132,fake,data/interim/deep_voice_chunks/fake/obama-to-linus_chunk0132.wav,4.0,16000
data/raw/deep_voice/fake/obama-to-linus.wav,133,fake,data/interim/deep_voice_chunks/fake/obama-to-linus_chunk0133.wav,4.0,16000
data/raw/deep_voice/fake/obama-to-margot.wav,0,fake,data/interim/deep_voice_chunks/fake/obama-to-margot_chunk0000.wav,4.0,16000
data/raw/deep_voice/fake/obama-to-margot.wav,1,fake,data/interim/deep_voice_chunks/fake/obama-to-margot_chunk0001.wav,4.0,16000
data/raw/deep_voice/fake/obama-to-margot.wav,2,fake,data/interim/deep_voice_chunks/fake/obama-to-margot_chunk0002.wav,4.0,16000
data/raw/deep_voice/fake/obama-to-margot.wav,3,fake,data/interim/deep_voice_chunks/fake/obama-to-margot_chunk0003.wav,4.0,16000
data/raw/deep_voice/fake/obama-to-margot.wav,4,fake,data/interim/deep_voice_chunks/fake/obama-to-margot_chunk0004.wav,4.0,16000
data/raw/deep_voice/fake/obama-to-margot.wav,5,fake,data/interim/deep_voice_chunks/fake/obama-to-margot_chunk0005.wav,4.0,16000
data/raw/deep_voice/fake/obama-to-margot.wav,6,fake,data/interim/deep_voice_chunks/fake/obama-to-margot_chunk0006.wav,4.0,16000
data/raw/deep_voice/fake/obama-to-margot.wav,7,fake,data/interim/deep_voice_chunks/fake/obama-to-margot_chunk0007.wav,4.0,16000
data/raw/deep_voice/fake/obama-to-margot.wav,8,fake,data/interim/deep_voice_chunks/fake/obama-to-margot_chunk0008.wav,4.0,16000
data/raw/deep_voice/fake/obama-to-margot.wav,9,fake,data/interim/deep_voice_chunks/fake/obama-to-margot_chunk0009.wav,4.0,16000
data/raw/deep_voice/fake/obama-to-margot.wav,10,fake,data/interim/deep_voice_chunks/fake/obama-to-margot_chunk0010.wav,4.0,16000
data/raw/deep_voice/fake/obama-to-margot.wav,11,fake,data/interim/deep_voice_chunks/fake/obama-to-margot_chunk0011.wav,4.0,16000
data/raw/deep_voice/fake/obama-to-margot.wav,12,fake,data/interim/deep_voice_chunks/fake/obama-to-margot_chunk0012.wav,4.0,16000
data/raw/deep_voice/fake/obama-to-margot.wav,13,fake,data/interim/deep_voice_chunks/fake/obama-to-margot_chunk0013.wav,4.0,16000
data/raw/deep_voice/fake/obama-to-margot.wav,14,fake,data/interim/deep_voice_chunks/fake/obama-to-margot_chunk0014.wav,4.0,16000
data/raw/deep_voice/fake/obama-to-margot.wav,15,fake,data/interim/deep_voice_chunks/fake/obama-to-margot_chunk0015.wav,4.0,16000
data/raw/deep_voice/fake/obama-to-margot.wav,16,fake,data/interim/deep_voice_chunks/fake/obama-to-margot_chunk0016.wav,4.0,16000
data/raw/deep_voice/fake/obama-to-margot.wav,17,fake,data/interim/deep_voice_chunks/fake/obama-to-margot_chunk0017.wav,4.0,16000
data/raw/deep_voice/fake/obama-to-margot.wav,18,fake,data/interim/deep_voice_chunks/fake/obama-to-margot_chunk0018.wav,4.0,16000
data/raw/deep_voice/fake/obama-to-margot.wav,19,fake,data/interim/deep_voice_chunks/fake/obama-to-margot_chunk0019.wav,4.0,16000
data/raw/deep_voice/fake/obama-to-margot.wav,20,fake,data/interim/deep_voice_chunks/fake/obama-to-margot_chunk0020.wav,4.0,16000
data/raw/deep_voice/fake/obama-to-margot.wav,21,fake,data/interim/deep_voice_chunks/fake/obama-to-margot_chunk0021.wav,4.0,16000
data/raw/deep_voice/fake/obama-to-margot.wav,22,fake,data/interim/deep_voice_chunks/fake/obama-to-margot_chunk0022.wav,4.0,16000
data/raw/deep_voice/fake/obama-to-margot.wav,23,fake,data/interim/deep_voice_chunks/fake/obama-to-margot_chunk0023.wav,4.0,16000
data/raw/deep_voice/fake/obama-to-margot.wav,24,fake,data/interim/deep_voice_chunks/fake/obama-to-margot_chunk0024.wav,4.0,16000
data/raw/deep_voice/fake/obama-to-margot.wav,25,fake,data/interim/deep_voice_chunks/fake/obama-to-margot_chunk0025.wav,4.0,16000
data/raw/deep_voice/fake/obama-to-margot.wav,26,fake,data/interim/deep_voice_chunks/fake/obama-to-margot_chunk0026.wav,4.0,16000
data/raw/deep_voice/fake/obama-to-margot.wav,27,fake,data/interim/deep_voice_chunks/fake/obama-to-margot_chunk0027.wav,4.0,16000
data/raw/deep_voice/fake/obama-to-margot.wav,28,fake,data/interim/deep_voice_chunks/fake/obama-to-margot_chunk0028.wav,4.0,16000
data/raw/deep_voice/fake/obama-to-margot.wav,29,fake,data/interim/deep_voice_chunks/fake/obama-to-margot_chunk0029.wav,4.0,16000
data/raw/deep_voice/fake/obama-to-margot.wav,30,fake,data/interim/deep_voice_chunks/fake/obama-to-margot_chunk0030.wav,4.0,16000
data/raw/deep_voice/fake/obama-to-margot.wav,31,fake,data/interim/deep_voice_chunks/fake/obama-to-margot_chunk0031.wav,4.0,16000
data/raw/deep_voice/fake/obama-to-margot.wav,32,fake,data/interim/deep_voice_chunks/fake/obama-to-margot_chunk0032.wav,4.0,16000
data/raw/deep_voice/fake/obama-to-margot.wav,33,fake,data/interim/deep_voice_chunks/fake/obama-to-margot_chunk0033.wav,4.0,16000
data/raw/deep_voice/fake/obama-to-margot.wav,34,fake,data/interim/deep_voice_chunks/fake/obama-to-margot_chunk0034.wav,4.0,16000
data/raw/deep_voice/fake/obama-to-margot.wav,35,fake,data/interim/deep_voice_chunks/fake/obama-to-margot_chunk0035.wav,4.0,16000
data/raw/deep_voice/fake/obama-to-margot.wav,36,fake,data/interim/deep_voice_chunks/fake/obama-to-margot_chunk0036.wav,4.0,16000
data/raw/deep_voice/fake/obama-to-margot.wav,37,fake,data/interim/deep_voice_chunks/fake/obama-to-margot_chunk0037.wav,4.0,16000
data/raw/deep_voice/fake/obama-to-margot.wav,38,fake,data/interim/deep_voice_chunks/fake/obama-to-margot_chunk0038.wav,4.0,16000
data/raw/deep_voice/fake/obama-to-margot.wav,39,fake,data/interim/deep_voice_chunks/fake/obama-to-margot_chunk0039.wav,4.0,16000
data/raw/deep_voice/fake/obama-to-margot.wav,40,fake,data/interim/deep_voice_chunks/fake/obama-to-margot_chunk0040.wav,4.0,16000
data/raw/deep_voice/fake/obama-to-margot.wav,41,fake,data/interim/deep_voice_chunks/fake/obama-to-margot_chunk0041.wav,4.0,16000
data/raw/deep_voice/fake/obama-to-margot.wav,42,fake,data/interim/deep_voice_chunks/fake/obama-to-margot_chunk0042.wav,4.0,16000
data/raw/deep_voice/fake/obama-to-margot.wav,43,fake,data/interim/deep_voice_chunks/fake/obama-to-margot_chunk0043.wav,4.0,16000
data/raw/deep_voice/fake/obama-to-margot.wav,44,fake,data/interim/deep_voice_chunks/fake/obama-to-margot_chunk0044.wav,4.0,16000
data/raw/deep_voice/fake/obama-to-margot.wav,45,fake,data/interim/deep_voice_chunks/fake/obama-to-margot_chunk0045.wav,4.0,16000
data/raw/deep_voice/fake/obama-to-margot.wav,46,fake,data/interim/deep_voice_chunks/fake/obama-to-margot_chunk0046.wav,4.0,16000
data/raw/deep_voice/fake/obama-to-margot.wav,47,fake,data/interim/deep_voice_chunks/fake/obama-to-margot_chunk0047.wav,4.0,16000
data/raw/deep_voice/fake/obama-to-margot.wav,48,fake,data/interim/deep_voice_chunks/fake/obama-to-margot_chunk0048.wav,4.0,16000
data/raw/deep_voice/fake/obama-to-margot.wav,49,fake,data/interim/deep_voice_chunks/fake/obama-to-margot_chunk0049.wav,4.0,16000
data/raw/deep_voice/fake/obama-to-margot.wav,50,fake,data/interim/deep_voice_chunks/fake/obama-to-margot_chunk0050.wav,4.0,16000
data/raw/deep_voice/fake/obama-to-margot.wav,51,fake,data/interim/deep_voice_chunks/fake/obama-to-margot_chunk0051.wav,4.0,16000
data/raw/deep_voice/fake/obama-to-margot.wav,52,fake,data/interim/deep_voice_chunks/fake/obama-to-margot_chunk0052.wav,4.0,16000
data/raw/deep_voice/fake/obama-to-margot.wav,53,fake,data/interim/deep_voice_chunks/fake/obama-to-margot_chunk0053.wav,4.0,16000
data/raw/deep_voice/fake/obama-to-margot.wav,54,fake,data/interim/deep_voice_chunks/fake/obama-to-margot_chunk0054.wav,4.0,16000
data/raw/deep_voice/fake/obama-to-margot.wav,55,fake,data/interim/deep_voice_chunks/fake/obama-to-margot_chunk0055.wav,4.0,16000
data/raw/deep_voice/fake/obama-to-margot.wav,56,fake,data/interim/deep_voice_chunks/fake/obama-to-margot_chunk0056.wav,4.0,16000
data/raw/deep_voice/fake/obama-to-margot.wav,57,fake,data/interim/deep_voice_chunks/fake/obama-to-margot_chunk0057.wav,4.0,16000
data/raw/deep_voice/fake/obama-to-margot.wav,58,fake,data/interim/deep_voice_chunks/fake/obama-to-margot_chunk0058.wav,4.0,16000
data/raw/deep_voice/fake/obama-to-margot.wav,59,fake,data/interim/deep_voice_chunks/fake/obama-to-margot_chunk0059.wav,4.0,16000
data/raw/deep_voice/fake/obama-to-margot.wav,60,fake,data/interim/deep_voice_chunks/fake/obama-to-margot_chunk0060.wav,4.0,16000
data/raw/deep_voice/fake/obama-to-margot.wav,61,fake,data/interim/deep_voice_chunks/fake/obama-to-margot_chunk0061.wav,4.0,16000
data/raw/deep_voice/fake/obama-to-margot.wav,62,fake,data/interim/deep_voice_chunks/fake/obama-to-margot_chunk0062.wav,4.0,16000
data/raw/deep_voice/fake/obama-to-margot.wav,63,fake,data/interim/deep_voice_chunks/fake/obama-to-margot_chunk0063.wav,4.0,16000
data/raw/deep_voice/fake/obama-to-margot.wav,64,fake,data/interim/deep_voice_chunks/fake/obama-to-margot_chunk0064.wav,4.0,16000
data/raw/deep_voice/fake/obama-to-margot.wav,65,fake,data/interim/deep_voice_chunks/fake/obama-to-margot_chunk0065.wav,4.0,16000
data/raw/deep_voice/fake/obama-to-margot.wav,66,fake,data/interim/deep_voice_chunks/fake/obama-to-margot_chunk0066.wav,4.0,16000
data/raw/deep_voice/fake/obama-to-margot.wav,67,fake,data/interim/deep_voice_chunks/fake/obama-to-margot_chunk0067.wav,4.0,16000
data/raw/deep_voice/fake/obama-to-margot.wav,68,fake,data/interim/deep_voice_chunks/fake/obama-to-margot_chunk0068.wav,4.0,16000
data/raw/deep_voice/fake/obama-to-margot.wav,69,fake,data/interim/deep_voice_chunks/fake/obama-to-margot_chunk0069.wav,4.0,16000
data/raw/deep_voice/fake/obama-to-margot.wav,70,fake,data/interim/deep_voice_chunks/fake/obama-to-margot_chunk0070.wav,4.0,16000
data/raw/deep_voice/fake/obama-to-margot.wav,71,fake,data/interim/deep_voice_chunks/fake/obama-to-margot_chunk0071.wav,4.0,16000
data/raw/deep_voice/fake/obama-to-margot.wav,72,fake,data/interim/deep_voice_chunks/fake/obama-to-margot_chunk0072.wav,4.0,16000
data/raw/deep_voice/fake/obama-to-margot.wav,73,fake,data/interim/deep_voice_chunks/fake/obama-to-margot_chunk0073.wav,4.0,16000
data/raw/deep_voice/fake/obama-to-margot.wav,74,fake,data/interim/deep_voice_chunks/fake/obama-to-margot_chunk0074.wav,4.0,16000
data/raw/deep_voice/fake/obama-to-margot.wav,75,fake,data/interim/deep_voice_chunks/fake/obama-to-margot_chunk0075.wav,4.0,16000
data/raw/deep_voice/fake/obama-to-margot.wav,76,fake,data/interim/deep_voice_chunks/fake/obama-to-margot_chunk0076.wav,4.0,16000
data/raw/deep_voice/fake/obama-to-margot.wav,77,fake,data/interim/deep_voice_chunks/fake/obama-to-margot_chunk0077.wav,4.0,16000
data/raw/deep_voice/fake/obama-to-margot.wav,78,fake,data/interim/deep_voice_chunks/fake/obama-to-margot_chunk0078.wav,4.0,16000
data/raw/deep_voice/fake/obama-to-margot.wav,79,fake,data/interim/deep_voice_chunks/fake/obama-to-margot_chunk0079.wav,4.0,16000
data/raw/deep_voice/fake/obama-to-margot.wav,80,fake,data/interim/deep_voice_chunks/fake/obama-to-margot_chunk0080.wav,4.0,16000
data/raw/deep_voice/fake/obama-to-margot.wav,81,fake,data/interim/deep_voice_chunks/fake/obama-to-margot_chunk0081.wav,4.0,16000
data/raw/deep_voice/fake/obama-to-margot.wav,82,fake,data/interim/deep_voice_chunks/fake/obama-to-margot_chunk0082.wav,4.0,16000
data/raw/deep_voice/fake/obama-to-margot.wav,83,fake,data/interim/deep_voice_chunks/fake/obama-to-margot_chunk0083.wav,4.0,16000
data/raw/deep_voice/fake/obama-to-margot.wav,84,fake,data/interim/deep_voice_chunks/fake/obama-to-margot_chunk0084.wav,4.0,16000
data/raw/deep_voice/fake/obama-to-margot.wav,85,fake,data/interim/deep_voice_chunks/fake/obama-to-margot_chunk0085.wav,4.0,16000
data/raw/deep_voice/fake/obama-to-margot.wav,86,fake,data/interim/deep_voice_chunks/fake/obama-to-margot_chunk0086.wav,4.0,16000
data/raw/deep_voice/fake/obama-to-margot.wav,87,fake,data/interim/deep_voice_chunks/fake/obama-to-margot_chunk0087.wav,4.0,16000
data/raw/deep_voice/fake/obama-to-margot.wav,88,fake,data/interim/deep_voice_chunks/fake/obama-to-margot_chunk0088.wav,4.0,16000
data/raw/deep_voice/fake/obama-to-margot.wav,89,fake,data/interim/deep_voice_chunks/fake/obama-to-margot_chunk0089.wav,4.0,16000
data/raw/deep_voice/fake/obama-to-margot.wav,90,fake,data/interim/deep_voice_chunks/fake/obama-to-margot_chunk0090.wav,4.0,16000
data/raw/deep_voice/fake/obama-to-margot.wav,91,fake,data/interim/deep_voice_chunks/fake/obama-to-margot_chunk0091.wav,4.0,16000
data/raw/deep_voice/fake/obama-to-margot.wav,92,fake,data/interim/deep_voice_chunks/fake/obama-to-margot_chunk0092.wav,4.0,16000
data/raw/deep_voice/fake/obama-to-margot.wav,93,fake,data/interim/deep_voice_chunks/fake/obama-to-margot_chunk0093.wav,4.0,16000
data/raw/deep_voice/fake/obama-to-margot.wav,94,fake,data/interim/deep_voice_chunks/fake/obama-to-margot_chunk0094.wav,4.0,16000
data/raw/deep_voice/fake/obama-to-margot.wav,95,fake,data/interim/deep_voice_chunks/fake/obama-to-margot_chunk0095.wav,4.0,16000
data/raw/deep_voice/fake/obama-to-margot.wav,96,fake,data/interim/deep_voice_chunks/fake/obama-to-margot_chunk0096.wav,4.0,16000
data/raw/deep_voice/fake/obama-to-margot.wav,97,fake,data/interim/deep_voice_chunks/fake/obama-to-margot_chunk0097.wav,4.0,16000
data/raw/deep_voice/fake/obama-to-margot.wav,98,fake,data/interim/deep_voice_chunks/fake/obama-to-margot_chunk0098.wav,4.0,16000
data/raw/deep_voice/fake/obama-to-margot.wav,99,fake,data/interim/deep_voice_chunks/fake/obama-to-margot_chunk0099.wav,4.0,16000
data/raw/deep_voice/fake/obama-to-margot.wav,100,fake,data/interim/deep_voice_chunks/fake/obama-to-margot_chunk0100.wav,4.0,16000
data/raw/deep_voice/fake/obama-to-margot.wav,101,fake,data/interim/deep_voice_chunks/fake/obama-to-margot_chunk0101.wav,4.0,16000
data/raw/deep_voice/fake/obama-to-margot.wav,102,fake,data/interim/deep_voice_chunks/fake/obama-to-margot_chunk0102.wav,4.0,16000
data/raw/deep_voice/fake/obama-to-margot.wav,103,fake,data/interim/deep_voice_chunks/fake/obama-to-margot_chunk0103.wav,4.0,16000
data/raw/deep_voice/fake/obama-to-margot.wav,104,fake,data/interim/deep_voice_chunks/fake/obama-to-margot_chunk0104.wav,4.0,16000
data/raw/deep_voice/fake/obama-to-margot.wav,105,fake,data/interim/deep_voice_chunks/fake/obama-to-margot_chunk0105.wav,4.0,16000
data/raw/deep_voice/fake/obama-to-margot.wav,106,fake,data/interim/deep_voice_chunks/fake/obama-to-margot_chunk0106.wav,4.0,16000
data/raw/deep_voice/fake/obama-to-margot.wav,107,fake,data/interim/deep_voice_chunks/fake/obama-to-margot_chunk0107.wav,4.0,16000
data/raw/deep_voice/fake/obama-to-margot.wav,108,fake,data/interim/deep_voice_chunks/fake/obama-to-margot_chunk0108.wav,4.0,16000
data/raw/deep_voice/fake/obama-to-margot.wav,109,fake,data/interim/deep_voice_chunks/fake/obama-to-margot_chunk0109.wav,4.0,16000
data/raw/deep_voice/fake/obama-to-margot.wav,110,fake,data/interim/deep_voice_chunks/fake/obama-to-margot_chunk0110.wav,4.0,16000
data/raw/deep_voice/fake/obama-to-margot.wav,111,fake,data/interim/deep_voice_chunks/fake/obama-to-margot_chunk0111.wav,4.0,16000
data/raw/deep_voice/fake/obama-to-margot.wav,112,fake,data/interim/deep_voice_chunks/fake/obama-to-margot_chunk0112.wav,4.0,16000
data/raw/deep_voice/fake/obama-to-margot.wav,113,fake,data/interim/deep_voice_chunks/fake/obama-to-margot_chunk0113.wav,4.0,16000
data/raw/deep_voice/fake/obama-to-margot.wav,114,fake,data/interim/deep_voice_chunks/fake/obama-to-margot_chunk0114.wav,4.0,16000
data/raw/deep_voice/fake/obama-to-margot.wav,115,fake,data/interim/deep_voice_chunks/fake/obama-to-margot_chunk0115.wav,4.0,16000
data/raw/deep_voice/fake/obama-to-margot.wav,116,fake,data/interim/deep_voice_chunks/fake/obama-to-margot_chunk0116.wav,4.0,16000
data/raw/deep_voice/fake/obama-to-margot.wav,117,fake,data/interim/deep_voice_chunks/fake/obama-to-margot_chunk0117.wav,4.0,16000
data/raw/deep_voice/fake/obama-to-margot.wav,118,fake,data/interim/deep_voice_chunks/fake/obama-to-margot_chunk0118.wav,4.0,16000
data/raw/deep_voice/fake/obama-to-margot.wav,119,fake,data/interim/deep_voice_chunks/fake/obama-to-margot_chunk0119.wav,4.0,16000
data/raw/deep_voice/fake/obama-to-margot.wav,120,fake,data/interim/deep_voice_chunks/fake/obama-to-margot_chunk0120.wav,4.0,16000
data/raw/deep_voice/fake/obama-to-margot.wav,121,fake,data/interim/deep_voice_chunks/fake/obama-to-margot_chunk0121.wav,4.0,16000
data/raw/deep_voice/fake/obama-to-margot.wav,122,fake,data/interim/deep_voice_chunks/fake/obama-to-margot_chunk0122.wav,4.0,16000
data/raw/deep_voice/fake/obama-to-margot.wav,123,fake,data/interim/deep_voice_chunks/fake/obama-to-margot_chunk0123.wav,4.0,16000
data/raw/deep_voice/fake/obama-to-margot.wav,124,fake,data/interim/deep_voice_chunks/fake/obama-to-margot_chunk0124.wav,4.0,16000
data/raw/deep_voice/fake/obama-to-margot.wav,125,fake,data/interim/deep_voice_chunks/fake/obama-to-margot_chunk0125.wav,4.0,16000
data/raw/deep_voice/fake/obama-to-margot.wav,126,fake,data/interim/deep_voice_chunks/fake/obama-to-margot_chunk0126.wav,4.0,16000
data/raw/deep_voice/fake/obama-to-margot.wav,127,fake,data/interim/deep_voice_chunks/fake/obama-to-margot_chunk0127.wav,4.0,16000
data/raw/deep_voice/fake/obama-to-margot.wav,128,fake,data/interim/deep_voice_chunks/fake/obama-to-margot_chunk0128.wav,4.0,16000
data/raw/deep_voice/fake/obama-to-margot.wav,129,fake,data/interim/deep_voice_chunks/fake/obama-to-margot_chunk0129.wav,4.0,16000
data/raw/deep_voice/fake/obama-to-margot.wav,130,fake,data/interim/deep_voice_chunks/fake/obama-to-margot_chunk0130.wav,4.0,16000
data/raw/deep_voice/fake/obama-to-margot.wav,131,fake,data/interim/deep_voice_chunks/fake/obama-to-margot_chunk0131.wav,4.0,16000
data/raw/deep_voice/fake/obama-to-margot.wav,132,fake,data/interim/deep_voice_chunks/fake/obama-to-margot_chunk0132.wav,4.0,16000
data/raw/deep_voice/fake/obama-to-margot.wav,133,fake,data/interim/deep_voice_chunks/fake/obama-to-margot_chunk0133.wav,4.0,16000
data/raw/deep_voice/fake/obama-to-margot.wav,134,fake,data/interim/deep_voice_chunks/fake/obama-to-margot_chunk0134.wav,4.0,16000
data/raw/deep_voice/fake/obama-to-margot.wav,135,fake,data/interim/deep_voice_chunks/fake/obama-to-margot_chunk0135.wav,4.0,16000
data/raw/deep_voice/fake/obama-to-margot.wav,136,fake,data/interim/deep_voice_chunks/fake/obama-to-margot_chunk0136.wav,3.04,16000
data/raw/deep_voice/fake/obama-to-musk.wav,0,fake,data/interim/deep_voice_chunks/fake/obama-to-musk_chunk0000.wav,4.0,16000
data/raw/deep_voice/fake/obama-to-musk.wav,1,fake,data/interim/deep_voice_chunks/fake/obama-to-musk_chunk0001.wav,4.0,16000
data/raw/deep_voice/fake/obama-to-musk.wav,2,fake,data/interim/deep_voice_chunks/fake/obama-to-musk_chunk0002.wav,4.0,16000
data/raw/deep_voice/fake/obama-to-musk.wav,3,fake,data/interim/deep_voice_chunks/fake/obama-to-musk_chunk0003.wav,4.0,16000
data/raw/deep_voice/fake/obama-to-musk.wav,4,fake,data/interim/deep_voice_chunks/fake/obama-to-musk_chunk0004.wav,4.0,16000
data/raw/deep_voice/fake/obama-to-musk.wav,5,fake,data/interim/deep_voice_chunks/fake/obama-to-musk_chunk0005.wav,4.0,16000
data/raw/deep_voice/fake/obama-to-musk.wav,6,fake,data/interim/deep_voice_chunks/fake/obama-to-musk_chunk0006.wav,4.0,16000
data/raw/deep_voice/fake/obama-to-musk.wav,7,fake,data/interim/deep_voice_chunks/fake/obama-to-musk_chunk0007.wav,4.0,16000
data/raw/deep_voice/fake/obama-to-musk.wav,8,fake,data/interim/deep_voice_chunks/fake/obama-to-musk_chunk0008.wav,4.0,16000
data/raw/deep_voice/fake/obama-to-musk.wav,9,fake,data/interim/deep_voice_chunks/fake/obama-to-musk_chunk0009.wav,4.0,16000
data/raw/deep_voice/fake/obama-to-musk.wav,10,fake,data/interim/deep_voice_chunks/fake/obama-to-musk_chunk0010.wav,4.0,16000
data/raw/deep_voice/fake/obama-to-musk.wav,11,fake,data/interim/deep_voice_chunks/fake/obama-to-musk_chunk0011.wav,4.0,16000
data/raw/deep_voice/fake/obama-to-musk.wav,12,fake,data/interim/deep_voice_chunks/fake/obama-to-musk_chunk0012.wav,4.0,16000
data/raw/deep_voice/fake/obama-to-musk.wav,13,fake,data/interim/deep_voice_chunks/fake/obama-to-musk_chunk0013.wav,4.0,16000
data/raw/deep_voice/fake/obama-to-musk.wav,14,fake,data/interim/deep_voice_chunks/fake/obama-to-musk_chunk0014.wav,4.0,16000
data/raw/deep_voice/fake/obama-to-musk.wav,15,fake,data/interim/deep_voice_chunks/fake/obama-to-musk_chunk0015.wav,4.0,16000
data/raw/deep_voice/fake/obama-to-musk.wav,16,fake,data/interim/deep_voice_chunks/fake/obama-to-musk_chunk0016.wav,4.0,16000
data/raw/deep_voice/fake/obama-to-musk.wav,17,fake,data/interim/deep_voice_chunks/fake/obama-to-musk_chunk0017.wav,4.0,16000
data/raw/deep_voice/fake/obama-to-musk.wav,18,fake,data/interim/deep_voice_chunks/fake/obama-to-musk_chunk0018.wav,4.0,16000
data/raw/deep_voice/fake/obama-to-musk.wav,19,fake,data/interim/deep_voice_chunks/fake/obama-to-musk_chunk0019.wav,4.0,16000
data/raw/deep_voice/fake/obama-to-musk.wav,20,fake,data/interim/deep_voice_chunks/fake/obama-to-musk_chunk0020.wav,4.0,16000
data/raw/deep_voice/fake/obama-to-musk.wav,21,fake,data/interim/deep_voice_chunks/fake/obama-to-musk_chunk0021.wav,4.0,16000
data/raw/deep_voice/fake/obama-to-musk.wav,22,fake,data/interim/deep_voice_chunks/fake/obama-to-musk_chunk0022.wav,4.0,16000
data/raw/deep_voice/fake/obama-to-musk.wav,23,fake,data/interim/deep_voice_chunks/fake/obama-to-musk_chunk0023.wav,4.0,16000
data/raw/deep_voice/fake/obama-to-musk.wav,24,fake,data/interim/deep_voice_chunks/fake/obama-to-musk_chunk0024.wav,4.0,16000
data/raw/deep_voice/fake/obama-to-musk.wav,25,fake,data/interim/deep_voice_chunks/fake/obama-to-musk_chunk0025.wav,4.0,16000
data/raw/deep_voice/fake/obama-to-musk.wav,26,fake,data/interim/deep_voice_chunks/fake/obama-to-musk_chunk0026.wav,4.0,16000
data/raw/deep_voice/fake/obama-to-musk.wav,27,fake,data/interim/deep_voice_chunks/fake/obama-to-musk_chunk0027.wav,4.0,16000
data/raw/deep_voice/fake/obama-to-musk.wav,28,fake,data/interim/deep_voice_chunks/fake/obama-to-musk_chunk0028.wav,4.0,16000
data/raw/deep_voice/fake/obama-to-musk.wav,29,fake,data/interim/deep_voice_chunks/fake/obama-to-musk_chunk0029.wav,4.0,16000
data/raw/deep_voice/fake/obama-to-musk.wav,30,fake,data/interim/deep_voice_chunks/fake/obama-to-musk_chunk0030.wav,4.0,16000
data/raw/deep_voice/fake/obama-to-musk.wav,31,fake,data/interim/deep_voice_chunks/fake/obama-to-musk_chunk0031.wav,4.0,16000
data/raw/deep_voice/fake/obama-to-musk.wav,32,fake,data/interim/deep_voice_chunks/fake/obama-to-musk_chunk0032.wav,4.0,16000
data/raw/deep_voice/fake/obama-to-musk.wav,33,fake,data/interim/deep_voice_chunks/fake/obama-to-musk_chunk0033.wav,4.0,16000
data/raw/deep_voice/fake/obama-to-musk.wav,34,fake,data/interim/deep_voice_chunks/fake/obama-to-musk_chunk0034.wav,4.0,16000
data/raw/deep_voice/fake/obama-to-musk.wav,35,fake,data/interim/deep_voice_chunks/fake/obama-to-musk_chunk0035.wav,4.0,16000
data/raw/deep_voice/fake/obama-to-musk.wav,36,fake,data/interim/deep_voice_chunks/fake/obama-to-musk_chunk0036.wav,4.0,16000
data/raw/deep_voice/fake/obama-to-musk.wav,37,fake,data/interim/deep_voice_chunks/fake/obama-to-musk_chunk0037.wav,4.0,16000
data/raw/deep_voice/fake/obama-to-musk.wav,38,fake,data/interim/deep_voice_chunks/fake/obama-to-musk_chunk0038.wav,4.0,16000
data/raw/deep_voice/fake/obama-to-musk.wav,39,fake,data/interim/deep_voice_chunks/fake/obama-to-musk_chunk0039.wav,4.0,16000
data/raw/deep_voice/fake/obama-to-musk.wav,40,fake,data/interim/deep_voice_chunks/fake/obama-to-musk_chunk0040.wav,4.0,16000
data/raw/deep_voice/fake/obama-to-musk.wav,41,fake,data/interim/deep_voice_chunks/fake/obama-to-musk_chunk0041.wav,4.0,16000
data/raw/deep_voice/fake/obama-to-musk.wav,42,fake,data/interim/deep_voice_chunks/fake/obama-to-musk_chunk0042.wav,4.0,16000
data/raw/deep_voice/fake/obama-to-musk.wav,43,fake,data/interim/deep_voice_chunks/fake/obama-to-musk_chunk0043.wav,4.0,16000
data/raw/deep_voice/fake/obama-to-musk.wav,44,fake,data/interim/deep_voice_chunks/fake/obama-to-musk_chunk0044.wav,4.0,16000
data/raw/deep_voice/fake/obama-to-musk.wav,45,fake,data/interim/deep_voice_chunks/fake/obama-to-musk_chunk0045.wav,4.0,16000
data/raw/deep_voice/fake/obama-to-musk.wav,46,fake,data/interim/deep_voice_chunks/fake/obama-to-musk_chunk0046.wav,4.0,16000
data/raw/deep_voice/fake/obama-to-musk.wav,47,fake,data/interim/deep_voice_chunks/fake/obama-to-musk_chunk0047.wav,4.0,16000
data/raw/deep_voice/fake/obama-to-musk.wav,48,fake,data/interim/deep_voice_chunks/fake/obama-to-musk_chunk0048.wav,4.0,16000
data/raw/deep_voice/fake/obama-to-musk.wav,49,fake,data/interim/deep_voice_chunks/fake/obama-to-musk_chunk0049.wav,4.0,16000
data/raw/deep_voice/fake/obama-to-musk.wav,50,fake,data/interim/deep_voice_chunks/fake/obama-to-musk_chunk0050.wav,4.0,16000
data/raw/deep_voice/fake/obama-to-musk.wav,51,fake,data/interim/deep_voice_chunks/fake/obama-to-musk_chunk0051.wav,4.0,16000
data/raw/deep_voice/fake/obama-to-musk.wav,52,fake,data/interim/deep_voice_chunks/fake/obama-to-musk_chunk0052.wav,4.0,16000
data/raw/deep_voice/fake/obama-to-musk.wav,53,fake,data/interim/deep_voice_chunks/fake/obama-to-musk_chunk0053.wav,4.0,16000
data/raw/deep_voice/fake/obama-to-musk.wav,54,fake,data/interim/deep_voice_chunks/fake/obama-to-musk_chunk0054.wav,4.0,16000
data/raw/deep_voice/fake/obama-to-musk.wav,55,fake,data/interim/deep_voice_chunks/fake/obama-to-musk_chunk0055.wav,4.0,16000
data/raw/deep_voice/fake/obama-to-musk.wav,56,fake,data/interim/deep_voice_chunks/fake/obama-to-musk_chunk0056.wav,4.0,16000
data/raw/deep_voice/fake/obama-to-musk.wav,57,fake,data/interim/deep_voice_chunks/fake/obama-to-musk_chunk0057.wav,4.0,16000
data/raw/deep_voice/fake/obama-to-musk.wav,58,fake,data/interim/deep_voice_chunks/fake/obama-to-musk_chunk0058.wav,4.0,16000
data/raw/deep_voice/fake/obama-to-musk.wav,59,fake,data/interim/deep_voice_chunks/fake/obama-to-musk_chunk0059.wav,4.0,16000
data/raw/deep_voice/fake/obama-to-musk.wav,60,fake,data/interim/deep_voice_chunks/fake/obama-to-musk_chunk0060.wav,4.0,16000
data/raw/deep_voice/fake/obama-to-musk.wav,61,fake,data/interim/deep_voice_chunks/fake/obama-to-musk_chunk0061.wav,4.0,16000
data/raw/deep_voice/fake/obama-to-musk.wav,62,fake,data/interim/deep_voice_chunks/fake/obama-to-musk_chunk0062.wav,4.0,16000
data/raw/deep_voice/fake/obama-to-musk.wav,63,fake,data/interim/deep_voice_chunks/fake/obama-to-musk_chunk0063.wav,4.0,16000
data/raw/deep_voice/fake/obama-to-musk.wav,64,fake,data/interim/deep_voice_chunks/fake/obama-to-musk_chunk0064.wav,4.0,16000
data/raw/deep_voice/fake/obama-to-musk.wav,65,fake,data/interim/deep_voice_chunks/fake/obama-to-musk_chunk0065.wav,4.0,16000
data/raw/deep_voice/fake/obama-to-musk.wav,66,fake,data/interim/deep_voice_chunks/fake/obama-to-musk_chunk0066.wav,4.0,16000
data/raw/deep_voice/fake/obama-to-musk.wav,67,fake,data/interim/deep_voice_chunks/fake/obama-to-musk_chunk0067.wav,4.0,16000
data/raw/deep_voice/fake/obama-to-musk.wav,68,fake,data/interim/deep_voice_chunks/fake/obama-to-musk_chunk0068.wav,4.0,16000
data/raw/deep_voice/fake/obama-to-musk.wav,69,fake,data/interim/deep_voice_chunks/fake/obama-to-musk_chunk0069.wav,4.0,16000
data/raw/deep_voice/fake/obama-to-musk.wav,70,fake,data/interim/deep_voice_chunks/fake/obama-to-musk_chunk0070.wav,4.0,16000
data/raw/deep_voice/fake/obama-to-musk.wav,71,fake,data/interim/deep_voice_chunks/fake/obama-to-musk_chunk0071.wav,4.0,16000
data/raw/deep_voice/fake/obama-to-musk.wav,72,fake,data/interim/deep_voice_chunks/fake/obama-to-musk_chunk0072.wav,4.0,16000
data/raw/deep_voice/fake/obama-to-musk.wav,73,fake,data/interim/deep_voice_chunks/fake/obama-to-musk_chunk0073.wav,4.0,16000
data/raw/deep_voice/fake/obama-to-musk.wav,74,fake,data/interim/deep_voice_chunks/fake/obama-to-musk_chunk0074.wav,4.0,16000
data/raw/deep_voice/fake/obama-to-musk.wav,75,fake,data/interim/deep_voice_chunks/fake/obama-to-musk_chunk0075.wav,4.0,16000
data/raw/deep_voice/fake/obama-to-musk.wav,76,fake,data/interim/deep_voice_chunks/fake/obama-to-musk_chunk0076.wav,4.0,16000
data/raw/deep_voice/fake/obama-to-musk.wav,77,fake,data/interim/deep_voice_chunks/fake/obama-to-musk_chunk0077.wav,4.0,16000
data/raw/deep_voice/fake/obama-to-musk.wav,78,fake,data/interim/deep_voice_chunks/fake/obama-to-musk_chunk0078.wav,4.0,16000
data/raw/deep_voice/fake/obama-to-musk.wav,79,fake,data/interim/deep_voice_chunks/fake/obama-to-musk_chunk0079.wav,4.0,16000
data/raw/deep_voice/fake/obama-to-musk.wav,80,fake,data/interim/deep_voice_chunks/fake/obama-to-musk_chunk0080.wav,4.0,16000
data/raw/deep_voice/fake/obama-to-musk.wav,81,fake,data/interim/deep_voice_chunks/fake/obama-to-musk_chunk0081.wav,4.0,16000
data/raw/deep_voice/fake/obama-to-musk.wav,82,fake,data/interim/deep_voice_chunks/fake/obama-to-musk_chunk0082.wav,4.0,16000
data/raw/deep_voice/fake/obama-to-musk.wav,83,fake,data/interim/deep_voice_chunks/fake/obama-to-musk_chunk0083.wav,4.0,16000
data/raw/deep_voice/fake/obama-to-musk.wav,84,fake,data/interim/deep_voice_chunks/fake/obama-to-musk_chunk0084.wav,4.0,16000
data/raw/deep_voice/fake/obama-to-musk.wav,85,fake,data/interim/deep_voice_chunks/fake/obama-to-musk_chunk0085.wav,4.0,16000
data/raw/deep_voice/fake/obama-to-musk.wav,86,fake,data/interim/deep_voice_chunks/fake/obama-to-musk_chunk0086.wav,4.0,16000
data/raw/deep_voice/fake/obama-to-musk.wav,87,fake,data/interim/deep_voice_chunks/fake/obama-to-musk_chunk0087.wav,4.0,16000
data/raw/deep_voice/fake/obama-to-musk.wav,88,fake,data/interim/deep_voice_chunks/fake/obama-to-musk_chunk0088.wav,4.0,16000
data/raw/deep_voice/fake/obama-to-musk.wav,89,fake,data/interim/deep_voice_chunks/fake/obama-to-musk_chunk0089.wav,4.0,16000
data/raw/deep_voice/fake/obama-to-musk.wav,90,fake,data/interim/deep_voice_chunks/fake/obama-to-musk_chunk0090.wav,4.0,16000
data/raw/deep_voice/fake/obama-to-musk.wav,91,fake,data/interim/deep_voice_chunks/fake/obama-to-musk_chunk0091.wav,4.0,16000
data/raw/deep_voice/fake/obama-to-musk.wav,92,fake,data/interim/deep_voice_chunks/fake/obama-to-musk_chunk0092.wav,4.0,16000
data/raw/deep_voice/fake/obama-to-musk.wav,93,fake,data/interim/deep_voice_chunks/fake/obama-to-musk_chunk0093.wav,4.0,16000
data/raw/deep_voice/fake/obama-to-musk.wav,94,fake,data/interim/deep_voice_chunks/fake/obama-to-musk_chunk0094.wav,4.0,16000
data/raw/deep_voice/fake/obama-to-musk.wav,95,fake,data/interim/deep_voice_chunks/fake/obama-to-musk_chunk0095.wav,4.0,16000
data/raw/deep_voice/fake/obama-to-musk.wav,96,fake,data/interim/deep_voice_chunks/fake/obama-to-musk_chunk0096.wav,4.0,16000
data/raw/deep_voice/fake/obama-to-musk.wav,97,fake,data/interim/deep_voice_chunks/fake/obama-to-musk_chunk0097.wav,4.0,16000
data/raw/deep_voice/fake/obama-to-musk.wav,98,fake,data/interim/deep_voice_chunks/fake/obama-to-musk_chunk0098.wav,4.0,16000
data/raw/deep_voice/fake/obama-to-musk.wav,99,fake,data/interim/deep_voice_chunks/fake/obama-to-musk_chunk0099.wav,4.0,16000
data/raw/deep_voice/fake/obama-to-musk.wav,100,fake,data/interim/deep_voice_chunks/fake/obama-to-musk_chunk0100.wav,4.0,16000
data/raw/deep_voice/fake/obama-to-musk.wav,101,fake,data/interim/deep_voice_chunks/fake/obama-to-musk_chunk0101.wav,4.0,16000
data/raw/deep_voice/fake/obama-to-musk.wav,102,fake,data/interim/deep_voice_chunks/fake/obama-to-musk_chunk0102.wav,4.0,16000
data/raw/deep_voice/fake/obama-to-musk.wav,103,fake,data/interim/deep_voice_chunks/fake/obama-to-musk_chunk0103.wav,4.0,16000
data/raw/deep_voice/fake/obama-to-musk.wav,104,fake,data/interim/deep_voice_chunks/fake/obama-to-musk_chunk0104.wav,4.0,16000
data/raw/deep_voice/fake/obama-to-musk.wav,105,fake,data/interim/deep_voice_chunks/fake/obama-to-musk_chunk0105.wav,4.0,16000
data/raw/deep_voice/fake/obama-to-musk.wav,106,fake,data/interim/deep_voice_chunks/fake/obama-to-musk_chunk0106.wav,4.0,16000
data/raw/deep_voice/fake/obama-to-musk.wav,107,fake,data/interim/deep_voice_chunks/fake/obama-to-musk_chunk0107.wav,4.0,16000
data/raw/deep_voice/fake/obama-to-musk.wav,108,fake,data/interim/deep_voice_chunks/fake/obama-to-musk_chunk0108.wav,4.0,16000
data/raw/deep_voice/fake/obama-to-musk.wav,109,fake,data/interim/deep_voice_chunks/fake/obama-to-musk_chunk0109.wav,4.0,16000
data/raw/deep_voice/fake/obama-to-musk.wav,110,fake,data/interim/deep_voice_chunks/fake/obama-to-musk_chunk0110.wav,4.0,16000
data/raw/deep_voice/fake/obama-to-musk.wav,111,fake,data/interim/deep_voice_chunks/fake/obama-to-musk_chunk0111.wav,4.0,16000
data/raw/deep_voice/fake/obama-to-musk.wav,112,fake,data/interim/deep_voice_chunks/fake/obama-to-musk_chunk0112.wav,4.0,16000
data/raw/deep_voice/fake/obama-to-musk.wav,113,fake,data/interim/deep_voice_chunks/fake/obama-to-musk_chunk0113.wav,4.0,16000
data/raw/deep_voice/fake/obama-to-musk.wav,114,fake,data/interim/deep_voice_chunks/fake/obama-to-musk_chunk0114.wav,4.0,16000
data/raw/deep_voice/fake/obama-to-musk.wav,115,fake,data/interim/deep_voice_chunks/fake/obama-to-musk_chunk0115.wav,4.0,16000
data/raw/deep_voice/fake/obama-to-musk.wav,116,fake,data/interim/deep_voice_chunks/fake/obama-to-musk_chunk0116.wav,4.0,16000
data/raw/deep_voice/fake/obama-to-musk.wav,117,fake,data/interim/deep_voice_chunks/fake/obama-to-musk_chunk0117.wav,4.0,16000
data/raw/deep_voice/fake/obama-to-musk.wav,118,fake,data/interim/deep_voice_chunks/fake/obama-to-musk_chunk0118.wav,4.0,16000
data/raw/deep_voice/fake/obama-to-musk.wav,119,fake,data/interim/deep_voice_chunks/fake/obama-to-musk_chunk0119.wav,4.0,16000
data/raw/deep_voice/fake/obama-to-musk.wav,120,fake,data/interim/deep_voice_chunks/fake/obama-to-musk_chunk0120.wav,4.0,16000
data/raw/deep_voice/fake/obama-to-musk.wav,121,fake,data/interim/deep_voice_chunks/fake/obama-to-musk_chunk0121.wav,4.0,16000
data/raw/deep_voice/fake/obama-to-musk.wav,122,fake,data/interim/deep_voice_chunks/fake/obama-to-musk_chunk0122.wav,4.0,16000
data/raw/deep_voice/fake/obama-to-musk.wav,123,fake,data/interim/deep_voice_chunks/fake/obama-to-musk_chunk0123.wav,4.0,16000
data/raw/deep_voice/fake/obama-to-musk.wav,124,fake,data/interim/deep_voice_chunks/fake/obama-to-musk_chunk0124.wav,4.0,16000
data/raw/deep_voice/fake/obama-to-musk.wav,125,fake,data/interim/deep_voice_chunks/fake/obama-to-musk_chunk0125.wav,4.0,16000
data/raw/deep_voice/fake/obama-to-musk.wav,126,fake,data/interim/deep_voice_chunks/fake/obama-to-musk_chunk0126.wav,4.0,16000
data/raw/deep_voice/fake/obama-to-musk.wav,127,fake,data/interim/deep_voice_chunks/fake/obama-to-musk_chunk0127.wav,4.0,16000
data/raw/deep_voice/fake/obama-to-musk.wav,128,fake,data/interim/deep_voice_chunks/fake/obama-to-musk_chunk0128.wav,4.0,16000
data/raw/deep_voice/fake/obama-to-musk.wav,129,fake,data/interim/deep_voice_chunks/fake/obama-to-musk_chunk0129.wav,4.0,16000
data/raw/deep_voice/fake/obama-to-musk.wav,130,fake,data/interim/deep_voice_chunks/fake/obama-to-musk_chunk0130.wav,4.0,16000
data/raw/deep_voice/fake/obama-to-musk.wav,131,fake,data/interim/deep_voice_chunks/fake/obama-to-musk_chunk0131.wav,4.0,16000
data/raw/deep_voice/fake/obama-to-musk.wav,132,fake,data/interim/deep_voice_chunks/fake/obama-to-musk_chunk0132.wav,4.0,16000
data/raw/deep_voice/fake/obama-to-musk.wav,133,fake,data/interim/deep_voice_chunks/fake/obama-to-musk_chunk0133.wav,4.0,16000
data/raw/deep_voice/fake/obama-to-musk.wav,134,fake,data/interim/deep_voice_chunks/fake/obama-to-musk_chunk0134.wav,4.0,16000
data/raw/deep_voice/fake/obama-to-musk.wav,135,fake,data/interim/deep_voice_chunks/fake/obama-to-musk_chunk0135.wav,4.0,16000
data/raw/deep_voice/fake/obama-to-musk.wav,136,fake,data/interim/deep_voice_chunks/fake/obama-to-musk_chunk0136.wav,4.0,16000
data/raw/deep_voice/fake/obama-to-musk.wav,137,fake,data/interim/deep_voice_chunks/fake/obama-to-musk_chunk0137.wav,3.872,16000
data/raw/deep_voice/fake/obama-to-ryan.wav,0,fake,data/interim/deep_voice_chunks/fake/obama-to-ryan_chunk0000.wav,4.0,16000
data/raw/deep_voice/fake/obama-to-ryan.wav,1,fake,data/interim/deep_voice_chunks/fake/obama-to-ryan_chunk0001.wav,4.0,16000
data/raw/deep_voice/fake/obama-to-ryan.wav,2,fake,data/interim/deep_voice_chunks/fake/obama-to-ryan_chunk0002.wav,4.0,16000
data/raw/deep_voice/fake/obama-to-ryan.wav,3,fake,data/interim/deep_voice_chunks/fake/obama-to-ryan_chunk0003.wav,4.0,16000
data/raw/deep_voice/fake/obama-to-ryan.wav,4,fake,data/interim/deep_voice_chunks/fake/obama-to-ryan_chunk0004.wav,4.0,16000
data/raw/deep_voice/fake/obama-to-ryan.wav,5,fake,data/interim/deep_voice_chunks/fake/obama-to-ryan_chunk0005.wav,4.0,16000
data/raw/deep_voice/fake/obama-to-ryan.wav,6,fake,data/interim/deep_voice_chunks/fake/obama-to-ryan_chunk0006.wav,4.0,16000
data/raw/deep_voice/fake/obama-to-ryan.wav,7,fake,data/interim/deep_voice_chunks/fake/obama-to-ryan_chunk0007.wav,4.0,16000
data/raw/deep_voice/fake/obama-to-ryan.wav,8,fake,data/interim/deep_voice_chunks/fake/obama-to-ryan_chunk0008.wav,4.0,16000
data/raw/deep_voice/fake/obama-to-ryan.wav,9,fake,data/interim/deep_voice_chunks/fake/obama-to-ryan_chunk0009.wav,4.0,16000
data/raw/deep_voice/fake/obama-to-ryan.wav,10,fake,data/interim/deep_voice_chunks/fake/obama-to-ryan_chunk0010.wav,4.0,16000
data/raw/deep_voice/fake/obama-to-ryan.wav,11,fake,data/interim/deep_voice_chunks/fake/obama-to-ryan_chunk0011.wav,4.0,16000
data/raw/deep_voice/fake/obama-to-ryan.wav,12,fake,data/interim/deep_voice_chunks/fake/obama-to-ryan_chunk0012.wav,4.0,16000
data/raw/deep_voice/fake/obama-to-ryan.wav,13,fake,data/interim/deep_voice_chunks/fake/obama-to-ryan_chunk0013.wav,4.0,16000
data/raw/deep_voice/fake/obama-to-ryan.wav,14,fake,data/interim/deep_voice_chunks/fake/obama-to-ryan_chunk0014.wav,4.0,16000
data/raw/deep_voice/fake/obama-to-ryan.wav,15,fake,data/interim/deep_voice_chunks/fake/obama-to-ryan_chunk0015.wav,4.0,16000
data/raw/deep_voice/fake/obama-to-ryan.wav,16,fake,data/interim/deep_voice_chunks/fake/obama-to-ryan_chunk0016.wav,4.0,16000
data/raw/deep_voice/fake/obama-to-ryan.wav,17,fake,data/interim/deep_voice_chunks/fake/obama-to-ryan_chunk0017.wav,4.0,16000
data/raw/deep_voice/fake/obama-to-ryan.wav,18,fake,data/interim/deep_voice_chunks/fake/obama-to-ryan_chunk0018.wav,4.0,16000
data/raw/deep_voice/fake/obama-to-ryan.wav,19,fake,data/interim/deep_voice_chunks/fake/obama-to-ryan_chunk0019.wav,4.0,16000
data/raw/deep_voice/fake/obama-to-ryan.wav,20,fake,data/interim/deep_voice_chunks/fake/obama-to-ryan_chunk0020.wav,4.0,16000
data/raw/deep_voice/fake/obama-to-ryan.wav,21,fake,data/interim/deep_voice_chunks/fake/obama-to-ryan_chunk0021.wav,4.0,16000
data/raw/deep_voice/fake/obama-to-ryan.wav,22,fake,data/interim/deep_voice_chunks/fake/obama-to-ryan_chunk0022.wav,4.0,16000
data/raw/deep_voice/fake/obama-to-ryan.wav,23,fake,data/interim/deep_voice_chunks/fake/obama-to-ryan_chunk0023.wav,4.0,16000
data/raw/deep_voice/fake/obama-to-ryan.wav,24,fake,data/interim/deep_voice_chunks/fake/obama-to-ryan_chunk0024.wav,4.0,16000
data/raw/deep_voice/fake/obama-to-ryan.wav,25,fake,data/interim/deep_voice_chunks/fake/obama-to-ryan_chunk0025.wav,4.0,16000
data/raw/deep_voice/fake/obama-to-ryan.wav,26,fake,data/interim/deep_voice_chunks/fake/obama-to-ryan_chunk0026.wav,4.0,16000
data/raw/deep_voice/fake/obama-to-ryan.wav,27,fake,data/interim/deep_voice_chunks/fake/obama-to-ryan_chunk0027.wav,4.0,16000
data/raw/deep_voice/fake/obama-to-ryan.wav,28,fake,data/interim/deep_voice_chunks/fake/obama-to-ryan_chunk0028.wav,4.0,16000
data/raw/deep_voice/fake/obama-to-ryan.wav,29,fake,data/interim/deep_voice_chunks/fake/obama-to-ryan_chunk0029.wav,4.0,16000
data/raw/deep_voice/fake/obama-to-ryan.wav,30,fake,data/interim/deep_voice_chunks/fake/obama-to-ryan_chunk0030.wav,4.0,16000
data/raw/deep_voice/fake/obama-to-ryan.wav,31,fake,data/interim/deep_voice_chunks/fake/obama-to-ryan_chunk0031.wav,4.0,16000
data/raw/deep_voice/fake/obama-to-ryan.wav,32,fake,data/interim/deep_voice_chunks/fake/obama-to-ryan_chunk0032.wav,4.0,16000
data/raw/deep_voice/fake/obama-to-ryan.wav,33,fake,data/interim/deep_voice_chunks/fake/obama-to-ryan_chunk0033.wav,4.0,16000
data/raw/deep_voice/fake/obama-to-ryan.wav,34,fake,data/interim/deep_voice_chunks/fake/obama-to-ryan_chunk0034.wav,4.0,16000
data/raw/deep_voice/fake/obama-to-ryan.wav,35,fake,data/interim/deep_voice_chunks/fake/obama-to-ryan_chunk0035.wav,4.0,16000
data/raw/deep_voice/fake/obama-to-ryan.wav,36,fake,data/interim/deep_voice_chunks/fake/obama-to-ryan_chunk0036.wav,4.0,16000
data/raw/deep_voice/fake/obama-to-ryan.wav,37,fake,data/interim/deep_voice_chunks/fake/obama-to-ryan_chunk0037.wav,4.0,16000
data/raw/deep_voice/fake/obama-to-ryan.wav,38,fake,data/interim/deep_voice_chunks/fake/obama-to-ryan_chunk0038.wav,4.0,16000
data/raw/deep_voice/fake/obama-to-ryan.wav,39,fake,data/interim/deep_voice_chunks/fake/obama-to-ryan_chunk0039.wav,4.0,16000
data/raw/deep_voice/fake/obama-to-ryan.wav,40,fake,data/interim/deep_voice_chunks/fake/obama-to-ryan_chunk0040.wav,4.0,16000
data/raw/deep_voice/fake/obama-to-ryan.wav,41,fake,data/interim/deep_voice_chunks/fake/obama-to-ryan_chunk0041.wav,4.0,16000
data/raw/deep_voice/fake/obama-to-ryan.wav,42,fake,data/interim/deep_voice_chunks/fake/obama-to-ryan_chunk0042.wav,4.0,16000
data/raw/deep_voice/fake/obama-to-ryan.wav,43,fake,data/interim/deep_voice_chunks/fake/obama-to-ryan_chunk0043.wav,4.0,16000
data/raw/deep_voice/fake/obama-to-ryan.wav,44,fake,data/interim/deep_voice_chunks/fake/obama-to-ryan_chunk0044.wav,4.0,16000
data/raw/deep_voice/fake/obama-to-ryan.wav,45,fake,data/interim/deep_voice_chunks/fake/obama-to-ryan_chunk0045.wav,4.0,16000
data/raw/deep_voice/fake/obama-to-ryan.wav,46,fake,data/interim/deep_voice_chunks/fake/obama-to-ryan_chunk0046.wav,4.0,16000
data/raw/deep_voice/fake/obama-to-ryan.wav,47,fake,data/interim/deep_voice_chunks/fake/obama-to-ryan_chunk0047.wav,4.0,16000
data/raw/deep_voice/fake/obama-to-ryan.wav,48,fake,data/interim/deep_voice_chunks/fake/obama-to-ryan_chunk0048.wav,4.0,16000
data/raw/deep_voice/fake/obama-to-ryan.wav,49,fake,data/interim/deep_voice_chunks/fake/obama-to-ryan_chunk0049.wav,4.0,16000
data/raw/deep_voice/fake/obama-to-ryan.wav,50,fake,data/interim/deep_voice_chunks/fake/obama-to-ryan_chunk0050.wav,4.0,16000
data/raw/deep_voice/fake/obama-to-ryan.wav,51,fake,data/interim/deep_voice_chunks/fake/obama-to-ryan_chunk0051.wav,4.0,16000
data/raw/deep_voice/fake/obama-to-ryan.wav,52,fake,data/interim/deep_voice_chunks/fake/obama-to-ryan_chunk0052.wav,4.0,16000
data/raw/deep_voice/fake/obama-to-ryan.wav,53,fake,data/interim/deep_voice_chunks/fake/obama-to-ryan_chunk0053.wav,4.0,16000
data/raw/deep_voice/fake/obama-to-ryan.wav,54,fake,data/interim/deep_voice_chunks/fake/obama-to-ryan_chunk0054.wav,4.0,16000
data/raw/deep_voice/fake/obama-to-ryan.wav,55,fake,data/interim/deep_voice_chunks/fake/obama-to-ryan_chunk0055.wav,4.0,16000
data/raw/deep_voice/fake/obama-to-ryan.wav,56,fake,data/interim/deep_voice_chunks/fake/obama-to-ryan_chunk0056.wav,4.0,16000
data/raw/deep_voice/fake/obama-to-ryan.wav,57,fake,data/interim/deep_voice_chunks/fake/obama-to-ryan_chunk0057.wav,4.0,16000
data/raw/deep_voice/fake/obama-to-ryan.wav,58,fake,data/interim/deep_voice_chunks/fake/obama-to-ryan_chunk0058.wav,4.0,16000
data/raw/deep_voice/fake/obama-to-ryan.wav,59,fake,data/interim/deep_voice_chunks/fake/obama-to-ryan_chunk0059.wav,4.0,16000
data/raw/deep_voice/fake/obama-to-ryan.wav,60,fake,data/interim/deep_voice_chunks/fake/obama-to-ryan_chunk0060.wav,4.0,16000
data/raw/deep_voice/fake/obama-to-ryan.wav,61,fake,data/interim/deep_voice_chunks/fake/obama-to-ryan_chunk0061.wav,4.0,16000
data/raw/deep_voice/fake/obama-to-ryan.wav,62,fake,data/interim/deep_voice_chunks/fake/obama-to-ryan_chunk0062.wav,4.0,16000
data/raw/deep_voice/fake/obama-to-ryan.wav,63,fake,data/interim/deep_voice_chunks/fake/obama-to-ryan_chunk0063.wav,4.0,16000
data/raw/deep_voice/fake/obama-to-ryan.wav,64,fake,data/interim/deep_voice_chunks/fake/obama-to-ryan_chunk0064.wav,4.0,16000
data/raw/deep_voice/fake/obama-to-ryan.wav,65,fake,data/interim/deep_voice_chunks/fake/obama-to-ryan_chunk0065.wav,4.0,16000
data/raw/deep_voice/fake/obama-to-ryan.wav,66,fake,data/interim/deep_voice_chunks/fake/obama-to-ryan_chunk0066.wav,4.0,16000
data/raw/deep_voice/fake/obama-to-ryan.wav,67,fake,data/interim/deep_voice_chunks/fake/obama-to-ryan_chunk0067.wav,4.0,16000
data/raw/deep_voice/fake/obama-to-ryan.wav,68,fake,data/interim/deep_voice_chunks/fake/obama-to-ryan_chunk0068.wav,4.0,16000
data/raw/deep_voice/fake/obama-to-ryan.wav,69,fake,data/interim/deep_voice_chunks/fake/obama-to-ryan_chunk0069.wav,4.0,16000
data/raw/deep_voice/fake/obama-to-ryan.wav,70,fake,data/interim/deep_voice_chunks/fake/obama-to-ryan_chunk0070.wav,4.0,16000
data/raw/deep_voice/fake/obama-to-ryan.wav,71,fake,data/interim/deep_voice_chunks/fake/obama-to-ryan_chunk0071.wav,4.0,16000
data/raw/deep_voice/fake/obama-to-ryan.wav,72,fake,data/interim/deep_voice_chunks/fake/obama-to-ryan_chunk0072.wav,4.0,16000
data/raw/deep_voice/fake/obama-to-ryan.wav,73,fake,data/interim/deep_voice_chunks/fake/obama-to-ryan_chunk0073.wav,4.0,16000
data/raw/deep_voice/fake/obama-to-ryan.wav,74,fake,data/interim/deep_voice_chunks/fake/obama-to-ryan_chunk0074.wav,4.0,16000
data/raw/deep_voice/fake/obama-to-ryan.wav,75,fake,data/interim/deep_voice_chunks/fake/obama-to-ryan_chunk0075.wav,4.0,16000
data/raw/deep_voice/fake/obama-to-ryan.wav,76,fake,data/interim/deep_voice_chunks/fake/obama-to-ryan_chunk0076.wav,4.0,16000
data/raw/deep_voice/fake/obama-to-ryan.wav,77,fake,data/interim/deep_voice_chunks/fake/obama-to-ryan_chunk0077.wav,4.0,16000
data/raw/deep_voice/fake/obama-to-ryan.wav,78,fake,data/interim/deep_voice_chunks/fake/obama-to-ryan_chunk0078.wav,4.0,16000
data/raw/deep_voice/fake/obama-to-ryan.wav,79,fake,data/interim/deep_voice_chunks/fake/obama-to-ryan_chunk0079.wav,4.0,16000
data/raw/deep_voice/fake/obama-to-ryan.wav,80,fake,data/interim/deep_voice_chunks/fake/obama-to-ryan_chunk0080.wav,4.0,16000
data/raw/deep_voice/fake/obama-to-ryan.wav,81,fake,data/interim/deep_voice_chunks/fake/obama-to-ryan_chunk0081.wav,4.0,16000
data/raw/deep_voice/fake/obama-to-ryan.wav,82,fake,data/interim/deep_voice_chunks/fake/obama-to-ryan_chunk0082.wav,4.0,16000
data/raw/deep_voice/fake/obama-to-ryan.wav,83,fake,data/interim/deep_voice_chunks/fake/obama-to-ryan_chunk0083.wav,4.0,16000
data/raw/deep_voice/fake/obama-to-ryan.wav,84,fake,data/interim/deep_voice_chunks/fake/obama-to-ryan_chunk0084.wav,4.0,16000
data/raw/deep_voice/fake/obama-to-ryan.wav,85,fake,data/interim/deep_voice_chunks/fake/obama-to-ryan_chunk0085.wav,4.0,16000
data/raw/deep_voice/fake/obama-to-ryan.wav,86,fake,data/interim/deep_voice_chunks/fake/obama-to-ryan_chunk0086.wav,4.0,16000
data/raw/deep_voice/fake/obama-to-ryan.wav,87,fake,data/interim/deep_voice_chunks/fake/obama-to-ryan_chunk0087.wav,4.0,16000
data/raw/deep_voice/fake/obama-to-ryan.wav,88,fake,data/interim/deep_voice_chunks/fake/obama-to-ryan_chunk0088.wav,4.0,16000
data/raw/deep_voice/fake/obama-to-ryan.wav,89,fake,data/interim/deep_voice_chunks/fake/obama-to-ryan_chunk0089.wav,4.0,16000
data/raw/deep_voice/fake/obama-to-ryan.wav,90,fake,data/interim/deep_voice_chunks/fake/obama-to-ryan_chunk0090.wav,4.0,16000
data/raw/deep_voice/fake/obama-to-ryan.wav,91,fake,data/interim/deep_voice_chunks/fake/obama-to-ryan_chunk0091.wav,4.0,16000
data/raw/deep_voice/fake/obama-to-ryan.wav,92,fake,data/interim/deep_voice_chunks/fake/obama-to-ryan_chunk0092.wav,4.0,16000
data/raw/deep_voice/fake/obama-to-ryan.wav,93,fake,data/interim/deep_voice_chunks/fake/obama-to-ryan_chunk0093.wav,4.0,16000
data/raw/deep_voice/fake/obama-to-ryan.wav,94,fake,data/interim/deep_voice_chunks/fake/obama-to-ryan_chunk0094.wav,4.0,16000
data/raw/deep_voice/fake/obama-to-ryan.wav,95,fake,data/interim/deep_voice_chunks/fake/obama-to-ryan_chunk0095.wav,4.0,16000
data/raw/deep_voice/fake/obama-to-ryan.wav,96,fake,data/interim/deep_voice_chunks/fake/obama-to-ryan_chunk0096.wav,4.0,16000
data/raw/deep_voice/fake/obama-to-ryan.wav,97,fake,data/interim/deep_voice_chunks/fake/obama-to-ryan_chunk0097.wav,4.0,16000
data/raw/deep_voice/fake/obama-to-ryan.wav,98,fake,data/interim/deep_voice_chunks/fake/obama-to-ryan_chunk0098.wav,4.0,16000
data/raw/deep_voice/fake/obama-to-ryan.wav,99,fake,data/interim/deep_voice_chunks/fake/obama-to-ryan_chunk0099.wav,4.0,16000
data/raw/deep_voice/fake/obama-to-ryan.wav,100,fake,data/interim/deep_voice_chunks/fake/obama-to-ryan_chunk0100.wav,4.0,16000
data/raw/deep_voice/fake/obama-to-ryan.wav,101,fake,data/interim/deep_voice_chunks/fake/obama-to-ryan_chunk0101.wav,4.0,16000
data/raw/deep_voice/fake/obama-to-ryan.wav,102,fake,data/interim/deep_voice_chunks/fake/obama-to-ryan_chunk0102.wav,4.0,16000
data/raw/deep_voice/fake/obama-to-ryan.wav,103,fake,data/interim/deep_voice_chunks/fake/obama-to-ryan_chunk0103.wav,4.0,16000
data/raw/deep_voice/fake/obama-to-ryan.wav,104,fake,data/interim/deep_voice_chunks/fake/obama-to-ryan_chunk0104.wav,4.0,16000
data/raw/deep_voice/fake/obama-to-ryan.wav,105,fake,data/interim/deep_voice_chunks/fake/obama-to-ryan_chunk0105.wav,4.0,16000
data/raw/deep_voice/fake/obama-to-ryan.wav,106,fake,data/interim/deep_voice_chunks/fake/obama-to-ryan_chunk0106.wav,4.0,16000
data/raw/deep_voice/fake/obama-to-ryan.wav,107,fake,data/interim/deep_voice_chunks/fake/obama-to-ryan_chunk0107.wav,4.0,16000
data/raw/deep_voice/fake/obama-to-ryan.wav,108,fake,data/interim/deep_voice_chunks/fake/obama-to-ryan_chunk0108.wav,4.0,16000
data/raw/deep_voice/fake/obama-to-ryan.wav,109,fake,data/interim/deep_voice_chunks/fake/obama-to-ryan_chunk0109.wav,4.0,16000
data/raw/deep_voice/fake/obama-to-ryan.wav,110,fake,data/interim/deep_voice_chunks/fake/obama-to-ryan_chunk0110.wav,4.0,16000
data/raw/deep_voice/fake/obama-to-ryan.wav,111,fake,data/interim/deep_voice_chunks/fake/obama-to-ryan_chunk0111.wav,4.0,16000
data/raw/deep_voice/fake/obama-to-ryan.wav,112,fake,data/interim/deep_voice_chunks/fake/obama-to-ryan_chunk0112.wav,4.0,16000
data/raw/deep_voice/fake/obama-to-ryan.wav,113,fake,data/interim/deep_voice_chunks/fake/obama-to-ryan_chunk0113.wav,4.0,16000
data/raw/deep_voice/fake/obama-to-ryan.wav,114,fake,data/interim/deep_voice_chunks/fake/obama-to-ryan_chunk0114.wav,4.0,16000
data/raw/deep_voice/fake/obama-to-ryan.wav,115,fake,data/interim/deep_voice_chunks/fake/obama-to-ryan_chunk0115.wav,4.0,16000
data/raw/deep_voice/fake/obama-to-ryan.wav,116,fake,data/interim/deep_voice_chunks/fake/obama-to-ryan_chunk0116.wav,4.0,16000
data/raw/deep_voice/fake/obama-to-ryan.wav,117,fake,data/interim/deep_voice_chunks/fake/obama-to-ryan_chunk0117.wav,4.0,16000
data/raw/deep_voice/fake/obama-to-ryan.wav,118,fake,data/interim/deep_voice_chunks/fake/obama-to-ryan_chunk0118.wav,4.0,16000
data/raw/deep_voice/fake/obama-to-ryan.wav,119,fake,data/interim/deep_voice_chunks/fake/obama-to-ryan_chunk0119.wav,4.0,16000
data/raw/deep_voice/fake/obama-to-ryan.wav,120,fake,data/interim/deep_voice_chunks/fake/obama-to-ryan_chunk0120.wav,4.0,16000
data/raw/deep_voice/fake/obama-to-ryan.wav,121,fake,data/interim/deep_voice_chunks/fake/obama-to-ryan_chunk0121.wav,4.0,16000
data/raw/deep_voice/fake/obama-to-ryan.wav,122,fake,data/interim/deep_voice_chunks/fake/obama-to-ryan_chunk0122.wav,4.0,16000
data/raw/deep_voice/fake/obama-to-ryan.wav,123,fake,data/interim/deep_voice_chunks/fake/obama-to-ryan_chunk0123.wav,4.0,16000
data/raw/deep_voice/fake/obama-to-ryan.wav,124,fake,data/interim/deep_voice_chunks/fake/obama-to-ryan_chunk0124.wav,4.0,16000
data/raw/deep_voice/fake/obama-to-ryan.wav,125,fake,data/interim/deep_voice_chunks/fake/obama-to-ryan_chunk0125.wav,4.0,16000
data/raw/deep_voice/fake/obama-to-ryan.wav,126,fake,data/interim/deep_voice_chunks/fake/obama-to-ryan_chunk0126.wav,4.0,16000
data/raw/deep_voice/fake/obama-to-ryan.wav,127,fake,data/interim/deep_voice_chunks/fake/obama-to-ryan_chunk0127.wav,4.0,16000
data/raw/deep_voice/fake/obama-to-ryan.wav,128,fake,data/interim/deep_voice_chunks/fake/obama-to-ryan_chunk0128.wav,4.0,16000
data/raw/deep_voice/fake/obama-to-ryan.wav,129,fake,data/interim/deep_voice_chunks/fake/obama-to-ryan_chunk0129.wav,4.0,16000
data/raw/deep_voice/fake/obama-to-ryan.wav,130,fake,data/interim/deep_voice_chunks/fake/obama-to-ryan_chunk0130.wav,4.0,16000
data/raw/deep_voice/fake/obama-to-ryan.wav,131,fake,data/interim/deep_voice_chunks/fake/obama-to-ryan_chunk0131.wav,4.0,16000
data/raw/deep_voice/fake/obama-to-ryan.wav,132,fake,data/interim/deep_voice_chunks/fake/obama-to-ryan_chunk0132.wav,4.0,16000
data/raw/deep_voice/fake/obama-to-ryan.wav,133,fake,data/interim/deep_voice_chunks/fake/obama-to-ryan_chunk0133.wav,4.0,16000
data/raw/deep_voice/fake/obama-to-ryan.wav,134,fake,data/interim/deep_voice_chunks/fake/obama-to-ryan_chunk0134.wav,4.0,16000
data/raw/deep_voice/fake/obama-to-ryan.wav,135,fake,data/interim/deep_voice_chunks/fake/obama-to-ryan_chunk0135.wav,4.0,16000
data/raw/deep_voice/fake/obama-to-ryan.wav,136,fake,data/interim/deep_voice_chunks/fake/obama-to-ryan_chunk0136.wav,4.0,16000
data/raw/deep_voice/fake/obama-to-taylor.wav,0,fake,data/interim/deep_voice_chunks/fake/obama-to-taylor_chunk0000.wav,4.0,16000
data/raw/deep_voice/fake/obama-to-taylor.wav,1,fake,data/interim/deep_voice_chunks/fake/obama-to-taylor_chunk0001.wav,4.0,16000
data/raw/deep_voice/fake/obama-to-taylor.wav,2,fake,data/interim/deep_voice_chunks/fake/obama-to-taylor_chunk0002.wav,4.0,16000
data/raw/deep_voice/fake/obama-to-taylor.wav,3,fake,data/interim/deep_voice_chunks/fake/obama-to-taylor_chunk0003.wav,4.0,16000
data/raw/deep_voice/fake/obama-to-taylor.wav,4,fake,data/interim/deep_voice_chunks/fake/obama-to-taylor_chunk0004.wav,4.0,16000
data/raw/deep_voice/fake/obama-to-taylor.wav,5,fake,data/interim/deep_voice_chunks/fake/obama-to-taylor_chunk0005.wav,4.0,16000
data/raw/deep_voice/fake/obama-to-taylor.wav,6,fake,data/interim/deep_voice_chunks/fake/obama-to-taylor_chunk0006.wav,4.0,16000
data/raw/deep_voice/fake/obama-to-taylor.wav,7,fake,data/interim/deep_voice_chunks/fake/obama-to-taylor_chunk0007.wav,4.0,16000
data/raw/deep_voice/fake/obama-to-taylor.wav,8,fake,data/interim/deep_voice_chunks/fake/obama-to-taylor_chunk0008.wav,4.0,16000
data/raw/deep_voice/fake/obama-to-taylor.wav,9,fake,data/interim/deep_voice_chunks/fake/obama-to-taylor_chunk0009.wav,4.0,16000
data/raw/deep_voice/fake/obama-to-taylor.wav,10,fake,data/interim/deep_voice_chunks/fake/obama-to-taylor_chunk0010.wav,4.0,16000
data/raw/deep_voice/fake/obama-to-taylor.wav,11,fake,data/interim/deep_voice_chunks/fake/obama-to-taylor_chunk0011.wav,4.0,16000
data/raw/deep_voice/fake/obama-to-taylor.wav,12,fake,data/interim/deep_voice_chunks/fake/obama-to-taylor_chunk0012.wav,4.0,16000
data/raw/deep_voice/fake/obama-to-taylor.wav,13,fake,data/interim/deep_voice_chunks/fake/obama-to-taylor_chunk0013.wav,4.0,16000
data/raw/deep_voice/fake/obama-to-taylor.wav,14,fake,data/interim/deep_voice_chunks/fake/obama-to-taylor_chunk0014.wav,4.0,16000
data/raw/deep_voice/fake/obama-to-taylor.wav,15,fake,data/interim/deep_voice_chunks/fake/obama-to-taylor_chunk0015.wav,4.0,16000
data/raw/deep_voice/fake/obama-to-taylor.wav,16,fake,data/interim/deep_voice_chunks/fake/obama-to-taylor_chunk0016.wav,4.0,16000
data/raw/deep_voice/fake/obama-to-taylor.wav,17,fake,data/interim/deep_voice_chunks/fake/obama-to-taylor_chunk0017.wav,4.0,16000
data/raw/deep_voice/fake/obama-to-taylor.wav,18,fake,data/interim/deep_voice_chunks/fake/obama-to-taylor_chunk0018.wav,4.0,16000
data/raw/deep_voice/fake/obama-to-taylor.wav,19,fake,data/interim/deep_voice_chunks/fake/obama-to-taylor_chunk0019.wav,4.0,16000
data/raw/deep_voice/fake/obama-to-taylor.wav,20,fake,data/interim/deep_voice_chunks/fake/obama-to-taylor_chunk0020.wav,4.0,16000
data/raw/deep_voice/fake/obama-to-taylor.wav,21,fake,data/interim/deep_voice_chunks/fake/obama-to-taylor_chunk0021.wav,4.0,16000
data/raw/deep_voice/fake/obama-to-taylor.wav,22,fake,data/interim/deep_voice_chunks/fake/obama-to-taylor_chunk0022.wav,4.0,16000
data/raw/deep_voice/fake/obama-to-taylor.wav,23,fake,data/interim/deep_voice_chunks/fake/obama-to-taylor_chunk0023.wav,4.0,16000
data/raw/deep_voice/fake/obama-to-taylor.wav,24,fake,data/interim/deep_voice_chunks/fake/obama-to-taylor_chunk0024.wav,4.0,16000
data/raw/deep_voice/fake/obama-to-taylor.wav,25,fake,data/interim/deep_voice_chunks/fake/obama-to-taylor_chunk0025.wav,4.0,16000
data/raw/deep_voice/fake/obama-to-taylor.wav,26,fake,data/interim/deep_voice_chunks/fake/obama-to-taylor_chunk0026.wav,4.0,16000
data/raw/deep_voice/fake/obama-to-taylor.wav,27,fake,data/interim/deep_voice_chunks/fake/obama-to-taylor_chunk0027.wav,4.0,16000
data/raw/deep_voice/fake/obama-to-taylor.wav,28,fake,data/interim/deep_voice_chunks/fake/obama-to-taylor_chunk0028.wav,4.0,16000
data/raw/deep_voice/fake/obama-to-taylor.wav,29,fake,data/interim/deep_voice_chunks/fake/obama-to-taylor_chunk0029.wav,4.0,16000
data/raw/deep_voice/fake/obama-to-taylor.wav,30,fake,data/interim/deep_voice_chunks/fake/obama-to-taylor_chunk0030.wav,4.0,16000
data/raw/deep_voice/fake/obama-to-taylor.wav,31,fake,data/interim/deep_voice_chunks/fake/obama-to-taylor_chunk0031.wav,4.0,16000
data/raw/deep_voice/fake/obama-to-taylor.wav,32,fake,data/interim/deep_voice_chunks/fake/obama-to-taylor_chunk0032.wav,4.0,16000
data/raw/deep_voice/fake/obama-to-taylor.wav,33,fake,data/interim/deep_voice_chunks/fake/obama-to-taylor_chunk0033.wav,4.0,16000
data/raw/deep_voice/fake/obama-to-taylor.wav,34,fake,data/interim/deep_voice_chunks/fake/obama-to-taylor_chunk0034.wav,4.0,16000
data/raw/deep_voice/fake/obama-to-taylor.wav,35,fake,data/interim/deep_voice_chunks/fake/obama-to-taylor_chunk0035.wav,4.0,16000
data/raw/deep_voice/fake/obama-to-taylor.wav,36,fake,data/interim/deep_voice_chunks/fake/obama-to-taylor_chunk0036.wav,4.0,16000
data/raw/deep_voice/fake/obama-to-taylor.wav,37,fake,data/interim/deep_voice_chunks/fake/obama-to-taylor_chunk0037.wav,4.0,16000
data/raw/deep_voice/fake/obama-to-taylor.wav,38,fake,data/interim/deep_voice_chunks/fake/obama-to-taylor_chunk0038.wav,4.0,16000
data/raw/deep_voice/fake/obama-to-taylor.wav,39,fake,data/interim/deep_voice_chunks/fake/obama-to-taylor_chunk0039.wav,4.0,16000
data/raw/deep_voice/fake/obama-to-taylor.wav,40,fake,data/interim/deep_voice_chunks/fake/obama-to-taylor_chunk0040.wav,4.0,16000
data/raw/deep_voice/fake/obama-to-taylor.wav,41,fake,data/interim/deep_voice_chunks/fake/obama-to-taylor_chunk0041.wav,4.0,16000
data/raw/deep_voice/fake/obama-to-taylor.wav,42,fake,data/interim/deep_voice_chunks/fake/obama-to-taylor_chunk0042.wav,4.0,16000
data/raw/deep_voice/fake/obama-to-taylor.wav,43,fake,data/interim/deep_voice_chunks/fake/obama-to-taylor_chunk0043.wav,4.0,16000
data/raw/deep_voice/fake/obama-to-taylor.wav,44,fake,data/interim/deep_voice_chunks/fake/obama-to-taylor_chunk0044.wav,4.0,16000
data/raw/deep_voice/fake/obama-to-taylor.wav,45,fake,data/interim/deep_voice_chunks/fake/obama-to-taylor_chunk0045.wav,4.0,16000
data/raw/deep_voice/fake/obama-to-taylor.wav,46,fake,data/interim/deep_voice_chunks/fake/obama-to-taylor_chunk0046.wav,4.0,16000
data/raw/deep_voice/fake/obama-to-taylor.wav,47,fake,data/interim/deep_voice_chunks/fake/obama-to-taylor_chunk0047.wav,4.0,16000
data/raw/deep_voice/fake/obama-to-taylor.wav,48,fake,data/interim/deep_voice_chunks/fake/obama-to-taylor_chunk0048.wav,4.0,16000
data/raw/deep_voice/fake/obama-to-taylor.wav,49,fake,data/interim/deep_voice_chunks/fake/obama-to-taylor_chunk0049.wav,4.0,16000
data/raw/deep_voice/fake/obama-to-taylor.wav,50,fake,data/interim/deep_voice_chunks/fake/obama-to-taylor_chunk0050.wav,4.0,16000
data/raw/deep_voice/fake/obama-to-taylor.wav,51,fake,data/interim/deep_voice_chunks/fake/obama-to-taylor_chunk0051.wav,4.0,16000
data/raw/deep_voice/fake/obama-to-taylor.wav,52,fake,data/interim/deep_voice_chunks/fake/obama-to-taylor_chunk0052.wav,4.0,16000
data/raw/deep_voice/fake/obama-to-taylor.wav,53,fake,data/interim/deep_voice_chunks/fake/obama-to-taylor_chunk0053.wav,4.0,16000
data/raw/deep_voice/fake/obama-to-taylor.wav,54,fake,data/interim/deep_voice_chunks/fake/obama-to-taylor_chunk0054.wav,4.0,16000
data/raw/deep_voice/fake/obama-to-taylor.wav,55,fake,data/interim/deep_voice_chunks/fake/obama-to-taylor_chunk0055.wav,4.0,16000
data/raw/deep_voice/fake/obama-to-taylor.wav,56,fake,data/interim/deep_voice_chunks/fake/obama-to-taylor_chunk0056.wav,4.0,16000
data/raw/deep_voice/fake/obama-to-taylor.wav,57,fake,data/interim/deep_voice_chunks/fake/obama-to-taylor_chunk0057.wav,4.0,16000
data/raw/deep_voice/fake/obama-to-taylor.wav,58,fake,data/interim/deep_voice_chunks/fake/obama-to-taylor_chunk0058.wav,4.0,16000
data/raw/deep_voice/fake/obama-to-taylor.wav,59,fake,data/interim/deep_voice_chunks/fake/obama-to-taylor_chunk0059.wav,4.0,16000
data/raw/deep_voice/fake/obama-to-taylor.wav,60,fake,data/interim/deep_voice_chunks/fake/obama-to-taylor_chunk0060.wav,4.0,16000
data/raw/deep_voice/fake/obama-to-taylor.wav,61,fake,data/interim/deep_voice_chunks/fake/obama-to-taylor_chunk0061.wav,4.0,16000
data/raw/deep_voice/fake/obama-to-taylor.wav,62,fake,data/interim/deep_voice_chunks/fake/obama-to-taylor_chunk0062.wav,4.0,16000
data/raw/deep_voice/fake/obama-to-taylor.wav,63,fake,data/interim/deep_voice_chunks/fake/obama-to-taylor_chunk0063.wav,4.0,16000
data/raw/deep_voice/fake/obama-to-taylor.wav,64,fake,data/interim/deep_voice_chunks/fake/obama-to-taylor_chunk0064.wav,4.0,16000
data/raw/deep_voice/fake/obama-to-taylor.wav,65,fake,data/interim/deep_voice_chunks/fake/obama-to-taylor_chunk0065.wav,4.0,16000
data/raw/deep_voice/fake/obama-to-taylor.wav,66,fake,data/interim/deep_voice_chunks/fake/obama-to-taylor_chunk0066.wav,4.0,16000
data/raw/deep_voice/fake/obama-to-taylor.wav,67,fake,data/interim/deep_voice_chunks/fake/obama-to-taylor_chunk0067.wav,4.0,16000
data/raw/deep_voice/fake/obama-to-taylor.wav,68,fake,data/interim/deep_voice_chunks/fake/obama-to-taylor_chunk0068.wav,4.0,16000
data/raw/deep_voice/fake/obama-to-taylor.wav,69,fake,data/interim/deep_voice_chunks/fake/obama-to-taylor_chunk0069.wav,4.0,16000
data/raw/deep_voice/fake/obama-to-taylor.wav,70,fake,data/interim/deep_voice_chunks/fake/obama-to-taylor_chunk0070.wav,4.0,16000
data/raw/deep_voice/fake/obama-to-taylor.wav,71,fake,data/interim/deep_voice_chunks/fake/obama-to-taylor_chunk0071.wav,4.0,16000
data/raw/deep_voice/fake/obama-to-taylor.wav,72,fake,data/interim/deep_voice_chunks/fake/obama-to-taylor_chunk0072.wav,4.0,16000
data/raw/deep_voice/fake/obama-to-taylor.wav,73,fake,data/interim/deep_voice_chunks/fake/obama-to-taylor_chunk0073.wav,4.0,16000
data/raw/deep_voice/fake/obama-to-taylor.wav,74,fake,data/interim/deep_voice_chunks/fake/obama-to-taylor_chunk0074.wav,4.0,16000
data/raw/deep_voice/fake/obama-to-taylor.wav,75,fake,data/interim/deep_voice_chunks/fake/obama-to-taylor_chunk0075.wav,4.0,16000
data/raw/deep_voice/fake/obama-to-taylor.wav,76,fake,data/interim/deep_voice_chunks/fake/obama-to-taylor_chunk0076.wav,4.0,16000
data/raw/deep_voice/fake/obama-to-taylor.wav,77,fake,data/interim/deep_voice_chunks/fake/obama-to-taylor_chunk0077.wav,4.0,16000
data/raw/deep_voice/fake/obama-to-taylor.wav,78,fake,data/interim/deep_voice_chunks/fake/obama-to-taylor_chunk0078.wav,4.0,16000
data/raw/deep_voice/fake/obama-to-taylor.wav,79,fake,data/interim/deep_voice_chunks/fake/obama-to-taylor_chunk0079.wav,4.0,16000
data/raw/deep_voice/fake/obama-to-taylor.wav,80,fake,data/interim/deep_voice_chunks/fake/obama-to-taylor_chunk0080.wav,4.0,16000
data/raw/deep_voice/fake/obama-to-taylor.wav,81,fake,data/interim/deep_voice_chunks/fake/obama-to-taylor_chunk0081.wav,4.0,16000
data/raw/deep_voice/fake/obama-to-taylor.wav,82,fake,data/interim/deep_voice_chunks/fake/obama-to-taylor_chunk0082.wav,4.0,16000
data/raw/deep_voice/fake/obama-to-taylor.wav,83,fake,data/interim/deep_voice_chunks/fake/obama-to-taylor_chunk0083.wav,4.0,16000
data/raw/deep_voice/fake/obama-to-taylor.wav,84,fake,data/interim/deep_voice_chunks/fake/obama-to-taylor_chunk0084.wav,4.0,16000
data/raw/deep_voice/fake/obama-to-taylor.wav,85,fake,data/interim/deep_voice_chunks/fake/obama-to-taylor_chunk0085.wav,4.0,16000
data/raw/deep_voice/fake/obama-to-taylor.wav,86,fake,data/interim/deep_voice_chunks/fake/obama-to-taylor_chunk0086.wav,4.0,16000
data/raw/deep_voice/fake/obama-to-taylor.wav,87,fake,data/interim/deep_voice_chunks/fake/obama-to-taylor_chunk0087.wav,4.0,16000
data/raw/deep_voice/fake/obama-to-taylor.wav,88,fake,data/interim/deep_voice_chunks/fake/obama-to-taylor_chunk0088.wav,4.0,16000
data/raw/deep_voice/fake/obama-to-taylor.wav,89,fake,data/interim/deep_voice_chunks/fake/obama-to-taylor_chunk0089.wav,4.0,16000
data/raw/deep_voice/fake/obama-to-taylor.wav,90,fake,data/interim/deep_voice_chunks/fake/obama-to-taylor_chunk0090.wav,4.0,16000
data/raw/deep_voice/fake/obama-to-taylor.wav,91,fake,data/interim/deep_voice_chunks/fake/obama-to-taylor_chunk0091.wav,4.0,16000
data/raw/deep_voice/fake/obama-to-taylor.wav,92,fake,data/interim/deep_voice_chunks/fake/obama-to-taylor_chunk0092.wav,4.0,16000
data/raw/deep_voice/fake/obama-to-taylor.wav,93,fake,data/interim/deep_voice_chunks/fake/obama-to-taylor_chunk0093.wav,4.0,16000
data/raw/deep_voice/fake/obama-to-taylor.wav,94,fake,data/interim/deep_voice_chunks/fake/obama-to-taylor_chunk0094.wav,4.0,16000
data/raw/deep_voice/fake/obama-to-taylor.wav,95,fake,data/interim/deep_voice_chunks/fake/obama-to-taylor_chunk0095.wav,4.0,16000
data/raw/deep_voice/fake/obama-to-taylor.wav,96,fake,data/interim/deep_voice_chunks/fake/obama-to-taylor_chunk0096.wav,4.0,16000
data/raw/deep_voice/fake/obama-to-taylor.wav,97,fake,data/interim/deep_voice_chunks/fake/obama-to-taylor_chunk0097.wav,4.0,16000
data/raw/deep_voice/fake/obama-to-taylor.wav,98,fake,data/interim/deep_voice_chunks/fake/obama-to-taylor_chunk0098.wav,4.0,16000
data/raw/deep_voice/fake/obama-to-taylor.wav,99,fake,data/interim/deep_voice_chunks/fake/obama-to-taylor_chunk0099.wav,4.0,16000
data/raw/deep_voice/fake/obama-to-taylor.wav,100,fake,data/interim/deep_voice_chunks/fake/obama-to-taylor_chunk0100.wav,4.0,16000
data/raw/deep_voice/fake/obama-to-taylor.wav,101,fake,data/interim/deep_voice_chunks/fake/obama-to-taylor_chunk0101.wav,4.0,16000
data/raw/deep_voice/fake/obama-to-taylor.wav,102,fake,data/interim/deep_voice_chunks/fake/obama-to-taylor_chunk0102.wav,4.0,16000
data/raw/deep_voice/fake/obama-to-taylor.wav,103,fake,data/interim/deep_voice_chunks/fake/obama-to-taylor_chunk0103.wav,4.0,16000
data/raw/deep_voice/fake/obama-to-taylor.wav,104,fake,data/interim/deep_voice_chunks/fake/obama-to-taylor_chunk0104.wav,4.0,16000
data/raw/deep_voice/fake/obama-to-taylor.wav,105,fake,data/interim/deep_voice_chunks/fake/obama-to-taylor_chunk0105.wav,4.0,16000
data/raw/deep_voice/fake/obama-to-taylor.wav,106,fake,data/interim/deep_voice_chunks/fake/obama-to-taylor_chunk0106.wav,4.0,16000
data/raw/deep_voice/fake/obama-to-taylor.wav,107,fake,data/interim/deep_voice_chunks/fake/obama-to-taylor_chunk0107.wav,4.0,16000
data/raw/deep_voice/fake/obama-to-taylor.wav,108,fake,data/interim/deep_voice_chunks/fake/obama-to-taylor_chunk0108.wav,4.0,16000
data/raw/deep_voice/fake/obama-to-taylor.wav,109,fake,data/interim/deep_voice_chunks/fake/obama-to-taylor_chunk0109.wav,4.0,16000
data/raw/deep_voice/fake/obama-to-taylor.wav,110,fake,data/interim/deep_voice_chunks/fake/obama-to-taylor_chunk0110.wav,4.0,16000
data/raw/deep_voice/fake/obama-to-taylor.wav,111,fake,data/interim/deep_voice_chunks/fake/obama-to-taylor_chunk0111.wav,4.0,16000
data/raw/deep_voice/fake/obama-to-taylor.wav,112,fake,data/interim/deep_voice_chunks/fake/obama-to-taylor_chunk0112.wav,4.0,16000
data/raw/deep_voice/fake/obama-to-taylor.wav,113,fake,data/interim/deep_voice_chunks/fake/obama-to-taylor_chunk0113.wav,4.0,16000
data/raw/deep_voice/fake/obama-to-taylor.wav,114,fake,data/interim/deep_voice_chunks/fake/obama-to-taylor_chunk0114.wav,4.0,16000
data/raw/deep_voice/fake/obama-to-taylor.wav,115,fake,data/interim/deep_voice_chunks/fake/obama-to-taylor_chunk0115.wav,4.0,16000
data/raw/deep_voice/fake/obama-to-taylor.wav,116,fake,data/interim/deep_voice_chunks/fake/obama-to-taylor_chunk0116.wav,4.0,16000
data/raw/deep_voice/fake/obama-to-taylor.wav,117,fake,data/interim/deep_voice_chunks/fake/obama-to-taylor_chunk0117.wav,4.0,16000
data/raw/deep_voice/fake/obama-to-taylor.wav,118,fake,data/interim/deep_voice_chunks/fake/obama-to-taylor_chunk0118.wav,4.0,16000
data/raw/deep_voice/fake/obama-to-taylor.wav,119,fake,data/interim/deep_voice_chunks/fake/obama-to-taylor_chunk0119.wav,4.0,16000
data/raw/deep_voice/fake/obama-to-taylor.wav,120,fake,data/interim/deep_voice_chunks/fake/obama-to-taylor_chunk0120.wav,4.0,16000
data/raw/deep_voice/fake/obama-to-taylor.wav,121,fake,data/interim/deep_voice_chunks/fake/obama-to-taylor_chunk0121.wav,4.0,16000
data/raw/deep_voice/fake/obama-to-taylor.wav,122,fake,data/interim/deep_voice_chunks/fake/obama-to-taylor_chunk0122.wav,4.0,16000
data/raw/deep_voice/fake/obama-to-taylor.wav,123,fake,data/interim/deep_voice_chunks/fake/obama-to-taylor_chunk0123.wav,4.0,16000
data/raw/deep_voice/fake/obama-to-taylor.wav,124,fake,data/interim/deep_voice_chunks/fake/obama-to-taylor_chunk0124.wav,4.0,16000
data/raw/deep_voice/fake/obama-to-taylor.wav,125,fake,data/interim/deep_voice_chunks/fake/obama-to-taylor_chunk0125.wav,4.0,16000
data/raw/deep_voice/fake/obama-to-taylor.wav,126,fake,data/interim/deep_voice_chunks/fake/obama-to-taylor_chunk0126.wav,4.0,16000
data/raw/deep_voice/fake/obama-to-taylor.wav,127,fake,data/interim/deep_voice_chunks/fake/obama-to-taylor_chunk0127.wav,4.0,16000
data/raw/deep_voice/fake/obama-to-taylor.wav,128,fake,data/interim/deep_voice_chunks/fake/obama-to-taylor_chunk0128.wav,4.0,16000
data/raw/deep_voice/fake/obama-to-taylor.wav,129,fake,data/interim/deep_voice_chunks/fake/obama-to-taylor_chunk0129.wav,4.0,16000
data/raw/deep_voice/fake/obama-to-taylor.wav,130,fake,data/interim/deep_voice_chunks/fake/obama-to-taylor_chunk0130.wav,4.0,16000
data/raw/deep_voice/fake/obama-to-taylor.wav,131,fake,data/interim/deep_voice_chunks/fake/obama-to-taylor_chunk0131.wav,4.0,16000
data/raw/deep_voice/fake/obama-to-taylor.wav,132,fake,data/interim/deep_voice_chunks/fake/obama-to-taylor_chunk0132.wav,4.0,16000
data/raw/deep_voice/fake/obama-to-taylor.wav,133,fake,data/interim/deep_voice_chunks/fake/obama-to-taylor_chunk0133.wav,4.0,16000
data/raw/deep_voice/fake/obama-to-taylor.wav,134,fake,data/interim/deep_voice_chunks/fake/obama-to-taylor_chunk0134.wav,4.0,16000
data/raw/deep_voice/fake/Obama-to-Trump.wav,0,fake,data/interim/deep_voice_chunks/fake/Obama-to-Trump_chunk0000.wav,4.0,16000
data/raw/deep_voice/fake/Obama-to-Trump.wav,1,fake,data/interim/deep_voice_chunks/fake/Obama-to-Trump_chunk0001.wav,4.0,16000
data/raw/deep_voice/fake/Obama-to-Trump.wav,2,fake,data/interim/deep_voice_chunks/fake/Obama-to-Trump_chunk0002.wav,4.0,16000
data/raw/deep_voice/fake/Obama-to-Trump.wav,3,fake,data/interim/deep_voice_chunks/fake/Obama-to-Trump_chunk0003.wav,4.0,16000
data/raw/deep_voice/fake/Obama-to-Trump.wav,4,fake,data/interim/deep_voice_chunks/fake/Obama-to-Trump_chunk0004.wav,4.0,16000
data/raw/deep_voice/fake/Obama-to-Trump.wav,5,fake,data/interim/deep_voice_chunks/fake/Obama-to-Trump_chunk0005.wav,4.0,16000
data/raw/deep_voice/fake/Obama-to-Trump.wav,6,fake,data/interim/deep_voice_chunks/fake/Obama-to-Trump_chunk0006.wav,4.0,16000
data/raw/deep_voice/fake/Obama-to-Trump.wav,7,fake,data/interim/deep_voice_chunks/fake/Obama-to-Trump_chunk0007.wav,4.0,16000
data/raw/deep_voice/fake/Obama-to-Trump.wav,8,fake,data/interim/deep_voice_chunks/fake/Obama-to-Trump_chunk0008.wav,4.0,16000
data/raw/deep_voice/fake/Obama-to-Trump.wav,9,fake,data/interim/deep_voice_chunks/fake/Obama-to-Trump_chunk0009.wav,4.0,16000
data/raw/deep_voice/fake/Obama-to-Trump.wav,10,fake,data/interim/deep_voice_chunks/fake/Obama-to-Trump_chunk0010.wav,4.0,16000
data/raw/deep_voice/fake/Obama-to-Trump.wav,11,fake,data/interim/deep_voice_chunks/fake/Obama-to-Trump_chunk0011.wav,4.0,16000
data/raw/deep_voice/fake/Obama-to-Trump.wav,12,fake,data/interim/deep_voice_chunks/fake/Obama-to-Trump_chunk0012.wav,4.0,16000
data/raw/deep_voice/fake/Obama-to-Trump.wav,13,fake,data/interim/deep_voice_chunks/fake/Obama-to-Trump_chunk0013.wav,4.0,16000
data/raw/deep_voice/fake/Obama-to-Trump.wav,14,fake,data/interim/deep_voice_chunks/fake/Obama-to-Trump_chunk0014.wav,4.0,16000
data/raw/deep_voice/fake/Obama-to-Trump.wav,15,fake,data/interim/deep_voice_chunks/fake/Obama-to-Trump_chunk0015.wav,4.0,16000
data/raw/deep_voice/fake/Obama-to-Trump.wav,16,fake,data/interim/deep_voice_chunks/fake/Obama-to-Trump_chunk0016.wav,4.0,16000
data/raw/deep_voice/fake/Obama-to-Trump.wav,17,fake,data/interim/deep_voice_chunks/fake/Obama-to-Trump_chunk0017.wav,4.0,16000
data/raw/deep_voice/fake/Obama-to-Trump.wav,18,fake,data/interim/deep_voice_chunks/fake/Obama-to-Trump_chunk0018.wav,4.0,16000
data/raw/deep_voice/fake/Obama-to-Trump.wav,19,fake,data/interim/deep_voice_chunks/fake/Obama-to-Trump_chunk0019.wav,4.0,16000
data/raw/deep_voice/fake/Obama-to-Trump.wav,20,fake,data/interim/deep_voice_chunks/fake/Obama-to-Trump_chunk0020.wav,4.0,16000
data/raw/deep_voice/fake/Obama-to-Trump.wav,21,fake,data/interim/deep_voice_chunks/fake/Obama-to-Trump_chunk0021.wav,4.0,16000
data/raw/deep_voice/fake/Obama-to-Trump.wav,22,fake,data/interim/deep_voice_chunks/fake/Obama-to-Trump_chunk0022.wav,4.0,16000
data/raw/deep_voice/fake/Obama-to-Trump.wav,23,fake,data/interim/deep_voice_chunks/fake/Obama-to-Trump_chunk0023.wav,4.0,16000
data/raw/deep_voice/fake/Obama-to-Trump.wav,24,fake,data/interim/deep_voice_chunks/fake/Obama-to-Trump_chunk0024.wav,4.0,16000
data/raw/deep_voice/fake/Obama-to-Trump.wav,25,fake,data/interim/deep_voice_chunks/fake/Obama-to-Trump_chunk0025.wav,4.0,16000
data/raw/deep_voice/fake/Obama-to-Trump.wav,26,fake,data/interim/deep_voice_chunks/fake/Obama-to-Trump_chunk0026.wav,4.0,16000
data/raw/deep_voice/fake/Obama-to-Trump.wav,27,fake,data/interim/deep_voice_chunks/fake/Obama-to-Trump_chunk0027.wav,4.0,16000
data/raw/deep_voice/fake/Obama-to-Trump.wav,28,fake,data/interim/deep_voice_chunks/fake/Obama-to-Trump_chunk0028.wav,4.0,16000
data/raw/deep_voice/fake/Obama-to-Trump.wav,29,fake,data/interim/deep_voice_chunks/fake/Obama-to-Trump_chunk0029.wav,4.0,16000
data/raw/deep_voice/fake/Obama-to-Trump.wav,30,fake,data/interim/deep_voice_chunks/fake/Obama-to-Trump_chunk0030.wav,4.0,16000
data/raw/deep_voice/fake/Obama-to-Trump.wav,31,fake,data/interim/deep_voice_chunks/fake/Obama-to-Trump_chunk0031.wav,4.0,16000
data/raw/deep_voice/fake/Obama-to-Trump.wav,32,fake,data/interim/deep_voice_chunks/fake/Obama-to-Trump_chunk0032.wav,4.0,16000
data/raw/deep_voice/fake/Obama-to-Trump.wav,33,fake,data/interim/deep_voice_chunks/fake/Obama-to-Trump_chunk0033.wav,4.0,16000
data/raw/deep_voice/fake/Obama-to-Trump.wav,34,fake,data/interim/deep_voice_chunks/fake/Obama-to-Trump_chunk0034.wav,4.0,16000
data/raw/deep_voice/fake/Obama-to-Trump.wav,35,fake,data/interim/deep_voice_chunks/fake/Obama-to-Trump_chunk0035.wav,4.0,16000
data/raw/deep_voice/fake/Obama-to-Trump.wav,36,fake,data/interim/deep_voice_chunks/fake/Obama-to-Trump_chunk0036.wav,4.0,16000
data/raw/deep_voice/fake/Obama-to-Trump.wav,37,fake,data/interim/deep_voice_chunks/fake/Obama-to-Trump_chunk0037.wav,4.0,16000
data/raw/deep_voice/fake/Obama-to-Trump.wav,38,fake,data/interim/deep_voice_chunks/fake/Obama-to-Trump_chunk0038.wav,4.0,16000
data/raw/deep_voice/fake/Obama-to-Trump.wav,39,fake,data/interim/deep_voice_chunks/fake/Obama-to-Trump_chunk0039.wav,4.0,16000
data/raw/deep_voice/fake/Obama-to-Trump.wav,40,fake,data/interim/deep_voice_chunks/fake/Obama-to-Trump_chunk0040.wav,4.0,16000
data/raw/deep_voice/fake/Obama-to-Trump.wav,41,fake,data/interim/deep_voice_chunks/fake/Obama-to-Trump_chunk0041.wav,4.0,16000
data/raw/deep_voice/fake/Obama-to-Trump.wav,42,fake,data/interim/deep_voice_chunks/fake/Obama-to-Trump_chunk0042.wav,4.0,16000
data/raw/deep_voice/fake/Obama-to-Trump.wav,43,fake,data/interim/deep_voice_chunks/fake/Obama-to-Trump_chunk0043.wav,4.0,16000
data/raw/deep_voice/fake/Obama-to-Trump.wav,44,fake,data/interim/deep_voice_chunks/fake/Obama-to-Trump_chunk0044.wav,4.0,16000
data/raw/deep_voice/fake/Obama-to-Trump.wav,45,fake,data/interim/deep_voice_chunks/fake/Obama-to-Trump_chunk0045.wav,4.0,16000
data/raw/deep_voice/fake/Obama-to-Trump.wav,46,fake,data/interim/deep_voice_chunks/fake/Obama-to-Trump_chunk0046.wav,4.0,16000
data/raw/deep_voice/fake/Obama-to-Trump.wav,47,fake,data/interim/deep_voice_chunks/fake/Obama-to-Trump_chunk0047.wav,4.0,16000
data/raw/deep_voice/fake/Obama-to-Trump.wav,48,fake,data/interim/deep_voice_chunks/fake/Obama-to-Trump_chunk0048.wav,4.0,16000
data/raw/deep_voice/fake/Obama-to-Trump.wav,49,fake,data/interim/deep_voice_chunks/fake/Obama-to-Trump_chunk0049.wav,4.0,16000
data/raw/deep_voice/fake/Obama-to-Trump.wav,50,fake,data/interim/deep_voice_chunks/fake/Obama-to-Trump_chunk0050.wav,4.0,16000
data/raw/deep_voice/fake/Obama-to-Trump.wav,51,fake,data/interim/deep_voice_chunks/fake/Obama-to-Trump_chunk0051.wav,4.0,16000
data/raw/deep_voice/fake/Obama-to-Trump.wav,52,fake,data/interim/deep_voice_chunks/fake/Obama-to-Trump_chunk0052.wav,4.0,16000
data/raw/deep_voice/fake/Obama-to-Trump.wav,53,fake,data/interim/deep_voice_chunks/fake/Obama-to-Trump_chunk0053.wav,4.0,16000
data/raw/deep_voice/fake/Obama-to-Trump.wav,54,fake,data/interim/deep_voice_chunks/fake/Obama-to-Trump_chunk0054.wav,4.0,16000
data/raw/deep_voice/fake/Obama-to-Trump.wav,55,fake,data/interim/deep_voice_chunks/fake/Obama-to-Trump_chunk0055.wav,4.0,16000
data/raw/deep_voice/fake/Obama-to-Trump.wav,56,fake,data/interim/deep_voice_chunks/fake/Obama-to-Trump_chunk0056.wav,4.0,16000
data/raw/deep_voice/fake/Obama-to-Trump.wav,57,fake,data/interim/deep_voice_chunks/fake/Obama-to-Trump_chunk0057.wav,4.0,16000
data/raw/deep_voice/fake/Obama-to-Trump.wav,58,fake,data/interim/deep_voice_chunks/fake/Obama-to-Trump_chunk0058.wav,4.0,16000
data/raw/deep_voice/fake/Obama-to-Trump.wav,59,fake,data/interim/deep_voice_chunks/fake/Obama-to-Trump_chunk0059.wav,4.0,16000
data/raw/deep_voice/fake/Obama-to-Trump.wav,60,fake,data/interim/deep_voice_chunks/fake/Obama-to-Trump_chunk0060.wav,4.0,16000
data/raw/deep_voice/fake/Obama-to-Trump.wav,61,fake,data/interim/deep_voice_chunks/fake/Obama-to-Trump_chunk0061.wav,4.0,16000
data/raw/deep_voice/fake/Obama-to-Trump.wav,62,fake,data/interim/deep_voice_chunks/fake/Obama-to-Trump_chunk0062.wav,4.0,16000
data/raw/deep_voice/fake/Obama-to-Trump.wav,63,fake,data/interim/deep_voice_chunks/fake/Obama-to-Trump_chunk0063.wav,4.0,16000
data/raw/deep_voice/fake/Obama-to-Trump.wav,64,fake,data/interim/deep_voice_chunks/fake/Obama-to-Trump_chunk0064.wav,4.0,16000
data/raw/deep_voice/fake/Obama-to-Trump.wav,65,fake,data/interim/deep_voice_chunks/fake/Obama-to-Trump_chunk0065.wav,4.0,16000
data/raw/deep_voice/fake/Obama-to-Trump.wav,66,fake,data/interim/deep_voice_chunks/fake/Obama-to-Trump_chunk0066.wav,4.0,16000
data/raw/deep_voice/fake/Obama-to-Trump.wav,67,fake,data/interim/deep_voice_chunks/fake/Obama-to-Trump_chunk0067.wav,4.0,16000
data/raw/deep_voice/fake/Obama-to-Trump.wav,68,fake,data/interim/deep_voice_chunks/fake/Obama-to-Trump_chunk0068.wav,4.0,16000
data/raw/deep_voice/fake/Obama-to-Trump.wav,69,fake,data/interim/deep_voice_chunks/fake/Obama-to-Trump_chunk0069.wav,4.0,16000
data/raw/deep_voice/fake/Obama-to-Trump.wav,70,fake,data/interim/deep_voice_chunks/fake/Obama-to-Trump_chunk0070.wav,4.0,16000
data/raw/deep_voice/fake/Obama-to-Trump.wav,71,fake,data/interim/deep_voice_chunks/fake/Obama-to-Trump_chunk0071.wav,4.0,16000
data/raw/deep_voice/fake/Obama-to-Trump.wav,72,fake,data/interim/deep_voice_chunks/fake/Obama-to-Trump_chunk0072.wav,4.0,16000
data/raw/deep_voice/fake/Obama-to-Trump.wav,73,fake,data/interim/deep_voice_chunks/fake/Obama-to-Trump_chunk0073.wav,4.0,16000
data/raw/deep_voice/fake/Obama-to-Trump.wav,74,fake,data/interim/deep_voice_chunks/fake/Obama-to-Trump_chunk0074.wav,4.0,16000
data/raw/deep_voice/fake/Obama-to-Trump.wav,75,fake,data/interim/deep_voice_chunks/fake/Obama-to-Trump_chunk0075.wav,4.0,16000
data/raw/deep_voice/fake/Obama-to-Trump.wav,76,fake,data/interim/deep_voice_chunks/fake/Obama-to-Trump_chunk0076.wav,4.0,16000
data/raw/deep_voice/fake/Obama-to-Trump.wav,77,fake,data/interim/deep_voice_chunks/fake/Obama-to-Trump_chunk0077.wav,4.0,16000
data/raw/deep_voice/fake/Obama-to-Trump.wav,78,fake,data/interim/deep_voice_chunks/fake/Obama-to-Trump_chunk0078.wav,4.0,16000
data/raw/deep_voice/fake/Obama-to-Trump.wav,79,fake,data/interim/deep_voice_chunks/fake/Obama-to-Trump_chunk0079.wav,4.0,16000
data/raw/deep_voice/fake/Obama-to-Trump.wav,80,fake,data/interim/deep_voice_chunks/fake/Obama-to-Trump_chunk0080.wav,4.0,16000
data/raw/deep_voice/fake/Obama-to-Trump.wav,81,fake,data/interim/deep_voice_chunks/fake/Obama-to-Trump_chunk0081.wav,4.0,16000
data/raw/deep_voice/fake/Obama-to-Trump.wav,82,fake,data/interim/deep_voice_chunks/fake/Obama-to-Trump_chunk0082.wav,4.0,16000
data/raw/deep_voice/fake/Obama-to-Trump.wav,83,fake,data/interim/deep_voice_chunks/fake/Obama-to-Trump_chunk0083.wav,4.0,16000
data/raw/deep_voice/fake/Obama-to-Trump.wav,84,fake,data/interim/deep_voice_chunks/fake/Obama-to-Trump_chunk0084.wav,4.0,16000
data/raw/deep_voice/fake/Obama-to-Trump.wav,85,fake,data/interim/deep_voice_chunks/fake/Obama-to-Trump_chunk0085.wav,4.0,16000
data/raw/deep_voice/fake/Obama-to-Trump.wav,86,fake,data/interim/deep_voice_chunks/fake/Obama-to-Trump_chunk0086.wav,4.0,16000
data/raw/deep_voice/fake/Obama-to-Trump.wav,87,fake,data/interim/deep_voice_chunks/fake/Obama-to-Trump_chunk0087.wav,4.0,16000
data/raw/deep_voice/fake/Obama-to-Trump.wav,88,fake,data/interim/deep_voice_chunks/fake/Obama-to-Trump_chunk0088.wav,4.0,16000
data/raw/deep_voice/fake/Obama-to-Trump.wav,89,fake,data/interim/deep_voice_chunks/fake/Obama-to-Trump_chunk0089.wav,4.0,16000
data/raw/deep_voice/fake/Obama-to-Trump.wav,90,fake,data/interim/deep_voice_chunks/fake/Obama-to-Trump_chunk0090.wav,4.0,16000
data/raw/deep_voice/fake/Obama-to-Trump.wav,91,fake,data/interim/deep_voice_chunks/fake/Obama-to-Trump_chunk0091.wav,4.0,16000
data/raw/deep_voice/fake/Obama-to-Trump.wav,92,fake,data/interim/deep_voice_chunks/fake/Obama-to-Trump_chunk0092.wav,4.0,16000
data/raw/deep_voice/fake/Obama-to-Trump.wav,93,fake,data/interim/deep_voice_chunks/fake/Obama-to-Trump_chunk0093.wav,4.0,16000
data/raw/deep_voice/fake/Obama-to-Trump.wav,94,fake,data/interim/deep_voice_chunks/fake/Obama-to-Trump_chunk0094.wav,4.0,16000
data/raw/deep_voice/fake/Obama-to-Trump.wav,95,fake,data/interim/deep_voice_chunks/fake/Obama-to-Trump_chunk0095.wav,4.0,16000
data/raw/deep_voice/fake/Obama-to-Trump.wav,96,fake,data/interim/deep_voice_chunks/fake/Obama-to-Trump_chunk0096.wav,4.0,16000
data/raw/deep_voice/fake/Obama-to-Trump.wav,97,fake,data/interim/deep_voice_chunks/fake/Obama-to-Trump_chunk0097.wav,4.0,16000
data/raw/deep_voice/fake/Obama-to-Trump.wav,98,fake,data/interim/deep_voice_chunks/fake/Obama-to-Trump_chunk0098.wav,4.0,16000
data/raw/deep_voice/fake/Obama-to-Trump.wav,99,fake,data/interim/deep_voice_chunks/fake/Obama-to-Trump_chunk0099.wav,4.0,16000
data/raw/deep_voice/fake/Obama-to-Trump.wav,100,fake,data/interim/deep_voice_chunks/fake/Obama-to-Trump_chunk0100.wav,4.0,16000
data/raw/deep_voice/fake/Obama-to-Trump.wav,101,fake,data/interim/deep_voice_chunks/fake/Obama-to-Trump_chunk0101.wav,4.0,16000
data/raw/deep_voice/fake/Obama-to-Trump.wav,102,fake,data/interim/deep_voice_chunks/fake/Obama-to-Trump_chunk0102.wav,4.0,16000
data/raw/deep_voice/fake/Obama-to-Trump.wav,103,fake,data/interim/deep_voice_chunks/fake/Obama-to-Trump_chunk0103.wav,4.0,16000
data/raw/deep_voice/fake/Obama-to-Trump.wav,104,fake,data/interim/deep_voice_chunks/fake/Obama-to-Trump_chunk0104.wav,4.0,16000
data/raw/deep_voice/fake/Obama-to-Trump.wav,105,fake,data/interim/deep_voice_chunks/fake/Obama-to-Trump_chunk0105.wav,4.0,16000
data/raw/deep_voice/fake/Obama-to-Trump.wav,106,fake,data/interim/deep_voice_chunks/fake/Obama-to-Trump_chunk0106.wav,4.0,16000
data/raw/deep_voice/fake/Obama-to-Trump.wav,107,fake,data/interim/deep_voice_chunks/fake/Obama-to-Trump_chunk0107.wav,4.0,16000
data/raw/deep_voice/fake/Obama-to-Trump.wav,108,fake,data/interim/deep_voice_chunks/fake/Obama-to-Trump_chunk0108.wav,4.0,16000
data/raw/deep_voice/fake/Obama-to-Trump.wav,109,fake,data/interim/deep_voice_chunks/fake/Obama-to-Trump_chunk0109.wav,4.0,16000
data/raw/deep_voice/fake/Obama-to-Trump.wav,110,fake,data/interim/deep_voice_chunks/fake/Obama-to-Trump_chunk0110.wav,4.0,16000
data/raw/deep_voice/fake/Obama-to-Trump.wav,111,fake,data/interim/deep_voice_chunks/fake/Obama-to-Trump_chunk0111.wav,4.0,16000
data/raw/deep_voice/fake/Obama-to-Trump.wav,112,fake,data/interim/deep_voice_chunks/fake/Obama-to-Trump_chunk0112.wav,4.0,16000
data/raw/deep_voice/fake/Obama-to-Trump.wav,113,fake,data/interim/deep_voice_chunks/fake/Obama-to-Trump_chunk0113.wav,4.0,16000
data/raw/deep_voice/fake/Obama-to-Trump.wav,114,fake,data/interim/deep_voice_chunks/fake/Obama-to-Trump_chunk0114.wav,4.0,16000
data/raw/deep_voice/fake/Obama-to-Trump.wav,115,fake,data/interim/deep_voice_chunks/fake/Obama-to-Trump_chunk0115.wav,4.0,16000
data/raw/deep_voice/fake/Obama-to-Trump.wav,116,fake,data/interim/deep_voice_chunks/fake/Obama-to-Trump_chunk0116.wav,4.0,16000
data/raw/deep_voice/fake/Obama-to-Trump.wav,117,fake,data/interim/deep_voice_chunks/fake/Obama-to-Trump_chunk0117.wav,4.0,16000
data/raw/deep_voice/fake/Obama-to-Trump.wav,118,fake,data/interim/deep_voice_chunks/fake/Obama-to-Trump_chunk0118.wav,4.0,16000
data/raw/deep_voice/fake/Obama-to-Trump.wav,119,fake,data/interim/deep_voice_chunks/fake/Obama-to-Trump_chunk0119.wav,4.0,16000
data/raw/deep_voice/fake/Obama-to-Trump.wav,120,fake,data/interim/deep_voice_chunks/fake/Obama-to-Trump_chunk0120.wav,4.0,16000
data/raw/deep_voice/fake/Obama-to-Trump.wav,121,fake,data/interim/deep_voice_chunks/fake/Obama-to-Trump_chunk0121.wav,4.0,16000
data/raw/deep_voice/fake/Obama-to-Trump.wav,122,fake,data/interim/deep_voice_chunks/fake/Obama-to-Trump_chunk0122.wav,4.0,16000
data/raw/deep_voice/fake/Obama-to-Trump.wav,123,fake,data/interim/deep_voice_chunks/fake/Obama-to-Trump_chunk0123.wav,4.0,16000
data/raw/deep_voice/fake/Obama-to-Trump.wav,124,fake,data/interim/deep_voice_chunks/fake/Obama-to-Trump_chunk0124.wav,4.0,16000
data/raw/deep_voice/fake/Obama-to-Trump.wav,125,fake,data/interim/deep_voice_chunks/fake/Obama-to-Trump_chunk0125.wav,4.0,16000
data/raw/deep_voice/fake/Obama-to-Trump.wav,126,fake,data/interim/deep_voice_chunks/fake/Obama-to-Trump_chunk0126.wav,4.0,16000
data/raw/deep_voice/fake/Obama-to-Trump.wav,127,fake,data/interim/deep_voice_chunks/fake/Obama-to-Trump_chunk0127.wav,4.0,16000
data/raw/deep_voice/fake/Obama-to-Trump.wav,128,fake,data/interim/deep_voice_chunks/fake/Obama-to-Trump_chunk0128.wav,4.0,16000
data/raw/deep_voice/fake/Obama-to-Trump.wav,129,fake,data/interim/deep_voice_chunks/fake/Obama-to-Trump_chunk0129.wav,4.0,16000
data/raw/deep_voice/fake/Obama-to-Trump.wav,130,fake,data/interim/deep_voice_chunks/fake/Obama-to-Trump_chunk0130.wav,4.0,16000
data/raw/deep_voice/fake/Obama-to-Trump.wav,131,fake,data/interim/deep_voice_chunks/fake/Obama-to-Trump_chunk0131.wav,4.0,16000
data/raw/deep_voice/fake/Obama-to-Trump.wav,132,fake,data/interim/deep_voice_chunks/fake/Obama-to-Trump_chunk0132.wav,4.0,16000
data/raw/deep_voice/fake/Obama-to-Trump.wav,133,fake,data/interim/deep_voice_chunks/fake/Obama-to-Trump_chunk0133.wav,4.0,16000
data/raw/deep_voice/fake/Obama-to-Trump.wav,134,fake,data/interim/deep_voice_chunks/fake/Obama-to-Trump_chunk0134.wav,4.0,16000
data/raw/deep_voice/fake/ryan-to-biden.wav,0,fake,data/interim/deep_voice_chunks/fake/ryan-to-biden_chunk0000.wav,4.0,16000
data/raw/deep_voice/fake/ryan-to-biden.wav,1,fake,data/interim/deep_voice_chunks/fake/ryan-to-biden_chunk0001.wav,4.0,16000
data/raw/deep_voice/fake/ryan-to-biden.wav,2,fake,data/interim/deep_voice_chunks/fake/ryan-to-biden_chunk0002.wav,4.0,16000
data/raw/deep_voice/fake/ryan-to-biden.wav,3,fake,data/interim/deep_voice_chunks/fake/ryan-to-biden_chunk0003.wav,4.0,16000
data/raw/deep_voice/fake/ryan-to-biden.wav,4,fake,data/interim/deep_voice_chunks/fake/ryan-to-biden_chunk0004.wav,4.0,16000
data/raw/deep_voice/fake/ryan-to-biden.wav,5,fake,data/interim/deep_voice_chunks/fake/ryan-to-biden_chunk0005.wav,4.0,16000
data/raw/deep_voice/fake/ryan-to-biden.wav,6,fake,data/interim/deep_voice_chunks/fake/ryan-to-biden_chunk0006.wav,4.0,16000
data/raw/deep_voice/fake/ryan-to-biden.wav,7,fake,data/interim/deep_voice_chunks/fake/ryan-to-biden_chunk0007.wav,4.0,16000
data/raw/deep_voice/fake/ryan-to-biden.wav,8,fake,data/interim/deep_voice_chunks/fake/ryan-to-biden_chunk0008.wav,4.0,16000
data/raw/deep_voice/fake/ryan-to-biden.wav,9,fake,data/interim/deep_voice_chunks/fake/ryan-to-biden_chunk0009.wav,4.0,16000
data/raw/deep_voice/fake/ryan-to-biden.wav,10,fake,data/interim/deep_voice_chunks/fake/ryan-to-biden_chunk0010.wav,4.0,16000
data/raw/deep_voice/fake/ryan-to-biden.wav,11,fake,data/interim/deep_voice_chunks/fake/ryan-to-biden_chunk0011.wav,4.0,16000
data/raw/deep_voice/fake/ryan-to-biden.wav,12,fake,data/interim/deep_voice_chunks/fake/ryan-to-biden_chunk0012.wav,4.0,16000
data/raw/deep_voice/fake/ryan-to-biden.wav,13,fake,data/interim/deep_voice_chunks/fake/ryan-to-biden_chunk0013.wav,4.0,16000
data/raw/deep_voice/fake/ryan-to-biden.wav,14,fake,data/interim/deep_voice_chunks/fake/ryan-to-biden_chunk0014.wav,4.0,16000
data/raw/deep_voice/fake/ryan-to-biden.wav,15,fake,data/interim/deep_voice_chunks/fake/ryan-to-biden_chunk0015.wav,4.0,16000
data/raw/deep_voice/fake/ryan-to-biden.wav,16,fake,data/interim/deep_voice_chunks/fake/ryan-to-biden_chunk0016.wav,4.0,16000
data/raw/deep_voice/fake/ryan-to-biden.wav,17,fake,data/interim/deep_voice_chunks/fake/ryan-to-biden_chunk0017.wav,4.0,16000
data/raw/deep_voice/fake/ryan-to-biden.wav,18,fake,data/interim/deep_voice_chunks/fake/ryan-to-biden_chunk0018.wav,4.0,16000
data/raw/deep_voice/fake/ryan-to-biden.wav,19,fake,data/interim/deep_voice_chunks/fake/ryan-to-biden_chunk0019.wav,4.0,16000
data/raw/deep_voice/fake/ryan-to-biden.wav,20,fake,data/interim/deep_voice_chunks/fake/ryan-to-biden_chunk0020.wav,4.0,16000
data/raw/deep_voice/fake/ryan-to-biden.wav,21,fake,data/interim/deep_voice_chunks/fake/ryan-to-biden_chunk0021.wav,4.0,16000
data/raw/deep_voice/fake/ryan-to-biden.wav,22,fake,data/interim/deep_voice_chunks/fake/ryan-to-biden_chunk0022.wav,4.0,16000
data/raw/deep_voice/fake/ryan-to-linus.wav,0,fake,data/interim/deep_voice_chunks/fake/ryan-to-linus_chunk0000.wav,4.0,16000
data/raw/deep_voice/fake/ryan-to-linus.wav,1,fake,data/interim/deep_voice_chunks/fake/ryan-to-linus_chunk0001.wav,4.0,16000
data/raw/deep_voice/fake/ryan-to-linus.wav,2,fake,data/interim/deep_voice_chunks/fake/ryan-to-linus_chunk0002.wav,4.0,16000
data/raw/deep_voice/fake/ryan-to-linus.wav,3,fake,data/interim/deep_voice_chunks/fake/ryan-to-linus_chunk0003.wav,4.0,16000
data/raw/deep_voice/fake/ryan-to-linus.wav,4,fake,data/interim/deep_voice_chunks/fake/ryan-to-linus_chunk0004.wav,4.0,16000
data/raw/deep_voice/fake/ryan-to-linus.wav,5,fake,data/interim/deep_voice_chunks/fake/ryan-to-linus_chunk0005.wav,4.0,16000
data/raw/deep_voice/fake/ryan-to-linus.wav,6,fake,data/interim/deep_voice_chunks/fake/ryan-to-linus_chunk0006.wav,4.0,16000
data/raw/deep_voice/fake/ryan-to-linus.wav,7,fake,data/interim/deep_voice_chunks/fake/ryan-to-linus_chunk0007.wav,4.0,16000
data/raw/deep_voice/fake/ryan-to-linus.wav,8,fake,data/interim/deep_voice_chunks/fake/ryan-to-linus_chunk0008.wav,4.0,16000
data/raw/deep_voice/fake/ryan-to-linus.wav,9,fake,data/interim/deep_voice_chunks/fake/ryan-to-linus_chunk0009.wav,4.0,16000
data/raw/deep_voice/fake/ryan-to-linus.wav,10,fake,data/interim/deep_voice_chunks/fake/ryan-to-linus_chunk0010.wav,4.0,16000
data/raw/deep_voice/fake/ryan-to-linus.wav,11,fake,data/interim/deep_voice_chunks/fake/ryan-to-linus_chunk0011.wav,4.0,16000
data/raw/deep_voice/fake/ryan-to-linus.wav,12,fake,data/interim/deep_voice_chunks/fake/ryan-to-linus_chunk0012.wav,4.0,16000
data/raw/deep_voice/fake/ryan-to-linus.wav,13,fake,data/interim/deep_voice_chunks/fake/ryan-to-linus_chunk0013.wav,4.0,16000
data/raw/deep_voice/fake/ryan-to-linus.wav,14,fake,data/interim/deep_voice_chunks/fake/ryan-to-linus_chunk0014.wav,4.0,16000
data/raw/deep_voice/fake/ryan-to-linus.wav,15,fake,data/interim/deep_voice_chunks/fake/ryan-to-linus_chunk0015.wav,4.0,16000
data/raw/deep_voice/fake/ryan-to-linus.wav,16,fake,data/interim/deep_voice_chunks/fake/ryan-to-linus_chunk0016.wav,4.0,16000
data/raw/deep_voice/fake/ryan-to-linus.wav,17,fake,data/interim/deep_voice_chunks/fake/ryan-to-linus_chunk0017.wav,4.0,16000
data/raw/deep_voice/fake/ryan-to-linus.wav,18,fake,data/interim/deep_voice_chunks/fake/ryan-to-linus_chunk0018.wav,4.0,16000
data/raw/deep_voice/fake/ryan-to-linus.wav,19,fake,data/interim/deep_voice_chunks/fake/ryan-to-linus_chunk0019.wav,4.0,16000
data/raw/deep_voice/fake/ryan-to-linus.wav,20,fake,data/interim/deep_voice_chunks/fake/ryan-to-linus_chunk0020.wav,4.0,16000
data/raw/deep_voice/fake/ryan-to-linus.wav,21,fake,data/interim/deep_voice_chunks/fake/ryan-to-linus_chunk0021.wav,4.0,16000
data/raw/deep_voice/fake/ryan-to-linus.wav,22,fake,data/interim/deep_voice_chunks/fake/ryan-to-linus_chunk0022.wav,4.0,16000
data/raw/deep_voice/fake/ryan-to-margot.wav,0,fake,data/interim/deep_voice_chunks/fake/ryan-to-margot_chunk0000.wav,4.0,16000
data/raw/deep_voice/fake/ryan-to-margot.wav,1,fake,data/interim/deep_voice_chunks/fake/ryan-to-margot_chunk0001.wav,4.0,16000
data/raw/deep_voice/fake/ryan-to-margot.wav,2,fake,data/interim/deep_voice_chunks/fake/ryan-to-margot_chunk0002.wav,4.0,16000
data/raw/deep_voice/fake/ryan-to-margot.wav,3,fake,data/interim/deep_voice_chunks/fake/ryan-to-margot_chunk0003.wav,4.0,16000
data/raw/deep_voice/fake/ryan-to-margot.wav,4,fake,data/interim/deep_voice_chunks/fake/ryan-to-margot_chunk0004.wav,4.0,16000
data/raw/deep_voice/fake/ryan-to-margot.wav,5,fake,data/interim/deep_voice_chunks/fake/ryan-to-margot_chunk0005.wav,4.0,16000
data/raw/deep_voice/fake/ryan-to-margot.wav,6,fake,data/interim/deep_voice_chunks/fake/ryan-to-margot_chunk0006.wav,4.0,16000
data/raw/deep_voice/fake/ryan-to-margot.wav,7,fake,data/interim/deep_voice_chunks/fake/ryan-to-margot_chunk0007.wav,4.0,16000
data/raw/deep_voice/fake/ryan-to-margot.wav,8,fake,data/interim/deep_voice_chunks/fake/ryan-to-margot_chunk0008.wav,4.0,16000
data/raw/deep_voice/fake/ryan-to-margot.wav,9,fake,data/interim/deep_voice_chunks/fake/ryan-to-margot_chunk0009.wav,4.0,16000
data/raw/deep_voice/fake/ryan-to-margot.wav,10,fake,data/interim/deep_voice_chunks/fake/ryan-to-margot_chunk0010.wav,4.0,16000
data/raw/deep_voice/fake/ryan-to-margot.wav,11,fake,data/interim/deep_voice_chunks/fake/ryan-to-margot_chunk0011.wav,4.0,16000
data/raw/deep_voice/fake/ryan-to-margot.wav,12,fake,data/interim/deep_voice_chunks/fake/ryan-to-margot_chunk0012.wav,4.0,16000
data/raw/deep_voice/fake/ryan-to-margot.wav,13,fake,data/interim/deep_voice_chunks/fake/ryan-to-margot_chunk0013.wav,4.0,16000
data/raw/deep_voice/fake/ryan-to-margot.wav,14,fake,data/interim/deep_voice_chunks/fake/ryan-to-margot_chunk0014.wav,4.0,16000
data/raw/deep_voice/fake/ryan-to-margot.wav,15,fake,data/interim/deep_voice_chunks/fake/ryan-to-margot_chunk0015.wav,4.0,16000
data/raw/deep_voice/fake/ryan-to-margot.wav,16,fake,data/interim/deep_voice_chunks/fake/ryan-to-margot_chunk0016.wav,4.0,16000
data/raw/deep_voice/fake/ryan-to-margot.wav,17,fake,data/interim/deep_voice_chunks/fake/ryan-to-margot_chunk0017.wav,4.0,16000
data/raw/deep_voice/fake/ryan-to-margot.wav,18,fake,data/interim/deep_voice_chunks/fake/ryan-to-margot_chunk0018.wav,4.0,16000
data/raw/deep_voice/fake/ryan-to-margot.wav,19,fake,data/interim/deep_voice_chunks/fake/ryan-to-margot_chunk0019.wav,4.0,16000
data/raw/deep_voice/fake/ryan-to-margot.wav,20,fake,data/interim/deep_voice_chunks/fake/ryan-to-margot_chunk0020.wav,4.0,16000
data/raw/deep_voice/fake/ryan-to-margot.wav,21,fake,data/interim/deep_voice_chunks/fake/ryan-to-margot_chunk0021.wav,4.0,16000
data/raw/deep_voice/fake/ryan-to-margot.wav,22,fake,data/interim/deep_voice_chunks/fake/ryan-to-margot_chunk0022.wav,4.0,16000
data/raw/deep_voice/fake/ryan-to-musk.wav,0,fake,data/interim/deep_voice_chunks/fake/ryan-to-musk_chunk0000.wav,4.0,16000
data/raw/deep_voice/fake/ryan-to-musk.wav,1,fake,data/interim/deep_voice_chunks/fake/ryan-to-musk_chunk0001.wav,4.0,16000
data/raw/deep_voice/fake/ryan-to-musk.wav,2,fake,data/interim/deep_voice_chunks/fake/ryan-to-musk_chunk0002.wav,4.0,16000
data/raw/deep_voice/fake/ryan-to-musk.wav,3,fake,data/interim/deep_voice_chunks/fake/ryan-to-musk_chunk0003.wav,4.0,16000
data/raw/deep_voice/fake/ryan-to-musk.wav,4,fake,data/interim/deep_voice_chunks/fake/ryan-to-musk_chunk0004.wav,4.0,16000
data/raw/deep_voice/fake/ryan-to-musk.wav,5,fake,data/interim/deep_voice_chunks/fake/ryan-to-musk_chunk0005.wav,4.0,16000
data/raw/deep_voice/fake/ryan-to-musk.wav,6,fake,data/interim/deep_voice_chunks/fake/ryan-to-musk_chunk0006.wav,4.0,16000
data/raw/deep_voice/fake/ryan-to-musk.wav,7,fake,data/interim/deep_voice_chunks/fake/ryan-to-musk_chunk0007.wav,4.0,16000
data/raw/deep_voice/fake/ryan-to-musk.wav,8,fake,data/interim/deep_voice_chunks/fake/ryan-to-musk_chunk0008.wav,4.0,16000
data/raw/deep_voice/fake/ryan-to-musk.wav,9,fake,data/interim/deep_voice_chunks/fake/ryan-to-musk_chunk0009.wav,4.0,16000
data/raw/deep_voice/fake/ryan-to-musk.wav,10,fake,data/interim/deep_voice_chunks/fake/ryan-to-musk_chunk0010.wav,4.0,16000
data/raw/deep_voice/fake/ryan-to-musk.wav,11,fake,data/interim/deep_voice_chunks/fake/ryan-to-musk_chunk0011.wav,4.0,16000
data/raw/deep_voice/fake/ryan-to-musk.wav,12,fake,data/interim/deep_voice_chunks/fake/ryan-to-musk_chunk0012.wav,4.0,16000
data/raw/deep_voice/fake/ryan-to-musk.wav,13,fake,data/interim/deep_voice_chunks/fake/ryan-to-musk_chunk0013.wav,4.0,16000
data/raw/deep_voice/fake/ryan-to-musk.wav,14,fake,data/interim/deep_voice_chunks/fake/ryan-to-musk_chunk0014.wav,4.0,16000
data/raw/deep_voice/fake/ryan-to-musk.wav,15,fake,data/interim/deep_voice_chunks/fake/ryan-to-musk_chunk0015.wav,4.0,16000
data/raw/deep_voice/fake/ryan-to-musk.wav,16,fake,data/interim/deep_voice_chunks/fake/ryan-to-musk_chunk0016.wav,4.0,16000
data/raw/deep_voice/fake/ryan-to-musk.wav,17,fake,data/interim/deep_voice_chunks/fake/ryan-to-musk_chunk0017.wav,4.0,16000
data/raw/deep_voice/fake/ryan-to-musk.wav,18,fake,data/interim/deep_voice_chunks/fake/ryan-to-musk_chunk0018.wav,4.0,16000
data/raw/deep_voice/fake/ryan-to-musk.wav,19,fake,data/interim/deep_voice_chunks/fake/ryan-to-musk_chunk0019.wav,4.0,16000
data/raw/deep_voice/fake/ryan-to-musk.wav,20,fake,data/interim/deep_voice_chunks/fake/ryan-to-musk_chunk0020.wav,4.0,16000
data/raw/deep_voice/fake/ryan-to-musk.wav,21,fake,data/interim/deep_voice_chunks/fake/ryan-to-musk_chunk0021.wav,4.0,16000
data/raw/deep_voice/fake/ryan-to-musk.wav,22,fake,data/interim/deep_voice_chunks/fake/ryan-to-musk_chunk0022.wav,4.0,16000
data/raw/deep_voice/fake/ryan-to-obama.wav,0,fake,data/interim/deep_voice_chunks/fake/ryan-to-obama_chunk0000.wav,4.0,16000
data/raw/deep_voice/fake/ryan-to-obama.wav,1,fake,data/interim/deep_voice_chunks/fake/ryan-to-obama_chunk0001.wav,4.0,16000
data/raw/deep_voice/fake/ryan-to-obama.wav,2,fake,data/interim/deep_voice_chunks/fake/ryan-to-obama_chunk0002.wav,4.0,16000
data/raw/deep_voice/fake/ryan-to-obama.wav,3,fake,data/interim/deep_voice_chunks/fake/ryan-to-obama_chunk0003.wav,4.0,16000
data/raw/deep_voice/fake/ryan-to-obama.wav,4,fake,data/interim/deep_voice_chunks/fake/ryan-to-obama_chunk0004.wav,4.0,16000
data/raw/deep_voice/fake/ryan-to-obama.wav,5,fake,data/interim/deep_voice_chunks/fake/ryan-to-obama_chunk0005.wav,4.0,16000
data/raw/deep_voice/fake/ryan-to-obama.wav,6,fake,data/interim/deep_voice_chunks/fake/ryan-to-obama_chunk0006.wav,4.0,16000
data/raw/deep_voice/fake/ryan-to-obama.wav,7,fake,data/interim/deep_voice_chunks/fake/ryan-to-obama_chunk0007.wav,4.0,16000
data/raw/deep_voice/fake/ryan-to-obama.wav,8,fake,data/interim/deep_voice_chunks/fake/ryan-to-obama_chunk0008.wav,4.0,16000
data/raw/deep_voice/fake/ryan-to-obama.wav,9,fake,data/interim/deep_voice_chunks/fake/ryan-to-obama_chunk0009.wav,4.0,16000
data/raw/deep_voice/fake/ryan-to-obama.wav,10,fake,data/interim/deep_voice_chunks/fake/ryan-to-obama_chunk0010.wav,4.0,16000
data/raw/deep_voice/fake/ryan-to-obama.wav,11,fake,data/interim/deep_voice_chunks/fake/ryan-to-obama_chunk0011.wav,4.0,16000
data/raw/deep_voice/fake/ryan-to-obama.wav,12,fake,data/interim/deep_voice_chunks/fake/ryan-to-obama_chunk0012.wav,4.0,16000
data/raw/deep_voice/fake/ryan-to-obama.wav,13,fake,data/interim/deep_voice_chunks/fake/ryan-to-obama_chunk0013.wav,4.0,16000
data/raw/deep_voice/fake/ryan-to-obama.wav,14,fake,data/interim/deep_voice_chunks/fake/ryan-to-obama_chunk0014.wav,4.0,16000
data/raw/deep_voice/fake/ryan-to-obama.wav,15,fake,data/interim/deep_voice_chunks/fake/ryan-to-obama_chunk0015.wav,4.0,16000
data/raw/deep_voice/fake/ryan-to-obama.wav,16,fake,data/interim/deep_voice_chunks/fake/ryan-to-obama_chunk0016.wav,4.0,16000
data/raw/deep_voice/fake/ryan-to-obama.wav,17,fake,data/interim/deep_voice_chunks/fake/ryan-to-obama_chunk0017.wav,4.0,16000
data/raw/deep_voice/fake/ryan-to-obama.wav,18,fake,data/interim/deep_voice_chunks/fake/ryan-to-obama_chunk0018.wav,4.0,16000
data/raw/deep_voice/fake/ryan-to-obama.wav,19,fake,data/interim/deep_voice_chunks/fake/ryan-to-obama_chunk0019.wav,4.0,16000
data/raw/deep_voice/fake/ryan-to-obama.wav,20,fake,data/interim/deep_voice_chunks/fake/ryan-to-obama_chunk0020.wav,4.0,16000
data/raw/deep_voice/fake/ryan-to-obama.wav,21,fake,data/interim/deep_voice_chunks/fake/ryan-to-obama_chunk0021.wav,4.0,16000
data/raw/deep_voice/fake/ryan-to-obama.wav,22,fake,data/interim/deep_voice_chunks/fake/ryan-to-obama_chunk0022.wav,4.0,16000
data/raw/deep_voice/fake/ryan-to-taylor.wav,0,fake,data/interim/deep_voice_chunks/fake/ryan-to-taylor_chunk0000.wav,4.0,16000
data/raw/deep_voice/fake/ryan-to-taylor.wav,1,fake,data/interim/deep_voice_chunks/fake/ryan-to-taylor_chunk0001.wav,4.0,16000
data/raw/deep_voice/fake/ryan-to-taylor.wav,2,fake,data/interim/deep_voice_chunks/fake/ryan-to-taylor_chunk0002.wav,4.0,16000
data/raw/deep_voice/fake/ryan-to-taylor.wav,3,fake,data/interim/deep_voice_chunks/fake/ryan-to-taylor_chunk0003.wav,4.0,16000
data/raw/deep_voice/fake/ryan-to-taylor.wav,4,fake,data/interim/deep_voice_chunks/fake/ryan-to-taylor_chunk0004.wav,4.0,16000
data/raw/deep_voice/fake/ryan-to-taylor.wav,5,fake,data/interim/deep_voice_chunks/fake/ryan-to-taylor_chunk0005.wav,4.0,16000
data/raw/deep_voice/fake/ryan-to-taylor.wav,6,fake,data/interim/deep_voice_chunks/fake/ryan-to-taylor_chunk0006.wav,4.0,16000
data/raw/deep_voice/fake/ryan-to-taylor.wav,7,fake,data/interim/deep_voice_chunks/fake/ryan-to-taylor_chunk0007.wav,4.0,16000
data/raw/deep_voice/fake/ryan-to-taylor.wav,8,fake,data/interim/deep_voice_chunks/fake/ryan-to-taylor_chunk0008.wav,4.0,16000
data/raw/deep_voice/fake/ryan-to-taylor.wav,9,fake,data/interim/deep_voice_chunks/fake/ryan-to-taylor_chunk0009.wav,4.0,16000
data/raw/deep_voice/fake/ryan-to-taylor.wav,10,fake,data/interim/deep_voice_chunks/fake/ryan-to-taylor_chunk0010.wav,4.0,16000
data/raw/deep_voice/fake/ryan-to-taylor.wav,11,fake,data/interim/deep_voice_chunks/fake/ryan-to-taylor_chunk0011.wav,4.0,16000
data/raw/deep_voice/fake/ryan-to-taylor.wav,12,fake,data/interim/deep_voice_chunks/fake/ryan-to-taylor_chunk0012.wav,4.0,16000
data/raw/deep_voice/fake/ryan-to-taylor.wav,13,fake,data/interim/deep_voice_chunks/fake/ryan-to-taylor_chunk0013.wav,4.0,16000
data/raw/deep_voice/fake/ryan-to-taylor.wav,14,fake,data/interim/deep_voice_chunks/fake/ryan-to-taylor_chunk0014.wav,4.0,16000
data/raw/deep_voice/fake/ryan-to-taylor.wav,15,fake,data/interim/deep_voice_chunks/fake/ryan-to-taylor_chunk0015.wav,4.0,16000
data/raw/deep_voice/fake/ryan-to-taylor.wav,16,fake,data/interim/deep_voice_chunks/fake/ryan-to-taylor_chunk0016.wav,4.0,16000
data/raw/deep_voice/fake/ryan-to-taylor.wav,17,fake,data/interim/deep_voice_chunks/fake/ryan-to-taylor_chunk0017.wav,4.0,16000
data/raw/deep_voice/fake/ryan-to-taylor.wav,18,fake,data/interim/deep_voice_chunks/fake/ryan-to-taylor_chunk0018.wav,4.0,16000
data/raw/deep_voice/fake/ryan-to-taylor.wav,19,fake,data/interim/deep_voice_chunks/fake/ryan-to-taylor_chunk0019.wav,4.0,16000
data/raw/deep_voice/fake/ryan-to-taylor.wav,20,fake,data/interim/deep_voice_chunks/fake/ryan-to-taylor_chunk0020.wav,4.0,16000
data/raw/deep_voice/fake/ryan-to-taylor.wav,21,fake,data/interim/deep_voice_chunks/fake/ryan-to-taylor_chunk0021.wav,4.0,16000
data/raw/deep_voice/fake/ryan-to-taylor.wav,22,fake,data/interim/deep_voice_chunks/fake/ryan-to-taylor_chunk0022.wav,4.0,16000
data/raw/deep_voice/fake/ryan-to-trump.wav,0,fake,data/interim/deep_voice_chunks/fake/ryan-to-trump_chunk0000.wav,4.0,16000
data/raw/deep_voice/fake/ryan-to-trump.wav,1,fake,data/interim/deep_voice_chunks/fake/ryan-to-trump_chunk0001.wav,4.0,16000
data/raw/deep_voice/fake/ryan-to-trump.wav,2,fake,data/interim/deep_voice_chunks/fake/ryan-to-trump_chunk0002.wav,4.0,16000
data/raw/deep_voice/fake/ryan-to-trump.wav,3,fake,data/interim/deep_voice_chunks/fake/ryan-to-trump_chunk0003.wav,4.0,16000
data/raw/deep_voice/fake/ryan-to-trump.wav,4,fake,data/interim/deep_voice_chunks/fake/ryan-to-trump_chunk0004.wav,4.0,16000
data/raw/deep_voice/fake/ryan-to-trump.wav,5,fake,data/interim/deep_voice_chunks/fake/ryan-to-trump_chunk0005.wav,4.0,16000
data/raw/deep_voice/fake/ryan-to-trump.wav,6,fake,data/interim/deep_voice_chunks/fake/ryan-to-trump_chunk0006.wav,4.0,16000
data/raw/deep_voice/fake/ryan-to-trump.wav,7,fake,data/interim/deep_voice_chunks/fake/ryan-to-trump_chunk0007.wav,4.0,16000
data/raw/deep_voice/fake/ryan-to-trump.wav,8,fake,data/interim/deep_voice_chunks/fake/ryan-to-trump_chunk0008.wav,4.0,16000
data/raw/deep_voice/fake/ryan-to-trump.wav,9,fake,data/interim/deep_voice_chunks/fake/ryan-to-trump_chunk0009.wav,4.0,16000
data/raw/deep_voice/fake/ryan-to-trump.wav,10,fake,data/interim/deep_voice_chunks/fake/ryan-to-trump_chunk0010.wav,4.0,16000
data/raw/deep_voice/fake/ryan-to-trump.wav,11,fake,data/interim/deep_voice_chunks/fake/ryan-to-trump_chunk0011.wav,4.0,16000
data/raw/deep_voice/fake/ryan-to-trump.wav,12,fake,data/interim/deep_voice_chunks/fake/ryan-to-trump_chunk0012.wav,4.0,16000
data/raw/deep_voice/fake/ryan-to-trump.wav,13,fake,data/interim/deep_voice_chunks/fake/ryan-to-trump_chunk0013.wav,4.0,16000
data/raw/deep_voice/fake/ryan-to-trump.wav,14,fake,data/interim/deep_voice_chunks/fake/ryan-to-trump_chunk0014.wav,4.0,16000
data/raw/deep_voice/fake/ryan-to-trump.wav,15,fake,data/interim/deep_voice_chunks/fake/ryan-to-trump_chunk0015.wav,4.0,16000
data/raw/deep_voice/fake/ryan-to-trump.wav,16,fake,data/interim/deep_voice_chunks/fake/ryan-to-trump_chunk0016.wav,4.0,16000
data/raw/deep_voice/fake/ryan-to-trump.wav,17,fake,data/interim/deep_voice_chunks/fake/ryan-to-trump_chunk0017.wav,4.0,16000
data/raw/deep_voice/fake/ryan-to-trump.wav,18,fake,data/interim/deep_voice_chunks/fake/ryan-to-trump_chunk0018.wav,4.0,16000
data/raw/deep_voice/fake/ryan-to-trump.wav,19,fake,data/interim/deep_voice_chunks/fake/ryan-to-trump_chunk0019.wav,4.0,16000
data/raw/deep_voice/fake/ryan-to-trump.wav,20,fake,data/interim/deep_voice_chunks/fake/ryan-to-trump_chunk0020.wav,4.0,16000
data/raw/deep_voice/fake/ryan-to-trump.wav,21,fake,data/interim/deep_voice_chunks/fake/ryan-to-trump_chunk0021.wav,4.0,16000
data/raw/deep_voice/fake/ryan-to-trump.wav,22,fake,data/interim/deep_voice_chunks/fake/ryan-to-trump_chunk0022.wav,4.0,16000
data/raw/deep_voice/fake/taylor-to-biden.wav,0,fake,data/interim/deep_voice_chunks/fake/taylor-to-biden_chunk0000.wav,4.0,16000
data/raw/deep_voice/fake/taylor-to-biden.wav,1,fake,data/interim/deep_voice_chunks/fake/taylor-to-biden_chunk0001.wav,4.0,16000
data/raw/deep_voice/fake/taylor-to-biden.wav,2,fake,data/interim/deep_voice_chunks/fake/taylor-to-biden_chunk0002.wav,4.0,16000
data/raw/deep_voice/fake/taylor-to-biden.wav,3,fake,data/interim/deep_voice_chunks/fake/taylor-to-biden_chunk0003.wav,4.0,16000
data/raw/deep_voice/fake/taylor-to-biden.wav,4,fake,data/interim/deep_voice_chunks/fake/taylor-to-biden_chunk0004.wav,4.0,16000
data/raw/deep_voice/fake/taylor-to-biden.wav,5,fake,data/interim/deep_voice_chunks/fake/taylor-to-biden_chunk0005.wav,4.0,16000
data/raw/deep_voice/fake/taylor-to-biden.wav,6,fake,data/interim/deep_voice_chunks/fake/taylor-to-biden_chunk0006.wav,4.0,16000
data/raw/deep_voice/fake/taylor-to-biden.wav,7,fake,data/interim/deep_voice_chunks/fake/taylor-to-biden_chunk0007.wav,4.0,16000
data/raw/deep_voice/fake/taylor-to-biden.wav,8,fake,data/interim/deep_voice_chunks/fake/taylor-to-biden_chunk0008.wav,4.0,16000
data/raw/deep_voice/fake/taylor-to-biden.wav,9,fake,data/interim/deep_voice_chunks/fake/taylor-to-biden_chunk0009.wav,4.0,16000
data/raw/deep_voice/fake/taylor-to-biden.wav,10,fake,data/interim/deep_voice_chunks/fake/taylor-to-biden_chunk0010.wav,4.0,16000
data/raw/deep_voice/fake/taylor-to-biden.wav,11,fake,data/interim/deep_voice_chunks/fake/taylor-to-biden_chunk0011.wav,4.0,16000
data/raw/deep_voice/fake/taylor-to-biden.wav,12,fake,data/interim/deep_voice_chunks/fake/taylor-to-biden_chunk0012.wav,4.0,16000
data/raw/deep_voice/fake/taylor-to-biden.wav,13,fake,data/interim/deep_voice_chunks/fake/taylor-to-biden_chunk0013.wav,4.0,16000
data/raw/deep_voice/fake/taylor-to-biden.wav,14,fake,data/interim/deep_voice_chunks/fake/taylor-to-biden_chunk0014.wav,4.0,16000
data/raw/deep_voice/fake/taylor-to-biden.wav,15,fake,data/interim/deep_voice_chunks/fake/taylor-to-biden_chunk0015.wav,4.0,16000
data/raw/deep_voice/fake/taylor-to-biden.wav,16,fake,data/interim/deep_voice_chunks/fake/taylor-to-biden_chunk0016.wav,4.0,16000
data/raw/deep_voice/fake/taylor-to-biden.wav,17,fake,data/interim/deep_voice_chunks/fake/taylor-to-biden_chunk0017.wav,4.0,16000
data/raw/deep_voice/fake/taylor-to-biden.wav,18,fake,data/interim/deep_voice_chunks/fake/taylor-to-biden_chunk0018.wav,4.0,16000
data/raw/deep_voice/fake/taylor-to-biden.wav,19,fake,data/interim/deep_voice_chunks/fake/taylor-to-biden_chunk0019.wav,4.0,16000
data/raw/deep_voice/fake/taylor-to-biden.wav,20,fake,data/interim/deep_voice_chunks/fake/taylor-to-biden_chunk0020.wav,4.0,16000
data/raw/deep_voice/fake/taylor-to-biden.wav,21,fake,data/interim/deep_voice_chunks/fake/taylor-to-biden_chunk0021.wav,4.0,16000
data/raw/deep_voice/fake/taylor-to-biden.wav,22,fake,data/interim/deep_voice_chunks/fake/taylor-to-biden_chunk0022.wav,4.0,16000
data/raw/deep_voice/fake/taylor-to-biden.wav,23,fake,data/interim/deep_voice_chunks/fake/taylor-to-biden_chunk0023.wav,4.0,16000
data/raw/deep_voice/fake/taylor-to-biden.wav,24,fake,data/interim/deep_voice_chunks/fake/taylor-to-biden_chunk0024.wav,4.0,16000
data/raw/deep_voice/fake/taylor-to-biden.wav,25,fake,data/interim/deep_voice_chunks/fake/taylor-to-biden_chunk0025.wav,4.0,16000
data/raw/deep_voice/fake/taylor-to-biden.wav,26,fake,data/interim/deep_voice_chunks/fake/taylor-to-biden_chunk0026.wav,4.0,16000
data/raw/deep_voice/fake/taylor-to-biden.wav,27,fake,data/interim/deep_voice_chunks/fake/taylor-to-biden_chunk0027.wav,4.0,16000
data/raw/deep_voice/fake/taylor-to-biden.wav,28,fake,data/interim/deep_voice_chunks/fake/taylor-to-biden_chunk0028.wav,4.0,16000
data/raw/deep_voice/fake/taylor-to-biden.wav,29,fake,data/interim/deep_voice_chunks/fake/taylor-to-biden_chunk0029.wav,4.0,16000
data/raw/deep_voice/fake/taylor-to-biden.wav,30,fake,data/interim/deep_voice_chunks/fake/taylor-to-biden_chunk0030.wav,4.0,16000
data/raw/deep_voice/fake/taylor-to-biden.wav,31,fake,data/interim/deep_voice_chunks/fake/taylor-to-biden_chunk0031.wav,4.0,16000
data/raw/deep_voice/fake/taylor-to-biden.wav,32,fake,data/interim/deep_voice_chunks/fake/taylor-to-biden_chunk0032.wav,4.0,16000
data/raw/deep_voice/fake/taylor-to-biden.wav,33,fake,data/interim/deep_voice_chunks/fake/taylor-to-biden_chunk0033.wav,4.0,16000
data/raw/deep_voice/fake/taylor-to-biden.wav,34,fake,data/interim/deep_voice_chunks/fake/taylor-to-biden_chunk0034.wav,4.0,16000
data/raw/deep_voice/fake/taylor-to-biden.wav,35,fake,data/interim/deep_voice_chunks/fake/taylor-to-biden_chunk0035.wav,4.0,16000
data/raw/deep_voice/fake/taylor-to-biden.wav,36,fake,data/interim/deep_voice_chunks/fake/taylor-to-biden_chunk0036.wav,4.0,16000
data/raw/deep_voice/fake/taylor-to-biden.wav,37,fake,data/interim/deep_voice_chunks/fake/taylor-to-biden_chunk0037.wav,4.0,16000
data/raw/deep_voice/fake/taylor-to-biden.wav,38,fake,data/interim/deep_voice_chunks/fake/taylor-to-biden_chunk0038.wav,4.0,16000
data/raw/deep_voice/fake/taylor-to-biden.wav,39,fake,data/interim/deep_voice_chunks/fake/taylor-to-biden_chunk0039.wav,4.0,16000
data/raw/deep_voice/fake/taylor-to-biden.wav,40,fake,data/interim/deep_voice_chunks/fake/taylor-to-biden_chunk0040.wav,4.0,16000
data/raw/deep_voice/fake/taylor-to-biden.wav,41,fake,data/interim/deep_voice_chunks/fake/taylor-to-biden_chunk0041.wav,4.0,16000
data/raw/deep_voice/fake/taylor-to-biden.wav,42,fake,data/interim/deep_voice_chunks/fake/taylor-to-biden_chunk0042.wav,4.0,16000
data/raw/deep_voice/fake/taylor-to-biden.wav,43,fake,data/interim/deep_voice_chunks/fake/taylor-to-biden_chunk0043.wav,4.0,16000
data/raw/deep_voice/fake/taylor-to-biden.wav,44,fake,data/interim/deep_voice_chunks/fake/taylor-to-biden_chunk0044.wav,4.0,16000
data/raw/deep_voice/fake/taylor-to-biden.wav,45,fake,data/interim/deep_voice_chunks/fake/taylor-to-biden_chunk0045.wav,4.0,16000
data/raw/deep_voice/fake/taylor-to-biden.wav,46,fake,data/interim/deep_voice_chunks/fake/taylor-to-biden_chunk0046.wav,4.0,16000
data/raw/deep_voice/fake/taylor-to-biden.wav,47,fake,data/interim/deep_voice_chunks/fake/taylor-to-biden_chunk0047.wav,4.0,16000
data/raw/deep_voice/fake/taylor-to-biden.wav,48,fake,data/interim/deep_voice_chunks/fake/taylor-to-biden_chunk0048.wav,4.0,16000
data/raw/deep_voice/fake/taylor-to-biden.wav,49,fake,data/interim/deep_voice_chunks/fake/taylor-to-biden_chunk0049.wav,4.0,16000
data/raw/deep_voice/fake/taylor-to-biden.wav,50,fake,data/interim/deep_voice_chunks/fake/taylor-to-biden_chunk0050.wav,4.0,16000
data/raw/deep_voice/fake/taylor-to-biden.wav,51,fake,data/interim/deep_voice_chunks/fake/taylor-to-biden_chunk0051.wav,4.0,16000
data/raw/deep_voice/fake/taylor-to-biden.wav,52,fake,data/interim/deep_voice_chunks/fake/taylor-to-biden_chunk0052.wav,4.0,16000
data/raw/deep_voice/fake/taylor-to-biden.wav,53,fake,data/interim/deep_voice_chunks/fake/taylor-to-biden_chunk0053.wav,4.0,16000
data/raw/deep_voice/fake/taylor-to-biden.wav,54,fake,data/interim/deep_voice_chunks/fake/taylor-to-biden_chunk0054.wav,4.0,16000
data/raw/deep_voice/fake/taylor-to-biden.wav,55,fake,data/interim/deep_voice_chunks/fake/taylor-to-biden_chunk0055.wav,4.0,16000
data/raw/deep_voice/fake/taylor-to-biden.wav,56,fake,data/interim/deep_voice_chunks/fake/taylor-to-biden_chunk0056.wav,4.0,16000
data/raw/deep_voice/fake/taylor-to-biden.wav,57,fake,data/interim/deep_voice_chunks/fake/taylor-to-biden_chunk0057.wav,4.0,16000
data/raw/deep_voice/fake/taylor-to-biden.wav,58,fake,data/interim/deep_voice_chunks/fake/taylor-to-biden_chunk0058.wav,4.0,16000
data/raw/deep_voice/fake/taylor-to-biden.wav,59,fake,data/interim/deep_voice_chunks/fake/taylor-to-biden_chunk0059.wav,4.0,16000
data/raw/deep_voice/fake/taylor-to-biden.wav,60,fake,data/interim/deep_voice_chunks/fake/taylor-to-biden_chunk0060.wav,4.0,16000
data/raw/deep_voice/fake/taylor-to-biden.wav,61,fake,data/interim/deep_voice_chunks/fake/taylor-to-biden_chunk0061.wav,4.0,16000
data/raw/deep_voice/fake/taylor-to-biden.wav,62,fake,data/interim/deep_voice_chunks/fake/taylor-to-biden_chunk0062.wav,4.0,16000
data/raw/deep_voice/fake/taylor-to-biden.wav,63,fake,data/interim/deep_voice_chunks/fake/taylor-to-biden_chunk0063.wav,4.0,16000
data/raw/deep_voice/fake/taylor-to-biden.wav,64,fake,data/interim/deep_voice_chunks/fake/taylor-to-biden_chunk0064.wav,4.0,16000
data/raw/deep_voice/fake/taylor-to-biden.wav,65,fake,data/interim/deep_voice_chunks/fake/taylor-to-biden_chunk0065.wav,4.0,16000
data/raw/deep_voice/fake/taylor-to-biden.wav,66,fake,data/interim/deep_voice_chunks/fake/taylor-to-biden_chunk0066.wav,4.0,16000
data/raw/deep_voice/fake/taylor-to-biden.wav,67,fake,data/interim/deep_voice_chunks/fake/taylor-to-biden_chunk0067.wav,4.0,16000
data/raw/deep_voice/fake/taylor-to-biden.wav,68,fake,data/interim/deep_voice_chunks/fake/taylor-to-biden_chunk0068.wav,4.0,16000
data/raw/deep_voice/fake/taylor-to-biden.wav,69,fake,data/interim/deep_voice_chunks/fake/taylor-to-biden_chunk0069.wav,4.0,16000
data/raw/deep_voice/fake/taylor-to-biden.wav,70,fake,data/interim/deep_voice_chunks/fake/taylor-to-biden_chunk0070.wav,4.0,16000
data/raw/deep_voice/fake/taylor-to-biden.wav,71,fake,data/interim/deep_voice_chunks/fake/taylor-to-biden_chunk0071.wav,4.0,16000
data/raw/deep_voice/fake/taylor-to-biden.wav,72,fake,data/interim/deep_voice_chunks/fake/taylor-to-biden_chunk0072.wav,4.0,16000
data/raw/deep_voice/fake/taylor-to-biden.wav,73,fake,data/interim/deep_voice_chunks/fake/taylor-to-biden_chunk0073.wav,4.0,16000
data/raw/deep_voice/fake/taylor-to-biden.wav,74,fake,data/interim/deep_voice_chunks/fake/taylor-to-biden_chunk0074.wav,4.0,16000
data/raw/deep_voice/fake/taylor-to-biden.wav,75,fake,data/interim/deep_voice_chunks/fake/taylor-to-biden_chunk0075.wav,4.0,16000
data/raw/deep_voice/fake/taylor-to-biden.wav,76,fake,data/interim/deep_voice_chunks/fake/taylor-to-biden_chunk0076.wav,4.0,16000
data/raw/deep_voice/fake/taylor-to-biden.wav,77,fake,data/interim/deep_voice_chunks/fake/taylor-to-biden_chunk0077.wav,4.0,16000
data/raw/deep_voice/fake/taylor-to-biden.wav,78,fake,data/interim/deep_voice_chunks/fake/taylor-to-biden_chunk0078.wav,4.0,16000
data/raw/deep_voice/fake/taylor-to-biden.wav,79,fake,data/interim/deep_voice_chunks/fake/taylor-to-biden_chunk0079.wav,4.0,16000
data/raw/deep_voice/fake/taylor-to-biden.wav,80,fake,data/interim/deep_voice_chunks/fake/taylor-to-biden_chunk0080.wav,4.0,16000
data/raw/deep_voice/fake/taylor-to-biden.wav,81,fake,data/interim/deep_voice_chunks/fake/taylor-to-biden_chunk0081.wav,4.0,16000
data/raw/deep_voice/fake/taylor-to-biden.wav,82,fake,data/interim/deep_voice_chunks/fake/taylor-to-biden_chunk0082.wav,4.0,16000
data/raw/deep_voice/fake/taylor-to-biden.wav,83,fake,data/interim/deep_voice_chunks/fake/taylor-to-biden_chunk0083.wav,4.0,16000
data/raw/deep_voice/fake/taylor-to-biden.wav,84,fake,data/interim/deep_voice_chunks/fake/taylor-to-biden_chunk0084.wav,4.0,16000
data/raw/deep_voice/fake/taylor-to-biden.wav,85,fake,data/interim/deep_voice_chunks/fake/taylor-to-biden_chunk0085.wav,4.0,16000
data/raw/deep_voice/fake/taylor-to-biden.wav,86,fake,data/interim/deep_voice_chunks/fake/taylor-to-biden_chunk0086.wav,4.0,16000
data/raw/deep_voice/fake/taylor-to-biden.wav,87,fake,data/interim/deep_voice_chunks/fake/taylor-to-biden_chunk0087.wav,4.0,16000
data/raw/deep_voice/fake/taylor-to-biden.wav,88,fake,data/interim/deep_voice_chunks/fake/taylor-to-biden_chunk0088.wav,4.0,16000
data/raw/deep_voice/fake/taylor-to-biden.wav,89,fake,data/interim/deep_voice_chunks/fake/taylor-to-biden_chunk0089.wav,4.0,16000
data/raw/deep_voice/fake/taylor-to-biden.wav,90,fake,data/interim/deep_voice_chunks/fake/taylor-to-biden_chunk0090.wav,4.0,16000
data/raw/deep_voice/fake/taylor-to-biden.wav,91,fake,data/interim/deep_voice_chunks/fake/taylor-to-biden_chunk0091.wav,4.0,16000
data/raw/deep_voice/fake/taylor-to-biden.wav,92,fake,data/interim/deep_voice_chunks/fake/taylor-to-biden_chunk0092.wav,4.0,16000
data/raw/deep_voice/fake/taylor-to-biden.wav,93,fake,data/interim/deep_voice_chunks/fake/taylor-to-biden_chunk0093.wav,4.0,16000
data/raw/deep_voice/fake/taylor-to-biden.wav,94,fake,data/interim/deep_voice_chunks/fake/taylor-to-biden_chunk0094.wav,4.0,16000
data/raw/deep_voice/fake/taylor-to-biden.wav,95,fake,data/interim/deep_voice_chunks/fake/taylor-to-biden_chunk0095.wav,4.0,16000
data/raw/deep_voice/fake/taylor-to-biden.wav,96,fake,data/interim/deep_voice_chunks/fake/taylor-to-biden_chunk0096.wav,4.0,16000
data/raw/deep_voice/fake/taylor-to-biden.wav,97,fake,data/interim/deep_voice_chunks/fake/taylor-to-biden_chunk0097.wav,4.0,16000
data/raw/deep_voice/fake/taylor-to-biden.wav,98,fake,data/interim/deep_voice_chunks/fake/taylor-to-biden_chunk0098.wav,4.0,16000
data/raw/deep_voice/fake/taylor-to-biden.wav,99,fake,data/interim/deep_voice_chunks/fake/taylor-to-biden_chunk0099.wav,4.0,16000
data/raw/deep_voice/fake/taylor-to-biden.wav,100,fake,data/interim/deep_voice_chunks/fake/taylor-to-biden_chunk0100.wav,4.0,16000
data/raw/deep_voice/fake/taylor-to-biden.wav,101,fake,data/interim/deep_voice_chunks/fake/taylor-to-biden_chunk0101.wav,4.0,16000
data/raw/deep_voice/fake/taylor-to-biden.wav,102,fake,data/interim/deep_voice_chunks/fake/taylor-to-biden_chunk0102.wav,4.0,16000
data/raw/deep_voice/fake/taylor-to-biden.wav,103,fake,data/interim/deep_voice_chunks/fake/taylor-to-biden_chunk0103.wav,4.0,16000
data/raw/deep_voice/fake/taylor-to-biden.wav,104,fake,data/interim/deep_voice_chunks/fake/taylor-to-biden_chunk0104.wav,4.0,16000
data/raw/deep_voice/fake/taylor-to-biden.wav,105,fake,data/interim/deep_voice_chunks/fake/taylor-to-biden_chunk0105.wav,4.0,16000
data/raw/deep_voice/fake/taylor-to-biden.wav,106,fake,data/interim/deep_voice_chunks/fake/taylor-to-biden_chunk0106.wav,4.0,16000
data/raw/deep_voice/fake/taylor-to-biden.wav,107,fake,data/interim/deep_voice_chunks/fake/taylor-to-biden_chunk0107.wav,4.0,16000
data/raw/deep_voice/fake/taylor-to-biden.wav,108,fake,data/interim/deep_voice_chunks/fake/taylor-to-biden_chunk0108.wav,4.0,16000
data/raw/deep_voice/fake/taylor-to-biden.wav,109,fake,data/interim/deep_voice_chunks/fake/taylor-to-biden_chunk0109.wav,4.0,16000
data/raw/deep_voice/fake/taylor-to-biden.wav,110,fake,data/interim/deep_voice_chunks/fake/taylor-to-biden_chunk0110.wav,4.0,16000
data/raw/deep_voice/fake/taylor-to-biden.wav,111,fake,data/interim/deep_voice_chunks/fake/taylor-to-biden_chunk0111.wav,4.0,16000
data/raw/deep_voice/fake/taylor-to-biden.wav,112,fake,data/interim/deep_voice_chunks/fake/taylor-to-biden_chunk0112.wav,4.0,16000
data/raw/deep_voice/fake/taylor-to-biden.wav,113,fake,data/interim/deep_voice_chunks/fake/taylor-to-biden_chunk0113.wav,4.0,16000
data/raw/deep_voice/fake/taylor-to-biden.wav,114,fake,data/interim/deep_voice_chunks/fake/taylor-to-biden_chunk0114.wav,4.0,16000
data/raw/deep_voice/fake/taylor-to-biden.wav,115,fake,data/interim/deep_voice_chunks/fake/taylor-to-biden_chunk0115.wav,4.0,16000
data/raw/deep_voice/fake/taylor-to-biden.wav,116,fake,data/interim/deep_voice_chunks/fake/taylor-to-biden_chunk0116.wav,4.0,16000
data/raw/deep_voice/fake/taylor-to-biden.wav,117,fake,data/interim/deep_voice_chunks/fake/taylor-to-biden_chunk0117.wav,4.0,16000
data/raw/deep_voice/fake/taylor-to-biden.wav,118,fake,data/interim/deep_voice_chunks/fake/taylor-to-biden_chunk0118.wav,4.0,16000
data/raw/deep_voice/fake/taylor-to-biden.wav,119,fake,data/interim/deep_voice_chunks/fake/taylor-to-biden_chunk0119.wav,4.0,16000
data/raw/deep_voice/fake/taylor-to-biden.wav,120,fake,data/interim/deep_voice_chunks/fake/taylor-to-biden_chunk0120.wav,4.0,16000
data/raw/deep_voice/fake/taylor-to-biden.wav,121,fake,data/interim/deep_voice_chunks/fake/taylor-to-biden_chunk0121.wav,4.0,16000
data/raw/deep_voice/fake/taylor-to-biden.wav,122,fake,data/interim/deep_voice_chunks/fake/taylor-to-biden_chunk0122.wav,4.0,16000
data/raw/deep_voice/fake/taylor-to-biden.wav,123,fake,data/interim/deep_voice_chunks/fake/taylor-to-biden_chunk0123.wav,4.0,16000
data/raw/deep_voice/fake/taylor-to-biden.wav,124,fake,data/interim/deep_voice_chunks/fake/taylor-to-biden_chunk0124.wav,4.0,16000
data/raw/deep_voice/fake/taylor-to-biden.wav,125,fake,data/interim/deep_voice_chunks/fake/taylor-to-biden_chunk0125.wav,4.0,16000
data/raw/deep_voice/fake/taylor-to-biden.wav,126,fake,data/interim/deep_voice_chunks/fake/taylor-to-biden_chunk0126.wav,4.0,16000
data/raw/deep_voice/fake/taylor-to-biden.wav,127,fake,data/interim/deep_voice_chunks/fake/taylor-to-biden_chunk0127.wav,4.0,16000
data/raw/deep_voice/fake/taylor-to-biden.wav,128,fake,data/interim/deep_voice_chunks/fake/taylor-to-biden_chunk0128.wav,4.0,16000
data/raw/deep_voice/fake/taylor-to-biden.wav,129,fake,data/interim/deep_voice_chunks/fake/taylor-to-biden_chunk0129.wav,4.0,16000
data/raw/deep_voice/fake/taylor-to-biden.wav,130,fake,data/interim/deep_voice_chunks/fake/taylor-to-biden_chunk0130.wav,4.0,16000
data/raw/deep_voice/fake/taylor-to-biden.wav,131,fake,data/interim/deep_voice_chunks/fake/taylor-to-biden_chunk0131.wav,4.0,16000
data/raw/deep_voice/fake/taylor-to-biden.wav,132,fake,data/interim/deep_voice_chunks/fake/taylor-to-biden_chunk0132.wav,4.0,16000
data/raw/deep_voice/fake/taylor-to-biden.wav,133,fake,data/interim/deep_voice_chunks/fake/taylor-to-biden_chunk0133.wav,4.0,16000
data/raw/deep_voice/fake/taylor-to-biden.wav,134,fake,data/interim/deep_voice_chunks/fake/taylor-to-biden_chunk0134.wav,4.0,16000
data/raw/deep_voice/fake/taylor-to-biden.wav,135,fake,data/interim/deep_voice_chunks/fake/taylor-to-biden_chunk0135.wav,4.0,16000
data/raw/deep_voice/fake/taylor-to-biden.wav,136,fake,data/interim/deep_voice_chunks/fake/taylor-to-biden_chunk0136.wav,4.0,16000
data/raw/deep_voice/fake/taylor-to-biden.wav,137,fake,data/interim/deep_voice_chunks/fake/taylor-to-biden_chunk0137.wav,4.0,16000
data/raw/deep_voice/fake/taylor-to-biden.wav,138,fake,data/interim/deep_voice_chunks/fake/taylor-to-biden_chunk0138.wav,4.0,16000
data/raw/deep_voice/fake/taylor-to-biden.wav,139,fake,data/interim/deep_voice_chunks/fake/taylor-to-biden_chunk0139.wav,4.0,16000
data/raw/deep_voice/fake/taylor-to-biden.wav,140,fake,data/interim/deep_voice_chunks/fake/taylor-to-biden_chunk0140.wav,4.0,16000
data/raw/deep_voice/fake/taylor-to-biden.wav,141,fake,data/interim/deep_voice_chunks/fake/taylor-to-biden_chunk0141.wav,4.0,16000
data/raw/deep_voice/fake/taylor-to-biden.wav,142,fake,data/interim/deep_voice_chunks/fake/taylor-to-biden_chunk0142.wav,4.0,16000
data/raw/deep_voice/fake/taylor-to-biden.wav,143,fake,data/interim/deep_voice_chunks/fake/taylor-to-biden_chunk0143.wav,4.0,16000
data/raw/deep_voice/fake/taylor-to-biden.wav,144,fake,data/interim/deep_voice_chunks/fake/taylor-to-biden_chunk0144.wav,4.0,16000
data/raw/deep_voice/fake/taylor-to-biden.wav,145,fake,data/interim/deep_voice_chunks/fake/taylor-to-biden_chunk0145.wav,4.0,16000
data/raw/deep_voice/fake/taylor-to-biden.wav,146,fake,data/interim/deep_voice_chunks/fake/taylor-to-biden_chunk0146.wav,4.0,16000
data/raw/deep_voice/fake/taylor-to-biden.wav,147,fake,data/interim/deep_voice_chunks/fake/taylor-to-biden_chunk0147.wav,4.0,16000
data/raw/deep_voice/fake/taylor-to-biden.wav,148,fake,data/interim/deep_voice_chunks/fake/taylor-to-biden_chunk0148.wav,4.0,16000
data/raw/deep_voice/fake/taylor-to-biden.wav,149,fake,data/interim/deep_voice_chunks/fake/taylor-to-biden_chunk0149.wav,3.776,16000
data/raw/deep_voice/fake/taylor-to-linus.wav,0,fake,data/interim/deep_voice_chunks/fake/taylor-to-linus_chunk0000.wav,4.0,16000
data/raw/deep_voice/fake/taylor-to-linus.wav,1,fake,data/interim/deep_voice_chunks/fake/taylor-to-linus_chunk0001.wav,4.0,16000
data/raw/deep_voice/fake/taylor-to-linus.wav,2,fake,data/interim/deep_voice_chunks/fake/taylor-to-linus_chunk0002.wav,4.0,16000
data/raw/deep_voice/fake/taylor-to-linus.wav,3,fake,data/interim/deep_voice_chunks/fake/taylor-to-linus_chunk0003.wav,4.0,16000
data/raw/deep_voice/fake/taylor-to-linus.wav,4,fake,data/interim/deep_voice_chunks/fake/taylor-to-linus_chunk0004.wav,4.0,16000
data/raw/deep_voice/fake/taylor-to-linus.wav,5,fake,data/interim/deep_voice_chunks/fake/taylor-to-linus_chunk0005.wav,4.0,16000
data/raw/deep_voice/fake/taylor-to-linus.wav,6,fake,data/interim/deep_voice_chunks/fake/taylor-to-linus_chunk0006.wav,4.0,16000
data/raw/deep_voice/fake/taylor-to-linus.wav,7,fake,data/interim/deep_voice_chunks/fake/taylor-to-linus_chunk0007.wav,4.0,16000
data/raw/deep_voice/fake/taylor-to-linus.wav,8,fake,data/interim/deep_voice_chunks/fake/taylor-to-linus_chunk0008.wav,4.0,16000
data/raw/deep_voice/fake/taylor-to-linus.wav,9,fake,data/interim/deep_voice_chunks/fake/taylor-to-linus_chunk0009.wav,4.0,16000
data/raw/deep_voice/fake/taylor-to-linus.wav,10,fake,data/interim/deep_voice_chunks/fake/taylor-to-linus_chunk0010.wav,4.0,16000
data/raw/deep_voice/fake/taylor-to-linus.wav,11,fake,data/interim/deep_voice_chunks/fake/taylor-to-linus_chunk0011.wav,4.0,16000
data/raw/deep_voice/fake/taylor-to-linus.wav,12,fake,data/interim/deep_voice_chunks/fake/taylor-to-linus_chunk0012.wav,4.0,16000
data/raw/deep_voice/fake/taylor-to-linus.wav,13,fake,data/interim/deep_voice_chunks/fake/taylor-to-linus_chunk0013.wav,4.0,16000
data/raw/deep_voice/fake/taylor-to-linus.wav,14,fake,data/interim/deep_voice_chunks/fake/taylor-to-linus_chunk0014.wav,4.0,16000
data/raw/deep_voice/fake/taylor-to-linus.wav,15,fake,data/interim/deep_voice_chunks/fake/taylor-to-linus_chunk0015.wav,4.0,16000
data/raw/deep_voice/fake/taylor-to-linus.wav,16,fake,data/interim/deep_voice_chunks/fake/taylor-to-linus_chunk0016.wav,4.0,16000
data/raw/deep_voice/fake/taylor-to-linus.wav,17,fake,data/interim/deep_voice_chunks/fake/taylor-to-linus_chunk0017.wav,4.0,16000
data/raw/deep_voice/fake/taylor-to-linus.wav,18,fake,data/interim/deep_voice_chunks/fake/taylor-to-linus_chunk0018.wav,4.0,16000
data/raw/deep_voice/fake/taylor-to-linus.wav,19,fake,data/interim/deep_voice_chunks/fake/taylor-to-linus_chunk0019.wav,4.0,16000
data/raw/deep_voice/fake/taylor-to-linus.wav,20,fake,data/interim/deep_voice_chunks/fake/taylor-to-linus_chunk0020.wav,4.0,16000
data/raw/deep_voice/fake/taylor-to-linus.wav,21,fake,data/interim/deep_voice_chunks/fake/taylor-to-linus_chunk0021.wav,4.0,16000
data/raw/deep_voice/fake/taylor-to-linus.wav,22,fake,data/interim/deep_voice_chunks/fake/taylor-to-linus_chunk0022.wav,4.0,16000
data/raw/deep_voice/fake/taylor-to-linus.wav,23,fake,data/interim/deep_voice_chunks/fake/taylor-to-linus_chunk0023.wav,4.0,16000
data/raw/deep_voice/fake/taylor-to-linus.wav,24,fake,data/interim/deep_voice_chunks/fake/taylor-to-linus_chunk0024.wav,4.0,16000
data/raw/deep_voice/fake/taylor-to-linus.wav,25,fake,data/interim/deep_voice_chunks/fake/taylor-to-linus_chunk0025.wav,4.0,16000
data/raw/deep_voice/fake/taylor-to-linus.wav,26,fake,data/interim/deep_voice_chunks/fake/taylor-to-linus_chunk0026.wav,4.0,16000
data/raw/deep_voice/fake/taylor-to-linus.wav,27,fake,data/interim/deep_voice_chunks/fake/taylor-to-linus_chunk0027.wav,4.0,16000
data/raw/deep_voice/fake/taylor-to-linus.wav,28,fake,data/interim/deep_voice_chunks/fake/taylor-to-linus_chunk0028.wav,4.0,16000
data/raw/deep_voice/fake/taylor-to-linus.wav,29,fake,data/interim/deep_voice_chunks/fake/taylor-to-linus_chunk0029.wav,4.0,16000
data/raw/deep_voice/fake/taylor-to-linus.wav,30,fake,data/interim/deep_voice_chunks/fake/taylor-to-linus_chunk0030.wav,4.0,16000
data/raw/deep_voice/fake/taylor-to-linus.wav,31,fake,data/interim/deep_voice_chunks/fake/taylor-to-linus_chunk0031.wav,4.0,16000
data/raw/deep_voice/fake/taylor-to-linus.wav,32,fake,data/interim/deep_voice_chunks/fake/taylor-to-linus_chunk0032.wav,4.0,16000
data/raw/deep_voice/fake/taylor-to-linus.wav,33,fake,data/interim/deep_voice_chunks/fake/taylor-to-linus_chunk0033.wav,4.0,16000
data/raw/deep_voice/fake/taylor-to-linus.wav,34,fake,data/interim/deep_voice_chunks/fake/taylor-to-linus_chunk0034.wav,4.0,16000
data/raw/deep_voice/fake/taylor-to-linus.wav,35,fake,data/interim/deep_voice_chunks/fake/taylor-to-linus_chunk0035.wav,4.0,16000
data/raw/deep_voice/fake/taylor-to-linus.wav,36,fake,data/interim/deep_voice_chunks/fake/taylor-to-linus_chunk0036.wav,4.0,16000
data/raw/deep_voice/fake/taylor-to-linus.wav,37,fake,data/interim/deep_voice_chunks/fake/taylor-to-linus_chunk0037.wav,4.0,16000
data/raw/deep_voice/fake/taylor-to-linus.wav,38,fake,data/interim/deep_voice_chunks/fake/taylor-to-linus_chunk0038.wav,4.0,16000
data/raw/deep_voice/fake/taylor-to-linus.wav,39,fake,data/interim/deep_voice_chunks/fake/taylor-to-linus_chunk0039.wav,4.0,16000
data/raw/deep_voice/fake/taylor-to-linus.wav,40,fake,data/interim/deep_voice_chunks/fake/taylor-to-linus_chunk0040.wav,4.0,16000
data/raw/deep_voice/fake/taylor-to-linus.wav,41,fake,data/interim/deep_voice_chunks/fake/taylor-to-linus_chunk0041.wav,4.0,16000
data/raw/deep_voice/fake/taylor-to-linus.wav,42,fake,data/interim/deep_voice_chunks/fake/taylor-to-linus_chunk0042.wav,4.0,16000
data/raw/deep_voice/fake/taylor-to-linus.wav,43,fake,data/interim/deep_voice_chunks/fake/taylor-to-linus_chunk0043.wav,4.0,16000
data/raw/deep_voice/fake/taylor-to-linus.wav,44,fake,data/interim/deep_voice_chunks/fake/taylor-to-linus_chunk0044.wav,4.0,16000
data/raw/deep_voice/fake/taylor-to-linus.wav,45,fake,data/interim/deep_voice_chunks/fake/taylor-to-linus_chunk0045.wav,4.0,16000
data/raw/deep_voice/fake/taylor-to-linus.wav,46,fake,data/interim/deep_voice_chunks/fake/taylor-to-linus_chunk0046.wav,4.0,16000
data/raw/deep_voice/fake/taylor-to-linus.wav,47,fake,data/interim/deep_voice_chunks/fake/taylor-to-linus_chunk0047.wav,4.0,16000
data/raw/deep_voice/fake/taylor-to-linus.wav,48,fake,data/interim/deep_voice_chunks/fake/taylor-to-linus_chunk0048.wav,4.0,16000
data/raw/deep_voice/fake/taylor-to-linus.wav,49,fake,data/interim/deep_voice_chunks/fake/taylor-to-linus_chunk0049.wav,4.0,16000
data/raw/deep_voice/fake/taylor-to-linus.wav,50,fake,data/interim/deep_voice_chunks/fake/taylor-to-linus_chunk0050.wav,4.0,16000
data/raw/deep_voice/fake/taylor-to-linus.wav,51,fake,data/interim/deep_voice_chunks/fake/taylor-to-linus_chunk0051.wav,4.0,16000
data/raw/deep_voice/fake/taylor-to-linus.wav,52,fake,data/interim/deep_voice_chunks/fake/taylor-to-linus_chunk0052.wav,4.0,16000
data/raw/deep_voice/fake/taylor-to-linus.wav,53,fake,data/interim/deep_voice_chunks/fake/taylor-to-linus_chunk0053.wav,4.0,16000
data/raw/deep_voice/fake/taylor-to-linus.wav,54,fake,data/interim/deep_voice_chunks/fake/taylor-to-linus_chunk0054.wav,4.0,16000
data/raw/deep_voice/fake/taylor-to-linus.wav,55,fake,data/interim/deep_voice_chunks/fake/taylor-to-linus_chunk0055.wav,4.0,16000
data/raw/deep_voice/fake/taylor-to-linus.wav,56,fake,data/interim/deep_voice_chunks/fake/taylor-to-linus_chunk0056.wav,4.0,16000
data/raw/deep_voice/fake/taylor-to-linus.wav,57,fake,data/interim/deep_voice_chunks/fake/taylor-to-linus_chunk0057.wav,4.0,16000
data/raw/deep_voice/fake/taylor-to-linus.wav,58,fake,data/interim/deep_voice_chunks/fake/taylor-to-linus_chunk0058.wav,4.0,16000
data/raw/deep_voice/fake/taylor-to-linus.wav,59,fake,data/interim/deep_voice_chunks/fake/taylor-to-linus_chunk0059.wav,4.0,16000
data/raw/deep_voice/fake/taylor-to-linus.wav,60,fake,data/interim/deep_voice_chunks/fake/taylor-to-linus_chunk0060.wav,4.0,16000
data/raw/deep_voice/fake/taylor-to-linus.wav,61,fake,data/interim/deep_voice_chunks/fake/taylor-to-linus_chunk0061.wav,4.0,16000
data/raw/deep_voice/fake/taylor-to-linus.wav,62,fake,data/interim/deep_voice_chunks/fake/taylor-to-linus_chunk0062.wav,4.0,16000
data/raw/deep_voice/fake/taylor-to-linus.wav,63,fake,data/interim/deep_voice_chunks/fake/taylor-to-linus_chunk0063.wav,4.0,16000
data/raw/deep_voice/fake/taylor-to-linus.wav,64,fake,data/interim/deep_voice_chunks/fake/taylor-to-linus_chunk0064.wav,4.0,16000
data/raw/deep_voice/fake/taylor-to-linus.wav,65,fake,data/interim/deep_voice_chunks/fake/taylor-to-linus_chunk0065.wav,4.0,16000
data/raw/deep_voice/fake/taylor-to-linus.wav,66,fake,data/interim/deep_voice_chunks/fake/taylor-to-linus_chunk0066.wav,4.0,16000
data/raw/deep_voice/fake/taylor-to-linus.wav,67,fake,data/interim/deep_voice_chunks/fake/taylor-to-linus_chunk0067.wav,4.0,16000
data/raw/deep_voice/fake/taylor-to-linus.wav,68,fake,data/interim/deep_voice_chunks/fake/taylor-to-linus_chunk0068.wav,4.0,16000
data/raw/deep_voice/fake/taylor-to-linus.wav,69,fake,data/interim/deep_voice_chunks/fake/taylor-to-linus_chunk0069.wav,4.0,16000
data/raw/deep_voice/fake/taylor-to-linus.wav,70,fake,data/interim/deep_voice_chunks/fake/taylor-to-linus_chunk0070.wav,4.0,16000
data/raw/deep_voice/fake/taylor-to-linus.wav,71,fake,data/interim/deep_voice_chunks/fake/taylor-to-linus_chunk0071.wav,4.0,16000
data/raw/deep_voice/fake/taylor-to-linus.wav,72,fake,data/interim/deep_voice_chunks/fake/taylor-to-linus_chunk0072.wav,4.0,16000
data/raw/deep_voice/fake/taylor-to-linus.wav,73,fake,data/interim/deep_voice_chunks/fake/taylor-to-linus_chunk0073.wav,4.0,16000
data/raw/deep_voice/fake/taylor-to-linus.wav,74,fake,data/interim/deep_voice_chunks/fake/taylor-to-linus_chunk0074.wav,4.0,16000
data/raw/deep_voice/fake/taylor-to-linus.wav,75,fake,data/interim/deep_voice_chunks/fake/taylor-to-linus_chunk0075.wav,4.0,16000
data/raw/deep_voice/fake/taylor-to-linus.wav,76,fake,data/interim/deep_voice_chunks/fake/taylor-to-linus_chunk0076.wav,4.0,16000
data/raw/deep_voice/fake/taylor-to-linus.wav,77,fake,data/interim/deep_voice_chunks/fake/taylor-to-linus_chunk0077.wav,4.0,16000
data/raw/deep_voice/fake/taylor-to-linus.wav,78,fake,data/interim/deep_voice_chunks/fake/taylor-to-linus_chunk0078.wav,4.0,16000
data/raw/deep_voice/fake/taylor-to-linus.wav,79,fake,data/interim/deep_voice_chunks/fake/taylor-to-linus_chunk0079.wav,4.0,16000
data/raw/deep_voice/fake/taylor-to-linus.wav,80,fake,data/interim/deep_voice_chunks/fake/taylor-to-linus_chunk0080.wav,4.0,16000
data/raw/deep_voice/fake/taylor-to-linus.wav,81,fake,data/interim/deep_voice_chunks/fake/taylor-to-linus_chunk0081.wav,4.0,16000
data/raw/deep_voice/fake/taylor-to-linus.wav,82,fake,data/interim/deep_voice_chunks/fake/taylor-to-linus_chunk0082.wav,4.0,16000
data/raw/deep_voice/fake/taylor-to-linus.wav,83,fake,data/interim/deep_voice_chunks/fake/taylor-to-linus_chunk0083.wav,4.0,16000
data/raw/deep_voice/fake/taylor-to-linus.wav,84,fake,data/interim/deep_voice_chunks/fake/taylor-to-linus_chunk0084.wav,4.0,16000
data/raw/deep_voice/fake/taylor-to-linus.wav,85,fake,data/interim/deep_voice_chunks/fake/taylor-to-linus_chunk0085.wav,4.0,16000
data/raw/deep_voice/fake/taylor-to-linus.wav,86,fake,data/interim/deep_voice_chunks/fake/taylor-to-linus_chunk0086.wav,4.0,16000
data/raw/deep_voice/fake/taylor-to-linus.wav,87,fake,data/interim/deep_voice_chunks/fake/taylor-to-linus_chunk0087.wav,4.0,16000
data/raw/deep_voice/fake/taylor-to-linus.wav,88,fake,data/interim/deep_voice_chunks/fake/taylor-to-linus_chunk0088.wav,4.0,16000
data/raw/deep_voice/fake/taylor-to-linus.wav,89,fake,data/interim/deep_voice_chunks/fake/taylor-to-linus_chunk0089.wav,4.0,16000
data/raw/deep_voice/fake/taylor-to-linus.wav,90,fake,data/interim/deep_voice_chunks/fake/taylor-to-linus_chunk0090.wav,4.0,16000
data/raw/deep_voice/fake/taylor-to-linus.wav,91,fake,data/interim/deep_voice_chunks/fake/taylor-to-linus_chunk0091.wav,4.0,16000
data/raw/deep_voice/fake/taylor-to-linus.wav,92,fake,data/interim/deep_voice_chunks/fake/taylor-to-linus_chunk0092.wav,4.0,16000
data/raw/deep_voice/fake/taylor-to-linus.wav,93,fake,data/interim/deep_voice_chunks/fake/taylor-to-linus_chunk0093.wav,4.0,16000
data/raw/deep_voice/fake/taylor-to-linus.wav,94,fake,data/interim/deep_voice_chunks/fake/taylor-to-linus_chunk0094.wav,4.0,16000
data/raw/deep_voice/fake/taylor-to-linus.wav,95,fake,data/interim/deep_voice_chunks/fake/taylor-to-linus_chunk0095.wav,4.0,16000
data/raw/deep_voice/fake/taylor-to-linus.wav,96,fake,data/interim/deep_voice_chunks/fake/taylor-to-linus_chunk0096.wav,4.0,16000
data/raw/deep_voice/fake/taylor-to-linus.wav,97,fake,data/interim/deep_voice_chunks/fake/taylor-to-linus_chunk0097.wav,4.0,16000
data/raw/deep_voice/fake/taylor-to-linus.wav,98,fake,data/interim/deep_voice_chunks/fake/taylor-to-linus_chunk0098.wav,4.0,16000
data/raw/deep_voice/fake/taylor-to-linus.wav,99,fake,data/interim/deep_voice_chunks/fake/taylor-to-linus_chunk0099.wav,4.0,16000
data/raw/deep_voice/fake/taylor-to-linus.wav,100,fake,data/interim/deep_voice_chunks/fake/taylor-to-linus_chunk0100.wav,4.0,16000
data/raw/deep_voice/fake/taylor-to-linus.wav,101,fake,data/interim/deep_voice_chunks/fake/taylor-to-linus_chunk0101.wav,4.0,16000
data/raw/deep_voice/fake/taylor-to-linus.wav,102,fake,data/interim/deep_voice_chunks/fake/taylor-to-linus_chunk0102.wav,4.0,16000
data/raw/deep_voice/fake/taylor-to-linus.wav,103,fake,data/interim/deep_voice_chunks/fake/taylor-to-linus_chunk0103.wav,4.0,16000
data/raw/deep_voice/fake/taylor-to-linus.wav,104,fake,data/interim/deep_voice_chunks/fake/taylor-to-linus_chunk0104.wav,4.0,16000
data/raw/deep_voice/fake/taylor-to-linus.wav,105,fake,data/interim/deep_voice_chunks/fake/taylor-to-linus_chunk0105.wav,4.0,16000
data/raw/deep_voice/fake/taylor-to-linus.wav,106,fake,data/interim/deep_voice_chunks/fake/taylor-to-linus_chunk0106.wav,4.0,16000
data/raw/deep_voice/fake/taylor-to-linus.wav,107,fake,data/interim/deep_voice_chunks/fake/taylor-to-linus_chunk0107.wav,4.0,16000
data/raw/deep_voice/fake/taylor-to-linus.wav,108,fake,data/interim/deep_voice_chunks/fake/taylor-to-linus_chunk0108.wav,4.0,16000
data/raw/deep_voice/fake/taylor-to-linus.wav,109,fake,data/interim/deep_voice_chunks/fake/taylor-to-linus_chunk0109.wav,4.0,16000
data/raw/deep_voice/fake/taylor-to-linus.wav,110,fake,data/interim/deep_voice_chunks/fake/taylor-to-linus_chunk0110.wav,4.0,16000
data/raw/deep_voice/fake/taylor-to-linus.wav,111,fake,data/interim/deep_voice_chunks/fake/taylor-to-linus_chunk0111.wav,4.0,16000
data/raw/deep_voice/fake/taylor-to-linus.wav,112,fake,data/interim/deep_voice_chunks/fake/taylor-to-linus_chunk0112.wav,4.0,16000
data/raw/deep_voice/fake/taylor-to-linus.wav,113,fake,data/interim/deep_voice_chunks/fake/taylor-to-linus_chunk0113.wav,4.0,16000
data/raw/deep_voice/fake/taylor-to-linus.wav,114,fake,data/interim/deep_voice_chunks/fake/taylor-to-linus_chunk0114.wav,4.0,16000
data/raw/deep_voice/fake/taylor-to-linus.wav,115,fake,data/interim/deep_voice_chunks/fake/taylor-to-linus_chunk0115.wav,4.0,16000
data/raw/deep_voice/fake/taylor-to-linus.wav,116,fake,data/interim/deep_voice_chunks/fake/taylor-to-linus_chunk0116.wav,4.0,16000
data/raw/deep_voice/fake/taylor-to-linus.wav,117,fake,data/interim/deep_voice_chunks/fake/taylor-to-linus_chunk0117.wav,4.0,16000
data/raw/deep_voice/fake/taylor-to-linus.wav,118,fake,data/interim/deep_voice_chunks/fake/taylor-to-linus_chunk0118.wav,4.0,16000
data/raw/deep_voice/fake/taylor-to-linus.wav,119,fake,data/interim/deep_voice_chunks/fake/taylor-to-linus_chunk0119.wav,4.0,16000
data/raw/deep_voice/fake/taylor-to-linus.wav,120,fake,data/interim/deep_voice_chunks/fake/taylor-to-linus_chunk0120.wav,4.0,16000
data/raw/deep_voice/fake/taylor-to-linus.wav,121,fake,data/interim/deep_voice_chunks/fake/taylor-to-linus_chunk0121.wav,4.0,16000
data/raw/deep_voice/fake/taylor-to-linus.wav,122,fake,data/interim/deep_voice_chunks/fake/taylor-to-linus_chunk0122.wav,4.0,16000
data/raw/deep_voice/fake/taylor-to-linus.wav,123,fake,data/interim/deep_voice_chunks/fake/taylor-to-linus_chunk0123.wav,4.0,16000
data/raw/deep_voice/fake/taylor-to-linus.wav,124,fake,data/interim/deep_voice_chunks/fake/taylor-to-linus_chunk0124.wav,4.0,16000
data/raw/deep_voice/fake/taylor-to-linus.wav,125,fake,data/interim/deep_voice_chunks/fake/taylor-to-linus_chunk0125.wav,4.0,16000
data/raw/deep_voice/fake/taylor-to-linus.wav,126,fake,data/interim/deep_voice_chunks/fake/taylor-to-linus_chunk0126.wav,4.0,16000
data/raw/deep_voice/fake/taylor-to-linus.wav,127,fake,data/interim/deep_voice_chunks/fake/taylor-to-linus_chunk0127.wav,4.0,16000
data/raw/deep_voice/fake/taylor-to-linus.wav,128,fake,data/interim/deep_voice_chunks/fake/taylor-to-linus_chunk0128.wav,4.0,16000
data/raw/deep_voice/fake/taylor-to-linus.wav,129,fake,data/interim/deep_voice_chunks/fake/taylor-to-linus_chunk0129.wav,4.0,16000
data/raw/deep_voice/fake/taylor-to-linus.wav,130,fake,data/interim/deep_voice_chunks/fake/taylor-to-linus_chunk0130.wav,4.0,16000
data/raw/deep_voice/fake/taylor-to-linus.wav,131,fake,data/interim/deep_voice_chunks/fake/taylor-to-linus_chunk0131.wav,4.0,16000
data/raw/deep_voice/fake/taylor-to-linus.wav,132,fake,data/interim/deep_voice_chunks/fake/taylor-to-linus_chunk0132.wav,4.0,16000
data/raw/deep_voice/fake/taylor-to-linus.wav,133,fake,data/interim/deep_voice_chunks/fake/taylor-to-linus_chunk0133.wav,4.0,16000
data/raw/deep_voice/fake/taylor-to-linus.wav,134,fake,data/interim/deep_voice_chunks/fake/taylor-to-linus_chunk0134.wav,4.0,16000
data/raw/deep_voice/fake/taylor-to-linus.wav,135,fake,data/interim/deep_voice_chunks/fake/taylor-to-linus_chunk0135.wav,4.0,16000
data/raw/deep_voice/fake/taylor-to-linus.wav,136,fake,data/interim/deep_voice_chunks/fake/taylor-to-linus_chunk0136.wav,4.0,16000
data/raw/deep_voice/fake/taylor-to-linus.wav,137,fake,data/interim/deep_voice_chunks/fake/taylor-to-linus_chunk0137.wav,4.0,16000
data/raw/deep_voice/fake/taylor-to-linus.wav,138,fake,data/interim/deep_voice_chunks/fake/taylor-to-linus_chunk0138.wav,4.0,16000
data/raw/deep_voice/fake/taylor-to-linus.wav,139,fake,data/interim/deep_voice_chunks/fake/taylor-to-linus_chunk0139.wav,4.0,16000
data/raw/deep_voice/fake/taylor-to-linus.wav,140,fake,data/interim/deep_voice_chunks/fake/taylor-to-linus_chunk0140.wav,4.0,16000
data/raw/deep_voice/fake/taylor-to-linus.wav,141,fake,data/interim/deep_voice_chunks/fake/taylor-to-linus_chunk0141.wav,3.776,16000
data/raw/deep_voice/fake/taylor-to-margot.wav,0,fake,data/interim/deep_voice_chunks/fake/taylor-to-margot_chunk0000.wav,4.0,16000
data/raw/deep_voice/fake/taylor-to-margot.wav,1,fake,data/interim/deep_voice_chunks/fake/taylor-to-margot_chunk0001.wav,4.0,16000
data/raw/deep_voice/fake/taylor-to-margot.wav,2,fake,data/interim/deep_voice_chunks/fake/taylor-to-margot_chunk0002.wav,4.0,16000
data/raw/deep_voice/fake/taylor-to-margot.wav,3,fake,data/interim/deep_voice_chunks/fake/taylor-to-margot_chunk0003.wav,4.0,16000
data/raw/deep_voice/fake/taylor-to-margot.wav,4,fake,data/interim/deep_voice_chunks/fake/taylor-to-margot_chunk0004.wav,4.0,16000
data/raw/deep_voice/fake/taylor-to-margot.wav,5,fake,data/interim/deep_voice_chunks/fake/taylor-to-margot_chunk0005.wav,4.0,16000
data/raw/deep_voice/fake/taylor-to-margot.wav,6,fake,data/interim/deep_voice_chunks/fake/taylor-to-margot_chunk0006.wav,4.0,16000
data/raw/deep_voice/fake/taylor-to-margot.wav,7,fake,data/interim/deep_voice_chunks/fake/taylor-to-margot_chunk0007.wav,4.0,16000
data/raw/deep_voice/fake/taylor-to-margot.wav,8,fake,data/interim/deep_voice_chunks/fake/taylor-to-margot_chunk0008.wav,4.0,16000
data/raw/deep_voice/fake/taylor-to-margot.wav,9,fake,data/interim/deep_voice_chunks/fake/taylor-to-margot_chunk0009.wav,4.0,16000
data/raw/deep_voice/fake/taylor-to-margot.wav,10,fake,data/interim/deep_voice_chunks/fake/taylor-to-margot_chunk0010.wav,4.0,16000
data/raw/deep_voice/fake/taylor-to-margot.wav,11,fake,data/interim/deep_voice_chunks/fake/taylor-to-margot_chunk0011.wav,4.0,16000
data/raw/deep_voice/fake/taylor-to-margot.wav,12,fake,data/interim/deep_voice_chunks/fake/taylor-to-margot_chunk0012.wav,4.0,16000
data/raw/deep_voice/fake/taylor-to-margot.wav,13,fake,data/interim/deep_voice_chunks/fake/taylor-to-margot_chunk0013.wav,4.0,16000
data/raw/deep_voice/fake/taylor-to-margot.wav,14,fake,data/interim/deep_voice_chunks/fake/taylor-to-margot_chunk0014.wav,4.0,16000
data/raw/deep_voice/fake/taylor-to-margot.wav,15,fake,data/interim/deep_voice_chunks/fake/taylor-to-margot_chunk0015.wav,4.0,16000
data/raw/deep_voice/fake/taylor-to-margot.wav,16,fake,data/interim/deep_voice_chunks/fake/taylor-to-margot_chunk0016.wav,4.0,16000
data/raw/deep_voice/fake/taylor-to-margot.wav,17,fake,data/interim/deep_voice_chunks/fake/taylor-to-margot_chunk0017.wav,4.0,16000
data/raw/deep_voice/fake/taylor-to-margot.wav,18,fake,data/interim/deep_voice_chunks/fake/taylor-to-margot_chunk0018.wav,4.0,16000
data/raw/deep_voice/fake/taylor-to-margot.wav,19,fake,data/interim/deep_voice_chunks/fake/taylor-to-margot_chunk0019.wav,4.0,16000
data/raw/deep_voice/fake/taylor-to-margot.wav,20,fake,data/interim/deep_voice_chunks/fake/taylor-to-margot_chunk0020.wav,4.0,16000
data/raw/deep_voice/fake/taylor-to-margot.wav,21,fake,data/interim/deep_voice_chunks/fake/taylor-to-margot_chunk0021.wav,4.0,16000
data/raw/deep_voice/fake/taylor-to-margot.wav,22,fake,data/interim/deep_voice_chunks/fake/taylor-to-margot_chunk0022.wav,4.0,16000
data/raw/deep_voice/fake/taylor-to-margot.wav,23,fake,data/interim/deep_voice_chunks/fake/taylor-to-margot_chunk0023.wav,4.0,16000
data/raw/deep_voice/fake/taylor-to-margot.wav,24,fake,data/interim/deep_voice_chunks/fake/taylor-to-margot_chunk0024.wav,4.0,16000
data/raw/deep_voice/fake/taylor-to-margot.wav,25,fake,data/interim/deep_voice_chunks/fake/taylor-to-margot_chunk0025.wav,4.0,16000
data/raw/deep_voice/fake/taylor-to-margot.wav,26,fake,data/interim/deep_voice_chunks/fake/taylor-to-margot_chunk0026.wav,4.0,16000
data/raw/deep_voice/fake/taylor-to-margot.wav,27,fake,data/interim/deep_voice_chunks/fake/taylor-to-margot_chunk0027.wav,4.0,16000
data/raw/deep_voice/fake/taylor-to-margot.wav,28,fake,data/interim/deep_voice_chunks/fake/taylor-to-margot_chunk0028.wav,4.0,16000
data/raw/deep_voice/fake/taylor-to-margot.wav,29,fake,data/interim/deep_voice_chunks/fake/taylor-to-margot_chunk0029.wav,4.0,16000
data/raw/deep_voice/fake/taylor-to-margot.wav,30,fake,data/interim/deep_voice_chunks/fake/taylor-to-margot_chunk0030.wav,4.0,16000
data/raw/deep_voice/fake/taylor-to-margot.wav,31,fake,data/interim/deep_voice_chunks/fake/taylor-to-margot_chunk0031.wav,4.0,16000
data/raw/deep_voice/fake/taylor-to-margot.wav,32,fake,data/interim/deep_voice_chunks/fake/taylor-to-margot_chunk0032.wav,4.0,16000
data/raw/deep_voice/fake/taylor-to-margot.wav,33,fake,data/interim/deep_voice_chunks/fake/taylor-to-margot_chunk0033.wav,4.0,16000
data/raw/deep_voice/fake/taylor-to-margot.wav,34,fake,data/interim/deep_voice_chunks/fake/taylor-to-margot_chunk0034.wav,4.0,16000
data/raw/deep_voice/fake/taylor-to-margot.wav,35,fake,data/interim/deep_voice_chunks/fake/taylor-to-margot_chunk0035.wav,4.0,16000
data/raw/deep_voice/fake/taylor-to-margot.wav,36,fake,data/interim/deep_voice_chunks/fake/taylor-to-margot_chunk0036.wav,4.0,16000
data/raw/deep_voice/fake/taylor-to-margot.wav,37,fake,data/interim/deep_voice_chunks/fake/taylor-to-margot_chunk0037.wav,4.0,16000
data/raw/deep_voice/fake/taylor-to-margot.wav,38,fake,data/interim/deep_voice_chunks/fake/taylor-to-margot_chunk0038.wav,4.0,16000
data/raw/deep_voice/fake/taylor-to-margot.wav,39,fake,data/interim/deep_voice_chunks/fake/taylor-to-margot_chunk0039.wav,4.0,16000
data/raw/deep_voice/fake/taylor-to-margot.wav,40,fake,data/interim/deep_voice_chunks/fake/taylor-to-margot_chunk0040.wav,4.0,16000
data/raw/deep_voice/fake/taylor-to-margot.wav,41,fake,data/interim/deep_voice_chunks/fake/taylor-to-margot_chunk0041.wav,4.0,16000
data/raw/deep_voice/fake/taylor-to-margot.wav,42,fake,data/interim/deep_voice_chunks/fake/taylor-to-margot_chunk0042.wav,4.0,16000
data/raw/deep_voice/fake/taylor-to-margot.wav,43,fake,data/interim/deep_voice_chunks/fake/taylor-to-margot_chunk0043.wav,4.0,16000
data/raw/deep_voice/fake/taylor-to-margot.wav,44,fake,data/interim/deep_voice_chunks/fake/taylor-to-margot_chunk0044.wav,4.0,16000
data/raw/deep_voice/fake/taylor-to-margot.wav,45,fake,data/interim/deep_voice_chunks/fake/taylor-to-margot_chunk0045.wav,4.0,16000
data/raw/deep_voice/fake/taylor-to-margot.wav,46,fake,data/interim/deep_voice_chunks/fake/taylor-to-margot_chunk0046.wav,4.0,16000
data/raw/deep_voice/fake/taylor-to-margot.wav,47,fake,data/interim/deep_voice_chunks/fake/taylor-to-margot_chunk0047.wav,4.0,16000
data/raw/deep_voice/fake/taylor-to-margot.wav,48,fake,data/interim/deep_voice_chunks/fake/taylor-to-margot_chunk0048.wav,4.0,16000
data/raw/deep_voice/fake/taylor-to-margot.wav,49,fake,data/interim/deep_voice_chunks/fake/taylor-to-margot_chunk0049.wav,4.0,16000
data/raw/deep_voice/fake/taylor-to-margot.wav,50,fake,data/interim/deep_voice_chunks/fake/taylor-to-margot_chunk0050.wav,4.0,16000
data/raw/deep_voice/fake/taylor-to-margot.wav,51,fake,data/interim/deep_voice_chunks/fake/taylor-to-margot_chunk0051.wav,4.0,16000
data/raw/deep_voice/fake/taylor-to-margot.wav,52,fake,data/interim/deep_voice_chunks/fake/taylor-to-margot_chunk0052.wav,4.0,16000
data/raw/deep_voice/fake/taylor-to-margot.wav,53,fake,data/interim/deep_voice_chunks/fake/taylor-to-margot_chunk0053.wav,4.0,16000
data/raw/deep_voice/fake/taylor-to-margot.wav,54,fake,data/interim/deep_voice_chunks/fake/taylor-to-margot_chunk0054.wav,4.0,16000
data/raw/deep_voice/fake/taylor-to-margot.wav,55,fake,data/interim/deep_voice_chunks/fake/taylor-to-margot_chunk0055.wav,4.0,16000
data/raw/deep_voice/fake/taylor-to-margot.wav,56,fake,data/interim/deep_voice_chunks/fake/taylor-to-margot_chunk0056.wav,4.0,16000
data/raw/deep_voice/fake/taylor-to-margot.wav,57,fake,data/interim/deep_voice_chunks/fake/taylor-to-margot_chunk0057.wav,4.0,16000
data/raw/deep_voice/fake/taylor-to-margot.wav,58,fake,data/interim/deep_voice_chunks/fake/taylor-to-margot_chunk0058.wav,4.0,16000
data/raw/deep_voice/fake/taylor-to-margot.wav,59,fake,data/interim/deep_voice_chunks/fake/taylor-to-margot_chunk0059.wav,4.0,16000
data/raw/deep_voice/fake/taylor-to-margot.wav,60,fake,data/interim/deep_voice_chunks/fake/taylor-to-margot_chunk0060.wav,4.0,16000
data/raw/deep_voice/fake/taylor-to-margot.wav,61,fake,data/interim/deep_voice_chunks/fake/taylor-to-margot_chunk0061.wav,4.0,16000
data/raw/deep_voice/fake/taylor-to-margot.wav,62,fake,data/interim/deep_voice_chunks/fake/taylor-to-margot_chunk0062.wav,4.0,16000
data/raw/deep_voice/fake/taylor-to-margot.wav,63,fake,data/interim/deep_voice_chunks/fake/taylor-to-margot_chunk0063.wav,4.0,16000
data/raw/deep_voice/fake/taylor-to-margot.wav,64,fake,data/interim/deep_voice_chunks/fake/taylor-to-margot_chunk0064.wav,4.0,16000
data/raw/deep_voice/fake/taylor-to-margot.wav,65,fake,data/interim/deep_voice_chunks/fake/taylor-to-margot_chunk0065.wav,4.0,16000
data/raw/deep_voice/fake/taylor-to-margot.wav,66,fake,data/interim/deep_voice_chunks/fake/taylor-to-margot_chunk0066.wav,4.0,16000
data/raw/deep_voice/fake/taylor-to-margot.wav,67,fake,data/interim/deep_voice_chunks/fake/taylor-to-margot_chunk0067.wav,4.0,16000
data/raw/deep_voice/fake/taylor-to-margot.wav,68,fake,data/interim/deep_voice_chunks/fake/taylor-to-margot_chunk0068.wav,4.0,16000
data/raw/deep_voice/fake/taylor-to-margot.wav,69,fake,data/interim/deep_voice_chunks/fake/taylor-to-margot_chunk0069.wav,4.0,16000
data/raw/deep_voice/fake/taylor-to-margot.wav,70,fake,data/interim/deep_voice_chunks/fake/taylor-to-margot_chunk0070.wav,4.0,16000
data/raw/deep_voice/fake/taylor-to-margot.wav,71,fake,data/interim/deep_voice_chunks/fake/taylor-to-margot_chunk0071.wav,4.0,16000
data/raw/deep_voice/fake/taylor-to-margot.wav,72,fake,data/interim/deep_voice_chunks/fake/taylor-to-margot_chunk0072.wav,4.0,16000
data/raw/deep_voice/fake/taylor-to-margot.wav,73,fake,data/interim/deep_voice_chunks/fake/taylor-to-margot_chunk0073.wav,4.0,16000
data/raw/deep_voice/fake/taylor-to-margot.wav,74,fake,data/interim/deep_voice_chunks/fake/taylor-to-margot_chunk0074.wav,4.0,16000
data/raw/deep_voice/fake/taylor-to-margot.wav,75,fake,data/interim/deep_voice_chunks/fake/taylor-to-margot_chunk0075.wav,4.0,16000
data/raw/deep_voice/fake/taylor-to-margot.wav,76,fake,data/interim/deep_voice_chunks/fake/taylor-to-margot_chunk0076.wav,4.0,16000
data/raw/deep_voice/fake/taylor-to-margot.wav,77,fake,data/interim/deep_voice_chunks/fake/taylor-to-margot_chunk0077.wav,4.0,16000
data/raw/deep_voice/fake/taylor-to-margot.wav,78,fake,data/interim/deep_voice_chunks/fake/taylor-to-margot_chunk0078.wav,4.0,16000
data/raw/deep_voice/fake/taylor-to-margot.wav,79,fake,data/interim/deep_voice_chunks/fake/taylor-to-margot_chunk0079.wav,4.0,16000
data/raw/deep_voice/fake/taylor-to-margot.wav,80,fake,data/interim/deep_voice_chunks/fake/taylor-to-margot_chunk0080.wav,4.0,16000
data/raw/deep_voice/fake/taylor-to-margot.wav,81,fake,data/interim/deep_voice_chunks/fake/taylor-to-margot_chunk0081.wav,4.0,16000
data/raw/deep_voice/fake/taylor-to-margot.wav,82,fake,data/interim/deep_voice_chunks/fake/taylor-to-margot_chunk0082.wav,4.0,16000
data/raw/deep_voice/fake/taylor-to-margot.wav,83,fake,data/interim/deep_voice_chunks/fake/taylor-to-margot_chunk0083.wav,4.0,16000
data/raw/deep_voice/fake/taylor-to-margot.wav,84,fake,data/interim/deep_voice_chunks/fake/taylor-to-margot_chunk0084.wav,4.0,16000
data/raw/deep_voice/fake/taylor-to-margot.wav,85,fake,data/interim/deep_voice_chunks/fake/taylor-to-margot_chunk0085.wav,4.0,16000
data/raw/deep_voice/fake/taylor-to-margot.wav,86,fake,data/interim/deep_voice_chunks/fake/taylor-to-margot_chunk0086.wav,4.0,16000
data/raw/deep_voice/fake/taylor-to-margot.wav,87,fake,data/interim/deep_voice_chunks/fake/taylor-to-margot_chunk0087.wav,4.0,16000
data/raw/deep_voice/fake/taylor-to-margot.wav,88,fake,data/interim/deep_voice_chunks/fake/taylor-to-margot_chunk0088.wav,4.0,16000
data/raw/deep_voice/fake/taylor-to-margot.wav,89,fake,data/interim/deep_voice_chunks/fake/taylor-to-margot_chunk0089.wav,4.0,16000
data/raw/deep_voice/fake/taylor-to-margot.wav,90,fake,data/interim/deep_voice_chunks/fake/taylor-to-margot_chunk0090.wav,4.0,16000
data/raw/deep_voice/fake/taylor-to-margot.wav,91,fake,data/interim/deep_voice_chunks/fake/taylor-to-margot_chunk0091.wav,4.0,16000
data/raw/deep_voice/fake/taylor-to-margot.wav,92,fake,data/interim/deep_voice_chunks/fake/taylor-to-margot_chunk0092.wav,4.0,16000
data/raw/deep_voice/fake/taylor-to-margot.wav,93,fake,data/interim/deep_voice_chunks/fake/taylor-to-margot_chunk0093.wav,4.0,16000
data/raw/deep_voice/fake/taylor-to-margot.wav,94,fake,data/interim/deep_voice_chunks/fake/taylor-to-margot_chunk0094.wav,4.0,16000
data/raw/deep_voice/fake/taylor-to-margot.wav,95,fake,data/interim/deep_voice_chunks/fake/taylor-to-margot_chunk0095.wav,4.0,16000
data/raw/deep_voice/fake/taylor-to-margot.wav,96,fake,data/interim/deep_voice_chunks/fake/taylor-to-margot_chunk0096.wav,4.0,16000
data/raw/deep_voice/fake/taylor-to-margot.wav,97,fake,data/interim/deep_voice_chunks/fake/taylor-to-margot_chunk0097.wav,4.0,16000
data/raw/deep_voice/fake/taylor-to-margot.wav,98,fake,data/interim/deep_voice_chunks/fake/taylor-to-margot_chunk0098.wav,4.0,16000
data/raw/deep_voice/fake/taylor-to-margot.wav,99,fake,data/interim/deep_voice_chunks/fake/taylor-to-margot_chunk0099.wav,4.0,16000
data/raw/deep_voice/fake/taylor-to-margot.wav,100,fake,data/interim/deep_voice_chunks/fake/taylor-to-margot_chunk0100.wav,4.0,16000
data/raw/deep_voice/fake/taylor-to-margot.wav,101,fake,data/interim/deep_voice_chunks/fake/taylor-to-margot_chunk0101.wav,4.0,16000
data/raw/deep_voice/fake/taylor-to-margot.wav,102,fake,data/interim/deep_voice_chunks/fake/taylor-to-margot_chunk0102.wav,4.0,16000
data/raw/deep_voice/fake/taylor-to-margot.wav,103,fake,data/interim/deep_voice_chunks/fake/taylor-to-margot_chunk0103.wav,4.0,16000
data/raw/deep_voice/fake/taylor-to-margot.wav,104,fake,data/interim/deep_voice_chunks/fake/taylor-to-margot_chunk0104.wav,4.0,16000
data/raw/deep_voice/fake/taylor-to-margot.wav,105,fake,data/interim/deep_voice_chunks/fake/taylor-to-margot_chunk0105.wav,4.0,16000
data/raw/deep_voice/fake/taylor-to-margot.wav,106,fake,data/interim/deep_voice_chunks/fake/taylor-to-margot_chunk0106.wav,4.0,16000
data/raw/deep_voice/fake/taylor-to-margot.wav,107,fake,data/interim/deep_voice_chunks/fake/taylor-to-margot_chunk0107.wav,4.0,16000
data/raw/deep_voice/fake/taylor-to-margot.wav,108,fake,data/interim/deep_voice_chunks/fake/taylor-to-margot_chunk0108.wav,4.0,16000
data/raw/deep_voice/fake/taylor-to-margot.wav,109,fake,data/interim/deep_voice_chunks/fake/taylor-to-margot_chunk0109.wav,4.0,16000
data/raw/deep_voice/fake/taylor-to-margot.wav,110,fake,data/interim/deep_voice_chunks/fake/taylor-to-margot_chunk0110.wav,4.0,16000
data/raw/deep_voice/fake/taylor-to-margot.wav,111,fake,data/interim/deep_voice_chunks/fake/taylor-to-margot_chunk0111.wav,4.0,16000
data/raw/deep_voice/fake/taylor-to-margot.wav,112,fake,data/interim/deep_voice_chunks/fake/taylor-to-margot_chunk0112.wav,4.0,16000
data/raw/deep_voice/fake/taylor-to-margot.wav,113,fake,data/interim/deep_voice_chunks/fake/taylor-to-margot_chunk0113.wav,4.0,16000
data/raw/deep_voice/fake/taylor-to-margot.wav,114,fake,data/interim/deep_voice_chunks/fake/taylor-to-margot_chunk0114.wav,4.0,16000
data/raw/deep_voice/fake/taylor-to-margot.wav,115,fake,data/interim/deep_voice_chunks/fake/taylor-to-margot_chunk0115.wav,4.0,16000
data/raw/deep_voice/fake/taylor-to-margot.wav,116,fake,data/interim/deep_voice_chunks/fake/taylor-to-margot_chunk0116.wav,4.0,16000
data/raw/deep_voice/fake/taylor-to-margot.wav,117,fake,data/interim/deep_voice_chunks/fake/taylor-to-margot_chunk0117.wav,4.0,16000
data/raw/deep_voice/fake/taylor-to-margot.wav,118,fake,data/interim/deep_voice_chunks/fake/taylor-to-margot_chunk0118.wav,4.0,16000
data/raw/deep_voice/fake/taylor-to-margot.wav,119,fake,data/interim/deep_voice_chunks/fake/taylor-to-margot_chunk0119.wav,4.0,16000
data/raw/deep_voice/fake/taylor-to-margot.wav,120,fake,data/interim/deep_voice_chunks/fake/taylor-to-margot_chunk0120.wav,4.0,16000
data/raw/deep_voice/fake/taylor-to-margot.wav,121,fake,data/interim/deep_voice_chunks/fake/taylor-to-margot_chunk0121.wav,4.0,16000
data/raw/deep_voice/fake/taylor-to-margot.wav,122,fake,data/interim/deep_voice_chunks/fake/taylor-to-margot_chunk0122.wav,4.0,16000
data/raw/deep_voice/fake/taylor-to-margot.wav,123,fake,data/interim/deep_voice_chunks/fake/taylor-to-margot_chunk0123.wav,4.0,16000
data/raw/deep_voice/fake/taylor-to-margot.wav,124,fake,data/interim/deep_voice_chunks/fake/taylor-to-margot_chunk0124.wav,4.0,16000
data/raw/deep_voice/fake/taylor-to-margot.wav,125,fake,data/interim/deep_voice_chunks/fake/taylor-to-margot_chunk0125.wav,4.0,16000
data/raw/deep_voice/fake/taylor-to-margot.wav,126,fake,data/interim/deep_voice_chunks/fake/taylor-to-margot_chunk0126.wav,4.0,16000
data/raw/deep_voice/fake/taylor-to-margot.wav,127,fake,data/interim/deep_voice_chunks/fake/taylor-to-margot_chunk0127.wav,4.0,16000
data/raw/deep_voice/fake/taylor-to-margot.wav,128,fake,data/interim/deep_voice_chunks/fake/taylor-to-margot_chunk0128.wav,4.0,16000
data/raw/deep_voice/fake/taylor-to-margot.wav,129,fake,data/interim/deep_voice_chunks/fake/taylor-to-margot_chunk0129.wav,4.0,16000
data/raw/deep_voice/fake/taylor-to-margot.wav,130,fake,data/interim/deep_voice_chunks/fake/taylor-to-margot_chunk0130.wav,4.0,16000
data/raw/deep_voice/fake/taylor-to-margot.wav,131,fake,data/interim/deep_voice_chunks/fake/taylor-to-margot_chunk0131.wav,4.0,16000
data/raw/deep_voice/fake/taylor-to-margot.wav,132,fake,data/interim/deep_voice_chunks/fake/taylor-to-margot_chunk0132.wav,4.0,16000
data/raw/deep_voice/fake/taylor-to-margot.wav,133,fake,data/interim/deep_voice_chunks/fake/taylor-to-margot_chunk0133.wav,4.0,16000
data/raw/deep_voice/fake/taylor-to-margot.wav,134,fake,data/interim/deep_voice_chunks/fake/taylor-to-margot_chunk0134.wav,4.0,16000
data/raw/deep_voice/fake/taylor-to-margot.wav,135,fake,data/interim/deep_voice_chunks/fake/taylor-to-margot_chunk0135.wav,3.776,16000
data/raw/deep_voice/fake/taylor-to-musk.wav,0,fake,data/interim/deep_voice_chunks/fake/taylor-to-musk_chunk0000.wav,4.0,16000
data/raw/deep_voice/fake/taylor-to-musk.wav,1,fake,data/interim/deep_voice_chunks/fake/taylor-to-musk_chunk0001.wav,4.0,16000
data/raw/deep_voice/fake/taylor-to-musk.wav,2,fake,data/interim/deep_voice_chunks/fake/taylor-to-musk_chunk0002.wav,4.0,16000
data/raw/deep_voice/fake/taylor-to-musk.wav,3,fake,data/interim/deep_voice_chunks/fake/taylor-to-musk_chunk0003.wav,4.0,16000
data/raw/deep_voice/fake/taylor-to-musk.wav,4,fake,data/interim/deep_voice_chunks/fake/taylor-to-musk_chunk0004.wav,4.0,16000
data/raw/deep_voice/fake/taylor-to-musk.wav,5,fake,data/interim/deep_voice_chunks/fake/taylor-to-musk_chunk0005.wav,4.0,16000
data/raw/deep_voice/fake/taylor-to-musk.wav,6,fake,data/interim/deep_voice_chunks/fake/taylor-to-musk_chunk0006.wav,4.0,16000
data/raw/deep_voice/fake/taylor-to-musk.wav,7,fake,data/interim/deep_voice_chunks/fake/taylor-to-musk_chunk0007.wav,4.0,16000
data/raw/deep_voice/fake/taylor-to-musk.wav,8,fake,data/interim/deep_voice_chunks/fake/taylor-to-musk_chunk0008.wav,4.0,16000
data/raw/deep_voice/fake/taylor-to-musk.wav,9,fake,data/interim/deep_voice_chunks/fake/taylor-to-musk_chunk0009.wav,4.0,16000
data/raw/deep_voice/fake/taylor-to-musk.wav,10,fake,data/interim/deep_voice_chunks/fake/taylor-to-musk_chunk0010.wav,4.0,16000
data/raw/deep_voice/fake/taylor-to-musk.wav,11,fake,data/interim/deep_voice_chunks/fake/taylor-to-musk_chunk0011.wav,4.0,16000
data/raw/deep_voice/fake/taylor-to-musk.wav,12,fake,data/interim/deep_voice_chunks/fake/taylor-to-musk_chunk0012.wav,4.0,16000
data/raw/deep_voice/fake/taylor-to-musk.wav,13,fake,data/interim/deep_voice_chunks/fake/taylor-to-musk_chunk0013.wav,4.0,16000
data/raw/deep_voice/fake/taylor-to-musk.wav,14,fake,data/interim/deep_voice_chunks/fake/taylor-to-musk_chunk0014.wav,4.0,16000
data/raw/deep_voice/fake/taylor-to-musk.wav,15,fake,data/interim/deep_voice_chunks/fake/taylor-to-musk_chunk0015.wav,4.0,16000
data/raw/deep_voice/fake/taylor-to-musk.wav,16,fake,data/interim/deep_voice_chunks/fake/taylor-to-musk_chunk0016.wav,4.0,16000
data/raw/deep_voice/fake/taylor-to-musk.wav,17,fake,data/interim/deep_voice_chunks/fake/taylor-to-musk_chunk0017.wav,4.0,16000
data/raw/deep_voice/fake/taylor-to-musk.wav,18,fake,data/interim/deep_voice_chunks/fake/taylor-to-musk_chunk0018.wav,4.0,16000
data/raw/deep_voice/fake/taylor-to-musk.wav,19,fake,data/interim/deep_voice_chunks/fake/taylor-to-musk_chunk0019.wav,4.0,16000
data/raw/deep_voice/fake/taylor-to-musk.wav,20,fake,data/interim/deep_voice_chunks/fake/taylor-to-musk_chunk0020.wav,4.0,16000
data/raw/deep_voice/fake/taylor-to-musk.wav,21,fake,data/interim/deep_voice_chunks/fake/taylor-to-musk_chunk0021.wav,4.0,16000
data/raw/deep_voice/fake/taylor-to-musk.wav,22,fake,data/interim/deep_voice_chunks/fake/taylor-to-musk_chunk0022.wav,4.0,16000
data/raw/deep_voice/fake/taylor-to-musk.wav,23,fake,data/interim/deep_voice_chunks/fake/taylor-to-musk_chunk0023.wav,4.0,16000
data/raw/deep_voice/fake/taylor-to-musk.wav,24,fake,data/interim/deep_voice_chunks/fake/taylor-to-musk_chunk0024.wav,4.0,16000
data/raw/deep_voice/fake/taylor-to-musk.wav,25,fake,data/interim/deep_voice_chunks/fake/taylor-to-musk_chunk0025.wav,4.0,16000
data/raw/deep_voice/fake/taylor-to-musk.wav,26,fake,data/interim/deep_voice_chunks/fake/taylor-to-musk_chunk0026.wav,4.0,16000
data/raw/deep_voice/fake/taylor-to-musk.wav,27,fake,data/interim/deep_voice_chunks/fake/taylor-to-musk_chunk0027.wav,4.0,16000
data/raw/deep_voice/fake/taylor-to-musk.wav,28,fake,data/interim/deep_voice_chunks/fake/taylor-to-musk_chunk0028.wav,4.0,16000
data/raw/deep_voice/fake/taylor-to-musk.wav,29,fake,data/interim/deep_voice_chunks/fake/taylor-to-musk_chunk0029.wav,4.0,16000
data/raw/deep_voice/fake/taylor-to-musk.wav,30,fake,data/interim/deep_voice_chunks/fake/taylor-to-musk_chunk0030.wav,4.0,16000
data/raw/deep_voice/fake/taylor-to-musk.wav,31,fake,data/interim/deep_voice_chunks/fake/taylor-to-musk_chunk0031.wav,4.0,16000
data/raw/deep_voice/fake/taylor-to-musk.wav,32,fake,data/interim/deep_voice_chunks/fake/taylor-to-musk_chunk0032.wav,4.0,16000
data/raw/deep_voice/fake/taylor-to-musk.wav,33,fake,data/interim/deep_voice_chunks/fake/taylor-to-musk_chunk0033.wav,4.0,16000
data/raw/deep_voice/fake/taylor-to-musk.wav,34,fake,data/interim/deep_voice_chunks/fake/taylor-to-musk_chunk0034.wav,4.0,16000
data/raw/deep_voice/fake/taylor-to-musk.wav,35,fake,data/interim/deep_voice_chunks/fake/taylor-to-musk_chunk0035.wav,4.0,16000
data/raw/deep_voice/fake/taylor-to-musk.wav,36,fake,data/interim/deep_voice_chunks/fake/taylor-to-musk_chunk0036.wav,4.0,16000
data/raw/deep_voice/fake/taylor-to-musk.wav,37,fake,data/interim/deep_voice_chunks/fake/taylor-to-musk_chunk0037.wav,4.0,16000
data/raw/deep_voice/fake/taylor-to-musk.wav,38,fake,data/interim/deep_voice_chunks/fake/taylor-to-musk_chunk0038.wav,4.0,16000
data/raw/deep_voice/fake/taylor-to-musk.wav,39,fake,data/interim/deep_voice_chunks/fake/taylor-to-musk_chunk0039.wav,4.0,16000
data/raw/deep_voice/fake/taylor-to-musk.wav,40,fake,data/interim/deep_voice_chunks/fake/taylor-to-musk_chunk0040.wav,4.0,16000
data/raw/deep_voice/fake/taylor-to-musk.wav,41,fake,data/interim/deep_voice_chunks/fake/taylor-to-musk_chunk0041.wav,4.0,16000
data/raw/deep_voice/fake/taylor-to-musk.wav,42,fake,data/interim/deep_voice_chunks/fake/taylor-to-musk_chunk0042.wav,4.0,16000
data/raw/deep_voice/fake/taylor-to-musk.wav,43,fake,data/interim/deep_voice_chunks/fake/taylor-to-musk_chunk0043.wav,4.0,16000
data/raw/deep_voice/fake/taylor-to-musk.wav,44,fake,data/interim/deep_voice_chunks/fake/taylor-to-musk_chunk0044.wav,4.0,16000
data/raw/deep_voice/fake/taylor-to-musk.wav,45,fake,data/interim/deep_voice_chunks/fake/taylor-to-musk_chunk0045.wav,4.0,16000
data/raw/deep_voice/fake/taylor-to-musk.wav,46,fake,data/interim/deep_voice_chunks/fake/taylor-to-musk_chunk0046.wav,4.0,16000
data/raw/deep_voice/fake/taylor-to-musk.wav,47,fake,data/interim/deep_voice_chunks/fake/taylor-to-musk_chunk0047.wav,4.0,16000
data/raw/deep_voice/fake/taylor-to-musk.wav,48,fake,data/interim/deep_voice_chunks/fake/taylor-to-musk_chunk0048.wav,4.0,16000
data/raw/deep_voice/fake/taylor-to-musk.wav,49,fake,data/interim/deep_voice_chunks/fake/taylor-to-musk_chunk0049.wav,4.0,16000
data/raw/deep_voice/fake/taylor-to-musk.wav,50,fake,data/interim/deep_voice_chunks/fake/taylor-to-musk_chunk0050.wav,4.0,16000
data/raw/deep_voice/fake/taylor-to-musk.wav,51,fake,data/interim/deep_voice_chunks/fake/taylor-to-musk_chunk0051.wav,4.0,16000
data/raw/deep_voice/fake/taylor-to-musk.wav,52,fake,data/interim/deep_voice_chunks/fake/taylor-to-musk_chunk0052.wav,4.0,16000
data/raw/deep_voice/fake/taylor-to-musk.wav,53,fake,data/interim/deep_voice_chunks/fake/taylor-to-musk_chunk0053.wav,4.0,16000
data/raw/deep_voice/fake/taylor-to-musk.wav,54,fake,data/interim/deep_voice_chunks/fake/taylor-to-musk_chunk0054.wav,4.0,16000
data/raw/deep_voice/fake/taylor-to-musk.wav,55,fake,data/interim/deep_voice_chunks/fake/taylor-to-musk_chunk0055.wav,4.0,16000
data/raw/deep_voice/fake/taylor-to-musk.wav,56,fake,data/interim/deep_voice_chunks/fake/taylor-to-musk_chunk0056.wav,4.0,16000
data/raw/deep_voice/fake/taylor-to-musk.wav,57,fake,data/interim/deep_voice_chunks/fake/taylor-to-musk_chunk0057.wav,4.0,16000
data/raw/deep_voice/fake/taylor-to-musk.wav,58,fake,data/interim/deep_voice_chunks/fake/taylor-to-musk_chunk0058.wav,4.0,16000
data/raw/deep_voice/fake/taylor-to-musk.wav,59,fake,data/interim/deep_voice_chunks/fake/taylor-to-musk_chunk0059.wav,4.0,16000
data/raw/deep_voice/fake/taylor-to-musk.wav,60,fake,data/interim/deep_voice_chunks/fake/taylor-to-musk_chunk0060.wav,4.0,16000
data/raw/deep_voice/fake/taylor-to-musk.wav,61,fake,data/interim/deep_voice_chunks/fake/taylor-to-musk_chunk0061.wav,4.0,16000
data/raw/deep_voice/fake/taylor-to-musk.wav,62,fake,data/interim/deep_voice_chunks/fake/taylor-to-musk_chunk0062.wav,4.0,16000
data/raw/deep_voice/fake/taylor-to-musk.wav,63,fake,data/interim/deep_voice_chunks/fake/taylor-to-musk_chunk0063.wav,4.0,16000
data/raw/deep_voice/fake/taylor-to-musk.wav,64,fake,data/interim/deep_voice_chunks/fake/taylor-to-musk_chunk0064.wav,4.0,16000
data/raw/deep_voice/fake/taylor-to-musk.wav,65,fake,data/interim/deep_voice_chunks/fake/taylor-to-musk_chunk0065.wav,4.0,16000
data/raw/deep_voice/fake/taylor-to-musk.wav,66,fake,data/interim/deep_voice_chunks/fake/taylor-to-musk_chunk0066.wav,4.0,16000
data/raw/deep_voice/fake/taylor-to-musk.wav,67,fake,data/interim/deep_voice_chunks/fake/taylor-to-musk_chunk0067.wav,4.0,16000
data/raw/deep_voice/fake/taylor-to-musk.wav,68,fake,data/interim/deep_voice_chunks/fake/taylor-to-musk_chunk0068.wav,4.0,16000
data/raw/deep_voice/fake/taylor-to-musk.wav,69,fake,data/interim/deep_voice_chunks/fake/taylor-to-musk_chunk0069.wav,4.0,16000
data/raw/deep_voice/fake/taylor-to-musk.wav,70,fake,data/interim/deep_voice_chunks/fake/taylor-to-musk_chunk0070.wav,4.0,16000
data/raw/deep_voice/fake/taylor-to-musk.wav,71,fake,data/interim/deep_voice_chunks/fake/taylor-to-musk_chunk0071.wav,4.0,16000
data/raw/deep_voice/fake/taylor-to-musk.wav,72,fake,data/interim/deep_voice_chunks/fake/taylor-to-musk_chunk0072.wav,4.0,16000
data/raw/deep_voice/fake/taylor-to-musk.wav,73,fake,data/interim/deep_voice_chunks/fake/taylor-to-musk_chunk0073.wav,4.0,16000
data/raw/deep_voice/fake/taylor-to-musk.wav,74,fake,data/interim/deep_voice_chunks/fake/taylor-to-musk_chunk0074.wav,4.0,16000
data/raw/deep_voice/fake/taylor-to-musk.wav,75,fake,data/interim/deep_voice_chunks/fake/taylor-to-musk_chunk0075.wav,4.0,16000
data/raw/deep_voice/fake/taylor-to-musk.wav,76,fake,data/interim/deep_voice_chunks/fake/taylor-to-musk_chunk0076.wav,4.0,16000
data/raw/deep_voice/fake/taylor-to-musk.wav,77,fake,data/interim/deep_voice_chunks/fake/taylor-to-musk_chunk0077.wav,4.0,16000
data/raw/deep_voice/fake/taylor-to-musk.wav,78,fake,data/interim/deep_voice_chunks/fake/taylor-to-musk_chunk0078.wav,4.0,16000
data/raw/deep_voice/fake/taylor-to-musk.wav,79,fake,data/interim/deep_voice_chunks/fake/taylor-to-musk_chunk0079.wav,4.0,16000
data/raw/deep_voice/fake/taylor-to-musk.wav,80,fake,data/interim/deep_voice_chunks/fake/taylor-to-musk_chunk0080.wav,4.0,16000
data/raw/deep_voice/fake/taylor-to-musk.wav,81,fake,data/interim/deep_voice_chunks/fake/taylor-to-musk_chunk0081.wav,4.0,16000
data/raw/deep_voice/fake/taylor-to-musk.wav,82,fake,data/interim/deep_voice_chunks/fake/taylor-to-musk_chunk0082.wav,4.0,16000
data/raw/deep_voice/fake/taylor-to-musk.wav,83,fake,data/interim/deep_voice_chunks/fake/taylor-to-musk_chunk0083.wav,4.0,16000
data/raw/deep_voice/fake/taylor-to-musk.wav,84,fake,data/interim/deep_voice_chunks/fake/taylor-to-musk_chunk0084.wav,4.0,16000
data/raw/deep_voice/fake/taylor-to-musk.wav,85,fake,data/interim/deep_voice_chunks/fake/taylor-to-musk_chunk0085.wav,4.0,16000
data/raw/deep_voice/fake/taylor-to-musk.wav,86,fake,data/interim/deep_voice_chunks/fake/taylor-to-musk_chunk0086.wav,4.0,16000
data/raw/deep_voice/fake/taylor-to-musk.wav,87,fake,data/interim/deep_voice_chunks/fake/taylor-to-musk_chunk0087.wav,4.0,16000
data/raw/deep_voice/fake/taylor-to-musk.wav,88,fake,data/interim/deep_voice_chunks/fake/taylor-to-musk_chunk0088.wav,4.0,16000
data/raw/deep_voice/fake/taylor-to-musk.wav,89,fake,data/interim/deep_voice_chunks/fake/taylor-to-musk_chunk0089.wav,4.0,16000
data/raw/deep_voice/fake/taylor-to-musk.wav,90,fake,data/interim/deep_voice_chunks/fake/taylor-to-musk_chunk0090.wav,4.0,16000
data/raw/deep_voice/fake/taylor-to-musk.wav,91,fake,data/interim/deep_voice_chunks/fake/taylor-to-musk_chunk0091.wav,4.0,16000
data/raw/deep_voice/fake/taylor-to-musk.wav,92,fake,data/interim/deep_voice_chunks/fake/taylor-to-musk_chunk0092.wav,4.0,16000
data/raw/deep_voice/fake/taylor-to-musk.wav,93,fake,data/interim/deep_voice_chunks/fake/taylor-to-musk_chunk0093.wav,4.0,16000
data/raw/deep_voice/fake/taylor-to-musk.wav,94,fake,data/interim/deep_voice_chunks/fake/taylor-to-musk_chunk0094.wav,4.0,16000
data/raw/deep_voice/fake/taylor-to-musk.wav,95,fake,data/interim/deep_voice_chunks/fake/taylor-to-musk_chunk0095.wav,4.0,16000
data/raw/deep_voice/fake/taylor-to-musk.wav,96,fake,data/interim/deep_voice_chunks/fake/taylor-to-musk_chunk0096.wav,4.0,16000
data/raw/deep_voice/fake/taylor-to-musk.wav,97,fake,data/interim/deep_voice_chunks/fake/taylor-to-musk_chunk0097.wav,4.0,16000
data/raw/deep_voice/fake/taylor-to-musk.wav,98,fake,data/interim/deep_voice_chunks/fake/taylor-to-musk_chunk0098.wav,4.0,16000
data/raw/deep_voice/fake/taylor-to-musk.wav,99,fake,data/interim/deep_voice_chunks/fake/taylor-to-musk_chunk0099.wav,4.0,16000
data/raw/deep_voice/fake/taylor-to-musk.wav,100,fake,data/interim/deep_voice_chunks/fake/taylor-to-musk_chunk0100.wav,4.0,16000
data/raw/deep_voice/fake/taylor-to-musk.wav,101,fake,data/interim/deep_voice_chunks/fake/taylor-to-musk_chunk0101.wav,4.0,16000
data/raw/deep_voice/fake/taylor-to-musk.wav,102,fake,data/interim/deep_voice_chunks/fake/taylor-to-musk_chunk0102.wav,4.0,16000
data/raw/deep_voice/fake/taylor-to-musk.wav,103,fake,data/interim/deep_voice_chunks/fake/taylor-to-musk_chunk0103.wav,4.0,16000
data/raw/deep_voice/fake/taylor-to-musk.wav,104,fake,data/interim/deep_voice_chunks/fake/taylor-to-musk_chunk0104.wav,4.0,16000
data/raw/deep_voice/fake/taylor-to-musk.wav,105,fake,data/interim/deep_voice_chunks/fake/taylor-to-musk_chunk0105.wav,4.0,16000
data/raw/deep_voice/fake/taylor-to-musk.wav,106,fake,data/interim/deep_voice_chunks/fake/taylor-to-musk_chunk0106.wav,4.0,16000
data/raw/deep_voice/fake/taylor-to-musk.wav,107,fake,data/interim/deep_voice_chunks/fake/taylor-to-musk_chunk0107.wav,4.0,16000
data/raw/deep_voice/fake/taylor-to-musk.wav,108,fake,data/interim/deep_voice_chunks/fake/taylor-to-musk_chunk0108.wav,4.0,16000
data/raw/deep_voice/fake/taylor-to-musk.wav,109,fake,data/interim/deep_voice_chunks/fake/taylor-to-musk_chunk0109.wav,4.0,16000
data/raw/deep_voice/fake/taylor-to-musk.wav,110,fake,data/interim/deep_voice_chunks/fake/taylor-to-musk_chunk0110.wav,4.0,16000
data/raw/deep_voice/fake/taylor-to-musk.wav,111,fake,data/interim/deep_voice_chunks/fake/taylor-to-musk_chunk0111.wav,4.0,16000
data/raw/deep_voice/fake/taylor-to-musk.wav,112,fake,data/interim/deep_voice_chunks/fake/taylor-to-musk_chunk0112.wav,4.0,16000
data/raw/deep_voice/fake/taylor-to-musk.wav,113,fake,data/interim/deep_voice_chunks/fake/taylor-to-musk_chunk0113.wav,4.0,16000
data/raw/deep_voice/fake/taylor-to-musk.wav,114,fake,data/interim/deep_voice_chunks/fake/taylor-to-musk_chunk0114.wav,4.0,16000
data/raw/deep_voice/fake/taylor-to-musk.wav,115,fake,data/interim/deep_voice_chunks/fake/taylor-to-musk_chunk0115.wav,4.0,16000
data/raw/deep_voice/fake/taylor-to-musk.wav,116,fake,data/interim/deep_voice_chunks/fake/taylor-to-musk_chunk0116.wav,4.0,16000
data/raw/deep_voice/fake/taylor-to-musk.wav,117,fake,data/interim/deep_voice_chunks/fake/taylor-to-musk_chunk0117.wav,4.0,16000
data/raw/deep_voice/fake/taylor-to-musk.wav,118,fake,data/interim/deep_voice_chunks/fake/taylor-to-musk_chunk0118.wav,4.0,16000
data/raw/deep_voice/fake/taylor-to-musk.wav,119,fake,data/interim/deep_voice_chunks/fake/taylor-to-musk_chunk0119.wav,4.0,16000
data/raw/deep_voice/fake/taylor-to-musk.wav,120,fake,data/interim/deep_voice_chunks/fake/taylor-to-musk_chunk0120.wav,4.0,16000
data/raw/deep_voice/fake/taylor-to-musk.wav,121,fake,data/interim/deep_voice_chunks/fake/taylor-to-musk_chunk0121.wav,4.0,16000
data/raw/deep_voice/fake/taylor-to-musk.wav,122,fake,data/interim/deep_voice_chunks/fake/taylor-to-musk_chunk0122.wav,4.0,16000
data/raw/deep_voice/fake/taylor-to-musk.wav,123,fake,data/interim/deep_voice_chunks/fake/taylor-to-musk_chunk0123.wav,4.0,16000
data/raw/deep_voice/fake/taylor-to-musk.wav,124,fake,data/interim/deep_voice_chunks/fake/taylor-to-musk_chunk0124.wav,4.0,16000
data/raw/deep_voice/fake/taylor-to-musk.wav,125,fake,data/interim/deep_voice_chunks/fake/taylor-to-musk_chunk0125.wav,4.0,16000
data/raw/deep_voice/fake/taylor-to-musk.wav,126,fake,data/interim/deep_voice_chunks/fake/taylor-to-musk_chunk0126.wav,3.776,16000
data/raw/deep_voice/fake/taylor-to-obama.wav,0,fake,data/interim/deep_voice_chunks/fake/taylor-to-obama_chunk0000.wav,4.0,16000
data/raw/deep_voice/fake/taylor-to-obama.wav,1,fake,data/interim/deep_voice_chunks/fake/taylor-to-obama_chunk0001.wav,4.0,16000
data/raw/deep_voice/fake/taylor-to-obama.wav,2,fake,data/interim/deep_voice_chunks/fake/taylor-to-obama_chunk0002.wav,4.0,16000
data/raw/deep_voice/fake/taylor-to-obama.wav,3,fake,data/interim/deep_voice_chunks/fake/taylor-to-obama_chunk0003.wav,4.0,16000
data/raw/deep_voice/fake/taylor-to-obama.wav,4,fake,data/interim/deep_voice_chunks/fake/taylor-to-obama_chunk0004.wav,4.0,16000
data/raw/deep_voice/fake/taylor-to-obama.wav,5,fake,data/interim/deep_voice_chunks/fake/taylor-to-obama_chunk0005.wav,4.0,16000
data/raw/deep_voice/fake/taylor-to-obama.wav,6,fake,data/interim/deep_voice_chunks/fake/taylor-to-obama_chunk0006.wav,4.0,16000
data/raw/deep_voice/fake/taylor-to-obama.wav,7,fake,data/interim/deep_voice_chunks/fake/taylor-to-obama_chunk0007.wav,4.0,16000
data/raw/deep_voice/fake/taylor-to-obama.wav,8,fake,data/interim/deep_voice_chunks/fake/taylor-to-obama_chunk0008.wav,4.0,16000
data/raw/deep_voice/fake/taylor-to-obama.wav,9,fake,data/interim/deep_voice_chunks/fake/taylor-to-obama_chunk0009.wav,4.0,16000
data/raw/deep_voice/fake/taylor-to-obama.wav,10,fake,data/interim/deep_voice_chunks/fake/taylor-to-obama_chunk0010.wav,4.0,16000
data/raw/deep_voice/fake/taylor-to-obama.wav,11,fake,data/interim/deep_voice_chunks/fake/taylor-to-obama_chunk0011.wav,4.0,16000
data/raw/deep_voice/fake/taylor-to-obama.wav,12,fake,data/interim/deep_voice_chunks/fake/taylor-to-obama_chunk0012.wav,4.0,16000
data/raw/deep_voice/fake/taylor-to-obama.wav,13,fake,data/interim/deep_voice_chunks/fake/taylor-to-obama_chunk0013.wav,4.0,16000
data/raw/deep_voice/fake/taylor-to-obama.wav,14,fake,data/interim/deep_voice_chunks/fake/taylor-to-obama_chunk0014.wav,4.0,16000
data/raw/deep_voice/fake/taylor-to-obama.wav,15,fake,data/interim/deep_voice_chunks/fake/taylor-to-obama_chunk0015.wav,4.0,16000
data/raw/deep_voice/fake/taylor-to-obama.wav,16,fake,data/interim/deep_voice_chunks/fake/taylor-to-obama_chunk0016.wav,4.0,16000
data/raw/deep_voice/fake/taylor-to-obama.wav,17,fake,data/interim/deep_voice_chunks/fake/taylor-to-obama_chunk0017.wav,4.0,16000
data/raw/deep_voice/fake/taylor-to-obama.wav,18,fake,data/interim/deep_voice_chunks/fake/taylor-to-obama_chunk0018.wav,4.0,16000
data/raw/deep_voice/fake/taylor-to-obama.wav,19,fake,data/interim/deep_voice_chunks/fake/taylor-to-obama_chunk0019.wav,4.0,16000
data/raw/deep_voice/fake/taylor-to-obama.wav,20,fake,data/interim/deep_voice_chunks/fake/taylor-to-obama_chunk0020.wav,4.0,16000
data/raw/deep_voice/fake/taylor-to-obama.wav,21,fake,data/interim/deep_voice_chunks/fake/taylor-to-obama_chunk0021.wav,4.0,16000
data/raw/deep_voice/fake/taylor-to-obama.wav,22,fake,data/interim/deep_voice_chunks/fake/taylor-to-obama_chunk0022.wav,4.0,16000
data/raw/deep_voice/fake/taylor-to-obama.wav,23,fake,data/interim/deep_voice_chunks/fake/taylor-to-obama_chunk0023.wav,4.0,16000
data/raw/deep_voice/fake/taylor-to-obama.wav,24,fake,data/interim/deep_voice_chunks/fake/taylor-to-obama_chunk0024.wav,4.0,16000
data/raw/deep_voice/fake/taylor-to-obama.wav,25,fake,data/interim/deep_voice_chunks/fake/taylor-to-obama_chunk0025.wav,4.0,16000
data/raw/deep_voice/fake/taylor-to-obama.wav,26,fake,data/interim/deep_voice_chunks/fake/taylor-to-obama_chunk0026.wav,4.0,16000
data/raw/deep_voice/fake/taylor-to-obama.wav,27,fake,data/interim/deep_voice_chunks/fake/taylor-to-obama_chunk0027.wav,4.0,16000
data/raw/deep_voice/fake/taylor-to-obama.wav,28,fake,data/interim/deep_voice_chunks/fake/taylor-to-obama_chunk0028.wav,4.0,16000
data/raw/deep_voice/fake/taylor-to-obama.wav,29,fake,data/interim/deep_voice_chunks/fake/taylor-to-obama_chunk0029.wav,4.0,16000
data/raw/deep_voice/fake/taylor-to-obama.wav,30,fake,data/interim/deep_voice_chunks/fake/taylor-to-obama_chunk0030.wav,4.0,16000
data/raw/deep_voice/fake/taylor-to-obama.wav,31,fake,data/interim/deep_voice_chunks/fake/taylor-to-obama_chunk0031.wav,4.0,16000
data/raw/deep_voice/fake/taylor-to-obama.wav,32,fake,data/interim/deep_voice_chunks/fake/taylor-to-obama_chunk0032.wav,4.0,16000
data/raw/deep_voice/fake/taylor-to-obama.wav,33,fake,data/interim/deep_voice_chunks/fake/taylor-to-obama_chunk0033.wav,4.0,16000
data/raw/deep_voice/fake/taylor-to-obama.wav,34,fake,data/interim/deep_voice_chunks/fake/taylor-to-obama_chunk0034.wav,4.0,16000
data/raw/deep_voice/fake/taylor-to-obama.wav,35,fake,data/interim/deep_voice_chunks/fake/taylor-to-obama_chunk0035.wav,4.0,16000
data/raw/deep_voice/fake/taylor-to-obama.wav,36,fake,data/interim/deep_voice_chunks/fake/taylor-to-obama_chunk0036.wav,4.0,16000
data/raw/deep_voice/fake/taylor-to-obama.wav,37,fake,data/interim/deep_voice_chunks/fake/taylor-to-obama_chunk0037.wav,4.0,16000
data/raw/deep_voice/fake/taylor-to-obama.wav,38,fake,data/interim/deep_voice_chunks/fake/taylor-to-obama_chunk0038.wav,4.0,16000
data/raw/deep_voice/fake/taylor-to-obama.wav,39,fake,data/interim/deep_voice_chunks/fake/taylor-to-obama_chunk0039.wav,4.0,16000
data/raw/deep_voice/fake/taylor-to-obama.wav,40,fake,data/interim/deep_voice_chunks/fake/taylor-to-obama_chunk0040.wav,4.0,16000
data/raw/deep_voice/fake/taylor-to-obama.wav,41,fake,data/interim/deep_voice_chunks/fake/taylor-to-obama_chunk0041.wav,4.0,16000
data/raw/deep_voice/fake/taylor-to-obama.wav,42,fake,data/interim/deep_voice_chunks/fake/taylor-to-obama_chunk0042.wav,4.0,16000
data/raw/deep_voice/fake/taylor-to-obama.wav,43,fake,data/interim/deep_voice_chunks/fake/taylor-to-obama_chunk0043.wav,4.0,16000
data/raw/deep_voice/fake/taylor-to-obama.wav,44,fake,data/interim/deep_voice_chunks/fake/taylor-to-obama_chunk0044.wav,4.0,16000
data/raw/deep_voice/fake/taylor-to-obama.wav,45,fake,data/interim/deep_voice_chunks/fake/taylor-to-obama_chunk0045.wav,4.0,16000
data/raw/deep_voice/fake/taylor-to-obama.wav,46,fake,data/interim/deep_voice_chunks/fake/taylor-to-obama_chunk0046.wav,4.0,16000
data/raw/deep_voice/fake/taylor-to-obama.wav,47,fake,data/interim/deep_voice_chunks/fake/taylor-to-obama_chunk0047.wav,4.0,16000
data/raw/deep_voice/fake/taylor-to-obama.wav,48,fake,data/interim/deep_voice_chunks/fake/taylor-to-obama_chunk0048.wav,4.0,16000
data/raw/deep_voice/fake/taylor-to-obama.wav,49,fake,data/interim/deep_voice_chunks/fake/taylor-to-obama_chunk0049.wav,4.0,16000
data/raw/deep_voice/fake/taylor-to-obama.wav,50,fake,data/interim/deep_voice_chunks/fake/taylor-to-obama_chunk0050.wav,4.0,16000
data/raw/deep_voice/fake/taylor-to-obama.wav,51,fake,data/interim/deep_voice_chunks/fake/taylor-to-obama_chunk0051.wav,4.0,16000
data/raw/deep_voice/fake/taylor-to-obama.wav,52,fake,data/interim/deep_voice_chunks/fake/taylor-to-obama_chunk0052.wav,4.0,16000
data/raw/deep_voice/fake/taylor-to-obama.wav,53,fake,data/interim/deep_voice_chunks/fake/taylor-to-obama_chunk0053.wav,4.0,16000
data/raw/deep_voice/fake/taylor-to-obama.wav,54,fake,data/interim/deep_voice_chunks/fake/taylor-to-obama_chunk0054.wav,4.0,16000
data/raw/deep_voice/fake/taylor-to-obama.wav,55,fake,data/interim/deep_voice_chunks/fake/taylor-to-obama_chunk0055.wav,4.0,16000
data/raw/deep_voice/fake/taylor-to-obama.wav,56,fake,data/interim/deep_voice_chunks/fake/taylor-to-obama_chunk0056.wav,4.0,16000
data/raw/deep_voice/fake/taylor-to-obama.wav,57,fake,data/interim/deep_voice_chunks/fake/taylor-to-obama_chunk0057.wav,4.0,16000
data/raw/deep_voice/fake/taylor-to-obama.wav,58,fake,data/interim/deep_voice_chunks/fake/taylor-to-obama_chunk0058.wav,4.0,16000
data/raw/deep_voice/fake/taylor-to-obama.wav,59,fake,data/interim/deep_voice_chunks/fake/taylor-to-obama_chunk0059.wav,4.0,16000
data/raw/deep_voice/fake/taylor-to-obama.wav,60,fake,data/interim/deep_voice_chunks/fake/taylor-to-obama_chunk0060.wav,4.0,16000
data/raw/deep_voice/fake/taylor-to-obama.wav,61,fake,data/interim/deep_voice_chunks/fake/taylor-to-obama_chunk0061.wav,4.0,16000
data/raw/deep_voice/fake/taylor-to-obama.wav,62,fake,data/interim/deep_voice_chunks/fake/taylor-to-obama_chunk0062.wav,4.0,16000
data/raw/deep_voice/fake/taylor-to-obama.wav,63,fake,data/interim/deep_voice_chunks/fake/taylor-to-obama_chunk0063.wav,4.0,16000
data/raw/deep_voice/fake/taylor-to-obama.wav,64,fake,data/interim/deep_voice_chunks/fake/taylor-to-obama_chunk0064.wav,4.0,16000
data/raw/deep_voice/fake/taylor-to-obama.wav,65,fake,data/interim/deep_voice_chunks/fake/taylor-to-obama_chunk0065.wav,4.0,16000
data/raw/deep_voice/fake/taylor-to-obama.wav,66,fake,data/interim/deep_voice_chunks/fake/taylor-to-obama_chunk0066.wav,4.0,16000
data/raw/deep_voice/fake/taylor-to-obama.wav,67,fake,data/interim/deep_voice_chunks/fake/taylor-to-obama_chunk0067.wav,4.0,16000
data/raw/deep_voice/fake/taylor-to-obama.wav,68,fake,data/interim/deep_voice_chunks/fake/taylor-to-obama_chunk0068.wav,4.0,16000
data/raw/deep_voice/fake/taylor-to-obama.wav,69,fake,data/interim/deep_voice_chunks/fake/taylor-to-obama_chunk0069.wav,4.0,16000
data/raw/deep_voice/fake/taylor-to-obama.wav,70,fake,data/interim/deep_voice_chunks/fake/taylor-to-obama_chunk0070.wav,4.0,16000
data/raw/deep_voice/fake/taylor-to-obama.wav,71,fake,data/interim/deep_voice_chunks/fake/taylor-to-obama_chunk0071.wav,4.0,16000
data/raw/deep_voice/fake/taylor-to-obama.wav,72,fake,data/interim/deep_voice_chunks/fake/taylor-to-obama_chunk0072.wav,4.0,16000
data/raw/deep_voice/fake/taylor-to-obama.wav,73,fake,data/interim/deep_voice_chunks/fake/taylor-to-obama_chunk0073.wav,4.0,16000
data/raw/deep_voice/fake/taylor-to-obama.wav,74,fake,data/interim/deep_voice_chunks/fake/taylor-to-obama_chunk0074.wav,4.0,16000
data/raw/deep_voice/fake/taylor-to-obama.wav,75,fake,data/interim/deep_voice_chunks/fake/taylor-to-obama_chunk0075.wav,4.0,16000
data/raw/deep_voice/fake/taylor-to-obama.wav,76,fake,data/interim/deep_voice_chunks/fake/taylor-to-obama_chunk0076.wav,4.0,16000
data/raw/deep_voice/fake/taylor-to-obama.wav,77,fake,data/interim/deep_voice_chunks/fake/taylor-to-obama_chunk0077.wav,4.0,16000
data/raw/deep_voice/fake/taylor-to-obama.wav,78,fake,data/interim/deep_voice_chunks/fake/taylor-to-obama_chunk0078.wav,4.0,16000
data/raw/deep_voice/fake/taylor-to-obama.wav,79,fake,data/interim/deep_voice_chunks/fake/taylor-to-obama_chunk0079.wav,4.0,16000
data/raw/deep_voice/fake/taylor-to-obama.wav,80,fake,data/interim/deep_voice_chunks/fake/taylor-to-obama_chunk0080.wav,4.0,16000
data/raw/deep_voice/fake/taylor-to-obama.wav,81,fake,data/interim/deep_voice_chunks/fake/taylor-to-obama_chunk0081.wav,4.0,16000
data/raw/deep_voice/fake/taylor-to-obama.wav,82,fake,data/interim/deep_voice_chunks/fake/taylor-to-obama_chunk0082.wav,4.0,16000
data/raw/deep_voice/fake/taylor-to-obama.wav,83,fake,data/interim/deep_voice_chunks/fake/taylor-to-obama_chunk0083.wav,4.0,16000
data/raw/deep_voice/fake/taylor-to-obama.wav,84,fake,data/interim/deep_voice_chunks/fake/taylor-to-obama_chunk0084.wav,4.0,16000
data/raw/deep_voice/fake/taylor-to-obama.wav,85,fake,data/interim/deep_voice_chunks/fake/taylor-to-obama_chunk0085.wav,4.0,16000
data/raw/deep_voice/fake/taylor-to-obama.wav,86,fake,data/interim/deep_voice_chunks/fake/taylor-to-obama_chunk0086.wav,4.0,16000
data/raw/deep_voice/fake/taylor-to-obama.wav,87,fake,data/interim/deep_voice_chunks/fake/taylor-to-obama_chunk0087.wav,4.0,16000
data/raw/deep_voice/fake/taylor-to-obama.wav,88,fake,data/interim/deep_voice_chunks/fake/taylor-to-obama_chunk0088.wav,4.0,16000
data/raw/deep_voice/fake/taylor-to-obama.wav,89,fake,data/interim/deep_voice_chunks/fake/taylor-to-obama_chunk0089.wav,4.0,16000
data/raw/deep_voice/fake/taylor-to-obama.wav,90,fake,data/interim/deep_voice_chunks/fake/taylor-to-obama_chunk0090.wav,4.0,16000
data/raw/deep_voice/fake/taylor-to-obama.wav,91,fake,data/interim/deep_voice_chunks/fake/taylor-to-obama_chunk0091.wav,4.0,16000
data/raw/deep_voice/fake/taylor-to-obama.wav,92,fake,data/interim/deep_voice_chunks/fake/taylor-to-obama_chunk0092.wav,4.0,16000
data/raw/deep_voice/fake/taylor-to-obama.wav,93,fake,data/interim/deep_voice_chunks/fake/taylor-to-obama_chunk0093.wav,4.0,16000
data/raw/deep_voice/fake/taylor-to-obama.wav,94,fake,data/interim/deep_voice_chunks/fake/taylor-to-obama_chunk0094.wav,4.0,16000
data/raw/deep_voice/fake/taylor-to-obama.wav,95,fake,data/interim/deep_voice_chunks/fake/taylor-to-obama_chunk0095.wav,4.0,16000
data/raw/deep_voice/fake/taylor-to-obama.wav,96,fake,data/interim/deep_voice_chunks/fake/taylor-to-obama_chunk0096.wav,4.0,16000
data/raw/deep_voice/fake/taylor-to-obama.wav,97,fake,data/interim/deep_voice_chunks/fake/taylor-to-obama_chunk0097.wav,4.0,16000
data/raw/deep_voice/fake/taylor-to-obama.wav,98,fake,data/interim/deep_voice_chunks/fake/taylor-to-obama_chunk0098.wav,4.0,16000
data/raw/deep_voice/fake/taylor-to-obama.wav,99,fake,data/interim/deep_voice_chunks/fake/taylor-to-obama_chunk0099.wav,4.0,16000
data/raw/deep_voice/fake/taylor-to-obama.wav,100,fake,data/interim/deep_voice_chunks/fake/taylor-to-obama_chunk0100.wav,4.0,16000
data/raw/deep_voice/fake/taylor-to-obama.wav,101,fake,data/interim/deep_voice_chunks/fake/taylor-to-obama_chunk0101.wav,4.0,16000
data/raw/deep_voice/fake/taylor-to-obama.wav,102,fake,data/interim/deep_voice_chunks/fake/taylor-to-obama_chunk0102.wav,4.0,16000
data/raw/deep_voice/fake/taylor-to-obama.wav,103,fake,data/interim/deep_voice_chunks/fake/taylor-to-obama_chunk0103.wav,4.0,16000
data/raw/deep_voice/fake/taylor-to-obama.wav,104,fake,data/interim/deep_voice_chunks/fake/taylor-to-obama_chunk0104.wav,4.0,16000
data/raw/deep_voice/fake/taylor-to-obama.wav,105,fake,data/interim/deep_voice_chunks/fake/taylor-to-obama_chunk0105.wav,4.0,16000
data/raw/deep_voice/fake/taylor-to-obama.wav,106,fake,data/interim/deep_voice_chunks/fake/taylor-to-obama_chunk0106.wav,4.0,16000
data/raw/deep_voice/fake/taylor-to-obama.wav,107,fake,data/interim/deep_voice_chunks/fake/taylor-to-obama_chunk0107.wav,4.0,16000
data/raw/deep_voice/fake/taylor-to-obama.wav,108,fake,data/interim/deep_voice_chunks/fake/taylor-to-obama_chunk0108.wav,4.0,16000
data/raw/deep_voice/fake/taylor-to-obama.wav,109,fake,data/interim/deep_voice_chunks/fake/taylor-to-obama_chunk0109.wav,4.0,16000
data/raw/deep_voice/fake/taylor-to-obama.wav,110,fake,data/interim/deep_voice_chunks/fake/taylor-to-obama_chunk0110.wav,4.0,16000
data/raw/deep_voice/fake/taylor-to-obama.wav,111,fake,data/interim/deep_voice_chunks/fake/taylor-to-obama_chunk0111.wav,4.0,16000
data/raw/deep_voice/fake/taylor-to-obama.wav,112,fake,data/interim/deep_voice_chunks/fake/taylor-to-obama_chunk0112.wav,4.0,16000
data/raw/deep_voice/fake/taylor-to-obama.wav,113,fake,data/interim/deep_voice_chunks/fake/taylor-to-obama_chunk0113.wav,4.0,16000
data/raw/deep_voice/fake/taylor-to-obama.wav,114,fake,data/interim/deep_voice_chunks/fake/taylor-to-obama_chunk0114.wav,4.0,16000
data/raw/deep_voice/fake/taylor-to-obama.wav,115,fake,data/interim/deep_voice_chunks/fake/taylor-to-obama_chunk0115.wav,4.0,16000
data/raw/deep_voice/fake/taylor-to-obama.wav,116,fake,data/interim/deep_voice_chunks/fake/taylor-to-obama_chunk0116.wav,4.0,16000
data/raw/deep_voice/fake/taylor-to-obama.wav,117,fake,data/interim/deep_voice_chunks/fake/taylor-to-obama_chunk0117.wav,4.0,16000
data/raw/deep_voice/fake/taylor-to-obama.wav,118,fake,data/interim/deep_voice_chunks/fake/taylor-to-obama_chunk0118.wav,4.0,16000
data/raw/deep_voice/fake/taylor-to-obama.wav,119,fake,data/interim/deep_voice_chunks/fake/taylor-to-obama_chunk0119.wav,4.0,16000
data/raw/deep_voice/fake/taylor-to-obama.wav,120,fake,data/interim/deep_voice_chunks/fake/taylor-to-obama_chunk0120.wav,4.0,16000
data/raw/deep_voice/fake/taylor-to-obama.wav,121,fake,data/interim/deep_voice_chunks/fake/taylor-to-obama_chunk0121.wav,4.0,16000
data/raw/deep_voice/fake/taylor-to-obama.wav,122,fake,data/interim/deep_voice_chunks/fake/taylor-to-obama_chunk0122.wav,4.0,16000
data/raw/deep_voice/fake/taylor-to-obama.wav,123,fake,data/interim/deep_voice_chunks/fake/taylor-to-obama_chunk0123.wav,4.0,16000
data/raw/deep_voice/fake/taylor-to-obama.wav,124,fake,data/interim/deep_voice_chunks/fake/taylor-to-obama_chunk0124.wav,4.0,16000
data/raw/deep_voice/fake/taylor-to-obama.wav,125,fake,data/interim/deep_voice_chunks/fake/taylor-to-obama_chunk0125.wav,4.0,16000
data/raw/deep_voice/fake/taylor-to-obama.wav,126,fake,data/interim/deep_voice_chunks/fake/taylor-to-obama_chunk0126.wav,4.0,16000
data/raw/deep_voice/fake/taylor-to-obama.wav,127,fake,data/interim/deep_voice_chunks/fake/taylor-to-obama_chunk0127.wav,4.0,16000
data/raw/deep_voice/fake/taylor-to-obama.wav,128,fake,data/interim/deep_voice_chunks/fake/taylor-to-obama_chunk0128.wav,4.0,16000
data/raw/deep_voice/fake/taylor-to-obama.wav,129,fake,data/interim/deep_voice_chunks/fake/taylor-to-obama_chunk0129.wav,4.0,16000
data/raw/deep_voice/fake/taylor-to-obama.wav,130,fake,data/interim/deep_voice_chunks/fake/taylor-to-obama_chunk0130.wav,4.0,16000
data/raw/deep_voice/fake/taylor-to-obama.wav,131,fake,data/interim/deep_voice_chunks/fake/taylor-to-obama_chunk0131.wav,4.0,16000
data/raw/deep_voice/fake/taylor-to-obama.wav,132,fake,data/interim/deep_voice_chunks/fake/taylor-to-obama_chunk0132.wav,4.0,16000
data/raw/deep_voice/fake/taylor-to-obama.wav,133,fake,data/interim/deep_voice_chunks/fake/taylor-to-obama_chunk0133.wav,4.0,16000
data/raw/deep_voice/fake/taylor-to-obama.wav,134,fake,data/interim/deep_voice_chunks/fake/taylor-to-obama_chunk0134.wav,4.0,16000
data/raw/deep_voice/fake/taylor-to-obama.wav,135,fake,data/interim/deep_voice_chunks/fake/taylor-to-obama_chunk0135.wav,4.0,16000
data/raw/deep_voice/fake/taylor-to-obama.wav,136,fake,data/interim/deep_voice_chunks/fake/taylor-to-obama_chunk0136.wav,4.0,16000
data/raw/deep_voice/fake/taylor-to-obama.wav,137,fake,data/interim/deep_voice_chunks/fake/taylor-to-obama_chunk0137.wav,4.0,16000
data/raw/deep_voice/fake/taylor-to-obama.wav,138,fake,data/interim/deep_voice_chunks/fake/taylor-to-obama_chunk0138.wav,4.0,16000
data/raw/deep_voice/fake/taylor-to-obama.wav,139,fake,data/interim/deep_voice_chunks/fake/taylor-to-obama_chunk0139.wav,4.0,16000
data/raw/deep_voice/fake/taylor-to-obama.wav,140,fake,data/interim/deep_voice_chunks/fake/taylor-to-obama_chunk0140.wav,4.0,16000
data/raw/deep_voice/fake/taylor-to-obama.wav,141,fake,data/interim/deep_voice_chunks/fake/taylor-to-obama_chunk0141.wav,4.0,16000
data/raw/deep_voice/fake/taylor-to-obama.wav,142,fake,data/interim/deep_voice_chunks/fake/taylor-to-obama_chunk0142.wav,4.0,16000
data/raw/deep_voice/fake/taylor-to-obama.wav,143,fake,data/interim/deep_voice_chunks/fake/taylor-to-obama_chunk0143.wav,4.0,16000
data/raw/deep_voice/fake/taylor-to-obama.wav,144,fake,data/interim/deep_voice_chunks/fake/taylor-to-obama_chunk0144.wav,4.0,16000
data/raw/deep_voice/fake/taylor-to-obama.wav,145,fake,data/interim/deep_voice_chunks/fake/taylor-to-obama_chunk0145.wav,4.0,16000
data/raw/deep_voice/fake/taylor-to-obama.wav,146,fake,data/interim/deep_voice_chunks/fake/taylor-to-obama_chunk0146.wav,4.0,16000
data/raw/deep_voice/fake/taylor-to-obama.wav,147,fake,data/interim/deep_voice_chunks/fake/taylor-to-obama_chunk0147.wav,4.0,16000
data/raw/deep_voice/fake/taylor-to-obama.wav,148,fake,data/interim/deep_voice_chunks/fake/taylor-to-obama_chunk0148.wav,4.0,16000
data/raw/deep_voice/fake/taylor-to-obama.wav,149,fake,data/interim/deep_voice_chunks/fake/taylor-to-obama_chunk0149.wav,3.776,16000
data/raw/deep_voice/fake/taylor-to-ryan.wav,0,fake,data/interim/deep_voice_chunks/fake/taylor-to-ryan_chunk0000.wav,4.0,16000
data/raw/deep_voice/fake/taylor-to-ryan.wav,1,fake,data/interim/deep_voice_chunks/fake/taylor-to-ryan_chunk0001.wav,4.0,16000
data/raw/deep_voice/fake/taylor-to-ryan.wav,2,fake,data/interim/deep_voice_chunks/fake/taylor-to-ryan_chunk0002.wav,4.0,16000
data/raw/deep_voice/fake/taylor-to-ryan.wav,3,fake,data/interim/deep_voice_chunks/fake/taylor-to-ryan_chunk0003.wav,4.0,16000
data/raw/deep_voice/fake/taylor-to-ryan.wav,4,fake,data/interim/deep_voice_chunks/fake/taylor-to-ryan_chunk0004.wav,4.0,16000
data/raw/deep_voice/fake/taylor-to-ryan.wav,5,fake,data/interim/deep_voice_chunks/fake/taylor-to-ryan_chunk0005.wav,4.0,16000
data/raw/deep_voice/fake/taylor-to-ryan.wav,6,fake,data/interim/deep_voice_chunks/fake/taylor-to-ryan_chunk0006.wav,4.0,16000
data/raw/deep_voice/fake/taylor-to-ryan.wav,7,fake,data/interim/deep_voice_chunks/fake/taylor-to-ryan_chunk0007.wav,4.0,16000
data/raw/deep_voice/fake/taylor-to-ryan.wav,8,fake,data/interim/deep_voice_chunks/fake/taylor-to-ryan_chunk0008.wav,4.0,16000
data/raw/deep_voice/fake/taylor-to-ryan.wav,9,fake,data/interim/deep_voice_chunks/fake/taylor-to-ryan_chunk0009.wav,4.0,16000
data/raw/deep_voice/fake/taylor-to-ryan.wav,10,fake,data/interim/deep_voice_chunks/fake/taylor-to-ryan_chunk0010.wav,4.0,16000
data/raw/deep_voice/fake/taylor-to-ryan.wav,11,fake,data/interim/deep_voice_chunks/fake/taylor-to-ryan_chunk0011.wav,4.0,16000
data/raw/deep_voice/fake/taylor-to-ryan.wav,12,fake,data/interim/deep_voice_chunks/fake/taylor-to-ryan_chunk0012.wav,4.0,16000
data/raw/deep_voice/fake/taylor-to-ryan.wav,13,fake,data/interim/deep_voice_chunks/fake/taylor-to-ryan_chunk0013.wav,4.0,16000
data/raw/deep_voice/fake/taylor-to-ryan.wav,14,fake,data/interim/deep_voice_chunks/fake/taylor-to-ryan_chunk0014.wav,4.0,16000
data/raw/deep_voice/fake/taylor-to-ryan.wav,15,fake,data/interim/deep_voice_chunks/fake/taylor-to-ryan_chunk0015.wav,4.0,16000
data/raw/deep_voice/fake/taylor-to-ryan.wav,16,fake,data/interim/deep_voice_chunks/fake/taylor-to-ryan_chunk0016.wav,4.0,16000
data/raw/deep_voice/fake/taylor-to-ryan.wav,17,fake,data/interim/deep_voice_chunks/fake/taylor-to-ryan_chunk0017.wav,4.0,16000
data/raw/deep_voice/fake/taylor-to-ryan.wav,18,fake,data/interim/deep_voice_chunks/fake/taylor-to-ryan_chunk0018.wav,4.0,16000
data/raw/deep_voice/fake/taylor-to-ryan.wav,19,fake,data/interim/deep_voice_chunks/fake/taylor-to-ryan_chunk0019.wav,4.0,16000
data/raw/deep_voice/fake/taylor-to-ryan.wav,20,fake,data/interim/deep_voice_chunks/fake/taylor-to-ryan_chunk0020.wav,4.0,16000
data/raw/deep_voice/fake/taylor-to-ryan.wav,21,fake,data/interim/deep_voice_chunks/fake/taylor-to-ryan_chunk0021.wav,4.0,16000
data/raw/deep_voice/fake/taylor-to-ryan.wav,22,fake,data/interim/deep_voice_chunks/fake/taylor-to-ryan_chunk0022.wav,4.0,16000
data/raw/deep_voice/fake/taylor-to-ryan.wav,23,fake,data/interim/deep_voice_chunks/fake/taylor-to-ryan_chunk0023.wav,4.0,16000
data/raw/deep_voice/fake/taylor-to-ryan.wav,24,fake,data/interim/deep_voice_chunks/fake/taylor-to-ryan_chunk0024.wav,4.0,16000
data/raw/deep_voice/fake/taylor-to-ryan.wav,25,fake,data/interim/deep_voice_chunks/fake/taylor-to-ryan_chunk0025.wav,4.0,16000
data/raw/deep_voice/fake/taylor-to-ryan.wav,26,fake,data/interim/deep_voice_chunks/fake/taylor-to-ryan_chunk0026.wav,4.0,16000
data/raw/deep_voice/fake/taylor-to-ryan.wav,27,fake,data/interim/deep_voice_chunks/fake/taylor-to-ryan_chunk0027.wav,4.0,16000
data/raw/deep_voice/fake/taylor-to-ryan.wav,28,fake,data/interim/deep_voice_chunks/fake/taylor-to-ryan_chunk0028.wav,4.0,16000
data/raw/deep_voice/fake/taylor-to-ryan.wav,29,fake,data/interim/deep_voice_chunks/fake/taylor-to-ryan_chunk0029.wav,4.0,16000
data/raw/deep_voice/fake/taylor-to-ryan.wav,30,fake,data/interim/deep_voice_chunks/fake/taylor-to-ryan_chunk0030.wav,4.0,16000
data/raw/deep_voice/fake/taylor-to-ryan.wav,31,fake,data/interim/deep_voice_chunks/fake/taylor-to-ryan_chunk0031.wav,4.0,16000
data/raw/deep_voice/fake/taylor-to-ryan.wav,32,fake,data/interim/deep_voice_chunks/fake/taylor-to-ryan_chunk0032.wav,4.0,16000
data/raw/deep_voice/fake/taylor-to-ryan.wav,33,fake,data/interim/deep_voice_chunks/fake/taylor-to-ryan_chunk0033.wav,4.0,16000
data/raw/deep_voice/fake/taylor-to-ryan.wav,34,fake,data/interim/deep_voice_chunks/fake/taylor-to-ryan_chunk0034.wav,4.0,16000
data/raw/deep_voice/fake/taylor-to-ryan.wav,35,fake,data/interim/deep_voice_chunks/fake/taylor-to-ryan_chunk0035.wav,4.0,16000
data/raw/deep_voice/fake/taylor-to-ryan.wav,36,fake,data/interim/deep_voice_chunks/fake/taylor-to-ryan_chunk0036.wav,4.0,16000
data/raw/deep_voice/fake/taylor-to-ryan.wav,37,fake,data/interim/deep_voice_chunks/fake/taylor-to-ryan_chunk0037.wav,4.0,16000
data/raw/deep_voice/fake/taylor-to-ryan.wav,38,fake,data/interim/deep_voice_chunks/fake/taylor-to-ryan_chunk0038.wav,4.0,16000
data/raw/deep_voice/fake/taylor-to-ryan.wav,39,fake,data/interim/deep_voice_chunks/fake/taylor-to-ryan_chunk0039.wav,4.0,16000
data/raw/deep_voice/fake/taylor-to-ryan.wav,40,fake,data/interim/deep_voice_chunks/fake/taylor-to-ryan_chunk0040.wav,4.0,16000
data/raw/deep_voice/fake/taylor-to-ryan.wav,41,fake,data/interim/deep_voice_chunks/fake/taylor-to-ryan_chunk0041.wav,4.0,16000
data/raw/deep_voice/fake/taylor-to-ryan.wav,42,fake,data/interim/deep_voice_chunks/fake/taylor-to-ryan_chunk0042.wav,4.0,16000
data/raw/deep_voice/fake/taylor-to-ryan.wav,43,fake,data/interim/deep_voice_chunks/fake/taylor-to-ryan_chunk0043.wav,4.0,16000
data/raw/deep_voice/fake/taylor-to-ryan.wav,44,fake,data/interim/deep_voice_chunks/fake/taylor-to-ryan_chunk0044.wav,4.0,16000
data/raw/deep_voice/fake/taylor-to-ryan.wav,45,fake,data/interim/deep_voice_chunks/fake/taylor-to-ryan_chunk0045.wav,4.0,16000
data/raw/deep_voice/fake/taylor-to-ryan.wav,46,fake,data/interim/deep_voice_chunks/fake/taylor-to-ryan_chunk0046.wav,4.0,16000
data/raw/deep_voice/fake/taylor-to-ryan.wav,47,fake,data/interim/deep_voice_chunks/fake/taylor-to-ryan_chunk0047.wav,4.0,16000
data/raw/deep_voice/fake/taylor-to-ryan.wav,48,fake,data/interim/deep_voice_chunks/fake/taylor-to-ryan_chunk0048.wav,4.0,16000
data/raw/deep_voice/fake/taylor-to-ryan.wav,49,fake,data/interim/deep_voice_chunks/fake/taylor-to-ryan_chunk0049.wav,4.0,16000
data/raw/deep_voice/fake/taylor-to-ryan.wav,50,fake,data/interim/deep_voice_chunks/fake/taylor-to-ryan_chunk0050.wav,4.0,16000
data/raw/deep_voice/fake/taylor-to-ryan.wav,51,fake,data/interim/deep_voice_chunks/fake/taylor-to-ryan_chunk0051.wav,4.0,16000
data/raw/deep_voice/fake/taylor-to-ryan.wav,52,fake,data/interim/deep_voice_chunks/fake/taylor-to-ryan_chunk0052.wav,4.0,16000
data/raw/deep_voice/fake/taylor-to-ryan.wav,53,fake,data/interim/deep_voice_chunks/fake/taylor-to-ryan_chunk0053.wav,4.0,16000
data/raw/deep_voice/fake/taylor-to-ryan.wav,54,fake,data/interim/deep_voice_chunks/fake/taylor-to-ryan_chunk0054.wav,4.0,16000
data/raw/deep_voice/fake/taylor-to-ryan.wav,55,fake,data/interim/deep_voice_chunks/fake/taylor-to-ryan_chunk0055.wav,4.0,16000
data/raw/deep_voice/fake/taylor-to-ryan.wav,56,fake,data/interim/deep_voice_chunks/fake/taylor-to-ryan_chunk0056.wav,4.0,16000
data/raw/deep_voice/fake/taylor-to-ryan.wav,57,fake,data/interim/deep_voice_chunks/fake/taylor-to-ryan_chunk0057.wav,4.0,16000
data/raw/deep_voice/fake/taylor-to-ryan.wav,58,fake,data/interim/deep_voice_chunks/fake/taylor-to-ryan_chunk0058.wav,4.0,16000
data/raw/deep_voice/fake/taylor-to-ryan.wav,59,fake,data/interim/deep_voice_chunks/fake/taylor-to-ryan_chunk0059.wav,4.0,16000
data/raw/deep_voice/fake/taylor-to-ryan.wav,60,fake,data/interim/deep_voice_chunks/fake/taylor-to-ryan_chunk0060.wav,4.0,16000
data/raw/deep_voice/fake/taylor-to-ryan.wav,61,fake,data/interim/deep_voice_chunks/fake/taylor-to-ryan_chunk0061.wav,4.0,16000
data/raw/deep_voice/fake/taylor-to-ryan.wav,62,fake,data/interim/deep_voice_chunks/fake/taylor-to-ryan_chunk0062.wav,4.0,16000
data/raw/deep_voice/fake/taylor-to-ryan.wav,63,fake,data/interim/deep_voice_chunks/fake/taylor-to-ryan_chunk0063.wav,4.0,16000
data/raw/deep_voice/fake/taylor-to-ryan.wav,64,fake,data/interim/deep_voice_chunks/fake/taylor-to-ryan_chunk0064.wav,4.0,16000
data/raw/deep_voice/fake/taylor-to-ryan.wav,65,fake,data/interim/deep_voice_chunks/fake/taylor-to-ryan_chunk0065.wav,4.0,16000
data/raw/deep_voice/fake/taylor-to-ryan.wav,66,fake,data/interim/deep_voice_chunks/fake/taylor-to-ryan_chunk0066.wav,4.0,16000
data/raw/deep_voice/fake/taylor-to-ryan.wav,67,fake,data/interim/deep_voice_chunks/fake/taylor-to-ryan_chunk0067.wav,4.0,16000
data/raw/deep_voice/fake/taylor-to-ryan.wav,68,fake,data/interim/deep_voice_chunks/fake/taylor-to-ryan_chunk0068.wav,4.0,16000
data/raw/deep_voice/fake/taylor-to-ryan.wav,69,fake,data/interim/deep_voice_chunks/fake/taylor-to-ryan_chunk0069.wav,4.0,16000
data/raw/deep_voice/fake/taylor-to-ryan.wav,70,fake,data/interim/deep_voice_chunks/fake/taylor-to-ryan_chunk0070.wav,4.0,16000
data/raw/deep_voice/fake/taylor-to-ryan.wav,71,fake,data/interim/deep_voice_chunks/fake/taylor-to-ryan_chunk0071.wav,4.0,16000
data/raw/deep_voice/fake/taylor-to-ryan.wav,72,fake,data/interim/deep_voice_chunks/fake/taylor-to-ryan_chunk0072.wav,4.0,16000
data/raw/deep_voice/fake/taylor-to-ryan.wav,73,fake,data/interim/deep_voice_chunks/fake/taylor-to-ryan_chunk0073.wav,4.0,16000
data/raw/deep_voice/fake/taylor-to-ryan.wav,74,fake,data/interim/deep_voice_chunks/fake/taylor-to-ryan_chunk0074.wav,4.0,16000
data/raw/deep_voice/fake/taylor-to-ryan.wav,75,fake,data/interim/deep_voice_chunks/fake/taylor-to-ryan_chunk0075.wav,4.0,16000
data/raw/deep_voice/fake/taylor-to-ryan.wav,76,fake,data/interim/deep_voice_chunks/fake/taylor-to-ryan_chunk0076.wav,4.0,16000
data/raw/deep_voice/fake/taylor-to-ryan.wav,77,fake,data/interim/deep_voice_chunks/fake/taylor-to-ryan_chunk0077.wav,4.0,16000
data/raw/deep_voice/fake/taylor-to-ryan.wav,78,fake,data/interim/deep_voice_chunks/fake/taylor-to-ryan_chunk0078.wav,4.0,16000
data/raw/deep_voice/fake/taylor-to-ryan.wav,79,fake,data/interim/deep_voice_chunks/fake/taylor-to-ryan_chunk0079.wav,4.0,16000
data/raw/deep_voice/fake/taylor-to-ryan.wav,80,fake,data/interim/deep_voice_chunks/fake/taylor-to-ryan_chunk0080.wav,4.0,16000
data/raw/deep_voice/fake/taylor-to-ryan.wav,81,fake,data/interim/deep_voice_chunks/fake/taylor-to-ryan_chunk0081.wav,4.0,16000
data/raw/deep_voice/fake/taylor-to-ryan.wav,82,fake,data/interim/deep_voice_chunks/fake/taylor-to-ryan_chunk0082.wav,4.0,16000
data/raw/deep_voice/fake/taylor-to-ryan.wav,83,fake,data/interim/deep_voice_chunks/fake/taylor-to-ryan_chunk0083.wav,4.0,16000
data/raw/deep_voice/fake/taylor-to-ryan.wav,84,fake,data/interim/deep_voice_chunks/fake/taylor-to-ryan_chunk0084.wav,4.0,16000
data/raw/deep_voice/fake/taylor-to-ryan.wav,85,fake,data/interim/deep_voice_chunks/fake/taylor-to-ryan_chunk0085.wav,4.0,16000
data/raw/deep_voice/fake/taylor-to-ryan.wav,86,fake,data/interim/deep_voice_chunks/fake/taylor-to-ryan_chunk0086.wav,4.0,16000
data/raw/deep_voice/fake/taylor-to-ryan.wav,87,fake,data/interim/deep_voice_chunks/fake/taylor-to-ryan_chunk0087.wav,4.0,16000
data/raw/deep_voice/fake/taylor-to-ryan.wav,88,fake,data/interim/deep_voice_chunks/fake/taylor-to-ryan_chunk0088.wav,4.0,16000
data/raw/deep_voice/fake/taylor-to-ryan.wav,89,fake,data/interim/deep_voice_chunks/fake/taylor-to-ryan_chunk0089.wav,4.0,16000
data/raw/deep_voice/fake/taylor-to-ryan.wav,90,fake,data/interim/deep_voice_chunks/fake/taylor-to-ryan_chunk0090.wav,4.0,16000
data/raw/deep_voice/fake/taylor-to-ryan.wav,91,fake,data/interim/deep_voice_chunks/fake/taylor-to-ryan_chunk0091.wav,4.0,16000
data/raw/deep_voice/fake/taylor-to-ryan.wav,92,fake,data/interim/deep_voice_chunks/fake/taylor-to-ryan_chunk0092.wav,4.0,16000
data/raw/deep_voice/fake/taylor-to-ryan.wav,93,fake,data/interim/deep_voice_chunks/fake/taylor-to-ryan_chunk0093.wav,4.0,16000
data/raw/deep_voice/fake/taylor-to-ryan.wav,94,fake,data/interim/deep_voice_chunks/fake/taylor-to-ryan_chunk0094.wav,4.0,16000
data/raw/deep_voice/fake/taylor-to-ryan.wav,95,fake,data/interim/deep_voice_chunks/fake/taylor-to-ryan_chunk0095.wav,4.0,16000
data/raw/deep_voice/fake/taylor-to-ryan.wav,96,fake,data/interim/deep_voice_chunks/fake/taylor-to-ryan_chunk0096.wav,4.0,16000
data/raw/deep_voice/fake/taylor-to-ryan.wav,97,fake,data/interim/deep_voice_chunks/fake/taylor-to-ryan_chunk0097.wav,4.0,16000
data/raw/deep_voice/fake/taylor-to-ryan.wav,98,fake,data/interim/deep_voice_chunks/fake/taylor-to-ryan_chunk0098.wav,4.0,16000
data/raw/deep_voice/fake/taylor-to-ryan.wav,99,fake,data/interim/deep_voice_chunks/fake/taylor-to-ryan_chunk0099.wav,4.0,16000
data/raw/deep_voice/fake/taylor-to-ryan.wav,100,fake,data/interim/deep_voice_chunks/fake/taylor-to-ryan_chunk0100.wav,4.0,16000
data/raw/deep_voice/fake/taylor-to-ryan.wav,101,fake,data/interim/deep_voice_chunks/fake/taylor-to-ryan_chunk0101.wav,4.0,16000
data/raw/deep_voice/fake/taylor-to-ryan.wav,102,fake,data/interim/deep_voice_chunks/fake/taylor-to-ryan_chunk0102.wav,4.0,16000
data/raw/deep_voice/fake/taylor-to-ryan.wav,103,fake,data/interim/deep_voice_chunks/fake/taylor-to-ryan_chunk0103.wav,4.0,16000
data/raw/deep_voice/fake/taylor-to-ryan.wav,104,fake,data/interim/deep_voice_chunks/fake/taylor-to-ryan_chunk0104.wav,4.0,16000
data/raw/deep_voice/fake/taylor-to-ryan.wav,105,fake,data/interim/deep_voice_chunks/fake/taylor-to-ryan_chunk0105.wav,4.0,16000
data/raw/deep_voice/fake/taylor-to-ryan.wav,106,fake,data/interim/deep_voice_chunks/fake/taylor-to-ryan_chunk0106.wav,4.0,16000
data/raw/deep_voice/fake/taylor-to-ryan.wav,107,fake,data/interim/deep_voice_chunks/fake/taylor-to-ryan_chunk0107.wav,4.0,16000
data/raw/deep_voice/fake/taylor-to-ryan.wav,108,fake,data/interim/deep_voice_chunks/fake/taylor-to-ryan_chunk0108.wav,4.0,16000
data/raw/deep_voice/fake/taylor-to-ryan.wav,109,fake,data/interim/deep_voice_chunks/fake/taylor-to-ryan_chunk0109.wav,4.0,16000
data/raw/deep_voice/fake/taylor-to-ryan.wav,110,fake,data/interim/deep_voice_chunks/fake/taylor-to-ryan_chunk0110.wav,4.0,16000
data/raw/deep_voice/fake/taylor-to-ryan.wav,111,fake,data/interim/deep_voice_chunks/fake/taylor-to-ryan_chunk0111.wav,4.0,16000
data/raw/deep_voice/fake/taylor-to-ryan.wav,112,fake,data/interim/deep_voice_chunks/fake/taylor-to-ryan_chunk0112.wav,4.0,16000
data/raw/deep_voice/fake/taylor-to-ryan.wav,113,fake,data/interim/deep_voice_chunks/fake/taylor-to-ryan_chunk0113.wav,4.0,16000
data/raw/deep_voice/fake/taylor-to-ryan.wav,114,fake,data/interim/deep_voice_chunks/fake/taylor-to-ryan_chunk0114.wav,4.0,16000
data/raw/deep_voice/fake/taylor-to-ryan.wav,115,fake,data/interim/deep_voice_chunks/fake/taylor-to-ryan_chunk0115.wav,4.0,16000
data/raw/deep_voice/fake/taylor-to-ryan.wav,116,fake,data/interim/deep_voice_chunks/fake/taylor-to-ryan_chunk0116.wav,4.0,16000
data/raw/deep_voice/fake/taylor-to-ryan.wav,117,fake,data/interim/deep_voice_chunks/fake/taylor-to-ryan_chunk0117.wav,4.0,16000
data/raw/deep_voice/fake/taylor-to-ryan.wav,118,fake,data/interim/deep_voice_chunks/fake/taylor-to-ryan_chunk0118.wav,4.0,16000
data/raw/deep_voice/fake/taylor-to-ryan.wav,119,fake,data/interim/deep_voice_chunks/fake/taylor-to-ryan_chunk0119.wav,4.0,16000
data/raw/deep_voice/fake/taylor-to-ryan.wav,120,fake,data/interim/deep_voice_chunks/fake/taylor-to-ryan_chunk0120.wav,4.0,16000
data/raw/deep_voice/fake/taylor-to-ryan.wav,121,fake,data/interim/deep_voice_chunks/fake/taylor-to-ryan_chunk0121.wav,4.0,16000
data/raw/deep_voice/fake/taylor-to-ryan.wav,122,fake,data/interim/deep_voice_chunks/fake/taylor-to-ryan_chunk0122.wav,4.0,16000
data/raw/deep_voice/fake/taylor-to-ryan.wav,123,fake,data/interim/deep_voice_chunks/fake/taylor-to-ryan_chunk0123.wav,4.0,16000
data/raw/deep_voice/fake/taylor-to-ryan.wav,124,fake,data/interim/deep_voice_chunks/fake/taylor-to-ryan_chunk0124.wav,4.0,16000
data/raw/deep_voice/fake/taylor-to-ryan.wav,125,fake,data/interim/deep_voice_chunks/fake/taylor-to-ryan_chunk0125.wav,4.0,16000
data/raw/deep_voice/fake/taylor-to-ryan.wav,126,fake,data/interim/deep_voice_chunks/fake/taylor-to-ryan_chunk0126.wav,4.0,16000
data/raw/deep_voice/fake/taylor-to-ryan.wav,127,fake,data/interim/deep_voice_chunks/fake/taylor-to-ryan_chunk0127.wav,4.0,16000
data/raw/deep_voice/fake/taylor-to-ryan.wav,128,fake,data/interim/deep_voice_chunks/fake/taylor-to-ryan_chunk0128.wav,4.0,16000
data/raw/deep_voice/fake/taylor-to-ryan.wav,129,fake,data/interim/deep_voice_chunks/fake/taylor-to-ryan_chunk0129.wav,4.0,16000
data/raw/deep_voice/fake/taylor-to-ryan.wav,130,fake,data/interim/deep_voice_chunks/fake/taylor-to-ryan_chunk0130.wav,4.0,16000
data/raw/deep_voice/fake/taylor-to-ryan.wav,131,fake,data/interim/deep_voice_chunks/fake/taylor-to-ryan_chunk0131.wav,4.0,16000
data/raw/deep_voice/fake/taylor-to-ryan.wav,132,fake,data/interim/deep_voice_chunks/fake/taylor-to-ryan_chunk0132.wav,4.0,16000
data/raw/deep_voice/fake/taylor-to-ryan.wav,133,fake,data/interim/deep_voice_chunks/fake/taylor-to-ryan_chunk0133.wav,4.0,16000
data/raw/deep_voice/fake/taylor-to-ryan.wav,134,fake,data/interim/deep_voice_chunks/fake/taylor-to-ryan_chunk0134.wav,4.0,16000
data/raw/deep_voice/fake/taylor-to-ryan.wav,135,fake,data/interim/deep_voice_chunks/fake/taylor-to-ryan_chunk0135.wav,4.0,16000
data/raw/deep_voice/fake/taylor-to-ryan.wav,136,fake,data/interim/deep_voice_chunks/fake/taylor-to-ryan_chunk0136.wav,4.0,16000
data/raw/deep_voice/fake/taylor-to-ryan.wav,137,fake,data/interim/deep_voice_chunks/fake/taylor-to-ryan_chunk0137.wav,4.0,16000
data/raw/deep_voice/fake/taylor-to-ryan.wav,138,fake,data/interim/deep_voice_chunks/fake/taylor-to-ryan_chunk0138.wav,4.0,16000
data/raw/deep_voice/fake/taylor-to-ryan.wav,139,fake,data/interim/deep_voice_chunks/fake/taylor-to-ryan_chunk0139.wav,4.0,16000
data/raw/deep_voice/fake/taylor-to-ryan.wav,140,fake,data/interim/deep_voice_chunks/fake/taylor-to-ryan_chunk0140.wav,4.0,16000
data/raw/deep_voice/fake/taylor-to-ryan.wav,141,fake,data/interim/deep_voice_chunks/fake/taylor-to-ryan_chunk0141.wav,4.0,16000
data/raw/deep_voice/fake/taylor-to-ryan.wav,142,fake,data/interim/deep_voice_chunks/fake/taylor-to-ryan_chunk0142.wav,4.0,16000
data/raw/deep_voice/fake/taylor-to-ryan.wav,143,fake,data/interim/deep_voice_chunks/fake/taylor-to-ryan_chunk0143.wav,3.776,16000
data/raw/deep_voice/fake/taylor-to-trump.wav,0,fake,data/interim/deep_voice_chunks/fake/taylor-to-trump_chunk0000.wav,4.0,16000
data/raw/deep_voice/fake/taylor-to-trump.wav,1,fake,data/interim/deep_voice_chunks/fake/taylor-to-trump_chunk0001.wav,4.0,16000
data/raw/deep_voice/fake/taylor-to-trump.wav,2,fake,data/interim/deep_voice_chunks/fake/taylor-to-trump_chunk0002.wav,4.0,16000
data/raw/deep_voice/fake/taylor-to-trump.wav,3,fake,data/interim/deep_voice_chunks/fake/taylor-to-trump_chunk0003.wav,4.0,16000
data/raw/deep_voice/fake/taylor-to-trump.wav,4,fake,data/interim/deep_voice_chunks/fake/taylor-to-trump_chunk0004.wav,4.0,16000
data/raw/deep_voice/fake/taylor-to-trump.wav,5,fake,data/interim/deep_voice_chunks/fake/taylor-to-trump_chunk0005.wav,4.0,16000
data/raw/deep_voice/fake/taylor-to-trump.wav,6,fake,data/interim/deep_voice_chunks/fake/taylor-to-trump_chunk0006.wav,4.0,16000
data/raw/deep_voice/fake/taylor-to-trump.wav,7,fake,data/interim/deep_voice_chunks/fake/taylor-to-trump_chunk0007.wav,4.0,16000
data/raw/deep_voice/fake/taylor-to-trump.wav,8,fake,data/interim/deep_voice_chunks/fake/taylor-to-trump_chunk0008.wav,4.0,16000
data/raw/deep_voice/fake/taylor-to-trump.wav,9,fake,data/interim/deep_voice_chunks/fake/taylor-to-trump_chunk0009.wav,4.0,16000
data/raw/deep_voice/fake/taylor-to-trump.wav,10,fake,data/interim/deep_voice_chunks/fake/taylor-to-trump_chunk0010.wav,4.0,16000
data/raw/deep_voice/fake/taylor-to-trump.wav,11,fake,data/interim/deep_voice_chunks/fake/taylor-to-trump_chunk0011.wav,4.0,16000
data/raw/deep_voice/fake/taylor-to-trump.wav,12,fake,data/interim/deep_voice_chunks/fake/taylor-to-trump_chunk0012.wav,4.0,16000
data/raw/deep_voice/fake/taylor-to-trump.wav,13,fake,data/interim/deep_voice_chunks/fake/taylor-to-trump_chunk0013.wav,4.0,16000
data/raw/deep_voice/fake/taylor-to-trump.wav,14,fake,data/interim/deep_voice_chunks/fake/taylor-to-trump_chunk0014.wav,4.0,16000
data/raw/deep_voice/fake/taylor-to-trump.wav,15,fake,data/interim/deep_voice_chunks/fake/taylor-to-trump_chunk0015.wav,4.0,16000
data/raw/deep_voice/fake/taylor-to-trump.wav,16,fake,data/interim/deep_voice_chunks/fake/taylor-to-trump_chunk0016.wav,4.0,16000
data/raw/deep_voice/fake/taylor-to-trump.wav,17,fake,data/interim/deep_voice_chunks/fake/taylor-to-trump_chunk0017.wav,4.0,16000
data/raw/deep_voice/fake/taylor-to-trump.wav,18,fake,data/interim/deep_voice_chunks/fake/taylor-to-trump_chunk0018.wav,4.0,16000
data/raw/deep_voice/fake/taylor-to-trump.wav,19,fake,data/interim/deep_voice_chunks/fake/taylor-to-trump_chunk0019.wav,4.0,16000
data/raw/deep_voice/fake/taylor-to-trump.wav,20,fake,data/interim/deep_voice_chunks/fake/taylor-to-trump_chunk0020.wav,4.0,16000
data/raw/deep_voice/fake/taylor-to-trump.wav,21,fake,data/interim/deep_voice_chunks/fake/taylor-to-trump_chunk0021.wav,4.0,16000
data/raw/deep_voice/fake/taylor-to-trump.wav,22,fake,data/interim/deep_voice_chunks/fake/taylor-to-trump_chunk0022.wav,4.0,16000
data/raw/deep_voice/fake/taylor-to-trump.wav,23,fake,data/interim/deep_voice_chunks/fake/taylor-to-trump_chunk0023.wav,4.0,16000
data/raw/deep_voice/fake/taylor-to-trump.wav,24,fake,data/interim/deep_voice_chunks/fake/taylor-to-trump_chunk0024.wav,4.0,16000
data/raw/deep_voice/fake/taylor-to-trump.wav,25,fake,data/interim/deep_voice_chunks/fake/taylor-to-trump_chunk0025.wav,4.0,16000
data/raw/deep_voice/fake/taylor-to-trump.wav,26,fake,data/interim/deep_voice_chunks/fake/taylor-to-trump_chunk0026.wav,4.0,16000
data/raw/deep_voice/fake/taylor-to-trump.wav,27,fake,data/interim/deep_voice_chunks/fake/taylor-to-trump_chunk0027.wav,4.0,16000
data/raw/deep_voice/fake/taylor-to-trump.wav,28,fake,data/interim/deep_voice_chunks/fake/taylor-to-trump_chunk0028.wav,4.0,16000
data/raw/deep_voice/fake/taylor-to-trump.wav,29,fake,data/interim/deep_voice_chunks/fake/taylor-to-trump_chunk0029.wav,4.0,16000
data/raw/deep_voice/fake/taylor-to-trump.wav,30,fake,data/interim/deep_voice_chunks/fake/taylor-to-trump_chunk0030.wav,4.0,16000
data/raw/deep_voice/fake/taylor-to-trump.wav,31,fake,data/interim/deep_voice_chunks/fake/taylor-to-trump_chunk0031.wav,4.0,16000
data/raw/deep_voice/fake/taylor-to-trump.wav,32,fake,data/interim/deep_voice_chunks/fake/taylor-to-trump_chunk0032.wav,4.0,16000
data/raw/deep_voice/fake/taylor-to-trump.wav,33,fake,data/interim/deep_voice_chunks/fake/taylor-to-trump_chunk0033.wav,4.0,16000
data/raw/deep_voice/fake/taylor-to-trump.wav,34,fake,data/interim/deep_voice_chunks/fake/taylor-to-trump_chunk0034.wav,4.0,16000
data/raw/deep_voice/fake/taylor-to-trump.wav,35,fake,data/interim/deep_voice_chunks/fake/taylor-to-trump_chunk0035.wav,4.0,16000
data/raw/deep_voice/fake/taylor-to-trump.wav,36,fake,data/interim/deep_voice_chunks/fake/taylor-to-trump_chunk0036.wav,4.0,16000
data/raw/deep_voice/fake/taylor-to-trump.wav,37,fake,data/interim/deep_voice_chunks/fake/taylor-to-trump_chunk0037.wav,4.0,16000
data/raw/deep_voice/fake/taylor-to-trump.wav,38,fake,data/interim/deep_voice_chunks/fake/taylor-to-trump_chunk0038.wav,4.0,16000
data/raw/deep_voice/fake/taylor-to-trump.wav,39,fake,data/interim/deep_voice_chunks/fake/taylor-to-trump_chunk0039.wav,4.0,16000
data/raw/deep_voice/fake/taylor-to-trump.wav,40,fake,data/interim/deep_voice_chunks/fake/taylor-to-trump_chunk0040.wav,4.0,16000
data/raw/deep_voice/fake/taylor-to-trump.wav,41,fake,data/interim/deep_voice_chunks/fake/taylor-to-trump_chunk0041.wav,4.0,16000
data/raw/deep_voice/fake/taylor-to-trump.wav,42,fake,data/interim/deep_voice_chunks/fake/taylor-to-trump_chunk0042.wav,4.0,16000
data/raw/deep_voice/fake/taylor-to-trump.wav,43,fake,data/interim/deep_voice_chunks/fake/taylor-to-trump_chunk0043.wav,4.0,16000
data/raw/deep_voice/fake/taylor-to-trump.wav,44,fake,data/interim/deep_voice_chunks/fake/taylor-to-trump_chunk0044.wav,4.0,16000
data/raw/deep_voice/fake/taylor-to-trump.wav,45,fake,data/interim/deep_voice_chunks/fake/taylor-to-trump_chunk0045.wav,4.0,16000
data/raw/deep_voice/fake/taylor-to-trump.wav,46,fake,data/interim/deep_voice_chunks/fake/taylor-to-trump_chunk0046.wav,4.0,16000
data/raw/deep_voice/fake/taylor-to-trump.wav,47,fake,data/interim/deep_voice_chunks/fake/taylor-to-trump_chunk0047.wav,4.0,16000
data/raw/deep_voice/fake/taylor-to-trump.wav,48,fake,data/interim/deep_voice_chunks/fake/taylor-to-trump_chunk0048.wav,4.0,16000
data/raw/deep_voice/fake/taylor-to-trump.wav,49,fake,data/interim/deep_voice_chunks/fake/taylor-to-trump_chunk0049.wav,4.0,16000
data/raw/deep_voice/fake/taylor-to-trump.wav,50,fake,data/interim/deep_voice_chunks/fake/taylor-to-trump_chunk0050.wav,4.0,16000
data/raw/deep_voice/fake/taylor-to-trump.wav,51,fake,data/interim/deep_voice_chunks/fake/taylor-to-trump_chunk0051.wav,4.0,16000
data/raw/deep_voice/fake/taylor-to-trump.wav,52,fake,data/interim/deep_voice_chunks/fake/taylor-to-trump_chunk0052.wav,4.0,16000
data/raw/deep_voice/fake/taylor-to-trump.wav,53,fake,data/interim/deep_voice_chunks/fake/taylor-to-trump_chunk0053.wav,4.0,16000
data/raw/deep_voice/fake/taylor-to-trump.wav,54,fake,data/interim/deep_voice_chunks/fake/taylor-to-trump_chunk0054.wav,4.0,16000
data/raw/deep_voice/fake/taylor-to-trump.wav,55,fake,data/interim/deep_voice_chunks/fake/taylor-to-trump_chunk0055.wav,4.0,16000
data/raw/deep_voice/fake/taylor-to-trump.wav,56,fake,data/interim/deep_voice_chunks/fake/taylor-to-trump_chunk0056.wav,4.0,16000
data/raw/deep_voice/fake/taylor-to-trump.wav,57,fake,data/interim/deep_voice_chunks/fake/taylor-to-trump_chunk0057.wav,4.0,16000
data/raw/deep_voice/fake/taylor-to-trump.wav,58,fake,data/interim/deep_voice_chunks/fake/taylor-to-trump_chunk0058.wav,4.0,16000
data/raw/deep_voice/fake/taylor-to-trump.wav,59,fake,data/interim/deep_voice_chunks/fake/taylor-to-trump_chunk0059.wav,4.0,16000
data/raw/deep_voice/fake/taylor-to-trump.wav,60,fake,data/interim/deep_voice_chunks/fake/taylor-to-trump_chunk0060.wav,4.0,16000
data/raw/deep_voice/fake/taylor-to-trump.wav,61,fake,data/interim/deep_voice_chunks/fake/taylor-to-trump_chunk0061.wav,4.0,16000
data/raw/deep_voice/fake/taylor-to-trump.wav,62,fake,data/interim/deep_voice_chunks/fake/taylor-to-trump_chunk0062.wav,4.0,16000
data/raw/deep_voice/fake/taylor-to-trump.wav,63,fake,data/interim/deep_voice_chunks/fake/taylor-to-trump_chunk0063.wav,4.0,16000
data/raw/deep_voice/fake/taylor-to-trump.wav,64,fake,data/interim/deep_voice_chunks/fake/taylor-to-trump_chunk0064.wav,4.0,16000
data/raw/deep_voice/fake/taylor-to-trump.wav,65,fake,data/interim/deep_voice_chunks/fake/taylor-to-trump_chunk0065.wav,4.0,16000
data/raw/deep_voice/fake/taylor-to-trump.wav,66,fake,data/interim/deep_voice_chunks/fake/taylor-to-trump_chunk0066.wav,4.0,16000
data/raw/deep_voice/fake/taylor-to-trump.wav,67,fake,data/interim/deep_voice_chunks/fake/taylor-to-trump_chunk0067.wav,4.0,16000
data/raw/deep_voice/fake/taylor-to-trump.wav,68,fake,data/interim/deep_voice_chunks/fake/taylor-to-trump_chunk0068.wav,4.0,16000
data/raw/deep_voice/fake/taylor-to-trump.wav,69,fake,data/interim/deep_voice_chunks/fake/taylor-to-trump_chunk0069.wav,4.0,16000
data/raw/deep_voice/fake/taylor-to-trump.wav,70,fake,data/interim/deep_voice_chunks/fake/taylor-to-trump_chunk0070.wav,4.0,16000
data/raw/deep_voice/fake/taylor-to-trump.wav,71,fake,data/interim/deep_voice_chunks/fake/taylor-to-trump_chunk0071.wav,4.0,16000
data/raw/deep_voice/fake/taylor-to-trump.wav,72,fake,data/interim/deep_voice_chunks/fake/taylor-to-trump_chunk0072.wav,4.0,16000
data/raw/deep_voice/fake/taylor-to-trump.wav,73,fake,data/interim/deep_voice_chunks/fake/taylor-to-trump_chunk0073.wav,4.0,16000
data/raw/deep_voice/fake/taylor-to-trump.wav,74,fake,data/interim/deep_voice_chunks/fake/taylor-to-trump_chunk0074.wav,4.0,16000
data/raw/deep_voice/fake/taylor-to-trump.wav,75,fake,data/interim/deep_voice_chunks/fake/taylor-to-trump_chunk0075.wav,4.0,16000
data/raw/deep_voice/fake/taylor-to-trump.wav,76,fake,data/interim/deep_voice_chunks/fake/taylor-to-trump_chunk0076.wav,4.0,16000
data/raw/deep_voice/fake/taylor-to-trump.wav,77,fake,data/interim/deep_voice_chunks/fake/taylor-to-trump_chunk0077.wav,4.0,16000
data/raw/deep_voice/fake/taylor-to-trump.wav,78,fake,data/interim/deep_voice_chunks/fake/taylor-to-trump_chunk0078.wav,4.0,16000
data/raw/deep_voice/fake/taylor-to-trump.wav,79,fake,data/interim/deep_voice_chunks/fake/taylor-to-trump_chunk0079.wav,4.0,16000
data/raw/deep_voice/fake/taylor-to-trump.wav,80,fake,data/interim/deep_voice_chunks/fake/taylor-to-trump_chunk0080.wav,4.0,16000
data/raw/deep_voice/fake/taylor-to-trump.wav,81,fake,data/interim/deep_voice_chunks/fake/taylor-to-trump_chunk0081.wav,4.0,16000
data/raw/deep_voice/fake/taylor-to-trump.wav,82,fake,data/interim/deep_voice_chunks/fake/taylor-to-trump_chunk0082.wav,4.0,16000
data/raw/deep_voice/fake/taylor-to-trump.wav,83,fake,data/interim/deep_voice_chunks/fake/taylor-to-trump_chunk0083.wav,4.0,16000
data/raw/deep_voice/fake/taylor-to-trump.wav,84,fake,data/interim/deep_voice_chunks/fake/taylor-to-trump_chunk0084.wav,4.0,16000
data/raw/deep_voice/fake/taylor-to-trump.wav,85,fake,data/interim/deep_voice_chunks/fake/taylor-to-trump_chunk0085.wav,4.0,16000
data/raw/deep_voice/fake/taylor-to-trump.wav,86,fake,data/interim/deep_voice_chunks/fake/taylor-to-trump_chunk0086.wav,4.0,16000
data/raw/deep_voice/fake/taylor-to-trump.wav,87,fake,data/interim/deep_voice_chunks/fake/taylor-to-trump_chunk0087.wav,4.0,16000
data/raw/deep_voice/fake/taylor-to-trump.wav,88,fake,data/interim/deep_voice_chunks/fake/taylor-to-trump_chunk0088.wav,4.0,16000
data/raw/deep_voice/fake/taylor-to-trump.wav,89,fake,data/interim/deep_voice_chunks/fake/taylor-to-trump_chunk0089.wav,4.0,16000
data/raw/deep_voice/fake/taylor-to-trump.wav,90,fake,data/interim/deep_voice_chunks/fake/taylor-to-trump_chunk0090.wav,4.0,16000
data/raw/deep_voice/fake/taylor-to-trump.wav,91,fake,data/interim/deep_voice_chunks/fake/taylor-to-trump_chunk0091.wav,4.0,16000
data/raw/deep_voice/fake/taylor-to-trump.wav,92,fake,data/interim/deep_voice_chunks/fake/taylor-to-trump_chunk0092.wav,4.0,16000
data/raw/deep_voice/fake/taylor-to-trump.wav,93,fake,data/interim/deep_voice_chunks/fake/taylor-to-trump_chunk0093.wav,4.0,16000
data/raw/deep_voice/fake/taylor-to-trump.wav,94,fake,data/interim/deep_voice_chunks/fake/taylor-to-trump_chunk0094.wav,4.0,16000
data/raw/deep_voice/fake/taylor-to-trump.wav,95,fake,data/interim/deep_voice_chunks/fake/taylor-to-trump_chunk0095.wav,4.0,16000
data/raw/deep_voice/fake/taylor-to-trump.wav,96,fake,data/interim/deep_voice_chunks/fake/taylor-to-trump_chunk0096.wav,4.0,16000
data/raw/deep_voice/fake/taylor-to-trump.wav,97,fake,data/interim/deep_voice_chunks/fake/taylor-to-trump_chunk0097.wav,4.0,16000
data/raw/deep_voice/fake/taylor-to-trump.wav,98,fake,data/interim/deep_voice_chunks/fake/taylor-to-trump_chunk0098.wav,4.0,16000
data/raw/deep_voice/fake/taylor-to-trump.wav,99,fake,data/interim/deep_voice_chunks/fake/taylor-to-trump_chunk0099.wav,4.0,16000
data/raw/deep_voice/fake/taylor-to-trump.wav,100,fake,data/interim/deep_voice_chunks/fake/taylor-to-trump_chunk0100.wav,4.0,16000
data/raw/deep_voice/fake/taylor-to-trump.wav,101,fake,data/interim/deep_voice_chunks/fake/taylor-to-trump_chunk0101.wav,4.0,16000
data/raw/deep_voice/fake/taylor-to-trump.wav,102,fake,data/interim/deep_voice_chunks/fake/taylor-to-trump_chunk0102.wav,4.0,16000
data/raw/deep_voice/fake/taylor-to-trump.wav,103,fake,data/interim/deep_voice_chunks/fake/taylor-to-trump_chunk0103.wav,4.0,16000
data/raw/deep_voice/fake/taylor-to-trump.wav,104,fake,data/interim/deep_voice_chunks/fake/taylor-to-trump_chunk0104.wav,4.0,16000
data/raw/deep_voice/fake/taylor-to-trump.wav,105,fake,data/interim/deep_voice_chunks/fake/taylor-to-trump_chunk0105.wav,4.0,16000
data/raw/deep_voice/fake/taylor-to-trump.wav,106,fake,data/interim/deep_voice_chunks/fake/taylor-to-trump_chunk0106.wav,4.0,16000
data/raw/deep_voice/fake/taylor-to-trump.wav,107,fake,data/interim/deep_voice_chunks/fake/taylor-to-trump_chunk0107.wav,4.0,16000
data/raw/deep_voice/fake/taylor-to-trump.wav,108,fake,data/interim/deep_voice_chunks/fake/taylor-to-trump_chunk0108.wav,4.0,16000
data/raw/deep_voice/fake/taylor-to-trump.wav,109,fake,data/interim/deep_voice_chunks/fake/taylor-to-trump_chunk0109.wav,4.0,16000
data/raw/deep_voice/fake/taylor-to-trump.wav,110,fake,data/interim/deep_voice_chunks/fake/taylor-to-trump_chunk0110.wav,4.0,16000
data/raw/deep_voice/fake/taylor-to-trump.wav,111,fake,data/interim/deep_voice_chunks/fake/taylor-to-trump_chunk0111.wav,4.0,16000
data/raw/deep_voice/fake/taylor-to-trump.wav,112,fake,data/interim/deep_voice_chunks/fake/taylor-to-trump_chunk0112.wav,4.0,16000
data/raw/deep_voice/fake/taylor-to-trump.wav,113,fake,data/interim/deep_voice_chunks/fake/taylor-to-trump_chunk0113.wav,4.0,16000
data/raw/deep_voice/fake/taylor-to-trump.wav,114,fake,data/interim/deep_voice_chunks/fake/taylor-to-trump_chunk0114.wav,4.0,16000
data/raw/deep_voice/fake/taylor-to-trump.wav,115,fake,data/interim/deep_voice_chunks/fake/taylor-to-trump_chunk0115.wav,4.0,16000
data/raw/deep_voice/fake/taylor-to-trump.wav,116,fake,data/interim/deep_voice_chunks/fake/taylor-to-trump_chunk0116.wav,4.0,16000
data/raw/deep_voice/fake/taylor-to-trump.wav,117,fake,data/interim/deep_voice_chunks/fake/taylor-to-trump_chunk0117.wav,4.0,16000
data/raw/deep_voice/fake/taylor-to-trump.wav,118,fake,data/interim/deep_voice_chunks/fake/taylor-to-trump_chunk0118.wav,4.0,16000
data/raw/deep_voice/fake/taylor-to-trump.wav,119,fake,data/interim/deep_voice_chunks/fake/taylor-to-trump_chunk0119.wav,4.0,16000
data/raw/deep_voice/fake/taylor-to-trump.wav,120,fake,data/interim/deep_voice_chunks/fake/taylor-to-trump_chunk0120.wav,4.0,16000
data/raw/deep_voice/fake/taylor-to-trump.wav,121,fake,data/interim/deep_voice_chunks/fake/taylor-to-trump_chunk0121.wav,4.0,16000
data/raw/deep_voice/fake/taylor-to-trump.wav,122,fake,data/interim/deep_voice_chunks/fake/taylor-to-trump_chunk0122.wav,4.0,16000
data/raw/deep_voice/fake/taylor-to-trump.wav,123,fake,data/interim/deep_voice_chunks/fake/taylor-to-trump_chunk0123.wav,4.0,16000
data/raw/deep_voice/fake/taylor-to-trump.wav,124,fake,data/interim/deep_voice_chunks/fake/taylor-to-trump_chunk0124.wav,4.0,16000
data/raw/deep_voice/fake/taylor-to-trump.wav,125,fake,data/interim/deep_voice_chunks/fake/taylor-to-trump_chunk0125.wav,4.0,16000
data/raw/deep_voice/fake/taylor-to-trump.wav,126,fake,data/interim/deep_voice_chunks/fake/taylor-to-trump_chunk0126.wav,4.0,16000
data/raw/deep_voice/fake/taylor-to-trump.wav,127,fake,data/interim/deep_voice_chunks/fake/taylor-to-trump_chunk0127.wav,4.0,16000
data/raw/deep_voice/fake/taylor-to-trump.wav,128,fake,data/interim/deep_voice_chunks/fake/taylor-to-trump_chunk0128.wav,4.0,16000
data/raw/deep_voice/fake/taylor-to-trump.wav,129,fake,data/interim/deep_voice_chunks/fake/taylor-to-trump_chunk0129.wav,4.0,16000
data/raw/deep_voice/fake/taylor-to-trump.wav,130,fake,data/interim/deep_voice_chunks/fake/taylor-to-trump_chunk0130.wav,4.0,16000
data/raw/deep_voice/fake/taylor-to-trump.wav,131,fake,data/interim/deep_voice_chunks/fake/taylor-to-trump_chunk0131.wav,4.0,16000
data/raw/deep_voice/fake/taylor-to-trump.wav,132,fake,data/interim/deep_voice_chunks/fake/taylor-to-trump_chunk0132.wav,4.0,16000
data/raw/deep_voice/fake/taylor-to-trump.wav,133,fake,data/interim/deep_voice_chunks/fake/taylor-to-trump_chunk0133.wav,4.0,16000
data/raw/deep_voice/fake/taylor-to-trump.wav,134,fake,data/interim/deep_voice_chunks/fake/taylor-to-trump_chunk0134.wav,4.0,16000
data/raw/deep_voice/fake/taylor-to-trump.wav,135,fake,data/interim/deep_voice_chunks/fake/taylor-to-trump_chunk0135.wav,4.0,16000
data/raw/deep_voice/fake/taylor-to-trump.wav,136,fake,data/interim/deep_voice_chunks/fake/taylor-to-trump_chunk0136.wav,4.0,16000
data/raw/deep_voice/fake/taylor-to-trump.wav,137,fake,data/interim/deep_voice_chunks/fake/taylor-to-trump_chunk0137.wav,4.0,16000
data/raw/deep_voice/fake/taylor-to-trump.wav,138,fake,data/interim/deep_voice_chunks/fake/taylor-to-trump_chunk0138.wav,4.0,16000
data/raw/deep_voice/fake/taylor-to-trump.wav,139,fake,data/interim/deep_voice_chunks/fake/taylor-to-trump_chunk0139.wav,4.0,16000
data/raw/deep_voice/fake/taylor-to-trump.wav,140,fake,data/interim/deep_voice_chunks/fake/taylor-to-trump_chunk0140.wav,4.0,16000
data/raw/deep_voice/fake/taylor-to-trump.wav,141,fake,data/interim/deep_voice_chunks/fake/taylor-to-trump_chunk0141.wav,4.0,16000
data/raw/deep_voice/fake/taylor-to-trump.wav,142,fake,data/interim/deep_voice_chunks/fake/taylor-to-trump_chunk0142.wav,4.0,16000
data/raw/deep_voice/fake/taylor-to-trump.wav,143,fake,data/interim/deep_voice_chunks/fake/taylor-to-trump_chunk0143.wav,4.0,16000
data/raw/deep_voice/fake/taylor-to-trump.wav,144,fake,data/interim/deep_voice_chunks/fake/taylor-to-trump_chunk0144.wav,4.0,16000
data/raw/deep_voice/fake/taylor-to-trump.wav,145,fake,data/interim/deep_voice_chunks/fake/taylor-to-trump_chunk0145.wav,4.0,16000
data/raw/deep_voice/fake/taylor-to-trump.wav,146,fake,data/interim/deep_voice_chunks/fake/taylor-to-trump_chunk0146.wav,4.0,16000
data/raw/deep_voice/fake/taylor-to-trump.wav,147,fake,data/interim/deep_voice_chunks/fake/taylor-to-trump_chunk0147.wav,4.0,16000
data/raw/deep_voice/fake/taylor-to-trump.wav,148,fake,data/interim/deep_voice_chunks/fake/taylor-to-trump_chunk0148.wav,4.0,16000
data/raw/deep_voice/fake/taylor-to-trump.wav,149,fake,data/interim/deep_voice_chunks/fake/taylor-to-trump_chunk0149.wav,3.776,16000
data/raw/deep_voice/fake/trump-to-Biden.wav,0,fake,data/interim/deep_voice_chunks/fake/trump-to-Biden_chunk0000.wav,4.0,16000
data/raw/deep_voice/fake/trump-to-Biden.wav,1,fake,data/interim/deep_voice_chunks/fake/trump-to-Biden_chunk0001.wav,4.0,16000
data/raw/deep_voice/fake/trump-to-Biden.wav,2,fake,data/interim/deep_voice_chunks/fake/trump-to-Biden_chunk0002.wav,4.0,16000
data/raw/deep_voice/fake/trump-to-Biden.wav,3,fake,data/interim/deep_voice_chunks/fake/trump-to-Biden_chunk0003.wav,4.0,16000
data/raw/deep_voice/fake/trump-to-Biden.wav,4,fake,data/interim/deep_voice_chunks/fake/trump-to-Biden_chunk0004.wav,4.0,16000
data/raw/deep_voice/fake/trump-to-Biden.wav,5,fake,data/interim/deep_voice_chunks/fake/trump-to-Biden_chunk0005.wav,4.0,16000
data/raw/deep_voice/fake/trump-to-Biden.wav,6,fake,data/interim/deep_voice_chunks/fake/trump-to-Biden_chunk0006.wav,4.0,16000
data/raw/deep_voice/fake/trump-to-Biden.wav,7,fake,data/interim/deep_voice_chunks/fake/trump-to-Biden_chunk0007.wav,4.0,16000
data/raw/deep_voice/fake/trump-to-Biden.wav,8,fake,data/interim/deep_voice_chunks/fake/trump-to-Biden_chunk0008.wav,4.0,16000
data/raw/deep_voice/fake/trump-to-Biden.wav,9,fake,data/interim/deep_voice_chunks/fake/trump-to-Biden_chunk0009.wav,4.0,16000
data/raw/deep_voice/fake/trump-to-Biden.wav,10,fake,data/interim/deep_voice_chunks/fake/trump-to-Biden_chunk0010.wav,4.0,16000
data/raw/deep_voice/fake/trump-to-Biden.wav,11,fake,data/interim/deep_voice_chunks/fake/trump-to-Biden_chunk0011.wav,4.0,16000
data/raw/deep_voice/fake/trump-to-Biden.wav,12,fake,data/interim/deep_voice_chunks/fake/trump-to-Biden_chunk0012.wav,4.0,16000
data/raw/deep_voice/fake/trump-to-Biden.wav,13,fake,data/interim/deep_voice_chunks/fake/trump-to-Biden_chunk0013.wav,4.0,16000
data/raw/deep_voice/fake/trump-to-Biden.wav,14,fake,data/interim/deep_voice_chunks/fake/trump-to-Biden_chunk0014.wav,4.0,16000
data/raw/deep_voice/fake/trump-to-Biden.wav,15,fake,data/interim/deep_voice_chunks/fake/trump-to-Biden_chunk0015.wav,4.0,16000
data/raw/deep_voice/fake/trump-to-Biden.wav,16,fake,data/interim/deep_voice_chunks/fake/trump-to-Biden_chunk0016.wav,4.0,16000
data/raw/deep_voice/fake/trump-to-Biden.wav,17,fake,data/interim/deep_voice_chunks/fake/trump-to-Biden_chunk0017.wav,4.0,16000
data/raw/deep_voice/fake/trump-to-Biden.wav,18,fake,data/interim/deep_voice_chunks/fake/trump-to-Biden_chunk0018.wav,4.0,16000
data/raw/deep_voice/fake/trump-to-Biden.wav,19,fake,data/interim/deep_voice_chunks/fake/trump-to-Biden_chunk0019.wav,4.0,16000
data/raw/deep_voice/fake/trump-to-Biden.wav,20,fake,data/interim/deep_voice_chunks/fake/trump-to-Biden_chunk0020.wav,4.0,16000
data/raw/deep_voice/fake/trump-to-Biden.wav,21,fake,data/interim/deep_voice_chunks/fake/trump-to-Biden_chunk0021.wav,4.0,16000
data/raw/deep_voice/fake/trump-to-Biden.wav,22,fake,data/interim/deep_voice_chunks/fake/trump-to-Biden_chunk0022.wav,4.0,16000
data/raw/deep_voice/fake/trump-to-Biden.wav,23,fake,data/interim/deep_voice_chunks/fake/trump-to-Biden_chunk0023.wav,4.0,16000
data/raw/deep_voice/fake/trump-to-Biden.wav,24,fake,data/interim/deep_voice_chunks/fake/trump-to-Biden_chunk0024.wav,4.0,16000
data/raw/deep_voice/fake/trump-to-Biden.wav,25,fake,data/interim/deep_voice_chunks/fake/trump-to-Biden_chunk0025.wav,4.0,16000
data/raw/deep_voice/fake/trump-to-Biden.wav,26,fake,data/interim/deep_voice_chunks/fake/trump-to-Biden_chunk0026.wav,4.0,16000
data/raw/deep_voice/fake/trump-to-Biden.wav,27,fake,data/interim/deep_voice_chunks/fake/trump-to-Biden_chunk0027.wav,4.0,16000
data/raw/deep_voice/fake/trump-to-Biden.wav,28,fake,data/interim/deep_voice_chunks/fake/trump-to-Biden_chunk0028.wav,4.0,16000
data/raw/deep_voice/fake/trump-to-Biden.wav,29,fake,data/interim/deep_voice_chunks/fake/trump-to-Biden_chunk0029.wav,4.0,16000
data/raw/deep_voice/fake/trump-to-Biden.wav,30,fake,data/interim/deep_voice_chunks/fake/trump-to-Biden_chunk0030.wav,4.0,16000
data/raw/deep_voice/fake/trump-to-Biden.wav,31,fake,data/interim/deep_voice_chunks/fake/trump-to-Biden_chunk0031.wav,4.0,16000
data/raw/deep_voice/fake/trump-to-Biden.wav,32,fake,data/interim/deep_voice_chunks/fake/trump-to-Biden_chunk0032.wav,4.0,16000
data/raw/deep_voice/fake/trump-to-Biden.wav,33,fake,data/interim/deep_voice_chunks/fake/trump-to-Biden_chunk0033.wav,4.0,16000
data/raw/deep_voice/fake/trump-to-Biden.wav,34,fake,data/interim/deep_voice_chunks/fake/trump-to-Biden_chunk0034.wav,4.0,16000
data/raw/deep_voice/fake/trump-to-Biden.wav,35,fake,data/interim/deep_voice_chunks/fake/trump-to-Biden_chunk0035.wav,4.0,16000
data/raw/deep_voice/fake/trump-to-Biden.wav,36,fake,data/interim/deep_voice_chunks/fake/trump-to-Biden_chunk0036.wav,4.0,16000
data/raw/deep_voice/fake/trump-to-Biden.wav,37,fake,data/interim/deep_voice_chunks/fake/trump-to-Biden_chunk0037.wav,4.0,16000
data/raw/deep_voice/fake/trump-to-Biden.wav,38,fake,data/interim/deep_voice_chunks/fake/trump-to-Biden_chunk0038.wav,4.0,16000
data/raw/deep_voice/fake/trump-to-Biden.wav,39,fake,data/interim/deep_voice_chunks/fake/trump-to-Biden_chunk0039.wav,4.0,16000
data/raw/deep_voice/fake/trump-to-Biden.wav,40,fake,data/interim/deep_voice_chunks/fake/trump-to-Biden_chunk0040.wav,4.0,16000
data/raw/deep_voice/fake/trump-to-Biden.wav,41,fake,data/interim/deep_voice_chunks/fake/trump-to-Biden_chunk0041.wav,4.0,16000
data/raw/deep_voice/fake/trump-to-Biden.wav,42,fake,data/interim/deep_voice_chunks/fake/trump-to-Biden_chunk0042.wav,4.0,16000
data/raw/deep_voice/fake/trump-to-Biden.wav,43,fake,data/interim/deep_voice_chunks/fake/trump-to-Biden_chunk0043.wav,4.0,16000
data/raw/deep_voice/fake/trump-to-Biden.wav,44,fake,data/interim/deep_voice_chunks/fake/trump-to-Biden_chunk0044.wav,4.0,16000
data/raw/deep_voice/fake/trump-to-Biden.wav,45,fake,data/interim/deep_voice_chunks/fake/trump-to-Biden_chunk0045.wav,4.0,16000
data/raw/deep_voice/fake/trump-to-Biden.wav,46,fake,data/interim/deep_voice_chunks/fake/trump-to-Biden_chunk0046.wav,4.0,16000
data/raw/deep_voice/fake/trump-to-Biden.wav,47,fake,data/interim/deep_voice_chunks/fake/trump-to-Biden_chunk0047.wav,4.0,16000
data/raw/deep_voice/fake/trump-to-Biden.wav,48,fake,data/interim/deep_voice_chunks/fake/trump-to-Biden_chunk0048.wav,4.0,16000
data/raw/deep_voice/fake/trump-to-Biden.wav,49,fake,data/interim/deep_voice_chunks/fake/trump-to-Biden_chunk0049.wav,4.0,16000
data/raw/deep_voice/fake/trump-to-Biden.wav,50,fake,data/interim/deep_voice_chunks/fake/trump-to-Biden_chunk0050.wav,4.0,16000
data/raw/deep_voice/fake/trump-to-Biden.wav,51,fake,data/interim/deep_voice_chunks/fake/trump-to-Biden_chunk0051.wav,4.0,16000
data/raw/deep_voice/fake/trump-to-Biden.wav,52,fake,data/interim/deep_voice_chunks/fake/trump-to-Biden_chunk0052.wav,4.0,16000
data/raw/deep_voice/fake/trump-to-Biden.wav,53,fake,data/interim/deep_voice_chunks/fake/trump-to-Biden_chunk0053.wav,4.0,16000
data/raw/deep_voice/fake/trump-to-Biden.wav,54,fake,data/interim/deep_voice_chunks/fake/trump-to-Biden_chunk0054.wav,4.0,16000
data/raw/deep_voice/fake/trump-to-Biden.wav,55,fake,data/interim/deep_voice_chunks/fake/trump-to-Biden_chunk0055.wav,4.0,16000
data/raw/deep_voice/fake/trump-to-Biden.wav,56,fake,data/interim/deep_voice_chunks/fake/trump-to-Biden_chunk0056.wav,4.0,16000
data/raw/deep_voice/fake/trump-to-Biden.wav,57,fake,data/interim/deep_voice_chunks/fake/trump-to-Biden_chunk0057.wav,4.0,16000
data/raw/deep_voice/fake/trump-to-Biden.wav,58,fake,data/interim/deep_voice_chunks/fake/trump-to-Biden_chunk0058.wav,4.0,16000
data/raw/deep_voice/fake/trump-to-Biden.wav,59,fake,data/interim/deep_voice_chunks/fake/trump-to-Biden_chunk0059.wav,4.0,16000
data/raw/deep_voice/fake/trump-to-Biden.wav,60,fake,data/interim/deep_voice_chunks/fake/trump-to-Biden_chunk0060.wav,4.0,16000
data/raw/deep_voice/fake/trump-to-Biden.wav,61,fake,data/interim/deep_voice_chunks/fake/trump-to-Biden_chunk0061.wav,4.0,16000
data/raw/deep_voice/fake/trump-to-Biden.wav,62,fake,data/interim/deep_voice_chunks/fake/trump-to-Biden_chunk0062.wav,4.0,16000
data/raw/deep_voice/fake/trump-to-Biden.wav,63,fake,data/interim/deep_voice_chunks/fake/trump-to-Biden_chunk0063.wav,4.0,16000
data/raw/deep_voice/fake/trump-to-Biden.wav,64,fake,data/interim/deep_voice_chunks/fake/trump-to-Biden_chunk0064.wav,4.0,16000
data/raw/deep_voice/fake/trump-to-Biden.wav,65,fake,data/interim/deep_voice_chunks/fake/trump-to-Biden_chunk0065.wav,4.0,16000
data/raw/deep_voice/fake/trump-to-Biden.wav,66,fake,data/interim/deep_voice_chunks/fake/trump-to-Biden_chunk0066.wav,4.0,16000
data/raw/deep_voice/fake/trump-to-Biden.wav,67,fake,data/interim/deep_voice_chunks/fake/trump-to-Biden_chunk0067.wav,4.0,16000
data/raw/deep_voice/fake/trump-to-Biden.wav,68,fake,data/interim/deep_voice_chunks/fake/trump-to-Biden_chunk0068.wav,4.0,16000
data/raw/deep_voice/fake/trump-to-Biden.wav,69,fake,data/interim/deep_voice_chunks/fake/trump-to-Biden_chunk0069.wav,4.0,16000
data/raw/deep_voice/fake/trump-to-Biden.wav,70,fake,data/interim/deep_voice_chunks/fake/trump-to-Biden_chunk0070.wav,4.0,16000
data/raw/deep_voice/fake/trump-to-Biden.wav,71,fake,data/interim/deep_voice_chunks/fake/trump-to-Biden_chunk0071.wav,4.0,16000
data/raw/deep_voice/fake/trump-to-Biden.wav,72,fake,data/interim/deep_voice_chunks/fake/trump-to-Biden_chunk0072.wav,4.0,16000
data/raw/deep_voice/fake/trump-to-Biden.wav,73,fake,data/interim/deep_voice_chunks/fake/trump-to-Biden_chunk0073.wav,4.0,16000
data/raw/deep_voice/fake/trump-to-Biden.wav,74,fake,data/interim/deep_voice_chunks/fake/trump-to-Biden_chunk0074.wav,4.0,16000
data/raw/deep_voice/fake/trump-to-Biden.wav,75,fake,data/interim/deep_voice_chunks/fake/trump-to-Biden_chunk0075.wav,4.0,16000
data/raw/deep_voice/fake/trump-to-Biden.wav,76,fake,data/interim/deep_voice_chunks/fake/trump-to-Biden_chunk0076.wav,4.0,16000
data/raw/deep_voice/fake/trump-to-Biden.wav,77,fake,data/interim/deep_voice_chunks/fake/trump-to-Biden_chunk0077.wav,4.0,16000
data/raw/deep_voice/fake/trump-to-Biden.wav,78,fake,data/interim/deep_voice_chunks/fake/trump-to-Biden_chunk0078.wav,4.0,16000
data/raw/deep_voice/fake/trump-to-Biden.wav,79,fake,data/interim/deep_voice_chunks/fake/trump-to-Biden_chunk0079.wav,4.0,16000
data/raw/deep_voice/fake/trump-to-Biden.wav,80,fake,data/interim/deep_voice_chunks/fake/trump-to-Biden_chunk0080.wav,4.0,16000
data/raw/deep_voice/fake/trump-to-Biden.wav,81,fake,data/interim/deep_voice_chunks/fake/trump-to-Biden_chunk0081.wav,4.0,16000
data/raw/deep_voice/fake/trump-to-Biden.wav,82,fake,data/interim/deep_voice_chunks/fake/trump-to-Biden_chunk0082.wav,4.0,16000
data/raw/deep_voice/fake/trump-to-Biden.wav,83,fake,data/interim/deep_voice_chunks/fake/trump-to-Biden_chunk0083.wav,4.0,16000
data/raw/deep_voice/fake/trump-to-Biden.wav,84,fake,data/interim/deep_voice_chunks/fake/trump-to-Biden_chunk0084.wav,4.0,16000
data/raw/deep_voice/fake/trump-to-Biden.wav,85,fake,data/interim/deep_voice_chunks/fake/trump-to-Biden_chunk0085.wav,4.0,16000
data/raw/deep_voice/fake/trump-to-Biden.wav,86,fake,data/interim/deep_voice_chunks/fake/trump-to-Biden_chunk0086.wav,4.0,16000
data/raw/deep_voice/fake/trump-to-Biden.wav,87,fake,data/interim/deep_voice_chunks/fake/trump-to-Biden_chunk0087.wav,4.0,16000
data/raw/deep_voice/fake/trump-to-Biden.wav,88,fake,data/interim/deep_voice_chunks/fake/trump-to-Biden_chunk0088.wav,4.0,16000
data/raw/deep_voice/fake/trump-to-Biden.wav,89,fake,data/interim/deep_voice_chunks/fake/trump-to-Biden_chunk0089.wav,4.0,16000
data/raw/deep_voice/fake/trump-to-Biden.wav,90,fake,data/interim/deep_voice_chunks/fake/trump-to-Biden_chunk0090.wav,4.0,16000
data/raw/deep_voice/fake/trump-to-Biden.wav,91,fake,data/interim/deep_voice_chunks/fake/trump-to-Biden_chunk0091.wav,4.0,16000
data/raw/deep_voice/fake/trump-to-Biden.wav,92,fake,data/interim/deep_voice_chunks/fake/trump-to-Biden_chunk0092.wav,4.0,16000
data/raw/deep_voice/fake/trump-to-Biden.wav,93,fake,data/interim/deep_voice_chunks/fake/trump-to-Biden_chunk0093.wav,4.0,16000
data/raw/deep_voice/fake/trump-to-Biden.wav,94,fake,data/interim/deep_voice_chunks/fake/trump-to-Biden_chunk0094.wav,4.0,16000
data/raw/deep_voice/fake/trump-to-Biden.wav,95,fake,data/interim/deep_voice_chunks/fake/trump-to-Biden_chunk0095.wav,4.0,16000
data/raw/deep_voice/fake/trump-to-Biden.wav,96,fake,data/interim/deep_voice_chunks/fake/trump-to-Biden_chunk0096.wav,4.0,16000
data/raw/deep_voice/fake/trump-to-Biden.wav,97,fake,data/interim/deep_voice_chunks/fake/trump-to-Biden_chunk0097.wav,4.0,16000
data/raw/deep_voice/fake/trump-to-Biden.wav,98,fake,data/interim/deep_voice_chunks/fake/trump-to-Biden_chunk0098.wav,4.0,16000
data/raw/deep_voice/fake/trump-to-Biden.wav,99,fake,data/interim/deep_voice_chunks/fake/trump-to-Biden_chunk0099.wav,4.0,16000
data/raw/deep_voice/fake/trump-to-Biden.wav,100,fake,data/interim/deep_voice_chunks/fake/trump-to-Biden_chunk0100.wav,4.0,16000
data/raw/deep_voice/fake/trump-to-Biden.wav,101,fake,data/interim/deep_voice_chunks/fake/trump-to-Biden_chunk0101.wav,4.0,16000
data/raw/deep_voice/fake/trump-to-Biden.wav,102,fake,data/interim/deep_voice_chunks/fake/trump-to-Biden_chunk0102.wav,4.0,16000
data/raw/deep_voice/fake/trump-to-Biden.wav,103,fake,data/interim/deep_voice_chunks/fake/trump-to-Biden_chunk0103.wav,4.0,16000
data/raw/deep_voice/fake/trump-to-Biden.wav,104,fake,data/interim/deep_voice_chunks/fake/trump-to-Biden_chunk0104.wav,4.0,16000
data/raw/deep_voice/fake/trump-to-Biden.wav,105,fake,data/interim/deep_voice_chunks/fake/trump-to-Biden_chunk0105.wav,4.0,16000
data/raw/deep_voice/fake/trump-to-Biden.wav,106,fake,data/interim/deep_voice_chunks/fake/trump-to-Biden_chunk0106.wav,4.0,16000
data/raw/deep_voice/fake/trump-to-Biden.wav,107,fake,data/interim/deep_voice_chunks/fake/trump-to-Biden_chunk0107.wav,4.0,16000
data/raw/deep_voice/fake/trump-to-Biden.wav,108,fake,data/interim/deep_voice_chunks/fake/trump-to-Biden_chunk0108.wav,4.0,16000
data/raw/deep_voice/fake/trump-to-Biden.wav,109,fake,data/interim/deep_voice_chunks/fake/trump-to-Biden_chunk0109.wav,4.0,16000
data/raw/deep_voice/fake/trump-to-Biden.wav,110,fake,data/interim/deep_voice_chunks/fake/trump-to-Biden_chunk0110.wav,4.0,16000
data/raw/deep_voice/fake/trump-to-Biden.wav,111,fake,data/interim/deep_voice_chunks/fake/trump-to-Biden_chunk0111.wav,4.0,16000
data/raw/deep_voice/fake/trump-to-Biden.wav,112,fake,data/interim/deep_voice_chunks/fake/trump-to-Biden_chunk0112.wav,4.0,16000
data/raw/deep_voice/fake/trump-to-Biden.wav,113,fake,data/interim/deep_voice_chunks/fake/trump-to-Biden_chunk0113.wav,4.0,16000
data/raw/deep_voice/fake/trump-to-Biden.wav,114,fake,data/interim/deep_voice_chunks/fake/trump-to-Biden_chunk0114.wav,4.0,16000
data/raw/deep_voice/fake/trump-to-Biden.wav,115,fake,data/interim/deep_voice_chunks/fake/trump-to-Biden_chunk0115.wav,4.0,16000
data/raw/deep_voice/fake/trump-to-Biden.wav,116,fake,data/interim/deep_voice_chunks/fake/trump-to-Biden_chunk0116.wav,4.0,16000
data/raw/deep_voice/fake/trump-to-Biden.wav,117,fake,data/interim/deep_voice_chunks/fake/trump-to-Biden_chunk0117.wav,4.0,16000
data/raw/deep_voice/fake/trump-to-Biden.wav,118,fake,data/interim/deep_voice_chunks/fake/trump-to-Biden_chunk0118.wav,4.0,16000
data/raw/deep_voice/fake/trump-to-Biden.wav,119,fake,data/interim/deep_voice_chunks/fake/trump-to-Biden_chunk0119.wav,4.0,16000
data/raw/deep_voice/fake/trump-to-Biden.wav,120,fake,data/interim/deep_voice_chunks/fake/trump-to-Biden_chunk0120.wav,4.0,16000
data/raw/deep_voice/fake/trump-to-Biden.wav,121,fake,data/interim/deep_voice_chunks/fake/trump-to-Biden_chunk0121.wav,4.0,16000
data/raw/deep_voice/fake/trump-to-Biden.wav,122,fake,data/interim/deep_voice_chunks/fake/trump-to-Biden_chunk0122.wav,4.0,16000
data/raw/deep_voice/fake/trump-to-Biden.wav,123,fake,data/interim/deep_voice_chunks/fake/trump-to-Biden_chunk0123.wav,4.0,16000
data/raw/deep_voice/fake/trump-to-Biden.wav,124,fake,data/interim/deep_voice_chunks/fake/trump-to-Biden_chunk0124.wav,4.0,16000
data/raw/deep_voice/fake/trump-to-Biden.wav,125,fake,data/interim/deep_voice_chunks/fake/trump-to-Biden_chunk0125.wav,4.0,16000
data/raw/deep_voice/fake/trump-to-Biden.wav,126,fake,data/interim/deep_voice_chunks/fake/trump-to-Biden_chunk0126.wav,4.0,16000
data/raw/deep_voice/fake/trump-to-Biden.wav,127,fake,data/interim/deep_voice_chunks/fake/trump-to-Biden_chunk0127.wav,4.0,16000
data/raw/deep_voice/fake/trump-to-Biden.wav,128,fake,data/interim/deep_voice_chunks/fake/trump-to-Biden_chunk0128.wav,4.0,16000
data/raw/deep_voice/fake/trump-to-Biden.wav,129,fake,data/interim/deep_voice_chunks/fake/trump-to-Biden_chunk0129.wav,4.0,16000
data/raw/deep_voice/fake/trump-to-Biden.wav,130,fake,data/interim/deep_voice_chunks/fake/trump-to-Biden_chunk0130.wav,4.0,16000
data/raw/deep_voice/fake/trump-to-Biden.wav,131,fake,data/interim/deep_voice_chunks/fake/trump-to-Biden_chunk0131.wav,4.0,16000
data/raw/deep_voice/fake/trump-to-Biden.wav,132,fake,data/interim/deep_voice_chunks/fake/trump-to-Biden_chunk0132.wav,4.0,16000
data/raw/deep_voice/fake/trump-to-Biden.wav,133,fake,data/interim/deep_voice_chunks/fake/trump-to-Biden_chunk0133.wav,4.0,16000
data/raw/deep_voice/fake/trump-to-Biden.wav,134,fake,data/interim/deep_voice_chunks/fake/trump-to-Biden_chunk0134.wav,4.0,16000
data/raw/deep_voice/fake/trump-to-Biden.wav,135,fake,data/interim/deep_voice_chunks/fake/trump-to-Biden_chunk0135.wav,4.0,16000
data/raw/deep_voice/fake/trump-to-Biden.wav,136,fake,data/interim/deep_voice_chunks/fake/trump-to-Biden_chunk0136.wav,4.0,16000
data/raw/deep_voice/fake/trump-to-Biden.wav,137,fake,data/interim/deep_voice_chunks/fake/trump-to-Biden_chunk0137.wav,4.0,16000
data/raw/deep_voice/fake/trump-to-Biden.wav,138,fake,data/interim/deep_voice_chunks/fake/trump-to-Biden_chunk0138.wav,4.0,16000
data/raw/deep_voice/fake/trump-to-Biden.wav,139,fake,data/interim/deep_voice_chunks/fake/trump-to-Biden_chunk0139.wav,4.0,16000
data/raw/deep_voice/fake/trump-to-Biden.wav,140,fake,data/interim/deep_voice_chunks/fake/trump-to-Biden_chunk0140.wav,4.0,16000
data/raw/deep_voice/fake/trump-to-Biden.wav,141,fake,data/interim/deep_voice_chunks/fake/trump-to-Biden_chunk0141.wav,4.0,16000
data/raw/deep_voice/fake/trump-to-Biden.wav,142,fake,data/interim/deep_voice_chunks/fake/trump-to-Biden_chunk0142.wav,4.0,16000
data/raw/deep_voice/fake/trump-to-Biden.wav,143,fake,data/interim/deep_voice_chunks/fake/trump-to-Biden_chunk0143.wav,4.0,16000
data/raw/deep_voice/fake/trump-to-Biden.wav,144,fake,data/interim/deep_voice_chunks/fake/trump-to-Biden_chunk0144.wav,4.0,16000
data/raw/deep_voice/fake/trump-to-Biden.wav,145,fake,data/interim/deep_voice_chunks/fake/trump-to-Biden_chunk0145.wav,4.0,16000
data/raw/deep_voice/fake/trump-to-Biden.wav,146,fake,data/interim/deep_voice_chunks/fake/trump-to-Biden_chunk0146.wav,4.0,16000
data/raw/deep_voice/fake/trump-to-Biden.wav,147,fake,data/interim/deep_voice_chunks/fake/trump-to-Biden_chunk0147.wav,4.0,16000
data/raw/deep_voice/fake/trump-to-Biden.wav,148,fake,data/interim/deep_voice_chunks/fake/trump-to-Biden_chunk0148.wav,4.0,16000
data/raw/deep_voice/fake/trump-to-Biden.wav,149,fake,data/interim/deep_voice_chunks/fake/trump-to-Biden_chunk0149.wav,3.904,16000
data/raw/deep_voice/fake/trump-to-linus.wav,0,fake,data/interim/deep_voice_chunks/fake/trump-to-linus_chunk0000.wav,4.0,16000
data/raw/deep_voice/fake/trump-to-linus.wav,1,fake,data/interim/deep_voice_chunks/fake/trump-to-linus_chunk0001.wav,4.0,16000
data/raw/deep_voice/fake/trump-to-linus.wav,2,fake,data/interim/deep_voice_chunks/fake/trump-to-linus_chunk0002.wav,4.0,16000
data/raw/deep_voice/fake/trump-to-linus.wav,3,fake,data/interim/deep_voice_chunks/fake/trump-to-linus_chunk0003.wav,4.0,16000
data/raw/deep_voice/fake/trump-to-linus.wav,4,fake,data/interim/deep_voice_chunks/fake/trump-to-linus_chunk0004.wav,4.0,16000
data/raw/deep_voice/fake/trump-to-linus.wav,5,fake,data/interim/deep_voice_chunks/fake/trump-to-linus_chunk0005.wav,4.0,16000
data/raw/deep_voice/fake/trump-to-linus.wav,6,fake,data/interim/deep_voice_chunks/fake/trump-to-linus_chunk0006.wav,4.0,16000
data/raw/deep_voice/fake/trump-to-linus.wav,7,fake,data/interim/deep_voice_chunks/fake/trump-to-linus_chunk0007.wav,4.0,16000
data/raw/deep_voice/fake/trump-to-linus.wav,8,fake,data/interim/deep_voice_chunks/fake/trump-to-linus_chunk0008.wav,4.0,16000
data/raw/deep_voice/fake/trump-to-linus.wav,9,fake,data/interim/deep_voice_chunks/fake/trump-to-linus_chunk0009.wav,4.0,16000
data/raw/deep_voice/fake/trump-to-linus.wav,10,fake,data/interim/deep_voice_chunks/fake/trump-to-linus_chunk0010.wav,4.0,16000
data/raw/deep_voice/fake/trump-to-linus.wav,11,fake,data/interim/deep_voice_chunks/fake/trump-to-linus_chunk0011.wav,4.0,16000
data/raw/deep_voice/fake/trump-to-linus.wav,12,fake,data/interim/deep_voice_chunks/fake/trump-to-linus_chunk0012.wav,4.0,16000
data/raw/deep_voice/fake/trump-to-linus.wav,13,fake,data/interim/deep_voice_chunks/fake/trump-to-linus_chunk0013.wav,4.0,16000
data/raw/deep_voice/fake/trump-to-linus.wav,14,fake,data/interim/deep_voice_chunks/fake/trump-to-linus_chunk0014.wav,4.0,16000
data/raw/deep_voice/fake/trump-to-linus.wav,15,fake,data/interim/deep_voice_chunks/fake/trump-to-linus_chunk0015.wav,4.0,16000
data/raw/deep_voice/fake/trump-to-linus.wav,16,fake,data/interim/deep_voice_chunks/fake/trump-to-linus_chunk0016.wav,4.0,16000
data/raw/deep_voice/fake/trump-to-linus.wav,17,fake,data/interim/deep_voice_chunks/fake/trump-to-linus_chunk0017.wav,4.0,16000
data/raw/deep_voice/fake/trump-to-linus.wav,18,fake,data/interim/deep_voice_chunks/fake/trump-to-linus_chunk0018.wav,4.0,16000
data/raw/deep_voice/fake/trump-to-linus.wav,19,fake,data/interim/deep_voice_chunks/fake/trump-to-linus_chunk0019.wav,4.0,16000
data/raw/deep_voice/fake/trump-to-linus.wav,20,fake,data/interim/deep_voice_chunks/fake/trump-to-linus_chunk0020.wav,4.0,16000
data/raw/deep_voice/fake/trump-to-linus.wav,21,fake,data/interim/deep_voice_chunks/fake/trump-to-linus_chunk0021.wav,4.0,16000
data/raw/deep_voice/fake/trump-to-linus.wav,22,fake,data/interim/deep_voice_chunks/fake/trump-to-linus_chunk0022.wav,4.0,16000
data/raw/deep_voice/fake/trump-to-linus.wav,23,fake,data/interim/deep_voice_chunks/fake/trump-to-linus_chunk0023.wav,4.0,16000
data/raw/deep_voice/fake/trump-to-linus.wav,24,fake,data/interim/deep_voice_chunks/fake/trump-to-linus_chunk0024.wav,4.0,16000
data/raw/deep_voice/fake/trump-to-linus.wav,25,fake,data/interim/deep_voice_chunks/fake/trump-to-linus_chunk0025.wav,4.0,16000
data/raw/deep_voice/fake/trump-to-linus.wav,26,fake,data/interim/deep_voice_chunks/fake/trump-to-linus_chunk0026.wav,4.0,16000
data/raw/deep_voice/fake/trump-to-linus.wav,27,fake,data/interim/deep_voice_chunks/fake/trump-to-linus_chunk0027.wav,4.0,16000
data/raw/deep_voice/fake/trump-to-linus.wav,28,fake,data/interim/deep_voice_chunks/fake/trump-to-linus_chunk0028.wav,4.0,16000
data/raw/deep_voice/fake/trump-to-linus.wav,29,fake,data/interim/deep_voice_chunks/fake/trump-to-linus_chunk0029.wav,4.0,16000
data/raw/deep_voice/fake/trump-to-linus.wav,30,fake,data/interim/deep_voice_chunks/fake/trump-to-linus_chunk0030.wav,4.0,16000
data/raw/deep_voice/fake/trump-to-linus.wav,31,fake,data/interim/deep_voice_chunks/fake/trump-to-linus_chunk0031.wav,4.0,16000
data/raw/deep_voice/fake/trump-to-linus.wav,32,fake,data/interim/deep_voice_chunks/fake/trump-to-linus_chunk0032.wav,4.0,16000
data/raw/deep_voice/fake/trump-to-linus.wav,33,fake,data/interim/deep_voice_chunks/fake/trump-to-linus_chunk0033.wav,4.0,16000
data/raw/deep_voice/fake/trump-to-linus.wav,34,fake,data/interim/deep_voice_chunks/fake/trump-to-linus_chunk0034.wav,4.0,16000
data/raw/deep_voice/fake/trump-to-linus.wav,35,fake,data/interim/deep_voice_chunks/fake/trump-to-linus_chunk0035.wav,4.0,16000
data/raw/deep_voice/fake/trump-to-linus.wav,36,fake,data/interim/deep_voice_chunks/fake/trump-to-linus_chunk0036.wav,4.0,16000
data/raw/deep_voice/fake/trump-to-linus.wav,37,fake,data/interim/deep_voice_chunks/fake/trump-to-linus_chunk0037.wav,4.0,16000
data/raw/deep_voice/fake/trump-to-linus.wav,38,fake,data/interim/deep_voice_chunks/fake/trump-to-linus_chunk0038.wav,4.0,16000
data/raw/deep_voice/fake/trump-to-linus.wav,39,fake,data/interim/deep_voice_chunks/fake/trump-to-linus_chunk0039.wav,4.0,16000
data/raw/deep_voice/fake/trump-to-linus.wav,40,fake,data/interim/deep_voice_chunks/fake/trump-to-linus_chunk0040.wav,4.0,16000
data/raw/deep_voice/fake/trump-to-linus.wav,41,fake,data/interim/deep_voice_chunks/fake/trump-to-linus_chunk0041.wav,4.0,16000
data/raw/deep_voice/fake/trump-to-linus.wav,42,fake,data/interim/deep_voice_chunks/fake/trump-to-linus_chunk0042.wav,4.0,16000
data/raw/deep_voice/fake/trump-to-linus.wav,43,fake,data/interim/deep_voice_chunks/fake/trump-to-linus_chunk0043.wav,4.0,16000
data/raw/deep_voice/fake/trump-to-linus.wav,44,fake,data/interim/deep_voice_chunks/fake/trump-to-linus_chunk0044.wav,4.0,16000
data/raw/deep_voice/fake/trump-to-linus.wav,45,fake,data/interim/deep_voice_chunks/fake/trump-to-linus_chunk0045.wav,4.0,16000
data/raw/deep_voice/fake/trump-to-linus.wav,46,fake,data/interim/deep_voice_chunks/fake/trump-to-linus_chunk0046.wav,4.0,16000
data/raw/deep_voice/fake/trump-to-linus.wav,47,fake,data/interim/deep_voice_chunks/fake/trump-to-linus_chunk0047.wav,4.0,16000
data/raw/deep_voice/fake/trump-to-linus.wav,48,fake,data/interim/deep_voice_chunks/fake/trump-to-linus_chunk0048.wav,4.0,16000
data/raw/deep_voice/fake/trump-to-linus.wav,49,fake,data/interim/deep_voice_chunks/fake/trump-to-linus_chunk0049.wav,4.0,16000
data/raw/deep_voice/fake/trump-to-linus.wav,50,fake,data/interim/deep_voice_chunks/fake/trump-to-linus_chunk0050.wav,4.0,16000
data/raw/deep_voice/fake/trump-to-linus.wav,51,fake,data/interim/deep_voice_chunks/fake/trump-to-linus_chunk0051.wav,4.0,16000
data/raw/deep_voice/fake/trump-to-linus.wav,52,fake,data/interim/deep_voice_chunks/fake/trump-to-linus_chunk0052.wav,4.0,16000
data/raw/deep_voice/fake/trump-to-linus.wav,53,fake,data/interim/deep_voice_chunks/fake/trump-to-linus_chunk0053.wav,4.0,16000
data/raw/deep_voice/fake/trump-to-linus.wav,54,fake,data/interim/deep_voice_chunks/fake/trump-to-linus_chunk0054.wav,4.0,16000
data/raw/deep_voice/fake/trump-to-linus.wav,55,fake,data/interim/deep_voice_chunks/fake/trump-to-linus_chunk0055.wav,4.0,16000
data/raw/deep_voice/fake/trump-to-linus.wav,56,fake,data/interim/deep_voice_chunks/fake/trump-to-linus_chunk0056.wav,4.0,16000
data/raw/deep_voice/fake/trump-to-linus.wav,57,fake,data/interim/deep_voice_chunks/fake/trump-to-linus_chunk0057.wav,4.0,16000
data/raw/deep_voice/fake/trump-to-linus.wav,58,fake,data/interim/deep_voice_chunks/fake/trump-to-linus_chunk0058.wav,4.0,16000
data/raw/deep_voice/fake/trump-to-linus.wav,59,fake,data/interim/deep_voice_chunks/fake/trump-to-linus_chunk0059.wav,4.0,16000
data/raw/deep_voice/fake/trump-to-linus.wav,60,fake,data/interim/deep_voice_chunks/fake/trump-to-linus_chunk0060.wav,4.0,16000
data/raw/deep_voice/fake/trump-to-linus.wav,61,fake,data/interim/deep_voice_chunks/fake/trump-to-linus_chunk0061.wav,4.0,16000
data/raw/deep_voice/fake/trump-to-linus.wav,62,fake,data/interim/deep_voice_chunks/fake/trump-to-linus_chunk0062.wav,4.0,16000
data/raw/deep_voice/fake/trump-to-linus.wav,63,fake,data/interim/deep_voice_chunks/fake/trump-to-linus_chunk0063.wav,4.0,16000
data/raw/deep_voice/fake/trump-to-linus.wav,64,fake,data/interim/deep_voice_chunks/fake/trump-to-linus_chunk0064.wav,4.0,16000
data/raw/deep_voice/fake/trump-to-linus.wav,65,fake,data/interim/deep_voice_chunks/fake/trump-to-linus_chunk0065.wav,4.0,16000
data/raw/deep_voice/fake/trump-to-linus.wav,66,fake,data/interim/deep_voice_chunks/fake/trump-to-linus_chunk0066.wav,4.0,16000
data/raw/deep_voice/fake/trump-to-linus.wav,67,fake,data/interim/deep_voice_chunks/fake/trump-to-linus_chunk0067.wav,4.0,16000
data/raw/deep_voice/fake/trump-to-linus.wav,68,fake,data/interim/deep_voice_chunks/fake/trump-to-linus_chunk0068.wav,4.0,16000
data/raw/deep_voice/fake/trump-to-linus.wav,69,fake,data/interim/deep_voice_chunks/fake/trump-to-linus_chunk0069.wav,4.0,16000
data/raw/deep_voice/fake/trump-to-linus.wav,70,fake,data/interim/deep_voice_chunks/fake/trump-to-linus_chunk0070.wav,4.0,16000
data/raw/deep_voice/fake/trump-to-linus.wav,71,fake,data/interim/deep_voice_chunks/fake/trump-to-linus_chunk0071.wav,4.0,16000
data/raw/deep_voice/fake/trump-to-linus.wav,72,fake,data/interim/deep_voice_chunks/fake/trump-to-linus_chunk0072.wav,4.0,16000
data/raw/deep_voice/fake/trump-to-linus.wav,73,fake,data/interim/deep_voice_chunks/fake/trump-to-linus_chunk0073.wav,4.0,16000
data/raw/deep_voice/fake/trump-to-linus.wav,74,fake,data/interim/deep_voice_chunks/fake/trump-to-linus_chunk0074.wav,4.0,16000
data/raw/deep_voice/fake/trump-to-linus.wav,75,fake,data/interim/deep_voice_chunks/fake/trump-to-linus_chunk0075.wav,4.0,16000
data/raw/deep_voice/fake/trump-to-linus.wav,76,fake,data/interim/deep_voice_chunks/fake/trump-to-linus_chunk0076.wav,4.0,16000
data/raw/deep_voice/fake/trump-to-linus.wav,77,fake,data/interim/deep_voice_chunks/fake/trump-to-linus_chunk0077.wav,4.0,16000
data/raw/deep_voice/fake/trump-to-linus.wav,78,fake,data/interim/deep_voice_chunks/fake/trump-to-linus_chunk0078.wav,4.0,16000
data/raw/deep_voice/fake/trump-to-linus.wav,79,fake,data/interim/deep_voice_chunks/fake/trump-to-linus_chunk0079.wav,4.0,16000
data/raw/deep_voice/fake/trump-to-linus.wav,80,fake,data/interim/deep_voice_chunks/fake/trump-to-linus_chunk0080.wav,4.0,16000
data/raw/deep_voice/fake/trump-to-linus.wav,81,fake,data/interim/deep_voice_chunks/fake/trump-to-linus_chunk0081.wav,4.0,16000
data/raw/deep_voice/fake/trump-to-linus.wav,82,fake,data/interim/deep_voice_chunks/fake/trump-to-linus_chunk0082.wav,4.0,16000
data/raw/deep_voice/fake/trump-to-linus.wav,83,fake,data/interim/deep_voice_chunks/fake/trump-to-linus_chunk0083.wav,4.0,16000
data/raw/deep_voice/fake/trump-to-linus.wav,84,fake,data/interim/deep_voice_chunks/fake/trump-to-linus_chunk0084.wav,4.0,16000
data/raw/deep_voice/fake/trump-to-linus.wav,85,fake,data/interim/deep_voice_chunks/fake/trump-to-linus_chunk0085.wav,4.0,16000
data/raw/deep_voice/fake/trump-to-linus.wav,86,fake,data/interim/deep_voice_chunks/fake/trump-to-linus_chunk0086.wav,4.0,16000
data/raw/deep_voice/fake/trump-to-linus.wav,87,fake,data/interim/deep_voice_chunks/fake/trump-to-linus_chunk0087.wav,4.0,16000
data/raw/deep_voice/fake/trump-to-linus.wav,88,fake,data/interim/deep_voice_chunks/fake/trump-to-linus_chunk0088.wav,4.0,16000
data/raw/deep_voice/fake/trump-to-linus.wav,89,fake,data/interim/deep_voice_chunks/fake/trump-to-linus_chunk0089.wav,4.0,16000
data/raw/deep_voice/fake/trump-to-linus.wav,90,fake,data/interim/deep_voice_chunks/fake/trump-to-linus_chunk0090.wav,4.0,16000
data/raw/deep_voice/fake/trump-to-linus.wav,91,fake,data/interim/deep_voice_chunks/fake/trump-to-linus_chunk0091.wav,4.0,16000
data/raw/deep_voice/fake/trump-to-linus.wav,92,fake,data/interim/deep_voice_chunks/fake/trump-to-linus_chunk0092.wav,4.0,16000
data/raw/deep_voice/fake/trump-to-linus.wav,93,fake,data/interim/deep_voice_chunks/fake/trump-to-linus_chunk0093.wav,4.0,16000
data/raw/deep_voice/fake/trump-to-linus.wav,94,fake,data/interim/deep_voice_chunks/fake/trump-to-linus_chunk0094.wav,4.0,16000
data/raw/deep_voice/fake/trump-to-linus.wav,95,fake,data/interim/deep_voice_chunks/fake/trump-to-linus_chunk0095.wav,4.0,16000
data/raw/deep_voice/fake/trump-to-linus.wav,96,fake,data/interim/deep_voice_chunks/fake/trump-to-linus_chunk0096.wav,4.0,16000
data/raw/deep_voice/fake/trump-to-linus.wav,97,fake,data/interim/deep_voice_chunks/fake/trump-to-linus_chunk0097.wav,4.0,16000
data/raw/deep_voice/fake/trump-to-linus.wav,98,fake,data/interim/deep_voice_chunks/fake/trump-to-linus_chunk0098.wav,4.0,16000
data/raw/deep_voice/fake/trump-to-linus.wav,99,fake,data/interim/deep_voice_chunks/fake/trump-to-linus_chunk0099.wav,4.0,16000
data/raw/deep_voice/fake/trump-to-linus.wav,100,fake,data/interim/deep_voice_chunks/fake/trump-to-linus_chunk0100.wav,4.0,16000
data/raw/deep_voice/fake/trump-to-linus.wav,101,fake,data/interim/deep_voice_chunks/fake/trump-to-linus_chunk0101.wav,4.0,16000
data/raw/deep_voice/fake/trump-to-linus.wav,102,fake,data/interim/deep_voice_chunks/fake/trump-to-linus_chunk0102.wav,4.0,16000
data/raw/deep_voice/fake/trump-to-linus.wav,103,fake,data/interim/deep_voice_chunks/fake/trump-to-linus_chunk0103.wav,4.0,16000
data/raw/deep_voice/fake/trump-to-linus.wav,104,fake,data/interim/deep_voice_chunks/fake/trump-to-linus_chunk0104.wav,4.0,16000
data/raw/deep_voice/fake/trump-to-linus.wav,105,fake,data/interim/deep_voice_chunks/fake/trump-to-linus_chunk0105.wav,4.0,16000
data/raw/deep_voice/fake/trump-to-linus.wav,106,fake,data/interim/deep_voice_chunks/fake/trump-to-linus_chunk0106.wav,4.0,16000
data/raw/deep_voice/fake/trump-to-linus.wav,107,fake,data/interim/deep_voice_chunks/fake/trump-to-linus_chunk0107.wav,4.0,16000
data/raw/deep_voice/fake/trump-to-linus.wav,108,fake,data/interim/deep_voice_chunks/fake/trump-to-linus_chunk0108.wav,4.0,16000
data/raw/deep_voice/fake/trump-to-linus.wav,109,fake,data/interim/deep_voice_chunks/fake/trump-to-linus_chunk0109.wav,4.0,16000
data/raw/deep_voice/fake/trump-to-linus.wav,110,fake,data/interim/deep_voice_chunks/fake/trump-to-linus_chunk0110.wav,4.0,16000
data/raw/deep_voice/fake/trump-to-linus.wav,111,fake,data/interim/deep_voice_chunks/fake/trump-to-linus_chunk0111.wav,4.0,16000
data/raw/deep_voice/fake/trump-to-linus.wav,112,fake,data/interim/deep_voice_chunks/fake/trump-to-linus_chunk0112.wav,4.0,16000
data/raw/deep_voice/fake/trump-to-linus.wav,113,fake,data/interim/deep_voice_chunks/fake/trump-to-linus_chunk0113.wav,4.0,16000
data/raw/deep_voice/fake/trump-to-linus.wav,114,fake,data/interim/deep_voice_chunks/fake/trump-to-linus_chunk0114.wav,4.0,16000
data/raw/deep_voice/fake/trump-to-linus.wav,115,fake,data/interim/deep_voice_chunks/fake/trump-to-linus_chunk0115.wav,4.0,16000
data/raw/deep_voice/fake/trump-to-linus.wav,116,fake,data/interim/deep_voice_chunks/fake/trump-to-linus_chunk0116.wav,4.0,16000
data/raw/deep_voice/fake/trump-to-linus.wav,117,fake,data/interim/deep_voice_chunks/fake/trump-to-linus_chunk0117.wav,4.0,16000
data/raw/deep_voice/fake/trump-to-linus.wav,118,fake,data/interim/deep_voice_chunks/fake/trump-to-linus_chunk0118.wav,4.0,16000
data/raw/deep_voice/fake/trump-to-linus.wav,119,fake,data/interim/deep_voice_chunks/fake/trump-to-linus_chunk0119.wav,4.0,16000
data/raw/deep_voice/fake/trump-to-linus.wav,120,fake,data/interim/deep_voice_chunks/fake/trump-to-linus_chunk0120.wav,4.0,16000
data/raw/deep_voice/fake/trump-to-linus.wav,121,fake,data/interim/deep_voice_chunks/fake/trump-to-linus_chunk0121.wav,4.0,16000
data/raw/deep_voice/fake/trump-to-linus.wav,122,fake,data/interim/deep_voice_chunks/fake/trump-to-linus_chunk0122.wav,4.0,16000
data/raw/deep_voice/fake/trump-to-linus.wav,123,fake,data/interim/deep_voice_chunks/fake/trump-to-linus_chunk0123.wav,4.0,16000
data/raw/deep_voice/fake/trump-to-linus.wav,124,fake,data/interim/deep_voice_chunks/fake/trump-to-linus_chunk0124.wav,4.0,16000
data/raw/deep_voice/fake/trump-to-linus.wav,125,fake,data/interim/deep_voice_chunks/fake/trump-to-linus_chunk0125.wav,4.0,16000
data/raw/deep_voice/fake/trump-to-linus.wav,126,fake,data/interim/deep_voice_chunks/fake/trump-to-linus_chunk0126.wav,4.0,16000
data/raw/deep_voice/fake/trump-to-linus.wav,127,fake,data/interim/deep_voice_chunks/fake/trump-to-linus_chunk0127.wav,4.0,16000
data/raw/deep_voice/fake/trump-to-linus.wav,128,fake,data/interim/deep_voice_chunks/fake/trump-to-linus_chunk0128.wav,4.0,16000
data/raw/deep_voice/fake/trump-to-linus.wav,129,fake,data/interim/deep_voice_chunks/fake/trump-to-linus_chunk0129.wav,4.0,16000
data/raw/deep_voice/fake/trump-to-linus.wav,130,fake,data/interim/deep_voice_chunks/fake/trump-to-linus_chunk0130.wav,4.0,16000
data/raw/deep_voice/fake/trump-to-linus.wav,131,fake,data/interim/deep_voice_chunks/fake/trump-to-linus_chunk0131.wav,4.0,16000
data/raw/deep_voice/fake/trump-to-linus.wav,132,fake,data/interim/deep_voice_chunks/fake/trump-to-linus_chunk0132.wav,4.0,16000
data/raw/deep_voice/fake/trump-to-linus.wav,133,fake,data/interim/deep_voice_chunks/fake/trump-to-linus_chunk0133.wav,4.0,16000
data/raw/deep_voice/fake/trump-to-linus.wav,134,fake,data/interim/deep_voice_chunks/fake/trump-to-linus_chunk0134.wav,4.0,16000
data/raw/deep_voice/fake/trump-to-linus.wav,135,fake,data/interim/deep_voice_chunks/fake/trump-to-linus_chunk0135.wav,4.0,16000
data/raw/deep_voice/fake/trump-to-linus.wav,136,fake,data/interim/deep_voice_chunks/fake/trump-to-linus_chunk0136.wav,4.0,16000
data/raw/deep_voice/fake/trump-to-linus.wav,137,fake,data/interim/deep_voice_chunks/fake/trump-to-linus_chunk0137.wav,4.0,16000
data/raw/deep_voice/fake/trump-to-linus.wav,138,fake,data/interim/deep_voice_chunks/fake/trump-to-linus_chunk0138.wav,4.0,16000
data/raw/deep_voice/fake/trump-to-linus.wav,139,fake,data/interim/deep_voice_chunks/fake/trump-to-linus_chunk0139.wav,4.0,16000
data/raw/deep_voice/fake/trump-to-linus.wav,140,fake,data/interim/deep_voice_chunks/fake/trump-to-linus_chunk0140.wav,4.0,16000
data/raw/deep_voice/fake/trump-to-linus.wav,141,fake,data/interim/deep_voice_chunks/fake/trump-to-linus_chunk0141.wav,4.0,16000
data/raw/deep_voice/fake/trump-to-linus.wav,142,fake,data/interim/deep_voice_chunks/fake/trump-to-linus_chunk0142.wav,4.0,16000
data/raw/deep_voice/fake/trump-to-linus.wav,143,fake,data/interim/deep_voice_chunks/fake/trump-to-linus_chunk0143.wav,4.0,16000
data/raw/deep_voice/fake/trump-to-linus.wav,144,fake,data/interim/deep_voice_chunks/fake/trump-to-linus_chunk0144.wav,4.0,16000
data/raw/deep_voice/fake/trump-to-linus.wav,145,fake,data/interim/deep_voice_chunks/fake/trump-to-linus_chunk0145.wav,4.0,16000
data/raw/deep_voice/fake/trump-to-linus.wav,146,fake,data/interim/deep_voice_chunks/fake/trump-to-linus_chunk0146.wav,4.0,16000
data/raw/deep_voice/fake/trump-to-linus.wav,147,fake,data/interim/deep_voice_chunks/fake/trump-to-linus_chunk0147.wav,4.0,16000
data/raw/deep_voice/fake/trump-to-linus.wav,148,fake,data/interim/deep_voice_chunks/fake/trump-to-linus_chunk0148.wav,4.0,16000
data/raw/deep_voice/fake/trump-to-linus.wav,149,fake,data/interim/deep_voice_chunks/fake/trump-to-linus_chunk0149.wav,3.936,16000
data/raw/deep_voice/fake/trump-to-margot.wav,0,fake,data/interim/deep_voice_chunks/fake/trump-to-margot_chunk0000.wav,4.0,16000
data/raw/deep_voice/fake/trump-to-margot.wav,1,fake,data/interim/deep_voice_chunks/fake/trump-to-margot_chunk0001.wav,4.0,16000
data/raw/deep_voice/fake/trump-to-margot.wav,2,fake,data/interim/deep_voice_chunks/fake/trump-to-margot_chunk0002.wav,4.0,16000
data/raw/deep_voice/fake/trump-to-margot.wav,3,fake,data/interim/deep_voice_chunks/fake/trump-to-margot_chunk0003.wav,4.0,16000
data/raw/deep_voice/fake/trump-to-margot.wav,4,fake,data/interim/deep_voice_chunks/fake/trump-to-margot_chunk0004.wav,4.0,16000
data/raw/deep_voice/fake/trump-to-margot.wav,5,fake,data/interim/deep_voice_chunks/fake/trump-to-margot_chunk0005.wav,4.0,16000
data/raw/deep_voice/fake/trump-to-margot.wav,6,fake,data/interim/deep_voice_chunks/fake/trump-to-margot_chunk0006.wav,4.0,16000
data/raw/deep_voice/fake/trump-to-margot.wav,7,fake,data/interim/deep_voice_chunks/fake/trump-to-margot_chunk0007.wav,4.0,16000
data/raw/deep_voice/fake/trump-to-margot.wav,8,fake,data/interim/deep_voice_chunks/fake/trump-to-margot_chunk0008.wav,4.0,16000
data/raw/deep_voice/fake/trump-to-margot.wav,9,fake,data/interim/deep_voice_chunks/fake/trump-to-margot_chunk0009.wav,4.0,16000
data/raw/deep_voice/fake/trump-to-margot.wav,10,fake,data/interim/deep_voice_chunks/fake/trump-to-margot_chunk0010.wav,4.0,16000
data/raw/deep_voice/fake/trump-to-margot.wav,11,fake,data/interim/deep_voice_chunks/fake/trump-to-margot_chunk0011.wav,4.0,16000
data/raw/deep_voice/fake/trump-to-margot.wav,12,fake,data/interim/deep_voice_chunks/fake/trump-to-margot_chunk0012.wav,4.0,16000
data/raw/deep_voice/fake/trump-to-margot.wav,13,fake,data/interim/deep_voice_chunks/fake/trump-to-margot_chunk0013.wav,4.0,16000
data/raw/deep_voice/fake/trump-to-margot.wav,14,fake,data/interim/deep_voice_chunks/fake/trump-to-margot_chunk0014.wav,4.0,16000
data/raw/deep_voice/fake/trump-to-margot.wav,15,fake,data/interim/deep_voice_chunks/fake/trump-to-margot_chunk0015.wav,4.0,16000
data/raw/deep_voice/fake/trump-to-margot.wav,16,fake,data/interim/deep_voice_chunks/fake/trump-to-margot_chunk0016.wav,4.0,16000
data/raw/deep_voice/fake/trump-to-margot.wav,17,fake,data/interim/deep_voice_chunks/fake/trump-to-margot_chunk0017.wav,4.0,16000
data/raw/deep_voice/fake/trump-to-margot.wav,18,fake,data/interim/deep_voice_chunks/fake/trump-to-margot_chunk0018.wav,4.0,16000
data/raw/deep_voice/fake/trump-to-margot.wav,19,fake,data/interim/deep_voice_chunks/fake/trump-to-margot_chunk0019.wav,4.0,16000
data/raw/deep_voice/fake/trump-to-margot.wav,20,fake,data/interim/deep_voice_chunks/fake/trump-to-margot_chunk0020.wav,4.0,16000
data/raw/deep_voice/fake/trump-to-margot.wav,21,fake,data/interim/deep_voice_chunks/fake/trump-to-margot_chunk0021.wav,4.0,16000
data/raw/deep_voice/fake/trump-to-margot.wav,22,fake,data/interim/deep_voice_chunks/fake/trump-to-margot_chunk0022.wav,4.0,16000
data/raw/deep_voice/fake/trump-to-margot.wav,23,fake,data/interim/deep_voice_chunks/fake/trump-to-margot_chunk0023.wav,4.0,16000
data/raw/deep_voice/fake/trump-to-margot.wav,24,fake,data/interim/deep_voice_chunks/fake/trump-to-margot_chunk0024.wav,4.0,16000
data/raw/deep_voice/fake/trump-to-margot.wav,25,fake,data/interim/deep_voice_chunks/fake/trump-to-margot_chunk0025.wav,4.0,16000
data/raw/deep_voice/fake/trump-to-margot.wav,26,fake,data/interim/deep_voice_chunks/fake/trump-to-margot_chunk0026.wav,4.0,16000
data/raw/deep_voice/fake/trump-to-margot.wav,27,fake,data/interim/deep_voice_chunks/fake/trump-to-margot_chunk0027.wav,4.0,16000
data/raw/deep_voice/fake/trump-to-margot.wav,28,fake,data/interim/deep_voice_chunks/fake/trump-to-margot_chunk0028.wav,4.0,16000
data/raw/deep_voice/fake/trump-to-margot.wav,29,fake,data/interim/deep_voice_chunks/fake/trump-to-margot_chunk0029.wav,4.0,16000
data/raw/deep_voice/fake/trump-to-margot.wav,30,fake,data/interim/deep_voice_chunks/fake/trump-to-margot_chunk0030.wav,4.0,16000
data/raw/deep_voice/fake/trump-to-margot.wav,31,fake,data/interim/deep_voice_chunks/fake/trump-to-margot_chunk0031.wav,4.0,16000
data/raw/deep_voice/fake/trump-to-margot.wav,32,fake,data/interim/deep_voice_chunks/fake/trump-to-margot_chunk0032.wav,4.0,16000
data/raw/deep_voice/fake/trump-to-margot.wav,33,fake,data/interim/deep_voice_chunks/fake/trump-to-margot_chunk0033.wav,4.0,16000
data/raw/deep_voice/fake/trump-to-margot.wav,34,fake,data/interim/deep_voice_chunks/fake/trump-to-margot_chunk0034.wav,4.0,16000
data/raw/deep_voice/fake/trump-to-margot.wav,35,fake,data/interim/deep_voice_chunks/fake/trump-to-margot_chunk0035.wav,4.0,16000
data/raw/deep_voice/fake/trump-to-margot.wav,36,fake,data/interim/deep_voice_chunks/fake/trump-to-margot_chunk0036.wav,4.0,16000
data/raw/deep_voice/fake/trump-to-margot.wav,37,fake,data/interim/deep_voice_chunks/fake/trump-to-margot_chunk0037.wav,4.0,16000
data/raw/deep_voice/fake/trump-to-margot.wav,38,fake,data/interim/deep_voice_chunks/fake/trump-to-margot_chunk0038.wav,4.0,16000
data/raw/deep_voice/fake/trump-to-margot.wav,39,fake,data/interim/deep_voice_chunks/fake/trump-to-margot_chunk0039.wav,4.0,16000
data/raw/deep_voice/fake/trump-to-margot.wav,40,fake,data/interim/deep_voice_chunks/fake/trump-to-margot_chunk0040.wav,4.0,16000
data/raw/deep_voice/fake/trump-to-margot.wav,41,fake,data/interim/deep_voice_chunks/fake/trump-to-margot_chunk0041.wav,4.0,16000
data/raw/deep_voice/fake/trump-to-margot.wav,42,fake,data/interim/deep_voice_chunks/fake/trump-to-margot_chunk0042.wav,4.0,16000
data/raw/deep_voice/fake/trump-to-margot.wav,43,fake,data/interim/deep_voice_chunks/fake/trump-to-margot_chunk0043.wav,4.0,16000
data/raw/deep_voice/fake/trump-to-margot.wav,44,fake,data/interim/deep_voice_chunks/fake/trump-to-margot_chunk0044.wav,4.0,16000
data/raw/deep_voice/fake/trump-to-margot.wav,45,fake,data/interim/deep_voice_chunks/fake/trump-to-margot_chunk0045.wav,4.0,16000
data/raw/deep_voice/fake/trump-to-margot.wav,46,fake,data/interim/deep_voice_chunks/fake/trump-to-margot_chunk0046.wav,4.0,16000
data/raw/deep_voice/fake/trump-to-margot.wav,47,fake,data/interim/deep_voice_chunks/fake/trump-to-margot_chunk0047.wav,4.0,16000
data/raw/deep_voice/fake/trump-to-margot.wav,48,fake,data/interim/deep_voice_chunks/fake/trump-to-margot_chunk0048.wav,4.0,16000
data/raw/deep_voice/fake/trump-to-margot.wav,49,fake,data/interim/deep_voice_chunks/fake/trump-to-margot_chunk0049.wav,4.0,16000
data/raw/deep_voice/fake/trump-to-margot.wav,50,fake,data/interim/deep_voice_chunks/fake/trump-to-margot_chunk0050.wav,4.0,16000
data/raw/deep_voice/fake/trump-to-margot.wav,51,fake,data/interim/deep_voice_chunks/fake/trump-to-margot_chunk0051.wav,4.0,16000
data/raw/deep_voice/fake/trump-to-margot.wav,52,fake,data/interim/deep_voice_chunks/fake/trump-to-margot_chunk0052.wav,4.0,16000
data/raw/deep_voice/fake/trump-to-margot.wav,53,fake,data/interim/deep_voice_chunks/fake/trump-to-margot_chunk0053.wav,4.0,16000
data/raw/deep_voice/fake/trump-to-margot.wav,54,fake,data/interim/deep_voice_chunks/fake/trump-to-margot_chunk0054.wav,4.0,16000
data/raw/deep_voice/fake/trump-to-margot.wav,55,fake,data/interim/deep_voice_chunks/fake/trump-to-margot_chunk0055.wav,4.0,16000
data/raw/deep_voice/fake/trump-to-margot.wav,56,fake,data/interim/deep_voice_chunks/fake/trump-to-margot_chunk0056.wav,4.0,16000
data/raw/deep_voice/fake/trump-to-margot.wav,57,fake,data/interim/deep_voice_chunks/fake/trump-to-margot_chunk0057.wav,4.0,16000
data/raw/deep_voice/fake/trump-to-margot.wav,58,fake,data/interim/deep_voice_chunks/fake/trump-to-margot_chunk0058.wav,4.0,16000
data/raw/deep_voice/fake/trump-to-margot.wav,59,fake,data/interim/deep_voice_chunks/fake/trump-to-margot_chunk0059.wav,4.0,16000
data/raw/deep_voice/fake/trump-to-margot.wav,60,fake,data/interim/deep_voice_chunks/fake/trump-to-margot_chunk0060.wav,4.0,16000
data/raw/deep_voice/fake/trump-to-margot.wav,61,fake,data/interim/deep_voice_chunks/fake/trump-to-margot_chunk0061.wav,4.0,16000
data/raw/deep_voice/fake/trump-to-margot.wav,62,fake,data/interim/deep_voice_chunks/fake/trump-to-margot_chunk0062.wav,4.0,16000
data/raw/deep_voice/fake/trump-to-margot.wav,63,fake,data/interim/deep_voice_chunks/fake/trump-to-margot_chunk0063.wav,4.0,16000
data/raw/deep_voice/fake/trump-to-margot.wav,64,fake,data/interim/deep_voice_chunks/fake/trump-to-margot_chunk0064.wav,4.0,16000
data/raw/deep_voice/fake/trump-to-margot.wav,65,fake,data/interim/deep_voice_chunks/fake/trump-to-margot_chunk0065.wav,4.0,16000
data/raw/deep_voice/fake/trump-to-margot.wav,66,fake,data/interim/deep_voice_chunks/fake/trump-to-margot_chunk0066.wav,4.0,16000
data/raw/deep_voice/fake/trump-to-margot.wav,67,fake,data/interim/deep_voice_chunks/fake/trump-to-margot_chunk0067.wav,4.0,16000
data/raw/deep_voice/fake/trump-to-margot.wav,68,fake,data/interim/deep_voice_chunks/fake/trump-to-margot_chunk0068.wav,4.0,16000
data/raw/deep_voice/fake/trump-to-margot.wav,69,fake,data/interim/deep_voice_chunks/fake/trump-to-margot_chunk0069.wav,4.0,16000
data/raw/deep_voice/fake/trump-to-margot.wav,70,fake,data/interim/deep_voice_chunks/fake/trump-to-margot_chunk0070.wav,4.0,16000
data/raw/deep_voice/fake/trump-to-margot.wav,71,fake,data/interim/deep_voice_chunks/fake/trump-to-margot_chunk0071.wav,4.0,16000
data/raw/deep_voice/fake/trump-to-margot.wav,72,fake,data/interim/deep_voice_chunks/fake/trump-to-margot_chunk0072.wav,4.0,16000
data/raw/deep_voice/fake/trump-to-margot.wav,73,fake,data/interim/deep_voice_chunks/fake/trump-to-margot_chunk0073.wav,4.0,16000
data/raw/deep_voice/fake/trump-to-margot.wav,74,fake,data/interim/deep_voice_chunks/fake/trump-to-margot_chunk0074.wav,4.0,16000
data/raw/deep_voice/fake/trump-to-margot.wav,75,fake,data/interim/deep_voice_chunks/fake/trump-to-margot_chunk0075.wav,4.0,16000
data/raw/deep_voice/fake/trump-to-margot.wav,76,fake,data/interim/deep_voice_chunks/fake/trump-to-margot_chunk0076.wav,4.0,16000
data/raw/deep_voice/fake/trump-to-margot.wav,77,fake,data/interim/deep_voice_chunks/fake/trump-to-margot_chunk0077.wav,4.0,16000
data/raw/deep_voice/fake/trump-to-margot.wav,78,fake,data/interim/deep_voice_chunks/fake/trump-to-margot_chunk0078.wav,4.0,16000
data/raw/deep_voice/fake/trump-to-margot.wav,79,fake,data/interim/deep_voice_chunks/fake/trump-to-margot_chunk0079.wav,4.0,16000
data/raw/deep_voice/fake/trump-to-margot.wav,80,fake,data/interim/deep_voice_chunks/fake/trump-to-margot_chunk0080.wav,4.0,16000
data/raw/deep_voice/fake/trump-to-margot.wav,81,fake,data/interim/deep_voice_chunks/fake/trump-to-margot_chunk0081.wav,4.0,16000
data/raw/deep_voice/fake/trump-to-margot.wav,82,fake,data/interim/deep_voice_chunks/fake/trump-to-margot_chunk0082.wav,4.0,16000
data/raw/deep_voice/fake/trump-to-margot.wav,83,fake,data/interim/deep_voice_chunks/fake/trump-to-margot_chunk0083.wav,4.0,16000
data/raw/deep_voice/fake/trump-to-margot.wav,84,fake,data/interim/deep_voice_chunks/fake/trump-to-margot_chunk0084.wav,4.0,16000
data/raw/deep_voice/fake/trump-to-margot.wav,85,fake,data/interim/deep_voice_chunks/fake/trump-to-margot_chunk0085.wav,4.0,16000
data/raw/deep_voice/fake/trump-to-margot.wav,86,fake,data/interim/deep_voice_chunks/fake/trump-to-margot_chunk0086.wav,4.0,16000
data/raw/deep_voice/fake/trump-to-margot.wav,87,fake,data/interim/deep_voice_chunks/fake/trump-to-margot_chunk0087.wav,4.0,16000
data/raw/deep_voice/fake/trump-to-margot.wav,88,fake,data/interim/deep_voice_chunks/fake/trump-to-margot_chunk0088.wav,4.0,16000
data/raw/deep_voice/fake/trump-to-margot.wav,89,fake,data/interim/deep_voice_chunks/fake/trump-to-margot_chunk0089.wav,4.0,16000
data/raw/deep_voice/fake/trump-to-margot.wav,90,fake,data/interim/deep_voice_chunks/fake/trump-to-margot_chunk0090.wav,4.0,16000
data/raw/deep_voice/fake/trump-to-margot.wav,91,fake,data/interim/deep_voice_chunks/fake/trump-to-margot_chunk0091.wav,4.0,16000
data/raw/deep_voice/fake/trump-to-margot.wav,92,fake,data/interim/deep_voice_chunks/fake/trump-to-margot_chunk0092.wav,4.0,16000
data/raw/deep_voice/fake/trump-to-margot.wav,93,fake,data/interim/deep_voice_chunks/fake/trump-to-margot_chunk0093.wav,4.0,16000
data/raw/deep_voice/fake/trump-to-margot.wav,94,fake,data/interim/deep_voice_chunks/fake/trump-to-margot_chunk0094.wav,4.0,16000
data/raw/deep_voice/fake/trump-to-margot.wav,95,fake,data/interim/deep_voice_chunks/fake/trump-to-margot_chunk0095.wav,4.0,16000
data/raw/deep_voice/fake/trump-to-margot.wav,96,fake,data/interim/deep_voice_chunks/fake/trump-to-margot_chunk0096.wav,4.0,16000
data/raw/deep_voice/fake/trump-to-margot.wav,97,fake,data/interim/deep_voice_chunks/fake/trump-to-margot_chunk0097.wav,4.0,16000
data/raw/deep_voice/fake/trump-to-margot.wav,98,fake,data/interim/deep_voice_chunks/fake/trump-to-margot_chunk0098.wav,4.0,16000
data/raw/deep_voice/fake/trump-to-margot.wav,99,fake,data/interim/deep_voice_chunks/fake/trump-to-margot_chunk0099.wav,4.0,16000
data/raw/deep_voice/fake/trump-to-margot.wav,100,fake,data/interim/deep_voice_chunks/fake/trump-to-margot_chunk0100.wav,4.0,16000
data/raw/deep_voice/fake/trump-to-margot.wav,101,fake,data/interim/deep_voice_chunks/fake/trump-to-margot_chunk0101.wav,4.0,16000
data/raw/deep_voice/fake/trump-to-margot.wav,102,fake,data/interim/deep_voice_chunks/fake/trump-to-margot_chunk0102.wav,4.0,16000
data/raw/deep_voice/fake/trump-to-margot.wav,103,fake,data/interim/deep_voice_chunks/fake/trump-to-margot_chunk0103.wav,4.0,16000
data/raw/deep_voice/fake/trump-to-margot.wav,104,fake,data/interim/deep_voice_chunks/fake/trump-to-margot_chunk0104.wav,4.0,16000
data/raw/deep_voice/fake/trump-to-margot.wav,105,fake,data/interim/deep_voice_chunks/fake/trump-to-margot_chunk0105.wav,4.0,16000
data/raw/deep_voice/fake/trump-to-margot.wav,106,fake,data/interim/deep_voice_chunks/fake/trump-to-margot_chunk0106.wav,4.0,16000
data/raw/deep_voice/fake/trump-to-margot.wav,107,fake,data/interim/deep_voice_chunks/fake/trump-to-margot_chunk0107.wav,4.0,16000
data/raw/deep_voice/fake/trump-to-margot.wav,108,fake,data/interim/deep_voice_chunks/fake/trump-to-margot_chunk0108.wav,4.0,16000
data/raw/deep_voice/fake/trump-to-margot.wav,109,fake,data/interim/deep_voice_chunks/fake/trump-to-margot_chunk0109.wav,4.0,16000
data/raw/deep_voice/fake/trump-to-margot.wav,110,fake,data/interim/deep_voice_chunks/fake/trump-to-margot_chunk0110.wav,4.0,16000
data/raw/deep_voice/fake/trump-to-margot.wav,111,fake,data/interim/deep_voice_chunks/fake/trump-to-margot_chunk0111.wav,4.0,16000
data/raw/deep_voice/fake/trump-to-margot.wav,112,fake,data/interim/deep_voice_chunks/fake/trump-to-margot_chunk0112.wav,4.0,16000
data/raw/deep_voice/fake/trump-to-margot.wav,113,fake,data/interim/deep_voice_chunks/fake/trump-to-margot_chunk0113.wav,4.0,16000
data/raw/deep_voice/fake/trump-to-margot.wav,114,fake,data/interim/deep_voice_chunks/fake/trump-to-margot_chunk0114.wav,4.0,16000
data/raw/deep_voice/fake/trump-to-margot.wav,115,fake,data/interim/deep_voice_chunks/fake/trump-to-margot_chunk0115.wav,4.0,16000
data/raw/deep_voice/fake/trump-to-margot.wav,116,fake,data/interim/deep_voice_chunks/fake/trump-to-margot_chunk0116.wav,4.0,16000
data/raw/deep_voice/fake/trump-to-margot.wav,117,fake,data/interim/deep_voice_chunks/fake/trump-to-margot_chunk0117.wav,4.0,16000
data/raw/deep_voice/fake/trump-to-margot.wav,118,fake,data/interim/deep_voice_chunks/fake/trump-to-margot_chunk0118.wav,4.0,16000
data/raw/deep_voice/fake/trump-to-margot.wav,119,fake,data/interim/deep_voice_chunks/fake/trump-to-margot_chunk0119.wav,4.0,16000
data/raw/deep_voice/fake/trump-to-margot.wav,120,fake,data/interim/deep_voice_chunks/fake/trump-to-margot_chunk0120.wav,4.0,16000
data/raw/deep_voice/fake/trump-to-margot.wav,121,fake,data/interim/deep_voice_chunks/fake/trump-to-margot_chunk0121.wav,4.0,16000
data/raw/deep_voice/fake/trump-to-margot.wav,122,fake,data/interim/deep_voice_chunks/fake/trump-to-margot_chunk0122.wav,4.0,16000
data/raw/deep_voice/fake/trump-to-margot.wav,123,fake,data/interim/deep_voice_chunks/fake/trump-to-margot_chunk0123.wav,4.0,16000
data/raw/deep_voice/fake/trump-to-margot.wav,124,fake,data/interim/deep_voice_chunks/fake/trump-to-margot_chunk0124.wav,4.0,16000
data/raw/deep_voice/fake/trump-to-margot.wav,125,fake,data/interim/deep_voice_chunks/fake/trump-to-margot_chunk0125.wav,4.0,16000
data/raw/deep_voice/fake/trump-to-margot.wav,126,fake,data/interim/deep_voice_chunks/fake/trump-to-margot_chunk0126.wav,4.0,16000
data/raw/deep_voice/fake/trump-to-margot.wav,127,fake,data/interim/deep_voice_chunks/fake/trump-to-margot_chunk0127.wav,4.0,16000
data/raw/deep_voice/fake/trump-to-margot.wav,128,fake,data/interim/deep_voice_chunks/fake/trump-to-margot_chunk0128.wav,4.0,16000
data/raw/deep_voice/fake/trump-to-margot.wav,129,fake,data/interim/deep_voice_chunks/fake/trump-to-margot_chunk0129.wav,4.0,16000
data/raw/deep_voice/fake/trump-to-margot.wav,130,fake,data/interim/deep_voice_chunks/fake/trump-to-margot_chunk0130.wav,4.0,16000
data/raw/deep_voice/fake/trump-to-margot.wav,131,fake,data/interim/deep_voice_chunks/fake/trump-to-margot_chunk0131.wav,4.0,16000
data/raw/deep_voice/fake/trump-to-margot.wav,132,fake,data/interim/deep_voice_chunks/fake/trump-to-margot_chunk0132.wav,4.0,16000
data/raw/deep_voice/fake/trump-to-margot.wav,133,fake,data/interim/deep_voice_chunks/fake/trump-to-margot_chunk0133.wav,4.0,16000
data/raw/deep_voice/fake/trump-to-margot.wav,134,fake,data/interim/deep_voice_chunks/fake/trump-to-margot_chunk0134.wav,4.0,16000
data/raw/deep_voice/fake/trump-to-margot.wav,135,fake,data/interim/deep_voice_chunks/fake/trump-to-margot_chunk0135.wav,4.0,16000
data/raw/deep_voice/fake/trump-to-margot.wav,136,fake,data/interim/deep_voice_chunks/fake/trump-to-margot_chunk0136.wav,4.0,16000
data/raw/deep_voice/fake/trump-to-margot.wav,137,fake,data/interim/deep_voice_chunks/fake/trump-to-margot_chunk0137.wav,4.0,16000
data/raw/deep_voice/fake/trump-to-margot.wav,138,fake,data/interim/deep_voice_chunks/fake/trump-to-margot_chunk0138.wav,4.0,16000
data/raw/deep_voice/fake/trump-to-margot.wav,139,fake,data/interim/deep_voice_chunks/fake/trump-to-margot_chunk0139.wav,4.0,16000
data/raw/deep_voice/fake/trump-to-margot.wav,140,fake,data/interim/deep_voice_chunks/fake/trump-to-margot_chunk0140.wav,4.0,16000
data/raw/deep_voice/fake/trump-to-margot.wav,141,fake,data/interim/deep_voice_chunks/fake/trump-to-margot_chunk0141.wav,4.0,16000
data/raw/deep_voice/fake/trump-to-margot.wav,142,fake,data/interim/deep_voice_chunks/fake/trump-to-margot_chunk0142.wav,4.0,16000
data/raw/deep_voice/fake/trump-to-margot.wav,143,fake,data/interim/deep_voice_chunks/fake/trump-to-margot_chunk0143.wav,4.0,16000
data/raw/deep_voice/fake/trump-to-margot.wav,144,fake,data/interim/deep_voice_chunks/fake/trump-to-margot_chunk0144.wav,4.0,16000
data/raw/deep_voice/fake/trump-to-margot.wav,145,fake,data/interim/deep_voice_chunks/fake/trump-to-margot_chunk0145.wav,4.0,16000
data/raw/deep_voice/fake/trump-to-margot.wav,146,fake,data/interim/deep_voice_chunks/fake/trump-to-margot_chunk0146.wav,4.0,16000
data/raw/deep_voice/fake/trump-to-margot.wav,147,fake,data/interim/deep_voice_chunks/fake/trump-to-margot_chunk0147.wav,4.0,16000
data/raw/deep_voice/fake/trump-to-margot.wav,148,fake,data/interim/deep_voice_chunks/fake/trump-to-margot_chunk0148.wav,4.0,16000
data/raw/deep_voice/fake/trump-to-margot.wav,149,fake,data/interim/deep_voice_chunks/fake/trump-to-margot_chunk0149.wav,3.904,16000
data/raw/deep_voice/fake/trump-to-musk.wav,0,fake,data/interim/deep_voice_chunks/fake/trump-to-musk_chunk0000.wav,4.0,16000
data/raw/deep_voice/fake/trump-to-musk.wav,1,fake,data/interim/deep_voice_chunks/fake/trump-to-musk_chunk0001.wav,4.0,16000
data/raw/deep_voice/fake/trump-to-musk.wav,2,fake,data/interim/deep_voice_chunks/fake/trump-to-musk_chunk0002.wav,4.0,16000
data/raw/deep_voice/fake/trump-to-musk.wav,3,fake,data/interim/deep_voice_chunks/fake/trump-to-musk_chunk0003.wav,4.0,16000
data/raw/deep_voice/fake/trump-to-musk.wav,4,fake,data/interim/deep_voice_chunks/fake/trump-to-musk_chunk0004.wav,4.0,16000
data/raw/deep_voice/fake/trump-to-musk.wav,5,fake,data/interim/deep_voice_chunks/fake/trump-to-musk_chunk0005.wav,4.0,16000
data/raw/deep_voice/fake/trump-to-musk.wav,6,fake,data/interim/deep_voice_chunks/fake/trump-to-musk_chunk0006.wav,4.0,16000
data/raw/deep_voice/fake/trump-to-musk.wav,7,fake,data/interim/deep_voice_chunks/fake/trump-to-musk_chunk0007.wav,4.0,16000
data/raw/deep_voice/fake/trump-to-musk.wav,8,fake,data/interim/deep_voice_chunks/fake/trump-to-musk_chunk0008.wav,4.0,16000
data/raw/deep_voice/fake/trump-to-musk.wav,9,fake,data/interim/deep_voice_chunks/fake/trump-to-musk_chunk0009.wav,4.0,16000
data/raw/deep_voice/fake/trump-to-musk.wav,10,fake,data/interim/deep_voice_chunks/fake/trump-to-musk_chunk0010.wav,4.0,16000
data/raw/deep_voice/fake/trump-to-musk.wav,11,fake,data/interim/deep_voice_chunks/fake/trump-to-musk_chunk0011.wav,4.0,16000
data/raw/deep_voice/fake/trump-to-musk.wav,12,fake,data/interim/deep_voice_chunks/fake/trump-to-musk_chunk0012.wav,4.0,16000
data/raw/deep_voice/fake/trump-to-musk.wav,13,fake,data/interim/deep_voice_chunks/fake/trump-to-musk_chunk0013.wav,4.0,16000
data/raw/deep_voice/fake/trump-to-musk.wav,14,fake,data/interim/deep_voice_chunks/fake/trump-to-musk_chunk0014.wav,4.0,16000
data/raw/deep_voice/fake/trump-to-musk.wav,15,fake,data/interim/deep_voice_chunks/fake/trump-to-musk_chunk0015.wav,4.0,16000
data/raw/deep_voice/fake/trump-to-musk.wav,16,fake,data/interim/deep_voice_chunks/fake/trump-to-musk_chunk0016.wav,4.0,16000
data/raw/deep_voice/fake/trump-to-musk.wav,17,fake,data/interim/deep_voice_chunks/fake/trump-to-musk_chunk0017.wav,4.0,16000
data/raw/deep_voice/fake/trump-to-musk.wav,18,fake,data/interim/deep_voice_chunks/fake/trump-to-musk_chunk0018.wav,4.0,16000
data/raw/deep_voice/fake/trump-to-musk.wav,19,fake,data/interim/deep_voice_chunks/fake/trump-to-musk_chunk0019.wav,4.0,16000
data/raw/deep_voice/fake/trump-to-musk.wav,20,fake,data/interim/deep_voice_chunks/fake/trump-to-musk_chunk0020.wav,4.0,16000
data/raw/deep_voice/fake/trump-to-musk.wav,21,fake,data/interim/deep_voice_chunks/fake/trump-to-musk_chunk0021.wav,4.0,16000
data/raw/deep_voice/fake/trump-to-musk.wav,22,fake,data/interim/deep_voice_chunks/fake/trump-to-musk_chunk0022.wav,4.0,16000
data/raw/deep_voice/fake/trump-to-musk.wav,23,fake,data/interim/deep_voice_chunks/fake/trump-to-musk_chunk0023.wav,4.0,16000
data/raw/deep_voice/fake/trump-to-musk.wav,24,fake,data/interim/deep_voice_chunks/fake/trump-to-musk_chunk0024.wav,4.0,16000
data/raw/deep_voice/fake/trump-to-musk.wav,25,fake,data/interim/deep_voice_chunks/fake/trump-to-musk_chunk0025.wav,4.0,16000
data/raw/deep_voice/fake/trump-to-musk.wav,26,fake,data/interim/deep_voice_chunks/fake/trump-to-musk_chunk0026.wav,4.0,16000
data/raw/deep_voice/fake/trump-to-musk.wav,27,fake,data/interim/deep_voice_chunks/fake/trump-to-musk_chunk0027.wav,4.0,16000
data/raw/deep_voice/fake/trump-to-musk.wav,28,fake,data/interim/deep_voice_chunks/fake/trump-to-musk_chunk0028.wav,4.0,16000
data/raw/deep_voice/fake/trump-to-musk.wav,29,fake,data/interim/deep_voice_chunks/fake/trump-to-musk_chunk0029.wav,4.0,16000
data/raw/deep_voice/fake/trump-to-musk.wav,30,fake,data/interim/deep_voice_chunks/fake/trump-to-musk_chunk0030.wav,4.0,16000
data/raw/deep_voice/fake/trump-to-musk.wav,31,fake,data/interim/deep_voice_chunks/fake/trump-to-musk_chunk0031.wav,4.0,16000
data/raw/deep_voice/fake/trump-to-musk.wav,32,fake,data/interim/deep_voice_chunks/fake/trump-to-musk_chunk0032.wav,4.0,16000
data/raw/deep_voice/fake/trump-to-musk.wav,33,fake,data/interim/deep_voice_chunks/fake/trump-to-musk_chunk0033.wav,4.0,16000
data/raw/deep_voice/fake/trump-to-musk.wav,34,fake,data/interim/deep_voice_chunks/fake/trump-to-musk_chunk0034.wav,4.0,16000
data/raw/deep_voice/fake/trump-to-musk.wav,35,fake,data/interim/deep_voice_chunks/fake/trump-to-musk_chunk0035.wav,4.0,16000
data/raw/deep_voice/fake/trump-to-musk.wav,36,fake,data/interim/deep_voice_chunks/fake/trump-to-musk_chunk0036.wav,4.0,16000
data/raw/deep_voice/fake/trump-to-musk.wav,37,fake,data/interim/deep_voice_chunks/fake/trump-to-musk_chunk0037.wav,4.0,16000
data/raw/deep_voice/fake/trump-to-musk.wav,38,fake,data/interim/deep_voice_chunks/fake/trump-to-musk_chunk0038.wav,4.0,16000
data/raw/deep_voice/fake/trump-to-musk.wav,39,fake,data/interim/deep_voice_chunks/fake/trump-to-musk_chunk0039.wav,4.0,16000
data/raw/deep_voice/fake/trump-to-musk.wav,40,fake,data/interim/deep_voice_chunks/fake/trump-to-musk_chunk0040.wav,4.0,16000
data/raw/deep_voice/fake/trump-to-musk.wav,41,fake,data/interim/deep_voice_chunks/fake/trump-to-musk_chunk0041.wav,4.0,16000
data/raw/deep_voice/fake/trump-to-musk.wav,42,fake,data/interim/deep_voice_chunks/fake/trump-to-musk_chunk0042.wav,4.0,16000
data/raw/deep_voice/fake/trump-to-musk.wav,43,fake,data/interim/deep_voice_chunks/fake/trump-to-musk_chunk0043.wav,4.0,16000
data/raw/deep_voice/fake/trump-to-musk.wav,44,fake,data/interim/deep_voice_chunks/fake/trump-to-musk_chunk0044.wav,4.0,16000
data/raw/deep_voice/fake/trump-to-musk.wav,45,fake,data/interim/deep_voice_chunks/fake/trump-to-musk_chunk0045.wav,4.0,16000
data/raw/deep_voice/fake/trump-to-musk.wav,46,fake,data/interim/deep_voice_chunks/fake/trump-to-musk_chunk0046.wav,4.0,16000
data/raw/deep_voice/fake/trump-to-musk.wav,47,fake,data/interim/deep_voice_chunks/fake/trump-to-musk_chunk0047.wav,4.0,16000
data/raw/deep_voice/fake/trump-to-musk.wav,48,fake,data/interim/deep_voice_chunks/fake/trump-to-musk_chunk0048.wav,4.0,16000
data/raw/deep_voice/fake/trump-to-musk.wav,49,fake,data/interim/deep_voice_chunks/fake/trump-to-musk_chunk0049.wav,4.0,16000
data/raw/deep_voice/fake/trump-to-musk.wav,50,fake,data/interim/deep_voice_chunks/fake/trump-to-musk_chunk0050.wav,4.0,16000
data/raw/deep_voice/fake/trump-to-musk.wav,51,fake,data/interim/deep_voice_chunks/fake/trump-to-musk_chunk0051.wav,4.0,16000
data/raw/deep_voice/fake/trump-to-musk.wav,52,fake,data/interim/deep_voice_chunks/fake/trump-to-musk_chunk0052.wav,4.0,16000
data/raw/deep_voice/fake/trump-to-musk.wav,53,fake,data/interim/deep_voice_chunks/fake/trump-to-musk_chunk0053.wav,4.0,16000
data/raw/deep_voice/fake/trump-to-musk.wav,54,fake,data/interim/deep_voice_chunks/fake/trump-to-musk_chunk0054.wav,4.0,16000
data/raw/deep_voice/fake/trump-to-musk.wav,55,fake,data/interim/deep_voice_chunks/fake/trump-to-musk_chunk0055.wav,4.0,16000
data/raw/deep_voice/fake/trump-to-musk.wav,56,fake,data/interim/deep_voice_chunks/fake/trump-to-musk_chunk0056.wav,4.0,16000
data/raw/deep_voice/fake/trump-to-musk.wav,57,fake,data/interim/deep_voice_chunks/fake/trump-to-musk_chunk0057.wav,4.0,16000
data/raw/deep_voice/fake/trump-to-musk.wav,58,fake,data/interim/deep_voice_chunks/fake/trump-to-musk_chunk0058.wav,4.0,16000
data/raw/deep_voice/fake/trump-to-musk.wav,59,fake,data/interim/deep_voice_chunks/fake/trump-to-musk_chunk0059.wav,4.0,16000
data/raw/deep_voice/fake/trump-to-musk.wav,60,fake,data/interim/deep_voice_chunks/fake/trump-to-musk_chunk0060.wav,4.0,16000
data/raw/deep_voice/fake/trump-to-musk.wav,61,fake,data/interim/deep_voice_chunks/fake/trump-to-musk_chunk0061.wav,4.0,16000
data/raw/deep_voice/fake/trump-to-musk.wav,62,fake,data/interim/deep_voice_chunks/fake/trump-to-musk_chunk0062.wav,4.0,16000
data/raw/deep_voice/fake/trump-to-musk.wav,63,fake,data/interim/deep_voice_chunks/fake/trump-to-musk_chunk0063.wav,4.0,16000
data/raw/deep_voice/fake/trump-to-musk.wav,64,fake,data/interim/deep_voice_chunks/fake/trump-to-musk_chunk0064.wav,4.0,16000
data/raw/deep_voice/fake/trump-to-musk.wav,65,fake,data/interim/deep_voice_chunks/fake/trump-to-musk_chunk0065.wav,4.0,16000
data/raw/deep_voice/fake/trump-to-musk.wav,66,fake,data/interim/deep_voice_chunks/fake/trump-to-musk_chunk0066.wav,4.0,16000
data/raw/deep_voice/fake/trump-to-musk.wav,67,fake,data/interim/deep_voice_chunks/fake/trump-to-musk_chunk0067.wav,4.0,16000
data/raw/deep_voice/fake/trump-to-musk.wav,68,fake,data/interim/deep_voice_chunks/fake/trump-to-musk_chunk0068.wav,4.0,16000
data/raw/deep_voice/fake/trump-to-musk.wav,69,fake,data/interim/deep_voice_chunks/fake/trump-to-musk_chunk0069.wav,4.0,16000
data/raw/deep_voice/fake/trump-to-musk.wav,70,fake,data/interim/deep_voice_chunks/fake/trump-to-musk_chunk0070.wav,4.0,16000
data/raw/deep_voice/fake/trump-to-musk.wav,71,fake,data/interim/deep_voice_chunks/fake/trump-to-musk_chunk0071.wav,4.0,16000
data/raw/deep_voice/fake/trump-to-musk.wav,72,fake,data/interim/deep_voice_chunks/fake/trump-to-musk_chunk0072.wav,4.0,16000
data/raw/deep_voice/fake/trump-to-musk.wav,73,fake,data/interim/deep_voice_chunks/fake/trump-to-musk_chunk0073.wav,4.0,16000
data/raw/deep_voice/fake/trump-to-musk.wav,74,fake,data/interim/deep_voice_chunks/fake/trump-to-musk_chunk0074.wav,4.0,16000
data/raw/deep_voice/fake/trump-to-musk.wav,75,fake,data/interim/deep_voice_chunks/fake/trump-to-musk_chunk0075.wav,4.0,16000
data/raw/deep_voice/fake/trump-to-musk.wav,76,fake,data/interim/deep_voice_chunks/fake/trump-to-musk_chunk0076.wav,4.0,16000
data/raw/deep_voice/fake/trump-to-musk.wav,77,fake,data/interim/deep_voice_chunks/fake/trump-to-musk_chunk0077.wav,4.0,16000
data/raw/deep_voice/fake/trump-to-musk.wav,78,fake,data/interim/deep_voice_chunks/fake/trump-to-musk_chunk0078.wav,4.0,16000
data/raw/deep_voice/fake/trump-to-musk.wav,79,fake,data/interim/deep_voice_chunks/fake/trump-to-musk_chunk0079.wav,4.0,16000
data/raw/deep_voice/fake/trump-to-musk.wav,80,fake,data/interim/deep_voice_chunks/fake/trump-to-musk_chunk0080.wav,4.0,16000
data/raw/deep_voice/fake/trump-to-musk.wav,81,fake,data/interim/deep_voice_chunks/fake/trump-to-musk_chunk0081.wav,4.0,16000
data/raw/deep_voice/fake/trump-to-musk.wav,82,fake,data/interim/deep_voice_chunks/fake/trump-to-musk_chunk0082.wav,4.0,16000
data/raw/deep_voice/fake/trump-to-musk.wav,83,fake,data/interim/deep_voice_chunks/fake/trump-to-musk_chunk0083.wav,4.0,16000
data/raw/deep_voice/fake/trump-to-musk.wav,84,fake,data/interim/deep_voice_chunks/fake/trump-to-musk_chunk0084.wav,4.0,16000
data/raw/deep_voice/fake/trump-to-musk.wav,85,fake,data/interim/deep_voice_chunks/fake/trump-to-musk_chunk0085.wav,4.0,16000
data/raw/deep_voice/fake/trump-to-musk.wav,86,fake,data/interim/deep_voice_chunks/fake/trump-to-musk_chunk0086.wav,4.0,16000
data/raw/deep_voice/fake/trump-to-musk.wav,87,fake,data/interim/deep_voice_chunks/fake/trump-to-musk_chunk0087.wav,4.0,16000
data/raw/deep_voice/fake/trump-to-musk.wav,88,fake,data/interim/deep_voice_chunks/fake/trump-to-musk_chunk0088.wav,4.0,16000
data/raw/deep_voice/fake/trump-to-musk.wav,89,fake,data/interim/deep_voice_chunks/fake/trump-to-musk_chunk0089.wav,4.0,16000
data/raw/deep_voice/fake/trump-to-musk.wav,90,fake,data/interim/deep_voice_chunks/fake/trump-to-musk_chunk0090.wav,4.0,16000
data/raw/deep_voice/fake/trump-to-musk.wav,91,fake,data/interim/deep_voice_chunks/fake/trump-to-musk_chunk0091.wav,4.0,16000
data/raw/deep_voice/fake/trump-to-musk.wav,92,fake,data/interim/deep_voice_chunks/fake/trump-to-musk_chunk0092.wav,4.0,16000
data/raw/deep_voice/fake/trump-to-musk.wav,93,fake,data/interim/deep_voice_chunks/fake/trump-to-musk_chunk0093.wav,4.0,16000
data/raw/deep_voice/fake/trump-to-musk.wav,94,fake,data/interim/deep_voice_chunks/fake/trump-to-musk_chunk0094.wav,4.0,16000
data/raw/deep_voice/fake/trump-to-musk.wav,95,fake,data/interim/deep_voice_chunks/fake/trump-to-musk_chunk0095.wav,4.0,16000
data/raw/deep_voice/fake/trump-to-musk.wav,96,fake,data/interim/deep_voice_chunks/fake/trump-to-musk_chunk0096.wav,4.0,16000
data/raw/deep_voice/fake/trump-to-musk.wav,97,fake,data/interim/deep_voice_chunks/fake/trump-to-musk_chunk0097.wav,4.0,16000
data/raw/deep_voice/fake/trump-to-musk.wav,98,fake,data/interim/deep_voice_chunks/fake/trump-to-musk_chunk0098.wav,4.0,16000
data/raw/deep_voice/fake/trump-to-musk.wav,99,fake,data/interim/deep_voice_chunks/fake/trump-to-musk_chunk0099.wav,4.0,16000
data/raw/deep_voice/fake/trump-to-musk.wav,100,fake,data/interim/deep_voice_chunks/fake/trump-to-musk_chunk0100.wav,4.0,16000
data/raw/deep_voice/fake/trump-to-musk.wav,101,fake,data/interim/deep_voice_chunks/fake/trump-to-musk_chunk0101.wav,4.0,16000
data/raw/deep_voice/fake/trump-to-musk.wav,102,fake,data/interim/deep_voice_chunks/fake/trump-to-musk_chunk0102.wav,4.0,16000
data/raw/deep_voice/fake/trump-to-musk.wav,103,fake,data/interim/deep_voice_chunks/fake/trump-to-musk_chunk0103.wav,4.0,16000
data/raw/deep_voice/fake/trump-to-musk.wav,104,fake,data/interim/deep_voice_chunks/fake/trump-to-musk_chunk0104.wav,4.0,16000
data/raw/deep_voice/fake/trump-to-musk.wav,105,fake,data/interim/deep_voice_chunks/fake/trump-to-musk_chunk0105.wav,4.0,16000
data/raw/deep_voice/fake/trump-to-musk.wav,106,fake,data/interim/deep_voice_chunks/fake/trump-to-musk_chunk0106.wav,4.0,16000
data/raw/deep_voice/fake/trump-to-musk.wav,107,fake,data/interim/deep_voice_chunks/fake/trump-to-musk_chunk0107.wav,4.0,16000
data/raw/deep_voice/fake/trump-to-musk.wav,108,fake,data/interim/deep_voice_chunks/fake/trump-to-musk_chunk0108.wav,4.0,16000
data/raw/deep_voice/fake/trump-to-musk.wav,109,fake,data/interim/deep_voice_chunks/fake/trump-to-musk_chunk0109.wav,4.0,16000
data/raw/deep_voice/fake/trump-to-musk.wav,110,fake,data/interim/deep_voice_chunks/fake/trump-to-musk_chunk0110.wav,4.0,16000
data/raw/deep_voice/fake/trump-to-musk.wav,111,fake,data/interim/deep_voice_chunks/fake/trump-to-musk_chunk0111.wav,4.0,16000
data/raw/deep_voice/fake/trump-to-musk.wav,112,fake,data/interim/deep_voice_chunks/fake/trump-to-musk_chunk0112.wav,4.0,16000
data/raw/deep_voice/fake/trump-to-musk.wav,113,fake,data/interim/deep_voice_chunks/fake/trump-to-musk_chunk0113.wav,4.0,16000
data/raw/deep_voice/fake/trump-to-musk.wav,114,fake,data/interim/deep_voice_chunks/fake/trump-to-musk_chunk0114.wav,4.0,16000
data/raw/deep_voice/fake/trump-to-musk.wav,115,fake,data/interim/deep_voice_chunks/fake/trump-to-musk_chunk0115.wav,4.0,16000
data/raw/deep_voice/fake/trump-to-musk.wav,116,fake,data/interim/deep_voice_chunks/fake/trump-to-musk_chunk0116.wav,4.0,16000
data/raw/deep_voice/fake/trump-to-musk.wav,117,fake,data/interim/deep_voice_chunks/fake/trump-to-musk_chunk0117.wav,4.0,16000
data/raw/deep_voice/fake/trump-to-musk.wav,118,fake,data/interim/deep_voice_chunks/fake/trump-to-musk_chunk0118.wav,4.0,16000
data/raw/deep_voice/fake/trump-to-musk.wav,119,fake,data/interim/deep_voice_chunks/fake/trump-to-musk_chunk0119.wav,4.0,16000
data/raw/deep_voice/fake/trump-to-musk.wav,120,fake,data/interim/deep_voice_chunks/fake/trump-to-musk_chunk0120.wav,4.0,16000
data/raw/deep_voice/fake/trump-to-musk.wav,121,fake,data/interim/deep_voice_chunks/fake/trump-to-musk_chunk0121.wav,4.0,16000
data/raw/deep_voice/fake/trump-to-musk.wav,122,fake,data/interim/deep_voice_chunks/fake/trump-to-musk_chunk0122.wav,4.0,16000
data/raw/deep_voice/fake/trump-to-musk.wav,123,fake,data/interim/deep_voice_chunks/fake/trump-to-musk_chunk0123.wav,4.0,16000
data/raw/deep_voice/fake/trump-to-musk.wav,124,fake,data/interim/deep_voice_chunks/fake/trump-to-musk_chunk0124.wav,4.0,16000
data/raw/deep_voice/fake/trump-to-musk.wav,125,fake,data/interim/deep_voice_chunks/fake/trump-to-musk_chunk0125.wav,4.0,16000
data/raw/deep_voice/fake/trump-to-musk.wav,126,fake,data/interim/deep_voice_chunks/fake/trump-to-musk_chunk0126.wav,4.0,16000
data/raw/deep_voice/fake/trump-to-musk.wav,127,fake,data/interim/deep_voice_chunks/fake/trump-to-musk_chunk0127.wav,4.0,16000
data/raw/deep_voice/fake/trump-to-musk.wav,128,fake,data/interim/deep_voice_chunks/fake/trump-to-musk_chunk0128.wav,4.0,16000
data/raw/deep_voice/fake/trump-to-musk.wav,129,fake,data/interim/deep_voice_chunks/fake/trump-to-musk_chunk0129.wav,4.0,16000
data/raw/deep_voice/fake/trump-to-musk.wav,130,fake,data/interim/deep_voice_chunks/fake/trump-to-musk_chunk0130.wav,4.0,16000
data/raw/deep_voice/fake/trump-to-musk.wav,131,fake,data/interim/deep_voice_chunks/fake/trump-to-musk_chunk0131.wav,4.0,16000
data/raw/deep_voice/fake/trump-to-musk.wav,132,fake,data/interim/deep_voice_chunks/fake/trump-to-musk_chunk0132.wav,4.0,16000
data/raw/deep_voice/fake/trump-to-musk.wav,133,fake,data/interim/deep_voice_chunks/fake/trump-to-musk_chunk0133.wav,4.0,16000
data/raw/deep_voice/fake/trump-to-musk.wav,134,fake,data/interim/deep_voice_chunks/fake/trump-to-musk_chunk0134.wav,4.0,16000
data/raw/deep_voice/fake/trump-to-musk.wav,135,fake,data/interim/deep_voice_chunks/fake/trump-to-musk_chunk0135.wav,4.0,16000
data/raw/deep_voice/fake/trump-to-musk.wav,136,fake,data/interim/deep_voice_chunks/fake/trump-to-musk_chunk0136.wav,4.0,16000
data/raw/deep_voice/fake/trump-to-musk.wav,137,fake,data/interim/deep_voice_chunks/fake/trump-to-musk_chunk0137.wav,4.0,16000
data/raw/deep_voice/fake/trump-to-musk.wav,138,fake,data/interim/deep_voice_chunks/fake/trump-to-musk_chunk0138.wav,4.0,16000
data/raw/deep_voice/fake/trump-to-musk.wav,139,fake,data/interim/deep_voice_chunks/fake/trump-to-musk_chunk0139.wav,4.0,16000
data/raw/deep_voice/fake/trump-to-musk.wav,140,fake,data/interim/deep_voice_chunks/fake/trump-to-musk_chunk0140.wav,4.0,16000
data/raw/deep_voice/fake/trump-to-musk.wav,141,fake,data/interim/deep_voice_chunks/fake/trump-to-musk_chunk0141.wav,4.0,16000
data/raw/deep_voice/fake/trump-to-musk.wav,142,fake,data/interim/deep_voice_chunks/fake/trump-to-musk_chunk0142.wav,4.0,16000
data/raw/deep_voice/fake/trump-to-musk.wav,143,fake,data/interim/deep_voice_chunks/fake/trump-to-musk_chunk0143.wav,4.0,16000
data/raw/deep_voice/fake/trump-to-musk.wav,144,fake,data/interim/deep_voice_chunks/fake/trump-to-musk_chunk0144.wav,4.0,16000
data/raw/deep_voice/fake/trump-to-musk.wav,145,fake,data/interim/deep_voice_chunks/fake/trump-to-musk_chunk0145.wav,4.0,16000
data/raw/deep_voice/fake/trump-to-musk.wav,146,fake,data/interim/deep_voice_chunks/fake/trump-to-musk_chunk0146.wav,4.0,16000
data/raw/deep_voice/fake/trump-to-musk.wav,147,fake,data/interim/deep_voice_chunks/fake/trump-to-musk_chunk0147.wav,4.0,16000
data/raw/deep_voice/fake/trump-to-musk.wav,148,fake,data/interim/deep_voice_chunks/fake/trump-to-musk_chunk0148.wav,4.0,16000
data/raw/deep_voice/fake/trump-to-musk.wav,149,fake,data/interim/deep_voice_chunks/fake/trump-to-musk_chunk0149.wav,3.904,16000
data/raw/deep_voice/fake/trump-to-Obama.wav,0,fake,data/interim/deep_voice_chunks/fake/trump-to-Obama_chunk0000.wav,4.0,16000
data/raw/deep_voice/fake/trump-to-Obama.wav,1,fake,data/interim/deep_voice_chunks/fake/trump-to-Obama_chunk0001.wav,4.0,16000
data/raw/deep_voice/fake/trump-to-Obama.wav,2,fake,data/interim/deep_voice_chunks/fake/trump-to-Obama_chunk0002.wav,4.0,16000
data/raw/deep_voice/fake/trump-to-Obama.wav,3,fake,data/interim/deep_voice_chunks/fake/trump-to-Obama_chunk0003.wav,4.0,16000
data/raw/deep_voice/fake/trump-to-Obama.wav,4,fake,data/interim/deep_voice_chunks/fake/trump-to-Obama_chunk0004.wav,4.0,16000
data/raw/deep_voice/fake/trump-to-Obama.wav,5,fake,data/interim/deep_voice_chunks/fake/trump-to-Obama_chunk0005.wav,4.0,16000
data/raw/deep_voice/fake/trump-to-Obama.wav,6,fake,data/interim/deep_voice_chunks/fake/trump-to-Obama_chunk0006.wav,4.0,16000
data/raw/deep_voice/fake/trump-to-Obama.wav,7,fake,data/interim/deep_voice_chunks/fake/trump-to-Obama_chunk0007.wav,4.0,16000
data/raw/deep_voice/fake/trump-to-Obama.wav,8,fake,data/interim/deep_voice_chunks/fake/trump-to-Obama_chunk0008.wav,4.0,16000
data/raw/deep_voice/fake/trump-to-Obama.wav,9,fake,data/interim/deep_voice_chunks/fake/trump-to-Obama_chunk0009.wav,4.0,16000
data/raw/deep_voice/fake/trump-to-Obama.wav,10,fake,data/interim/deep_voice_chunks/fake/trump-to-Obama_chunk0010.wav,4.0,16000
data/raw/deep_voice/fake/trump-to-Obama.wav,11,fake,data/interim/deep_voice_chunks/fake/trump-to-Obama_chunk0011.wav,4.0,16000
data/raw/deep_voice/fake/trump-to-Obama.wav,12,fake,data/interim/deep_voice_chunks/fake/trump-to-Obama_chunk0012.wav,4.0,16000
data/raw/deep_voice/fake/trump-to-Obama.wav,13,fake,data/interim/deep_voice_chunks/fake/trump-to-Obama_chunk0013.wav,4.0,16000
data/raw/deep_voice/fake/trump-to-Obama.wav,14,fake,data/interim/deep_voice_chunks/fake/trump-to-Obama_chunk0014.wav,4.0,16000
data/raw/deep_voice/fake/trump-to-Obama.wav,15,fake,data/interim/deep_voice_chunks/fake/trump-to-Obama_chunk0015.wav,4.0,16000
data/raw/deep_voice/fake/trump-to-Obama.wav,16,fake,data/interim/deep_voice_chunks/fake/trump-to-Obama_chunk0016.wav,4.0,16000
data/raw/deep_voice/fake/trump-to-Obama.wav,17,fake,data/interim/deep_voice_chunks/fake/trump-to-Obama_chunk0017.wav,4.0,16000
data/raw/deep_voice/fake/trump-to-Obama.wav,18,fake,data/interim/deep_voice_chunks/fake/trump-to-Obama_chunk0018.wav,4.0,16000
data/raw/deep_voice/fake/trump-to-Obama.wav,19,fake,data/interim/deep_voice_chunks/fake/trump-to-Obama_chunk0019.wav,4.0,16000
data/raw/deep_voice/fake/trump-to-Obama.wav,20,fake,data/interim/deep_voice_chunks/fake/trump-to-Obama_chunk0020.wav,4.0,16000
data/raw/deep_voice/fake/trump-to-Obama.wav,21,fake,data/interim/deep_voice_chunks/fake/trump-to-Obama_chunk0021.wav,4.0,16000
data/raw/deep_voice/fake/trump-to-Obama.wav,22,fake,data/interim/deep_voice_chunks/fake/trump-to-Obama_chunk0022.wav,4.0,16000
data/raw/deep_voice/fake/trump-to-Obama.wav,23,fake,data/interim/deep_voice_chunks/fake/trump-to-Obama_chunk0023.wav,4.0,16000
data/raw/deep_voice/fake/trump-to-Obama.wav,24,fake,data/interim/deep_voice_chunks/fake/trump-to-Obama_chunk0024.wav,4.0,16000
data/raw/deep_voice/fake/trump-to-Obama.wav,25,fake,data/interim/deep_voice_chunks/fake/trump-to-Obama_chunk0025.wav,4.0,16000
data/raw/deep_voice/fake/trump-to-Obama.wav,26,fake,data/interim/deep_voice_chunks/fake/trump-to-Obama_chunk0026.wav,4.0,16000
data/raw/deep_voice/fake/trump-to-Obama.wav,27,fake,data/interim/deep_voice_chunks/fake/trump-to-Obama_chunk0027.wav,4.0,16000
data/raw/deep_voice/fake/trump-to-Obama.wav,28,fake,data/interim/deep_voice_chunks/fake/trump-to-Obama_chunk0028.wav,4.0,16000
data/raw/deep_voice/fake/trump-to-Obama.wav,29,fake,data/interim/deep_voice_chunks/fake/trump-to-Obama_chunk0029.wav,4.0,16000
data/raw/deep_voice/fake/trump-to-Obama.wav,30,fake,data/interim/deep_voice_chunks/fake/trump-to-Obama_chunk0030.wav,4.0,16000
data/raw/deep_voice/fake/trump-to-Obama.wav,31,fake,data/interim/deep_voice_chunks/fake/trump-to-Obama_chunk0031.wav,4.0,16000
data/raw/deep_voice/fake/trump-to-Obama.wav,32,fake,data/interim/deep_voice_chunks/fake/trump-to-Obama_chunk0032.wav,4.0,16000
data/raw/deep_voice/fake/trump-to-Obama.wav,33,fake,data/interim/deep_voice_chunks/fake/trump-to-Obama_chunk0033.wav,4.0,16000
data/raw/deep_voice/fake/trump-to-Obama.wav,34,fake,data/interim/deep_voice_chunks/fake/trump-to-Obama_chunk0034.wav,4.0,16000
data/raw/deep_voice/fake/trump-to-Obama.wav,35,fake,data/interim/deep_voice_chunks/fake/trump-to-Obama_chunk0035.wav,4.0,16000
data/raw/deep_voice/fake/trump-to-Obama.wav,36,fake,data/interim/deep_voice_chunks/fake/trump-to-Obama_chunk0036.wav,4.0,16000
data/raw/deep_voice/fake/trump-to-Obama.wav,37,fake,data/interim/deep_voice_chunks/fake/trump-to-Obama_chunk0037.wav,4.0,16000
data/raw/deep_voice/fake/trump-to-Obama.wav,38,fake,data/interim/deep_voice_chunks/fake/trump-to-Obama_chunk0038.wav,4.0,16000
data/raw/deep_voice/fake/trump-to-Obama.wav,39,fake,data/interim/deep_voice_chunks/fake/trump-to-Obama_chunk0039.wav,4.0,16000
data/raw/deep_voice/fake/trump-to-Obama.wav,40,fake,data/interim/deep_voice_chunks/fake/trump-to-Obama_chunk0040.wav,4.0,16000
data/raw/deep_voice/fake/trump-to-Obama.wav,41,fake,data/interim/deep_voice_chunks/fake/trump-to-Obama_chunk0041.wav,4.0,16000
data/raw/deep_voice/fake/trump-to-Obama.wav,42,fake,data/interim/deep_voice_chunks/fake/trump-to-Obama_chunk0042.wav,4.0,16000
data/raw/deep_voice/fake/trump-to-Obama.wav,43,fake,data/interim/deep_voice_chunks/fake/trump-to-Obama_chunk0043.wav,4.0,16000
data/raw/deep_voice/fake/trump-to-Obama.wav,44,fake,data/interim/deep_voice_chunks/fake/trump-to-Obama_chunk0044.wav,4.0,16000
data/raw/deep_voice/fake/trump-to-Obama.wav,45,fake,data/interim/deep_voice_chunks/fake/trump-to-Obama_chunk0045.wav,4.0,16000
data/raw/deep_voice/fake/trump-to-Obama.wav,46,fake,data/interim/deep_voice_chunks/fake/trump-to-Obama_chunk0046.wav,4.0,16000
data/raw/deep_voice/fake/trump-to-Obama.wav,47,fake,data/interim/deep_voice_chunks/fake/trump-to-Obama_chunk0047.wav,4.0,16000
data/raw/deep_voice/fake/trump-to-Obama.wav,48,fake,data/interim/deep_voice_chunks/fake/trump-to-Obama_chunk0048.wav,4.0,16000
data/raw/deep_voice/fake/trump-to-Obama.wav,49,fake,data/interim/deep_voice_chunks/fake/trump-to-Obama_chunk0049.wav,4.0,16000
data/raw/deep_voice/fake/trump-to-Obama.wav,50,fake,data/interim/deep_voice_chunks/fake/trump-to-Obama_chunk0050.wav,4.0,16000
data/raw/deep_voice/fake/trump-to-Obama.wav,51,fake,data/interim/deep_voice_chunks/fake/trump-to-Obama_chunk0051.wav,4.0,16000
data/raw/deep_voice/fake/trump-to-Obama.wav,52,fake,data/interim/deep_voice_chunks/fake/trump-to-Obama_chunk0052.wav,4.0,16000
data/raw/deep_voice/fake/trump-to-Obama.wav,53,fake,data/interim/deep_voice_chunks/fake/trump-to-Obama_chunk0053.wav,4.0,16000
data/raw/deep_voice/fake/trump-to-Obama.wav,54,fake,data/interim/deep_voice_chunks/fake/trump-to-Obama_chunk0054.wav,4.0,16000
data/raw/deep_voice/fake/trump-to-Obama.wav,55,fake,data/interim/deep_voice_chunks/fake/trump-to-Obama_chunk0055.wav,4.0,16000
data/raw/deep_voice/fake/trump-to-Obama.wav,56,fake,data/interim/deep_voice_chunks/fake/trump-to-Obama_chunk0056.wav,4.0,16000
data/raw/deep_voice/fake/trump-to-Obama.wav,57,fake,data/interim/deep_voice_chunks/fake/trump-to-Obama_chunk0057.wav,4.0,16000
data/raw/deep_voice/fake/trump-to-Obama.wav,58,fake,data/interim/deep_voice_chunks/fake/trump-to-Obama_chunk0058.wav,4.0,16000
data/raw/deep_voice/fake/trump-to-Obama.wav,59,fake,data/interim/deep_voice_chunks/fake/trump-to-Obama_chunk0059.wav,4.0,16000
data/raw/deep_voice/fake/trump-to-Obama.wav,60,fake,data/interim/deep_voice_chunks/fake/trump-to-Obama_chunk0060.wav,4.0,16000
data/raw/deep_voice/fake/trump-to-Obama.wav,61,fake,data/interim/deep_voice_chunks/fake/trump-to-Obama_chunk0061.wav,4.0,16000
data/raw/deep_voice/fake/trump-to-Obama.wav,62,fake,data/interim/deep_voice_chunks/fake/trump-to-Obama_chunk0062.wav,4.0,16000
data/raw/deep_voice/fake/trump-to-Obama.wav,63,fake,data/interim/deep_voice_chunks/fake/trump-to-Obama_chunk0063.wav,4.0,16000
data/raw/deep_voice/fake/trump-to-Obama.wav,64,fake,data/interim/deep_voice_chunks/fake/trump-to-Obama_chunk0064.wav,4.0,16000
data/raw/deep_voice/fake/trump-to-Obama.wav,65,fake,data/interim/deep_voice_chunks/fake/trump-to-Obama_chunk0065.wav,4.0,16000
data/raw/deep_voice/fake/trump-to-Obama.wav,66,fake,data/interim/deep_voice_chunks/fake/trump-to-Obama_chunk0066.wav,4.0,16000
data/raw/deep_voice/fake/trump-to-Obama.wav,67,fake,data/interim/deep_voice_chunks/fake/trump-to-Obama_chunk0067.wav,4.0,16000
data/raw/deep_voice/fake/trump-to-Obama.wav,68,fake,data/interim/deep_voice_chunks/fake/trump-to-Obama_chunk0068.wav,4.0,16000
data/raw/deep_voice/fake/trump-to-Obama.wav,69,fake,data/interim/deep_voice_chunks/fake/trump-to-Obama_chunk0069.wav,4.0,16000
data/raw/deep_voice/fake/trump-to-Obama.wav,70,fake,data/interim/deep_voice_chunks/fake/trump-to-Obama_chunk0070.wav,4.0,16000
data/raw/deep_voice/fake/trump-to-Obama.wav,71,fake,data/interim/deep_voice_chunks/fake/trump-to-Obama_chunk0071.wav,4.0,16000
data/raw/deep_voice/fake/trump-to-Obama.wav,72,fake,data/interim/deep_voice_chunks/fake/trump-to-Obama_chunk0072.wav,4.0,16000
data/raw/deep_voice/fake/trump-to-Obama.wav,73,fake,data/interim/deep_voice_chunks/fake/trump-to-Obama_chunk0073.wav,4.0,16000
data/raw/deep_voice/fake/trump-to-Obama.wav,74,fake,data/interim/deep_voice_chunks/fake/trump-to-Obama_chunk0074.wav,4.0,16000
data/raw/deep_voice/fake/trump-to-Obama.wav,75,fake,data/interim/deep_voice_chunks/fake/trump-to-Obama_chunk0075.wav,4.0,16000
data/raw/deep_voice/fake/trump-to-Obama.wav,76,fake,data/interim/deep_voice_chunks/fake/trump-to-Obama_chunk0076.wav,4.0,16000
data/raw/deep_voice/fake/trump-to-Obama.wav,77,fake,data/interim/deep_voice_chunks/fake/trump-to-Obama_chunk0077.wav,4.0,16000
data/raw/deep_voice/fake/trump-to-Obama.wav,78,fake,data/interim/deep_voice_chunks/fake/trump-to-Obama_chunk0078.wav,4.0,16000
data/raw/deep_voice/fake/trump-to-Obama.wav,79,fake,data/interim/deep_voice_chunks/fake/trump-to-Obama_chunk0079.wav,4.0,16000
data/raw/deep_voice/fake/trump-to-Obama.wav,80,fake,data/interim/deep_voice_chunks/fake/trump-to-Obama_chunk0080.wav,4.0,16000
data/raw/deep_voice/fake/trump-to-Obama.wav,81,fake,data/interim/deep_voice_chunks/fake/trump-to-Obama_chunk0081.wav,4.0,16000
data/raw/deep_voice/fake/trump-to-Obama.wav,82,fake,data/interim/deep_voice_chunks/fake/trump-to-Obama_chunk0082.wav,4.0,16000
data/raw/deep_voice/fake/trump-to-Obama.wav,83,fake,data/interim/deep_voice_chunks/fake/trump-to-Obama_chunk0083.wav,4.0,16000
data/raw/deep_voice/fake/trump-to-Obama.wav,84,fake,data/interim/deep_voice_chunks/fake/trump-to-Obama_chunk0084.wav,4.0,16000
data/raw/deep_voice/fake/trump-to-Obama.wav,85,fake,data/interim/deep_voice_chunks/fake/trump-to-Obama_chunk0085.wav,4.0,16000
data/raw/deep_voice/fake/trump-to-Obama.wav,86,fake,data/interim/deep_voice_chunks/fake/trump-to-Obama_chunk0086.wav,4.0,16000
data/raw/deep_voice/fake/trump-to-Obama.wav,87,fake,data/interim/deep_voice_chunks/fake/trump-to-Obama_chunk0087.wav,4.0,16000
data/raw/deep_voice/fake/trump-to-Obama.wav,88,fake,data/interim/deep_voice_chunks/fake/trump-to-Obama_chunk0088.wav,4.0,16000
data/raw/deep_voice/fake/trump-to-Obama.wav,89,fake,data/interim/deep_voice_chunks/fake/trump-to-Obama_chunk0089.wav,4.0,16000
data/raw/deep_voice/fake/trump-to-Obama.wav,90,fake,data/interim/deep_voice_chunks/fake/trump-to-Obama_chunk0090.wav,4.0,16000
data/raw/deep_voice/fake/trump-to-Obama.wav,91,fake,data/interim/deep_voice_chunks/fake/trump-to-Obama_chunk0091.wav,4.0,16000
data/raw/deep_voice/fake/trump-to-Obama.wav,92,fake,data/interim/deep_voice_chunks/fake/trump-to-Obama_chunk0092.wav,4.0,16000
data/raw/deep_voice/fake/trump-to-Obama.wav,93,fake,data/interim/deep_voice_chunks/fake/trump-to-Obama_chunk0093.wav,4.0,16000
data/raw/deep_voice/fake/trump-to-Obama.wav,94,fake,data/interim/deep_voice_chunks/fake/trump-to-Obama_chunk0094.wav,4.0,16000
data/raw/deep_voice/fake/trump-to-Obama.wav,95,fake,data/interim/deep_voice_chunks/fake/trump-to-Obama_chunk0095.wav,4.0,16000
data/raw/deep_voice/fake/trump-to-Obama.wav,96,fake,data/interim/deep_voice_chunks/fake/trump-to-Obama_chunk0096.wav,4.0,16000
data/raw/deep_voice/fake/trump-to-Obama.wav,97,fake,data/interim/deep_voice_chunks/fake/trump-to-Obama_chunk0097.wav,4.0,16000
data/raw/deep_voice/fake/trump-to-Obama.wav,98,fake,data/interim/deep_voice_chunks/fake/trump-to-Obama_chunk0098.wav,4.0,16000
data/raw/deep_voice/fake/trump-to-Obama.wav,99,fake,data/interim/deep_voice_chunks/fake/trump-to-Obama_chunk0099.wav,4.0,16000
data/raw/deep_voice/fake/trump-to-Obama.wav,100,fake,data/interim/deep_voice_chunks/fake/trump-to-Obama_chunk0100.wav,4.0,16000
data/raw/deep_voice/fake/trump-to-Obama.wav,101,fake,data/interim/deep_voice_chunks/fake/trump-to-Obama_chunk0101.wav,4.0,16000
data/raw/deep_voice/fake/trump-to-Obama.wav,102,fake,data/interim/deep_voice_chunks/fake/trump-to-Obama_chunk0102.wav,4.0,16000
data/raw/deep_voice/fake/trump-to-Obama.wav,103,fake,data/interim/deep_voice_chunks/fake/trump-to-Obama_chunk0103.wav,4.0,16000
data/raw/deep_voice/fake/trump-to-Obama.wav,104,fake,data/interim/deep_voice_chunks/fake/trump-to-Obama_chunk0104.wav,4.0,16000
data/raw/deep_voice/fake/trump-to-Obama.wav,105,fake,data/interim/deep_voice_chunks/fake/trump-to-Obama_chunk0105.wav,4.0,16000
data/raw/deep_voice/fake/trump-to-Obama.wav,106,fake,data/interim/deep_voice_chunks/fake/trump-to-Obama_chunk0106.wav,4.0,16000
data/raw/deep_voice/fake/trump-to-Obama.wav,107,fake,data/interim/deep_voice_chunks/fake/trump-to-Obama_chunk0107.wav,4.0,16000
data/raw/deep_voice/fake/trump-to-Obama.wav,108,fake,data/interim/deep_voice_chunks/fake/trump-to-Obama_chunk0108.wav,4.0,16000
data/raw/deep_voice/fake/trump-to-Obama.wav,109,fake,data/interim/deep_voice_chunks/fake/trump-to-Obama_chunk0109.wav,4.0,16000
data/raw/deep_voice/fake/trump-to-Obama.wav,110,fake,data/interim/deep_voice_chunks/fake/trump-to-Obama_chunk0110.wav,4.0,16000
data/raw/deep_voice/fake/trump-to-Obama.wav,111,fake,data/interim/deep_voice_chunks/fake/trump-to-Obama_chunk0111.wav,4.0,16000
data/raw/deep_voice/fake/trump-to-Obama.wav,112,fake,data/interim/deep_voice_chunks/fake/trump-to-Obama_chunk0112.wav,4.0,16000
data/raw/deep_voice/fake/trump-to-Obama.wav,113,fake,data/interim/deep_voice_chunks/fake/trump-to-Obama_chunk0113.wav,4.0,16000
data/raw/deep_voice/fake/trump-to-Obama.wav,114,fake,data/interim/deep_voice_chunks/fake/trump-to-Obama_chunk0114.wav,4.0,16000
data/raw/deep_voice/fake/trump-to-Obama.wav,115,fake,data/interim/deep_voice_chunks/fake/trump-to-Obama_chunk0115.wav,4.0,16000
data/raw/deep_voice/fake/trump-to-Obama.wav,116,fake,data/interim/deep_voice_chunks/fake/trump-to-Obama_chunk0116.wav,4.0,16000
data/raw/deep_voice/fake/trump-to-Obama.wav,117,fake,data/interim/deep_voice_chunks/fake/trump-to-Obama_chunk0117.wav,4.0,16000
data/raw/deep_voice/fake/trump-to-Obama.wav,118,fake,data/interim/deep_voice_chunks/fake/trump-to-Obama_chunk0118.wav,4.0,16000
data/raw/deep_voice/fake/trump-to-Obama.wav,119,fake,data/interim/deep_voice_chunks/fake/trump-to-Obama_chunk0119.wav,4.0,16000
data/raw/deep_voice/fake/trump-to-Obama.wav,120,fake,data/interim/deep_voice_chunks/fake/trump-to-Obama_chunk0120.wav,4.0,16000
data/raw/deep_voice/fake/trump-to-Obama.wav,121,fake,data/interim/deep_voice_chunks/fake/trump-to-Obama_chunk0121.wav,4.0,16000
data/raw/deep_voice/fake/trump-to-Obama.wav,122,fake,data/interim/deep_voice_chunks/fake/trump-to-Obama_chunk0122.wav,4.0,16000
data/raw/deep_voice/fake/trump-to-Obama.wav,123,fake,data/interim/deep_voice_chunks/fake/trump-to-Obama_chunk0123.wav,4.0,16000
data/raw/deep_voice/fake/trump-to-Obama.wav,124,fake,data/interim/deep_voice_chunks/fake/trump-to-Obama_chunk0124.wav,4.0,16000
data/raw/deep_voice/fake/trump-to-Obama.wav,125,fake,data/interim/deep_voice_chunks/fake/trump-to-Obama_chunk0125.wav,4.0,16000
data/raw/deep_voice/fake/trump-to-Obama.wav,126,fake,data/interim/deep_voice_chunks/fake/trump-to-Obama_chunk0126.wav,4.0,16000
data/raw/deep_voice/fake/trump-to-Obama.wav,127,fake,data/interim/deep_voice_chunks/fake/trump-to-Obama_chunk0127.wav,4.0,16000
data/raw/deep_voice/fake/trump-to-Obama.wav,128,fake,data/interim/deep_voice_chunks/fake/trump-to-Obama_chunk0128.wav,4.0,16000
data/raw/deep_voice/fake/trump-to-Obama.wav,129,fake,data/interim/deep_voice_chunks/fake/trump-to-Obama_chunk0129.wav,4.0,16000
data/raw/deep_voice/fake/trump-to-Obama.wav,130,fake,data/interim/deep_voice_chunks/fake/trump-to-Obama_chunk0130.wav,4.0,16000
data/raw/deep_voice/fake/trump-to-Obama.wav,131,fake,data/interim/deep_voice_chunks/fake/trump-to-Obama_chunk0131.wav,4.0,16000
data/raw/deep_voice/fake/trump-to-Obama.wav,132,fake,data/interim/deep_voice_chunks/fake/trump-to-Obama_chunk0132.wav,4.0,16000
data/raw/deep_voice/fake/trump-to-Obama.wav,133,fake,data/interim/deep_voice_chunks/fake/trump-to-Obama_chunk0133.wav,4.0,16000
data/raw/deep_voice/fake/trump-to-Obama.wav,134,fake,data/interim/deep_voice_chunks/fake/trump-to-Obama_chunk0134.wav,4.0,16000
data/raw/deep_voice/fake/trump-to-Obama.wav,135,fake,data/interim/deep_voice_chunks/fake/trump-to-Obama_chunk0135.wav,4.0,16000
data/raw/deep_voice/fake/trump-to-Obama.wav,136,fake,data/interim/deep_voice_chunks/fake/trump-to-Obama_chunk0136.wav,4.0,16000
data/raw/deep_voice/fake/trump-to-Obama.wav,137,fake,data/interim/deep_voice_chunks/fake/trump-to-Obama_chunk0137.wav,4.0,16000
data/raw/deep_voice/fake/trump-to-Obama.wav,138,fake,data/interim/deep_voice_chunks/fake/trump-to-Obama_chunk0138.wav,4.0,16000
data/raw/deep_voice/fake/trump-to-Obama.wav,139,fake,data/interim/deep_voice_chunks/fake/trump-to-Obama_chunk0139.wav,4.0,16000
data/raw/deep_voice/fake/trump-to-Obama.wav,140,fake,data/interim/deep_voice_chunks/fake/trump-to-Obama_chunk0140.wav,4.0,16000
data/raw/deep_voice/fake/trump-to-Obama.wav,141,fake,data/interim/deep_voice_chunks/fake/trump-to-Obama_chunk0141.wav,4.0,16000
data/raw/deep_voice/fake/trump-to-Obama.wav,142,fake,data/interim/deep_voice_chunks/fake/trump-to-Obama_chunk0142.wav,4.0,16000
data/raw/deep_voice/fake/trump-to-Obama.wav,143,fake,data/interim/deep_voice_chunks/fake/trump-to-Obama_chunk0143.wav,4.0,16000
data/raw/deep_voice/fake/trump-to-Obama.wav,144,fake,data/interim/deep_voice_chunks/fake/trump-to-Obama_chunk0144.wav,4.0,16000
data/raw/deep_voice/fake/trump-to-Obama.wav,145,fake,data/interim/deep_voice_chunks/fake/trump-to-Obama_chunk0145.wav,4.0,16000
data/raw/deep_voice/fake/trump-to-Obama.wav,146,fake,data/interim/deep_voice_chunks/fake/trump-to-Obama_chunk0146.wav,4.0,16000
data/raw/deep_voice/fake/trump-to-Obama.wav,147,fake,data/interim/deep_voice_chunks/fake/trump-to-Obama_chunk0147.wav,4.0,16000
data/raw/deep_voice/fake/trump-to-Obama.wav,148,fake,data/interim/deep_voice_chunks/fake/trump-to-Obama_chunk0148.wav,4.0,16000
data/raw/deep_voice/fake/trump-to-Obama.wav,149,fake,data/interim/deep_voice_chunks/fake/trump-to-Obama_chunk0149.wav,3.904,16000
data/raw/deep_voice/fake/trump-to-ryan.wav,0,fake,data/interim/deep_voice_chunks/fake/trump-to-ryan_chunk0000.wav,4.0,16000
data/raw/deep_voice/fake/trump-to-ryan.wav,1,fake,data/interim/deep_voice_chunks/fake/trump-to-ryan_chunk0001.wav,4.0,16000
data/raw/deep_voice/fake/trump-to-ryan.wav,2,fake,data/interim/deep_voice_chunks/fake/trump-to-ryan_chunk0002.wav,4.0,16000
data/raw/deep_voice/fake/trump-to-ryan.wav,3,fake,data/interim/deep_voice_chunks/fake/trump-to-ryan_chunk0003.wav,4.0,16000
data/raw/deep_voice/fake/trump-to-ryan.wav,4,fake,data/interim/deep_voice_chunks/fake/trump-to-ryan_chunk0004.wav,4.0,16000
data/raw/deep_voice/fake/trump-to-ryan.wav,5,fake,data/interim/deep_voice_chunks/fake/trump-to-ryan_chunk0005.wav,4.0,16000
data/raw/deep_voice/fake/trump-to-ryan.wav,6,fake,data/interim/deep_voice_chunks/fake/trump-to-ryan_chunk0006.wav,4.0,16000
data/raw/deep_voice/fake/trump-to-ryan.wav,7,fake,data/interim/deep_voice_chunks/fake/trump-to-ryan_chunk0007.wav,4.0,16000
data/raw/deep_voice/fake/trump-to-ryan.wav,8,fake,data/interim/deep_voice_chunks/fake/trump-to-ryan_chunk0008.wav,4.0,16000
data/raw/deep_voice/fake/trump-to-ryan.wav,9,fake,data/interim/deep_voice_chunks/fake/trump-to-ryan_chunk0009.wav,4.0,16000
data/raw/deep_voice/fake/trump-to-ryan.wav,10,fake,data/interim/deep_voice_chunks/fake/trump-to-ryan_chunk0010.wav,4.0,16000
data/raw/deep_voice/fake/trump-to-ryan.wav,11,fake,data/interim/deep_voice_chunks/fake/trump-to-ryan_chunk0011.wav,4.0,16000
data/raw/deep_voice/fake/trump-to-ryan.wav,12,fake,data/interim/deep_voice_chunks/fake/trump-to-ryan_chunk0012.wav,4.0,16000
data/raw/deep_voice/fake/trump-to-ryan.wav,13,fake,data/interim/deep_voice_chunks/fake/trump-to-ryan_chunk0013.wav,4.0,16000
data/raw/deep_voice/fake/trump-to-ryan.wav,14,fake,data/interim/deep_voice_chunks/fake/trump-to-ryan_chunk0014.wav,4.0,16000
data/raw/deep_voice/fake/trump-to-ryan.wav,15,fake,data/interim/deep_voice_chunks/fake/trump-to-ryan_chunk0015.wav,4.0,16000
data/raw/deep_voice/fake/trump-to-ryan.wav,16,fake,data/interim/deep_voice_chunks/fake/trump-to-ryan_chunk0016.wav,4.0,16000
data/raw/deep_voice/fake/trump-to-ryan.wav,17,fake,data/interim/deep_voice_chunks/fake/trump-to-ryan_chunk0017.wav,4.0,16000
data/raw/deep_voice/fake/trump-to-ryan.wav,18,fake,data/interim/deep_voice_chunks/fake/trump-to-ryan_chunk0018.wav,4.0,16000
data/raw/deep_voice/fake/trump-to-ryan.wav,19,fake,data/interim/deep_voice_chunks/fake/trump-to-ryan_chunk0019.wav,4.0,16000
data/raw/deep_voice/fake/trump-to-ryan.wav,20,fake,data/interim/deep_voice_chunks/fake/trump-to-ryan_chunk0020.wav,4.0,16000
data/raw/deep_voice/fake/trump-to-ryan.wav,21,fake,data/interim/deep_voice_chunks/fake/trump-to-ryan_chunk0021.wav,4.0,16000
data/raw/deep_voice/fake/trump-to-ryan.wav,22,fake,data/interim/deep_voice_chunks/fake/trump-to-ryan_chunk0022.wav,4.0,16000
data/raw/deep_voice/fake/trump-to-ryan.wav,23,fake,data/interim/deep_voice_chunks/fake/trump-to-ryan_chunk0023.wav,4.0,16000
data/raw/deep_voice/fake/trump-to-ryan.wav,24,fake,data/interim/deep_voice_chunks/fake/trump-to-ryan_chunk0024.wav,4.0,16000
data/raw/deep_voice/fake/trump-to-ryan.wav,25,fake,data/interim/deep_voice_chunks/fake/trump-to-ryan_chunk0025.wav,4.0,16000
data/raw/deep_voice/fake/trump-to-ryan.wav,26,fake,data/interim/deep_voice_chunks/fake/trump-to-ryan_chunk0026.wav,4.0,16000
data/raw/deep_voice/fake/trump-to-ryan.wav,27,fake,data/interim/deep_voice_chunks/fake/trump-to-ryan_chunk0027.wav,4.0,16000
data/raw/deep_voice/fake/trump-to-ryan.wav,28,fake,data/interim/deep_voice_chunks/fake/trump-to-ryan_chunk0028.wav,4.0,16000
data/raw/deep_voice/fake/trump-to-ryan.wav,29,fake,data/interim/deep_voice_chunks/fake/trump-to-ryan_chunk0029.wav,4.0,16000
data/raw/deep_voice/fake/trump-to-ryan.wav,30,fake,data/interim/deep_voice_chunks/fake/trump-to-ryan_chunk0030.wav,4.0,16000
data/raw/deep_voice/fake/trump-to-ryan.wav,31,fake,data/interim/deep_voice_chunks/fake/trump-to-ryan_chunk0031.wav,4.0,16000
data/raw/deep_voice/fake/trump-to-ryan.wav,32,fake,data/interim/deep_voice_chunks/fake/trump-to-ryan_chunk0032.wav,4.0,16000
data/raw/deep_voice/fake/trump-to-ryan.wav,33,fake,data/interim/deep_voice_chunks/fake/trump-to-ryan_chunk0033.wav,4.0,16000
data/raw/deep_voice/fake/trump-to-ryan.wav,34,fake,data/interim/deep_voice_chunks/fake/trump-to-ryan_chunk0034.wav,4.0,16000
data/raw/deep_voice/fake/trump-to-ryan.wav,35,fake,data/interim/deep_voice_chunks/fake/trump-to-ryan_chunk0035.wav,4.0,16000
data/raw/deep_voice/fake/trump-to-ryan.wav,36,fake,data/interim/deep_voice_chunks/fake/trump-to-ryan_chunk0036.wav,4.0,16000
data/raw/deep_voice/fake/trump-to-ryan.wav,37,fake,data/interim/deep_voice_chunks/fake/trump-to-ryan_chunk0037.wav,4.0,16000
data/raw/deep_voice/fake/trump-to-ryan.wav,38,fake,data/interim/deep_voice_chunks/fake/trump-to-ryan_chunk0038.wav,4.0,16000
data/raw/deep_voice/fake/trump-to-ryan.wav,39,fake,data/interim/deep_voice_chunks/fake/trump-to-ryan_chunk0039.wav,4.0,16000
data/raw/deep_voice/fake/trump-to-ryan.wav,40,fake,data/interim/deep_voice_chunks/fake/trump-to-ryan_chunk0040.wav,4.0,16000
data/raw/deep_voice/fake/trump-to-ryan.wav,41,fake,data/interim/deep_voice_chunks/fake/trump-to-ryan_chunk0041.wav,4.0,16000
data/raw/deep_voice/fake/trump-to-ryan.wav,42,fake,data/interim/deep_voice_chunks/fake/trump-to-ryan_chunk0042.wav,4.0,16000
data/raw/deep_voice/fake/trump-to-ryan.wav,43,fake,data/interim/deep_voice_chunks/fake/trump-to-ryan_chunk0043.wav,4.0,16000
data/raw/deep_voice/fake/trump-to-ryan.wav,44,fake,data/interim/deep_voice_chunks/fake/trump-to-ryan_chunk0044.wav,4.0,16000
data/raw/deep_voice/fake/trump-to-ryan.wav,45,fake,data/interim/deep_voice_chunks/fake/trump-to-ryan_chunk0045.wav,4.0,16000
data/raw/deep_voice/fake/trump-to-ryan.wav,46,fake,data/interim/deep_voice_chunks/fake/trump-to-ryan_chunk0046.wav,4.0,16000
data/raw/deep_voice/fake/trump-to-ryan.wav,47,fake,data/interim/deep_voice_chunks/fake/trump-to-ryan_chunk0047.wav,4.0,16000
data/raw/deep_voice/fake/trump-to-ryan.wav,48,fake,data/interim/deep_voice_chunks/fake/trump-to-ryan_chunk0048.wav,4.0,16000
data/raw/deep_voice/fake/trump-to-ryan.wav,49,fake,data/interim/deep_voice_chunks/fake/trump-to-ryan_chunk0049.wav,4.0,16000
data/raw/deep_voice/fake/trump-to-ryan.wav,50,fake,data/interim/deep_voice_chunks/fake/trump-to-ryan_chunk0050.wav,4.0,16000
data/raw/deep_voice/fake/trump-to-ryan.wav,51,fake,data/interim/deep_voice_chunks/fake/trump-to-ryan_chunk0051.wav,4.0,16000
data/raw/deep_voice/fake/trump-to-ryan.wav,52,fake,data/interim/deep_voice_chunks/fake/trump-to-ryan_chunk0052.wav,4.0,16000
data/raw/deep_voice/fake/trump-to-ryan.wav,53,fake,data/interim/deep_voice_chunks/fake/trump-to-ryan_chunk0053.wav,4.0,16000
data/raw/deep_voice/fake/trump-to-ryan.wav,54,fake,data/interim/deep_voice_chunks/fake/trump-to-ryan_chunk0054.wav,4.0,16000
data/raw/deep_voice/fake/trump-to-ryan.wav,55,fake,data/interim/deep_voice_chunks/fake/trump-to-ryan_chunk0055.wav,4.0,16000
data/raw/deep_voice/fake/trump-to-ryan.wav,56,fake,data/interim/deep_voice_chunks/fake/trump-to-ryan_chunk0056.wav,4.0,16000
data/raw/deep_voice/fake/trump-to-ryan.wav,57,fake,data/interim/deep_voice_chunks/fake/trump-to-ryan_chunk0057.wav,4.0,16000
data/raw/deep_voice/fake/trump-to-ryan.wav,58,fake,data/interim/deep_voice_chunks/fake/trump-to-ryan_chunk0058.wav,4.0,16000
data/raw/deep_voice/fake/trump-to-ryan.wav,59,fake,data/interim/deep_voice_chunks/fake/trump-to-ryan_chunk0059.wav,4.0,16000
data/raw/deep_voice/fake/trump-to-ryan.wav,60,fake,data/interim/deep_voice_chunks/fake/trump-to-ryan_chunk0060.wav,4.0,16000
data/raw/deep_voice/fake/trump-to-ryan.wav,61,fake,data/interim/deep_voice_chunks/fake/trump-to-ryan_chunk0061.wav,4.0,16000
data/raw/deep_voice/fake/trump-to-ryan.wav,62,fake,data/interim/deep_voice_chunks/fake/trump-to-ryan_chunk0062.wav,4.0,16000
data/raw/deep_voice/fake/trump-to-ryan.wav,63,fake,data/interim/deep_voice_chunks/fake/trump-to-ryan_chunk0063.wav,4.0,16000
data/raw/deep_voice/fake/trump-to-ryan.wav,64,fake,data/interim/deep_voice_chunks/fake/trump-to-ryan_chunk0064.wav,4.0,16000
data/raw/deep_voice/fake/trump-to-ryan.wav,65,fake,data/interim/deep_voice_chunks/fake/trump-to-ryan_chunk0065.wav,4.0,16000
data/raw/deep_voice/fake/trump-to-ryan.wav,66,fake,data/interim/deep_voice_chunks/fake/trump-to-ryan_chunk0066.wav,4.0,16000
data/raw/deep_voice/fake/trump-to-ryan.wav,67,fake,data/interim/deep_voice_chunks/fake/trump-to-ryan_chunk0067.wav,4.0,16000
data/raw/deep_voice/fake/trump-to-ryan.wav,68,fake,data/interim/deep_voice_chunks/fake/trump-to-ryan_chunk0068.wav,4.0,16000
data/raw/deep_voice/fake/trump-to-ryan.wav,69,fake,data/interim/deep_voice_chunks/fake/trump-to-ryan_chunk0069.wav,4.0,16000
data/raw/deep_voice/fake/trump-to-ryan.wav,70,fake,data/interim/deep_voice_chunks/fake/trump-to-ryan_chunk0070.wav,4.0,16000
data/raw/deep_voice/fake/trump-to-ryan.wav,71,fake,data/interim/deep_voice_chunks/fake/trump-to-ryan_chunk0071.wav,4.0,16000
data/raw/deep_voice/fake/trump-to-ryan.wav,72,fake,data/interim/deep_voice_chunks/fake/trump-to-ryan_chunk0072.wav,4.0,16000
data/raw/deep_voice/fake/trump-to-ryan.wav,73,fake,data/interim/deep_voice_chunks/fake/trump-to-ryan_chunk0073.wav,4.0,16000
data/raw/deep_voice/fake/trump-to-ryan.wav,74,fake,data/interim/deep_voice_chunks/fake/trump-to-ryan_chunk0074.wav,4.0,16000
data/raw/deep_voice/fake/trump-to-ryan.wav,75,fake,data/interim/deep_voice_chunks/fake/trump-to-ryan_chunk0075.wav,4.0,16000
data/raw/deep_voice/fake/trump-to-ryan.wav,76,fake,data/interim/deep_voice_chunks/fake/trump-to-ryan_chunk0076.wav,4.0,16000
data/raw/deep_voice/fake/trump-to-ryan.wav,77,fake,data/interim/deep_voice_chunks/fake/trump-to-ryan_chunk0077.wav,4.0,16000
data/raw/deep_voice/fake/trump-to-ryan.wav,78,fake,data/interim/deep_voice_chunks/fake/trump-to-ryan_chunk0078.wav,4.0,16000
data/raw/deep_voice/fake/trump-to-ryan.wav,79,fake,data/interim/deep_voice_chunks/fake/trump-to-ryan_chunk0079.wav,4.0,16000
data/raw/deep_voice/fake/trump-to-ryan.wav,80,fake,data/interim/deep_voice_chunks/fake/trump-to-ryan_chunk0080.wav,4.0,16000
data/raw/deep_voice/fake/trump-to-ryan.wav,81,fake,data/interim/deep_voice_chunks/fake/trump-to-ryan_chunk0081.wav,4.0,16000
data/raw/deep_voice/fake/trump-to-ryan.wav,82,fake,data/interim/deep_voice_chunks/fake/trump-to-ryan_chunk0082.wav,4.0,16000
data/raw/deep_voice/fake/trump-to-ryan.wav,83,fake,data/interim/deep_voice_chunks/fake/trump-to-ryan_chunk0083.wav,4.0,16000
data/raw/deep_voice/fake/trump-to-ryan.wav,84,fake,data/interim/deep_voice_chunks/fake/trump-to-ryan_chunk0084.wav,4.0,16000
data/raw/deep_voice/fake/trump-to-ryan.wav,85,fake,data/interim/deep_voice_chunks/fake/trump-to-ryan_chunk0085.wav,4.0,16000
data/raw/deep_voice/fake/trump-to-ryan.wav,86,fake,data/interim/deep_voice_chunks/fake/trump-to-ryan_chunk0086.wav,4.0,16000
data/raw/deep_voice/fake/trump-to-ryan.wav,87,fake,data/interim/deep_voice_chunks/fake/trump-to-ryan_chunk0087.wav,4.0,16000
data/raw/deep_voice/fake/trump-to-ryan.wav,88,fake,data/interim/deep_voice_chunks/fake/trump-to-ryan_chunk0088.wav,4.0,16000
data/raw/deep_voice/fake/trump-to-ryan.wav,89,fake,data/interim/deep_voice_chunks/fake/trump-to-ryan_chunk0089.wav,4.0,16000
data/raw/deep_voice/fake/trump-to-ryan.wav,90,fake,data/interim/deep_voice_chunks/fake/trump-to-ryan_chunk0090.wav,4.0,16000
data/raw/deep_voice/fake/trump-to-ryan.wav,91,fake,data/interim/deep_voice_chunks/fake/trump-to-ryan_chunk0091.wav,4.0,16000
data/raw/deep_voice/fake/trump-to-ryan.wav,92,fake,data/interim/deep_voice_chunks/fake/trump-to-ryan_chunk0092.wav,4.0,16000
data/raw/deep_voice/fake/trump-to-ryan.wav,93,fake,data/interim/deep_voice_chunks/fake/trump-to-ryan_chunk0093.wav,4.0,16000
data/raw/deep_voice/fake/trump-to-ryan.wav,94,fake,data/interim/deep_voice_chunks/fake/trump-to-ryan_chunk0094.wav,4.0,16000
data/raw/deep_voice/fake/trump-to-ryan.wav,95,fake,data/interim/deep_voice_chunks/fake/trump-to-ryan_chunk0095.wav,4.0,16000
data/raw/deep_voice/fake/trump-to-ryan.wav,96,fake,data/interim/deep_voice_chunks/fake/trump-to-ryan_chunk0096.wav,4.0,16000
data/raw/deep_voice/fake/trump-to-ryan.wav,97,fake,data/interim/deep_voice_chunks/fake/trump-to-ryan_chunk0097.wav,4.0,16000
data/raw/deep_voice/fake/trump-to-ryan.wav,98,fake,data/interim/deep_voice_chunks/fake/trump-to-ryan_chunk0098.wav,4.0,16000
data/raw/deep_voice/fake/trump-to-ryan.wav,99,fake,data/interim/deep_voice_chunks/fake/trump-to-ryan_chunk0099.wav,4.0,16000
data/raw/deep_voice/fake/trump-to-ryan.wav,100,fake,data/interim/deep_voice_chunks/fake/trump-to-ryan_chunk0100.wav,4.0,16000
data/raw/deep_voice/fake/trump-to-ryan.wav,101,fake,data/interim/deep_voice_chunks/fake/trump-to-ryan_chunk0101.wav,4.0,16000
data/raw/deep_voice/fake/trump-to-ryan.wav,102,fake,data/interim/deep_voice_chunks/fake/trump-to-ryan_chunk0102.wav,4.0,16000
data/raw/deep_voice/fake/trump-to-ryan.wav,103,fake,data/interim/deep_voice_chunks/fake/trump-to-ryan_chunk0103.wav,4.0,16000
data/raw/deep_voice/fake/trump-to-ryan.wav,104,fake,data/interim/deep_voice_chunks/fake/trump-to-ryan_chunk0104.wav,4.0,16000
data/raw/deep_voice/fake/trump-to-ryan.wav,105,fake,data/interim/deep_voice_chunks/fake/trump-to-ryan_chunk0105.wav,4.0,16000
data/raw/deep_voice/fake/trump-to-ryan.wav,106,fake,data/interim/deep_voice_chunks/fake/trump-to-ryan_chunk0106.wav,4.0,16000
data/raw/deep_voice/fake/trump-to-ryan.wav,107,fake,data/interim/deep_voice_chunks/fake/trump-to-ryan_chunk0107.wav,4.0,16000
data/raw/deep_voice/fake/trump-to-ryan.wav,108,fake,data/interim/deep_voice_chunks/fake/trump-to-ryan_chunk0108.wav,4.0,16000
data/raw/deep_voice/fake/trump-to-ryan.wav,109,fake,data/interim/deep_voice_chunks/fake/trump-to-ryan_chunk0109.wav,4.0,16000
data/raw/deep_voice/fake/trump-to-ryan.wav,110,fake,data/interim/deep_voice_chunks/fake/trump-to-ryan_chunk0110.wav,4.0,16000
data/raw/deep_voice/fake/trump-to-ryan.wav,111,fake,data/interim/deep_voice_chunks/fake/trump-to-ryan_chunk0111.wav,4.0,16000
data/raw/deep_voice/fake/trump-to-ryan.wav,112,fake,data/interim/deep_voice_chunks/fake/trump-to-ryan_chunk0112.wav,4.0,16000
data/raw/deep_voice/fake/trump-to-ryan.wav,113,fake,data/interim/deep_voice_chunks/fake/trump-to-ryan_chunk0113.wav,4.0,16000
data/raw/deep_voice/fake/trump-to-ryan.wav,114,fake,data/interim/deep_voice_chunks/fake/trump-to-ryan_chunk0114.wav,4.0,16000
data/raw/deep_voice/fake/trump-to-ryan.wav,115,fake,data/interim/deep_voice_chunks/fake/trump-to-ryan_chunk0115.wav,4.0,16000
data/raw/deep_voice/fake/trump-to-ryan.wav,116,fake,data/interim/deep_voice_chunks/fake/trump-to-ryan_chunk0116.wav,4.0,16000
data/raw/deep_voice/fake/trump-to-ryan.wav,117,fake,data/interim/deep_voice_chunks/fake/trump-to-ryan_chunk0117.wav,4.0,16000
data/raw/deep_voice/fake/trump-to-ryan.wav,118,fake,data/interim/deep_voice_chunks/fake/trump-to-ryan_chunk0118.wav,4.0,16000
data/raw/deep_voice/fake/trump-to-ryan.wav,119,fake,data/interim/deep_voice_chunks/fake/trump-to-ryan_chunk0119.wav,4.0,16000
data/raw/deep_voice/fake/trump-to-ryan.wav,120,fake,data/interim/deep_voice_chunks/fake/trump-to-ryan_chunk0120.wav,4.0,16000
data/raw/deep_voice/fake/trump-to-ryan.wav,121,fake,data/interim/deep_voice_chunks/fake/trump-to-ryan_chunk0121.wav,4.0,16000
data/raw/deep_voice/fake/trump-to-ryan.wav,122,fake,data/interim/deep_voice_chunks/fake/trump-to-ryan_chunk0122.wav,4.0,16000
data/raw/deep_voice/fake/trump-to-ryan.wav,123,fake,data/interim/deep_voice_chunks/fake/trump-to-ryan_chunk0123.wav,4.0,16000
data/raw/deep_voice/fake/trump-to-ryan.wav,124,fake,data/interim/deep_voice_chunks/fake/trump-to-ryan_chunk0124.wav,4.0,16000
data/raw/deep_voice/fake/trump-to-ryan.wav,125,fake,data/interim/deep_voice_chunks/fake/trump-to-ryan_chunk0125.wav,4.0,16000
data/raw/deep_voice/fake/trump-to-ryan.wav,126,fake,data/interim/deep_voice_chunks/fake/trump-to-ryan_chunk0126.wav,4.0,16000
data/raw/deep_voice/fake/trump-to-ryan.wav,127,fake,data/interim/deep_voice_chunks/fake/trump-to-ryan_chunk0127.wav,4.0,16000
data/raw/deep_voice/fake/trump-to-ryan.wav,128,fake,data/interim/deep_voice_chunks/fake/trump-to-ryan_chunk0128.wav,4.0,16000
data/raw/deep_voice/fake/trump-to-ryan.wav,129,fake,data/interim/deep_voice_chunks/fake/trump-to-ryan_chunk0129.wav,4.0,16000
data/raw/deep_voice/fake/trump-to-ryan.wav,130,fake,data/interim/deep_voice_chunks/fake/trump-to-ryan_chunk0130.wav,4.0,16000
data/raw/deep_voice/fake/trump-to-ryan.wav,131,fake,data/interim/deep_voice_chunks/fake/trump-to-ryan_chunk0131.wav,4.0,16000
data/raw/deep_voice/fake/trump-to-ryan.wav,132,fake,data/interim/deep_voice_chunks/fake/trump-to-ryan_chunk0132.wav,4.0,16000
data/raw/deep_voice/fake/trump-to-ryan.wav,133,fake,data/interim/deep_voice_chunks/fake/trump-to-ryan_chunk0133.wav,4.0,16000
data/raw/deep_voice/fake/trump-to-ryan.wav,134,fake,data/interim/deep_voice_chunks/fake/trump-to-ryan_chunk0134.wav,4.0,16000
data/raw/deep_voice/fake/trump-to-ryan.wav,135,fake,data/interim/deep_voice_chunks/fake/trump-to-ryan_chunk0135.wav,4.0,16000
data/raw/deep_voice/fake/trump-to-ryan.wav,136,fake,data/interim/deep_voice_chunks/fake/trump-to-ryan_chunk0136.wav,4.0,16000
data/raw/deep_voice/fake/trump-to-ryan.wav,137,fake,data/interim/deep_voice_chunks/fake/trump-to-ryan_chunk0137.wav,4.0,16000
data/raw/deep_voice/fake/trump-to-ryan.wav,138,fake,data/interim/deep_voice_chunks/fake/trump-to-ryan_chunk0138.wav,4.0,16000
data/raw/deep_voice/fake/trump-to-ryan.wav,139,fake,data/interim/deep_voice_chunks/fake/trump-to-ryan_chunk0139.wav,4.0,16000
data/raw/deep_voice/fake/trump-to-ryan.wav,140,fake,data/interim/deep_voice_chunks/fake/trump-to-ryan_chunk0140.wav,4.0,16000
data/raw/deep_voice/fake/trump-to-ryan.wav,141,fake,data/interim/deep_voice_chunks/fake/trump-to-ryan_chunk0141.wav,4.0,16000
data/raw/deep_voice/fake/trump-to-ryan.wav,142,fake,data/interim/deep_voice_chunks/fake/trump-to-ryan_chunk0142.wav,4.0,16000
data/raw/deep_voice/fake/trump-to-ryan.wav,143,fake,data/interim/deep_voice_chunks/fake/trump-to-ryan_chunk0143.wav,4.0,16000
data/raw/deep_voice/fake/trump-to-ryan.wav,144,fake,data/interim/deep_voice_chunks/fake/trump-to-ryan_chunk0144.wav,4.0,16000
data/raw/deep_voice/fake/trump-to-ryan.wav,145,fake,data/interim/deep_voice_chunks/fake/trump-to-ryan_chunk0145.wav,4.0,16000
data/raw/deep_voice/fake/trump-to-ryan.wav,146,fake,data/interim/deep_voice_chunks/fake/trump-to-ryan_chunk0146.wav,4.0,16000
data/raw/deep_voice/fake/trump-to-ryan.wav,147,fake,data/interim/deep_voice_chunks/fake/trump-to-ryan_chunk0147.wav,4.0,16000
data/raw/deep_voice/fake/trump-to-ryan.wav,148,fake,data/interim/deep_voice_chunks/fake/trump-to-ryan_chunk0148.wav,4.0,16000
data/raw/deep_voice/fake/trump-to-ryan.wav,149,fake,data/interim/deep_voice_chunks/fake/trump-to-ryan_chunk0149.wav,3.904,16000
data/raw/deep_voice/fake/trump-to-taylor.wav,0,fake,data/interim/deep_voice_chunks/fake/trump-to-taylor_chunk0000.wav,4.0,16000
data/raw/deep_voice/fake/trump-to-taylor.wav,1,fake,data/interim/deep_voice_chunks/fake/trump-to-taylor_chunk0001.wav,4.0,16000
data/raw/deep_voice/fake/trump-to-taylor.wav,2,fake,data/interim/deep_voice_chunks/fake/trump-to-taylor_chunk0002.wav,4.0,16000
data/raw/deep_voice/fake/trump-to-taylor.wav,3,fake,data/interim/deep_voice_chunks/fake/trump-to-taylor_chunk0003.wav,4.0,16000
data/raw/deep_voice/fake/trump-to-taylor.wav,4,fake,data/interim/deep_voice_chunks/fake/trump-to-taylor_chunk0004.wav,4.0,16000
data/raw/deep_voice/fake/trump-to-taylor.wav,5,fake,data/interim/deep_voice_chunks/fake/trump-to-taylor_chunk0005.wav,4.0,16000
data/raw/deep_voice/fake/trump-to-taylor.wav,6,fake,data/interim/deep_voice_chunks/fake/trump-to-taylor_chunk0006.wav,4.0,16000
data/raw/deep_voice/fake/trump-to-taylor.wav,7,fake,data/interim/deep_voice_chunks/fake/trump-to-taylor_chunk0007.wav,4.0,16000
data/raw/deep_voice/fake/trump-to-taylor.wav,8,fake,data/interim/deep_voice_chunks/fake/trump-to-taylor_chunk0008.wav,4.0,16000
data/raw/deep_voice/fake/trump-to-taylor.wav,9,fake,data/interim/deep_voice_chunks/fake/trump-to-taylor_chunk0009.wav,4.0,16000
data/raw/deep_voice/fake/trump-to-taylor.wav,10,fake,data/interim/deep_voice_chunks/fake/trump-to-taylor_chunk0010.wav,4.0,16000
data/raw/deep_voice/fake/trump-to-taylor.wav,11,fake,data/interim/deep_voice_chunks/fake/trump-to-taylor_chunk0011.wav,4.0,16000
data/raw/deep_voice/fake/trump-to-taylor.wav,12,fake,data/interim/deep_voice_chunks/fake/trump-to-taylor_chunk0012.wav,4.0,16000
data/raw/deep_voice/fake/trump-to-taylor.wav,13,fake,data/interim/deep_voice_chunks/fake/trump-to-taylor_chunk0013.wav,4.0,16000
data/raw/deep_voice/fake/trump-to-taylor.wav,14,fake,data/interim/deep_voice_chunks/fake/trump-to-taylor_chunk0014.wav,4.0,16000
data/raw/deep_voice/fake/trump-to-taylor.wav,15,fake,data/interim/deep_voice_chunks/fake/trump-to-taylor_chunk0015.wav,4.0,16000
data/raw/deep_voice/fake/trump-to-taylor.wav,16,fake,data/interim/deep_voice_chunks/fake/trump-to-taylor_chunk0016.wav,4.0,16000
data/raw/deep_voice/fake/trump-to-taylor.wav,17,fake,data/interim/deep_voice_chunks/fake/trump-to-taylor_chunk0017.wav,4.0,16000
data/raw/deep_voice/fake/trump-to-taylor.wav,18,fake,data/interim/deep_voice_chunks/fake/trump-to-taylor_chunk0018.wav,4.0,16000
data/raw/deep_voice/fake/trump-to-taylor.wav,19,fake,data/interim/deep_voice_chunks/fake/trump-to-taylor_chunk0019.wav,4.0,16000
data/raw/deep_voice/fake/trump-to-taylor.wav,20,fake,data/interim/deep_voice_chunks/fake/trump-to-taylor_chunk0020.wav,4.0,16000
data/raw/deep_voice/fake/trump-to-taylor.wav,21,fake,data/interim/deep_voice_chunks/fake/trump-to-taylor_chunk0021.wav,4.0,16000
data/raw/deep_voice/fake/trump-to-taylor.wav,22,fake,data/interim/deep_voice_chunks/fake/trump-to-taylor_chunk0022.wav,4.0,16000
data/raw/deep_voice/fake/trump-to-taylor.wav,23,fake,data/interim/deep_voice_chunks/fake/trump-to-taylor_chunk0023.wav,4.0,16000
data/raw/deep_voice/fake/trump-to-taylor.wav,24,fake,data/interim/deep_voice_chunks/fake/trump-to-taylor_chunk0024.wav,4.0,16000
data/raw/deep_voice/fake/trump-to-taylor.wav,25,fake,data/interim/deep_voice_chunks/fake/trump-to-taylor_chunk0025.wav,4.0,16000
data/raw/deep_voice/fake/trump-to-taylor.wav,26,fake,data/interim/deep_voice_chunks/fake/trump-to-taylor_chunk0026.wav,4.0,16000
data/raw/deep_voice/fake/trump-to-taylor.wav,27,fake,data/interim/deep_voice_chunks/fake/trump-to-taylor_chunk0027.wav,4.0,16000
data/raw/deep_voice/fake/trump-to-taylor.wav,28,fake,data/interim/deep_voice_chunks/fake/trump-to-taylor_chunk0028.wav,4.0,16000
data/raw/deep_voice/fake/trump-to-taylor.wav,29,fake,data/interim/deep_voice_chunks/fake/trump-to-taylor_chunk0029.wav,4.0,16000
data/raw/deep_voice/fake/trump-to-taylor.wav,30,fake,data/interim/deep_voice_chunks/fake/trump-to-taylor_chunk0030.wav,4.0,16000
data/raw/deep_voice/fake/trump-to-taylor.wav,31,fake,data/interim/deep_voice_chunks/fake/trump-to-taylor_chunk0031.wav,4.0,16000
data/raw/deep_voice/fake/trump-to-taylor.wav,32,fake,data/interim/deep_voice_chunks/fake/trump-to-taylor_chunk0032.wav,4.0,16000
data/raw/deep_voice/fake/trump-to-taylor.wav,33,fake,data/interim/deep_voice_chunks/fake/trump-to-taylor_chunk0033.wav,4.0,16000
data/raw/deep_voice/fake/trump-to-taylor.wav,34,fake,data/interim/deep_voice_chunks/fake/trump-to-taylor_chunk0034.wav,4.0,16000
data/raw/deep_voice/fake/trump-to-taylor.wav,35,fake,data/interim/deep_voice_chunks/fake/trump-to-taylor_chunk0035.wav,4.0,16000
data/raw/deep_voice/fake/trump-to-taylor.wav,36,fake,data/interim/deep_voice_chunks/fake/trump-to-taylor_chunk0036.wav,4.0,16000
data/raw/deep_voice/fake/trump-to-taylor.wav,37,fake,data/interim/deep_voice_chunks/fake/trump-to-taylor_chunk0037.wav,4.0,16000
data/raw/deep_voice/fake/trump-to-taylor.wav,38,fake,data/interim/deep_voice_chunks/fake/trump-to-taylor_chunk0038.wav,4.0,16000
data/raw/deep_voice/fake/trump-to-taylor.wav,39,fake,data/interim/deep_voice_chunks/fake/trump-to-taylor_chunk0039.wav,4.0,16000
data/raw/deep_voice/fake/trump-to-taylor.wav,40,fake,data/interim/deep_voice_chunks/fake/trump-to-taylor_chunk0040.wav,4.0,16000
data/raw/deep_voice/fake/trump-to-taylor.wav,41,fake,data/interim/deep_voice_chunks/fake/trump-to-taylor_chunk0041.wav,4.0,16000
data/raw/deep_voice/fake/trump-to-taylor.wav,42,fake,data/interim/deep_voice_chunks/fake/trump-to-taylor_chunk0042.wav,4.0,16000
data/raw/deep_voice/fake/trump-to-taylor.wav,43,fake,data/interim/deep_voice_chunks/fake/trump-to-taylor_chunk0043.wav,4.0,16000
data/raw/deep_voice/fake/trump-to-taylor.wav,44,fake,data/interim/deep_voice_chunks/fake/trump-to-taylor_chunk0044.wav,4.0,16000
data/raw/deep_voice/fake/trump-to-taylor.wav,45,fake,data/interim/deep_voice_chunks/fake/trump-to-taylor_chunk0045.wav,4.0,16000
data/raw/deep_voice/fake/trump-to-taylor.wav,46,fake,data/interim/deep_voice_chunks/fake/trump-to-taylor_chunk0046.wav,4.0,16000
data/raw/deep_voice/fake/trump-to-taylor.wav,47,fake,data/interim/deep_voice_chunks/fake/trump-to-taylor_chunk0047.wav,4.0,16000
data/raw/deep_voice/fake/trump-to-taylor.wav,48,fake,data/interim/deep_voice_chunks/fake/trump-to-taylor_chunk0048.wav,4.0,16000
data/raw/deep_voice/fake/trump-to-taylor.wav,49,fake,data/interim/deep_voice_chunks/fake/trump-to-taylor_chunk0049.wav,4.0,16000
data/raw/deep_voice/fake/trump-to-taylor.wav,50,fake,data/interim/deep_voice_chunks/fake/trump-to-taylor_chunk0050.wav,4.0,16000
data/raw/deep_voice/fake/trump-to-taylor.wav,51,fake,data/interim/deep_voice_chunks/fake/trump-to-taylor_chunk0051.wav,4.0,16000
data/raw/deep_voice/fake/trump-to-taylor.wav,52,fake,data/interim/deep_voice_chunks/fake/trump-to-taylor_chunk0052.wav,4.0,16000
data/raw/deep_voice/fake/trump-to-taylor.wav,53,fake,data/interim/deep_voice_chunks/fake/trump-to-taylor_chunk0053.wav,4.0,16000
data/raw/deep_voice/fake/trump-to-taylor.wav,54,fake,data/interim/deep_voice_chunks/fake/trump-to-taylor_chunk0054.wav,4.0,16000
data/raw/deep_voice/fake/trump-to-taylor.wav,55,fake,data/interim/deep_voice_chunks/fake/trump-to-taylor_chunk0055.wav,4.0,16000
data/raw/deep_voice/fake/trump-to-taylor.wav,56,fake,data/interim/deep_voice_chunks/fake/trump-to-taylor_chunk0056.wav,4.0,16000
data/raw/deep_voice/fake/trump-to-taylor.wav,57,fake,data/interim/deep_voice_chunks/fake/trump-to-taylor_chunk0057.wav,4.0,16000
data/raw/deep_voice/fake/trump-to-taylor.wav,58,fake,data/interim/deep_voice_chunks/fake/trump-to-taylor_chunk0058.wav,4.0,16000
data/raw/deep_voice/fake/trump-to-taylor.wav,59,fake,data/interim/deep_voice_chunks/fake/trump-to-taylor_chunk0059.wav,4.0,16000
data/raw/deep_voice/fake/trump-to-taylor.wav,60,fake,data/interim/deep_voice_chunks/fake/trump-to-taylor_chunk0060.wav,4.0,16000
data/raw/deep_voice/fake/trump-to-taylor.wav,61,fake,data/interim/deep_voice_chunks/fake/trump-to-taylor_chunk0061.wav,4.0,16000
data/raw/deep_voice/fake/trump-to-taylor.wav,62,fake,data/interim/deep_voice_chunks/fake/trump-to-taylor_chunk0062.wav,4.0,16000
data/raw/deep_voice/fake/trump-to-taylor.wav,63,fake,data/interim/deep_voice_chunks/fake/trump-to-taylor_chunk0063.wav,4.0,16000
data/raw/deep_voice/fake/trump-to-taylor.wav,64,fake,data/interim/deep_voice_chunks/fake/trump-to-taylor_chunk0064.wav,4.0,16000
data/raw/deep_voice/fake/trump-to-taylor.wav,65,fake,data/interim/deep_voice_chunks/fake/trump-to-taylor_chunk0065.wav,4.0,16000
data/raw/deep_voice/fake/trump-to-taylor.wav,66,fake,data/interim/deep_voice_chunks/fake/trump-to-taylor_chunk0066.wav,4.0,16000
data/raw/deep_voice/fake/trump-to-taylor.wav,67,fake,data/interim/deep_voice_chunks/fake/trump-to-taylor_chunk0067.wav,4.0,16000
data/raw/deep_voice/fake/trump-to-taylor.wav,68,fake,data/interim/deep_voice_chunks/fake/trump-to-taylor_chunk0068.wav,4.0,16000
data/raw/deep_voice/fake/trump-to-taylor.wav,69,fake,data/interim/deep_voice_chunks/fake/trump-to-taylor_chunk0069.wav,4.0,16000
data/raw/deep_voice/fake/trump-to-taylor.wav,70,fake,data/interim/deep_voice_chunks/fake/trump-to-taylor_chunk0070.wav,4.0,16000
data/raw/deep_voice/fake/trump-to-taylor.wav,71,fake,data/interim/deep_voice_chunks/fake/trump-to-taylor_chunk0071.wav,4.0,16000
data/raw/deep_voice/fake/trump-to-taylor.wav,72,fake,data/interim/deep_voice_chunks/fake/trump-to-taylor_chunk0072.wav,4.0,16000
data/raw/deep_voice/fake/trump-to-taylor.wav,73,fake,data/interim/deep_voice_chunks/fake/trump-to-taylor_chunk0073.wav,4.0,16000
data/raw/deep_voice/fake/trump-to-taylor.wav,74,fake,data/interim/deep_voice_chunks/fake/trump-to-taylor_chunk0074.wav,4.0,16000
data/raw/deep_voice/fake/trump-to-taylor.wav,75,fake,data/interim/deep_voice_chunks/fake/trump-to-taylor_chunk0075.wav,4.0,16000
data/raw/deep_voice/fake/trump-to-taylor.wav,76,fake,data/interim/deep_voice_chunks/fake/trump-to-taylor_chunk0076.wav,4.0,16000
data/raw/deep_voice/fake/trump-to-taylor.wav,77,fake,data/interim/deep_voice_chunks/fake/trump-to-taylor_chunk0077.wav,4.0,16000
data/raw/deep_voice/fake/trump-to-taylor.wav,78,fake,data/interim/deep_voice_chunks/fake/trump-to-taylor_chunk0078.wav,4.0,16000
data/raw/deep_voice/fake/trump-to-taylor.wav,79,fake,data/interim/deep_voice_chunks/fake/trump-to-taylor_chunk0079.wav,4.0,16000
data/raw/deep_voice/fake/trump-to-taylor.wav,80,fake,data/interim/deep_voice_chunks/fake/trump-to-taylor_chunk0080.wav,4.0,16000
data/raw/deep_voice/fake/trump-to-taylor.wav,81,fake,data/interim/deep_voice_chunks/fake/trump-to-taylor_chunk0081.wav,4.0,16000
data/raw/deep_voice/fake/trump-to-taylor.wav,82,fake,data/interim/deep_voice_chunks/fake/trump-to-taylor_chunk0082.wav,4.0,16000
data/raw/deep_voice/fake/trump-to-taylor.wav,83,fake,data/interim/deep_voice_chunks/fake/trump-to-taylor_chunk0083.wav,4.0,16000
data/raw/deep_voice/fake/trump-to-taylor.wav,84,fake,data/interim/deep_voice_chunks/fake/trump-to-taylor_chunk0084.wav,4.0,16000
data/raw/deep_voice/fake/trump-to-taylor.wav,85,fake,data/interim/deep_voice_chunks/fake/trump-to-taylor_chunk0085.wav,4.0,16000
data/raw/deep_voice/fake/trump-to-taylor.wav,86,fake,data/interim/deep_voice_chunks/fake/trump-to-taylor_chunk0086.wav,4.0,16000
data/raw/deep_voice/fake/trump-to-taylor.wav,87,fake,data/interim/deep_voice_chunks/fake/trump-to-taylor_chunk0087.wav,4.0,16000
data/raw/deep_voice/fake/trump-to-taylor.wav,88,fake,data/interim/deep_voice_chunks/fake/trump-to-taylor_chunk0088.wav,4.0,16000
data/raw/deep_voice/fake/trump-to-taylor.wav,89,fake,data/interim/deep_voice_chunks/fake/trump-to-taylor_chunk0089.wav,4.0,16000
data/raw/deep_voice/fake/trump-to-taylor.wav,90,fake,data/interim/deep_voice_chunks/fake/trump-to-taylor_chunk0090.wav,4.0,16000
data/raw/deep_voice/fake/trump-to-taylor.wav,91,fake,data/interim/deep_voice_chunks/fake/trump-to-taylor_chunk0091.wav,4.0,16000
data/raw/deep_voice/fake/trump-to-taylor.wav,92,fake,data/interim/deep_voice_chunks/fake/trump-to-taylor_chunk0092.wav,4.0,16000
data/raw/deep_voice/fake/trump-to-taylor.wav,93,fake,data/interim/deep_voice_chunks/fake/trump-to-taylor_chunk0093.wav,4.0,16000
data/raw/deep_voice/fake/trump-to-taylor.wav,94,fake,data/interim/deep_voice_chunks/fake/trump-to-taylor_chunk0094.wav,4.0,16000
data/raw/deep_voice/fake/trump-to-taylor.wav,95,fake,data/interim/deep_voice_chunks/fake/trump-to-taylor_chunk0095.wav,4.0,16000
data/raw/deep_voice/fake/trump-to-taylor.wav,96,fake,data/interim/deep_voice_chunks/fake/trump-to-taylor_chunk0096.wav,4.0,16000
data/raw/deep_voice/fake/trump-to-taylor.wav,97,fake,data/interim/deep_voice_chunks/fake/trump-to-taylor_chunk0097.wav,4.0,16000
data/raw/deep_voice/fake/trump-to-taylor.wav,98,fake,data/interim/deep_voice_chunks/fake/trump-to-taylor_chunk0098.wav,4.0,16000
data/raw/deep_voice/fake/trump-to-taylor.wav,99,fake,data/interim/deep_voice_chunks/fake/trump-to-taylor_chunk0099.wav,4.0,16000
data/raw/deep_voice/fake/trump-to-taylor.wav,100,fake,data/interim/deep_voice_chunks/fake/trump-to-taylor_chunk0100.wav,4.0,16000
data/raw/deep_voice/fake/trump-to-taylor.wav,101,fake,data/interim/deep_voice_chunks/fake/trump-to-taylor_chunk0101.wav,4.0,16000
data/raw/deep_voice/fake/trump-to-taylor.wav,102,fake,data/interim/deep_voice_chunks/fake/trump-to-taylor_chunk0102.wav,4.0,16000
data/raw/deep_voice/fake/trump-to-taylor.wav,103,fake,data/interim/deep_voice_chunks/fake/trump-to-taylor_chunk0103.wav,4.0,16000
data/raw/deep_voice/fake/trump-to-taylor.wav,104,fake,data/interim/deep_voice_chunks/fake/trump-to-taylor_chunk0104.wav,4.0,16000
data/raw/deep_voice/fake/trump-to-taylor.wav,105,fake,data/interim/deep_voice_chunks/fake/trump-to-taylor_chunk0105.wav,4.0,16000
data/raw/deep_voice/fake/trump-to-taylor.wav,106,fake,data/interim/deep_voice_chunks/fake/trump-to-taylor_chunk0106.wav,4.0,16000
data/raw/deep_voice/fake/trump-to-taylor.wav,107,fake,data/interim/deep_voice_chunks/fake/trump-to-taylor_chunk0107.wav,4.0,16000
data/raw/deep_voice/fake/trump-to-taylor.wav,108,fake,data/interim/deep_voice_chunks/fake/trump-to-taylor_chunk0108.wav,4.0,16000
data/raw/deep_voice/fake/trump-to-taylor.wav,109,fake,data/interim/deep_voice_chunks/fake/trump-to-taylor_chunk0109.wav,4.0,16000
data/raw/deep_voice/fake/trump-to-taylor.wav,110,fake,data/interim/deep_voice_chunks/fake/trump-to-taylor_chunk0110.wav,4.0,16000
data/raw/deep_voice/fake/trump-to-taylor.wav,111,fake,data/interim/deep_voice_chunks/fake/trump-to-taylor_chunk0111.wav,4.0,16000
data/raw/deep_voice/fake/trump-to-taylor.wav,112,fake,data/interim/deep_voice_chunks/fake/trump-to-taylor_chunk0112.wav,4.0,16000
data/raw/deep_voice/fake/trump-to-taylor.wav,113,fake,data/interim/deep_voice_chunks/fake/trump-to-taylor_chunk0113.wav,4.0,16000
data/raw/deep_voice/fake/trump-to-taylor.wav,114,fake,data/interim/deep_voice_chunks/fake/trump-to-taylor_chunk0114.wav,4.0,16000
data/raw/deep_voice/fake/trump-to-taylor.wav,115,fake,data/interim/deep_voice_chunks/fake/trump-to-taylor_chunk0115.wav,4.0,16000
data/raw/deep_voice/fake/trump-to-taylor.wav,116,fake,data/interim/deep_voice_chunks/fake/trump-to-taylor_chunk0116.wav,4.0,16000
data/raw/deep_voice/fake/trump-to-taylor.wav,117,fake,data/interim/deep_voice_chunks/fake/trump-to-taylor_chunk0117.wav,4.0,16000
data/raw/deep_voice/fake/trump-to-taylor.wav,118,fake,data/interim/deep_voice_chunks/fake/trump-to-taylor_chunk0118.wav,4.0,16000
data/raw/deep_voice/fake/trump-to-taylor.wav,119,fake,data/interim/deep_voice_chunks/fake/trump-to-taylor_chunk0119.wav,4.0,16000
data/raw/deep_voice/fake/trump-to-taylor.wav,120,fake,data/interim/deep_voice_chunks/fake/trump-to-taylor_chunk0120.wav,4.0,16000
data/raw/deep_voice/fake/trump-to-taylor.wav,121,fake,data/interim/deep_voice_chunks/fake/trump-to-taylor_chunk0121.wav,4.0,16000
data/raw/deep_voice/fake/trump-to-taylor.wav,122,fake,data/interim/deep_voice_chunks/fake/trump-to-taylor_chunk0122.wav,4.0,16000
data/raw/deep_voice/fake/trump-to-taylor.wav,123,fake,data/interim/deep_voice_chunks/fake/trump-to-taylor_chunk0123.wav,4.0,16000
data/raw/deep_voice/fake/trump-to-taylor.wav,124,fake,data/interim/deep_voice_chunks/fake/trump-to-taylor_chunk0124.wav,4.0,16000
data/raw/deep_voice/fake/trump-to-taylor.wav,125,fake,data/interim/deep_voice_chunks/fake/trump-to-taylor_chunk0125.wav,4.0,16000
data/raw/deep_voice/fake/trump-to-taylor.wav,126,fake,data/interim/deep_voice_chunks/fake/trump-to-taylor_chunk0126.wav,4.0,16000
data/raw/deep_voice/fake/trump-to-taylor.wav,127,fake,data/interim/deep_voice_chunks/fake/trump-to-taylor_chunk0127.wav,4.0,16000
data/raw/deep_voice/fake/trump-to-taylor.wav,128,fake,data/interim/deep_voice_chunks/fake/trump-to-taylor_chunk0128.wav,4.0,16000
data/raw/deep_voice/fake/trump-to-taylor.wav,129,fake,data/interim/deep_voice_chunks/fake/trump-to-taylor_chunk0129.wav,4.0,16000
data/raw/deep_voice/fake/trump-to-taylor.wav,130,fake,data/interim/deep_voice_chunks/fake/trump-to-taylor_chunk0130.wav,4.0,16000
data/raw/deep_voice/fake/trump-to-taylor.wav,131,fake,data/interim/deep_voice_chunks/fake/trump-to-taylor_chunk0131.wav,4.0,16000
data/raw/deep_voice/fake/trump-to-taylor.wav,132,fake,data/interim/deep_voice_chunks/fake/trump-to-taylor_chunk0132.wav,4.0,16000
data/raw/deep_voice/fake/trump-to-taylor.wav,133,fake,data/interim/deep_voice_chunks/fake/trump-to-taylor_chunk0133.wav,4.0,16000
data/raw/deep_voice/fake/trump-to-taylor.wav,134,fake,data/interim/deep_voice_chunks/fake/trump-to-taylor_chunk0134.wav,4.0,16000
data/raw/deep_voice/fake/trump-to-taylor.wav,135,fake,data/interim/deep_voice_chunks/fake/trump-to-taylor_chunk0135.wav,4.0,16000
data/raw/deep_voice/fake/trump-to-taylor.wav,136,fake,data/interim/deep_voice_chunks/fake/trump-to-taylor_chunk0136.wav,4.0,16000
data/raw/deep_voice/fake/trump-to-taylor.wav,137,fake,data/interim/deep_voice_chunks/fake/trump-to-taylor_chunk0137.wav,4.0,16000
data/raw/deep_voice/fake/trump-to-taylor.wav,138,fake,data/interim/deep_voice_chunks/fake/trump-to-taylor_chunk0138.wav,4.0,16000
data/raw/deep_voice/fake/trump-to-taylor.wav,139,fake,data/interim/deep_voice_chunks/fake/trump-to-taylor_chunk0139.wav,4.0,16000
data/raw/deep_voice/fake/trump-to-taylor.wav,140,fake,data/interim/deep_voice_chunks/fake/trump-to-taylor_chunk0140.wav,4.0,16000
data/raw/deep_voice/fake/trump-to-taylor.wav,141,fake,data/interim/deep_voice_chunks/fake/trump-to-taylor_chunk0141.wav,4.0,16000
data/raw/deep_voice/fake/trump-to-taylor.wav,142,fake,data/interim/deep_voice_chunks/fake/trump-to-taylor_chunk0142.wav,4.0,16000
data/raw/deep_voice/fake/trump-to-taylor.wav,143,fake,data/interim/deep_voice_chunks/fake/trump-to-taylor_chunk0143.wav,4.0,16000
data/raw/deep_voice/fake/trump-to-taylor.wav,144,fake,data/interim/deep_voice_chunks/fake/trump-to-taylor_chunk0144.wav,4.0,16000
data/raw/deep_voice/fake/trump-to-taylor.wav,145,fake,data/interim/deep_voice_chunks/fake/trump-to-taylor_chunk0145.wav,4.0,16000
data/raw/deep_voice/fake/trump-to-taylor.wav,146,fake,data/interim/deep_voice_chunks/fake/trump-to-taylor_chunk0146.wav,4.0,16000
data/raw/deep_voice/fake/trump-to-taylor.wav,147,fake,data/interim/deep_voice_chunks/fake/trump-to-taylor_chunk0147.wav,4.0,16000
data/raw/deep_voice/fake/trump-to-taylor.wav,148,fake,data/interim/deep_voice_chunks/fake/trump-to-taylor_chunk0148.wav,4.0,16000
data/raw/deep_voice/fake/trump-to-taylor.wav,149,fake,data/interim/deep_voice_chunks/fake/trump-to-taylor_chunk0149.wav,3.904,16000
