original_file,resampled_path,original_sample_rate,target_sample_rate,duration_sec
data\raw\gary_stafford\real\gs_00000.wav,C:\Users\Akasdip\morph\data\interim\gary_stafford_real_16k\gs_00000.wav,16000,16000,5.237
data\raw\gary_stafford\real\gs_00001.wav,C:\Users\Akasdip\morph\data\interim\gary_stafford_real_16k\gs_00001.wav,16000,16000,4.642
data\raw\gary_stafford\real\gs_00002.wav,C:\Users\Akasdip\morph\data\interim\gary_stafford_real_16k\gs_00002.wav,16000,16000,5.79
data\raw\gary_stafford\real\gs_00003.wav,C:\Users\Akasdip\morph\data\interim\gary_stafford_real_16k\gs_00003.wav,16000,16000,3.721
data\raw\gary_stafford\real\gs_00004.wav,C:\Users\Akasdip\morph\data\interim\gary_stafford_real_16k\gs_00004.wav,16000,16000,4.4470625
data\raw\gary_stafford\real\gs_00005.wav,C:\Users\Akasdip\morph\data\interim\gary_stafford_real_16k\gs_00005.wav,16000,16000,9.443
data\raw\gary_stafford\real\gs_00006.wav,C:\Users\Akasdip\morph\data\interim\gary_stafford_real_16k\gs_00006.wav,16000,16000,6.5330625
data\raw\gary_stafford\real\gs_00007.wav,C:\Users\Akasdip\morph\data\interim\gary_stafford_real_16k\gs_00007.wav,16000,16000,2.8060625
data\raw\gary_stafford\real\gs_00008.wav,C:\Users\Akasdip\morph\data\interim\gary_stafford_real_16k\gs_00008.wav,16000,16000,3.33
data\raw\gary_stafford\real\gs_00009.wav,C:\Users\Akasdip\morph\data\interim\gary_stafford_real_16k\gs_00009.wav,16000,16000,4.093
data\raw\gary_stafford\real\gs_00010.wav,C:\Users\Akasdip\morph\data\interim\gary_stafford_real_16k\gs_00010.wav,16000,16000,10.312
data\raw\gary_stafford\real\gs_00011.wav,C:\Users\Akasdip\morph\data\interim\gary_stafford_real_16k\gs_00011.wav,16000,16000,2.805
data\raw\gary_stafford\real\gs_00012.wav,C:\Users\Akasdip\morph\data\interim\gary_stafford_real_16k\gs_00012.wav,16000,16000,3.74
data\raw\gary_stafford\real\gs_00013.wav,C:\Users\Akasdip\morph\data\interim\gary_stafford_real_16k\gs_00013.wav,16000,16000,2.8060625
data\raw\gary_stafford\real\gs_00014.wav,C:\Users\Akasdip\morph\data\interim\gary_stafford_real_16k\gs_00014.wav,16000,16000,4.981
data\raw\gary_stafford\real\gs_00015.wav,C:\Users\Akasdip\morph\data\interim\gary_stafford_real_16k\gs_00015.wav,16000,16000,5.546
data\raw\gary_stafford\real\gs_00016.wav,C:\Users\Akasdip\morph\data\interim\gary_stafford_real_16k\gs_00016.wav,16000,16000,5.6090625
data\raw\gary_stafford\real\gs_00017.wav,C:\Users\Akasdip\morph\data\interim\gary_stafford_real_16k\gs_00017.wav,16000,16000,3.9250625
data\raw\gary_stafford\real\gs_00018.wav,C:\Users\Akasdip\morph\data\interim\gary_stafford_real_16k\gs_00018.wav,16000,16000,3.9490625
data\raw\gary_stafford\real\gs_00019.wav,C:\Users\Akasdip\morph\data\interim\gary_stafford_real_16k\gs_00019.wav,16000,16000,3.042
data\raw\gary_stafford\real\gs_00020.wav,C:\Users\Akasdip\morph\data\interim\gary_stafford_real_16k\gs_00020.wav,16000,16000,4.615
data\raw\gary_stafford\real\gs_00021.wav,C:\Users\Akasdip\morph\data\interim\gary_stafford_real_16k\gs_00021.wav,16000,16000,7.291
data\raw\gary_stafford\real\gs_00022.wav,C:\Users\Akasdip\morph\data\interim\gary_stafford_real_16k\gs_00022.wav,16000,16000,5.745
data\raw\gary_stafford\real\gs_00023.wav,C:\Users\Akasdip\morph\data\interim\gary_stafford_real_16k\gs_00023.wav,16000,16000,9.411
data\raw\gary_stafford\real\gs_00024.wav,C:\Users\Akasdip\morph\data\interim\gary_stafford_real_16k\gs_00024.wav,16000,16000,6.755
data\raw\gary_stafford\real\gs_00025.wav,C:\Users\Akasdip\morph\data\interim\gary_stafford_real_16k\gs_00025.wav,16000,16000,3.0440625
data\raw\gary_stafford\real\gs_00026.wav,C:\Users\Akasdip\morph\data\interim\gary_stafford_real_16k\gs_00026.wav,16000,16000,6.314
data\raw\gary_stafford\real\gs_00027.wav,C:\Users\Akasdip\morph\data\interim\gary_stafford_real_16k\gs_00027.wav,16000,16000,3.2820625
data\raw\gary_stafford\real\gs_00028.wav,C:\Users\Akasdip\morph\data\interim\gary_stafford_real_16k\gs_00028.wav,16000,16000,3.5270625
data\raw\gary_stafford\real\gs_00029.wav,C:\Users\Akasdip\morph\data\interim\gary_stafford_real_16k\gs_00029.wav,16000,16000,2.856
data\raw\gary_stafford\real\gs_00030.wav,C:\Users\Akasdip\morph\data\interim\gary_stafford_real_16k\gs_00030.wav,16000,16000,2.9070625
data\raw\gary_stafford\real\gs_00031.wav,C:\Users\Akasdip\morph\data\interim\gary_stafford_real_16k\gs_00031.wav,16000,16000,5.9520625
data\raw\gary_stafford\real\gs_00032.wav,C:\Users\Akasdip\morph\data\interim\gary_stafford_real_16k\gs_00032.wav,16000,16000,3.454
data\raw\gary_stafford\real\gs_00033.wav,C:\Users\Akasdip\morph\data\interim\gary_stafford_real_16k\gs_00033.wav,16000,16000,4.383
data\raw\gary_stafford\real\gs_00034.wav,C:\Users\Akasdip\morph\data\interim\gary_stafford_real_16k\gs_00034.wav,16000,16000,3.2850625
data\raw\gary_stafford\real\gs_00035.wav,C:\Users\Akasdip\morph\data\interim\gary_stafford_real_16k\gs_00035.wav,16000,16000,4.891
data\raw\gary_stafford\real\gs_00036.wav,C:\Users\Akasdip\morph\data\interim\gary_stafford_real_16k\gs_00036.wav,16000,16000,3.325
data\raw\gary_stafford\real\gs_00037.wav,C:\Users\Akasdip\morph\data\interim\gary_stafford_real_16k\gs_00037.wav,16000,16000,3.0970625
data\raw\gary_stafford\real\gs_00038.wav,C:\Users\Akasdip\morph\data\interim\gary_stafford_real_16k\gs_00038.wav,16000,16000,6.1370625
data\raw\gary_stafford\real\gs_00039.wav,C:\Users\Akasdip\morph\data\interim\gary_stafford_real_16k\gs_00039.wav,16000,16000,3.0870625
data\raw\gary_stafford\real\gs_00040.wav,C:\Users\Akasdip\morph\data\interim\gary_stafford_real_16k\gs_00040.wav,16000,16000,6.431
data\raw\gary_stafford\real\gs_00041.wav,C:\Users\Akasdip\morph\data\interim\gary_stafford_real_16k\gs_00041.wav,16000,16000,5.052
data\raw\gary_stafford\real\gs_00042.wav,C:\Users\Akasdip\morph\data\interim\gary_stafford_real_16k\gs_00042.wav,16000,16000,3.372
data\raw\gary_stafford\real\gs_00043.wav,C:\Users\Akasdip\morph\data\interim\gary_stafford_real_16k\gs_00043.wav,16000,16000,6.4330625
data\raw\gary_stafford\real\gs_00044.wav,C:\Users\Akasdip\morph\data\interim\gary_stafford_real_16k\gs_00044.wav,16000,16000,3.157
data\raw\gary_stafford\real\gs_00045.wav,C:\Users\Akasdip\morph\data\interim\gary_stafford_real_16k\gs_00045.wav,16000,16000,4.743
data\raw\gary_stafford\real\gs_00046.wav,C:\Users\Akasdip\morph\data\interim\gary_stafford_real_16k\gs_00046.wav,16000,16000,4.222
data\raw\gary_stafford\real\gs_00047.wav,C:\Users\Akasdip\morph\data\interim\gary_stafford_real_16k\gs_00047.wav,16000,16000,4.1480625
data\raw\gary_stafford\real\gs_00048.wav,C:\Users\Akasdip\morph\data\interim\gary_stafford_real_16k\gs_00048.wav,16000,16000,3.9170625
data\raw\gary_stafford\real\gs_00049.wav,C:\Users\Akasdip\morph\data\interim\gary_stafford_real_16k\gs_00049.wav,16000,16000,4.34
data\raw\gary_stafford\real\gs_00050.wav,C:\Users\Akasdip\morph\data\interim\gary_stafford_real_16k\gs_00050.wav,16000,16000,3.932
data\raw\gary_stafford\real\gs_00051.wav,C:\Users\Akasdip\morph\data\interim\gary_stafford_real_16k\gs_00051.wav,16000,16000,3.955
data\raw\gary_stafford\real\gs_00052.wav,C:\Users\Akasdip\morph\data\interim\gary_stafford_real_16k\gs_00052.wav,16000,16000,3.5570625
data\raw\gary_stafford\real\gs_00053.wav,C:\Users\Akasdip\morph\data\interim\gary_stafford_real_16k\gs_00053.wav,16000,16000,2.982
data\raw\gary_stafford\real\gs_00054.wav,C:\Users\Akasdip\morph\data\interim\gary_stafford_real_16k\gs_00054.wav,16000,16000,3.692
data\raw\gary_stafford\real\gs_00055.wav,C:\Users\Akasdip\morph\data\interim\gary_stafford_real_16k\gs_00055.wav,16000,16000,5.383
data\raw\gary_stafford\real\gs_00056.wav,C:\Users\Akasdip\morph\data\interim\gary_stafford_real_16k\gs_00056.wav,16000,16000,3.5090625
data\raw\gary_stafford\real\gs_00057.wav,C:\Users\Akasdip\morph\data\interim\gary_stafford_real_16k\gs_00057.wav,16000,16000,4.517
data\raw\gary_stafford\real\gs_00058.wav,C:\Users\Akasdip\morph\data\interim\gary_stafford_real_16k\gs_00058.wav,16000,16000,3.145
data\raw\gary_stafford\real\gs_00059.wav,C:\Users\Akasdip\morph\data\interim\gary_stafford_real_16k\gs_00059.wav,16000,16000,11.185
data\raw\gary_stafford\real\gs_00060.wav,C:\Users\Akasdip\morph\data\interim\gary_stafford_real_16k\gs_00060.wav,16000,16000,2.632
data\raw\gary_stafford\real\gs_00061.wav,C:\Users\Akasdip\morph\data\interim\gary_stafford_real_16k\gs_00061.wav,16000,16000,2.7340625
data\raw\gary_stafford\real\gs_00062.wav,C:\Users\Akasdip\morph\data\interim\gary_stafford_real_16k\gs_00062.wav,16000,16000,3.978
data\raw\gary_stafford\real\gs_00063.wav,C:\Users\Akasdip\morph\data\interim\gary_stafford_real_16k\gs_00063.wav,16000,16000,2.792
data\raw\gary_stafford\real\gs_00064.wav,C:\Users\Akasdip\morph\data\interim\gary_stafford_real_16k\gs_00064.wav,16000,16000,2.774
data\raw\gary_stafford\real\gs_00065.wav,C:\Users\Akasdip\morph\data\interim\gary_stafford_real_16k\gs_00065.wav,16000,16000,3.977
data\raw\gary_stafford\real\gs_00066.wav,C:\Users\Akasdip\morph\data\interim\gary_stafford_real_16k\gs_00066.wav,16000,16000,2.744
data\raw\gary_stafford\real\gs_00067.wav,C:\Users\Akasdip\morph\data\interim\gary_stafford_real_16k\gs_00067.wav,16000,16000,2.74
data\raw\gary_stafford\real\gs_00068.wav,C:\Users\Akasdip\morph\data\interim\gary_stafford_real_16k\gs_00068.wav,16000,16000,4.0470625
data\raw\gary_stafford\real\gs_00069.wav,C:\Users\Akasdip\morph\data\interim\gary_stafford_real_16k\gs_00069.wav,16000,16000,3.0570625
data\raw\gary_stafford\real\gs_00070.wav,C:\Users\Akasdip\morph\data\interim\gary_stafford_real_16k\gs_00070.wav,16000,16000,2.547
data\raw\gary_stafford\real\gs_00071.wav,C:\Users\Akasdip\morph\data\interim\gary_stafford_real_16k\gs_00071.wav,16000,16000,3.514
data\raw\gary_stafford\real\gs_00072.wav,C:\Users\Akasdip\morph\data\interim\gary_stafford_real_16k\gs_00072.wav,16000,16000,4.95
data\raw\gary_stafford\real\gs_00073.wav,C:\Users\Akasdip\morph\data\interim\gary_stafford_real_16k\gs_00073.wav,16000,16000,2.71
data\raw\gary_stafford\real\gs_00074.wav,C:\Users\Akasdip\morph\data\interim\gary_stafford_real_16k\gs_00074.wav,16000,16000,3.085
data\raw\gary_stafford\real\gs_00075.wav,C:\Users\Akasdip\morph\data\interim\gary_stafford_real_16k\gs_00075.wav,16000,16000,5.4650625
data\raw\gary_stafford\real\gs_00076.wav,C:\Users\Akasdip\morph\data\interim\gary_stafford_real_16k\gs_00076.wav,16000,16000,2.797
data\raw\gary_stafford\real\gs_00077.wav,C:\Users\Akasdip\morph\data\interim\gary_stafford_real_16k\gs_00077.wav,16000,16000,3.1460625
data\raw\gary_stafford\real\gs_00078.wav,C:\Users\Akasdip\morph\data\interim\gary_stafford_real_16k\gs_00078.wav,16000,16000,4.1130625
data\raw\gary_stafford\real\gs_00079.wav,C:\Users\Akasdip\morph\data\interim\gary_stafford_real_16k\gs_00079.wav,16000,16000,5.0080625
data\raw\gary_stafford\real\gs_00080.wav,C:\Users\Akasdip\morph\data\interim\gary_stafford_real_16k\gs_00080.wav,16000,16000,4.455
data\raw\gary_stafford\real\gs_00081.wav,C:\Users\Akasdip\morph\data\interim\gary_stafford_real_16k\gs_00081.wav,16000,16000,3.3720625
data\raw\gary_stafford\real\gs_00082.wav,C:\Users\Akasdip\morph\data\interim\gary_stafford_real_16k\gs_00082.wav,16000,16000,3.234
data\raw\gary_stafford\real\gs_00083.wav,C:\Users\Akasdip\morph\data\interim\gary_stafford_real_16k\gs_00083.wav,16000,16000,6.4590625
data\raw\gary_stafford\real\gs_00084.wav,C:\Users\Akasdip\morph\data\interim\gary_stafford_real_16k\gs_00084.wav,16000,16000,12.132
data\raw\gary_stafford\real\gs_00085.wav,C:\Users\Akasdip\morph\data\interim\gary_stafford_real_16k\gs_00085.wav,16000,16000,5.5940625
data\raw\gary_stafford\real\gs_00086.wav,C:\Users\Akasdip\morph\data\interim\gary_stafford_real_16k\gs_00086.wav,16000,16000,3.1370625
data\raw\gary_stafford\real\gs_00087.wav,C:\Users\Akasdip\morph\data\interim\gary_stafford_real_16k\gs_00087.wav,16000,16000,4.691
data\raw\gary_stafford\real\gs_00088.wav,C:\Users\Akasdip\morph\data\interim\gary_stafford_real_16k\gs_00088.wav,16000,16000,7.3440625
data\raw\gary_stafford\real\gs_00089.wav,C:\Users\Akasdip\morph\data\interim\gary_stafford_real_16k\gs_00089.wav,16000,16000,3.931
data\raw\gary_stafford\real\gs_00090.wav,C:\Users\Akasdip\morph\data\interim\gary_stafford_real_16k\gs_00090.wav,16000,16000,2.6670625
data\raw\gary_stafford\real\gs_00091.wav,C:\Users\Akasdip\morph\data\interim\gary_stafford_real_16k\gs_00091.wav,16000,16000,2.9270625
data\raw\gary_stafford\real\gs_00092.wav,C:\Users\Akasdip\morph\data\interim\gary_stafford_real_16k\gs_00092.wav,16000,16000,2.711
data\raw\gary_stafford\real\gs_00093.wav,C:\Users\Akasdip\morph\data\interim\gary_stafford_real_16k\gs_00093.wav,16000,16000,5.8590625
data\raw\gary_stafford\real\gs_00094.wav,C:\Users\Akasdip\morph\data\interim\gary_stafford_real_16k\gs_00094.wav,16000,16000,3.8160625
data\raw\gary_stafford\real\gs_00095.wav,C:\Users\Akasdip\morph\data\interim\gary_stafford_real_16k\gs_00095.wav,16000,16000,6.95
data\raw\gary_stafford\real\gs_00096.wav,C:\Users\Akasdip\morph\data\interim\gary_stafford_real_16k\gs_00096.wav,16000,16000,5.312
data\raw\gary_stafford\real\gs_00097.wav,C:\Users\Akasdip\morph\data\interim\gary_stafford_real_16k\gs_00097.wav,16000,16000,3.58
data\raw\gary_stafford\real\gs_00098.wav,C:\Users\Akasdip\morph\data\interim\gary_stafford_real_16k\gs_00098.wav,16000,16000,3.852
data\raw\gary_stafford\real\gs_00099.wav,C:\Users\Akasdip\morph\data\interim\gary_stafford_real_16k\gs_00099.wav,16000,16000,3.6880625
data\raw\gary_stafford\real\gs_00100.wav,C:\Users\Akasdip\morph\data\interim\gary_stafford_real_16k\gs_00100.wav,16000,16000,11.784
data\raw\gary_stafford\real\gs_00101.wav,C:\Users\Akasdip\morph\data\interim\gary_stafford_real_16k\gs_00101.wav,16000,16000,9.1
data\raw\gary_stafford\real\gs_00102.wav,C:\Users\Akasdip\morph\data\interim\gary_stafford_real_16k\gs_00102.wav,16000,16000,3.3050625
data\raw\gary_stafford\real\gs_00103.wav,C:\Users\Akasdip\morph\data\interim\gary_stafford_real_16k\gs_00103.wav,16000,16000,4.3790625
data\raw\gary_stafford\real\gs_00104.wav,C:\Users\Akasdip\morph\data\interim\gary_stafford_real_16k\gs_00104.wav,16000,16000,5.0020625
data\raw\gary_stafford\real\gs_00105.wav,C:\Users\Akasdip\morph\data\interim\gary_stafford_real_16k\gs_00105.wav,16000,16000,5.9690625
data\raw\gary_stafford\real\gs_00106.wav,C:\Users\Akasdip\morph\data\interim\gary_stafford_real_16k\gs_00106.wav,16000,16000,3.3580625
data\raw\gary_stafford\real\gs_00107.wav,C:\Users\Akasdip\morph\data\interim\gary_stafford_real_16k\gs_00107.wav,16000,16000,3.5270625
data\raw\gary_stafford\real\gs_00108.wav,C:\Users\Akasdip\morph\data\interim\gary_stafford_real_16k\gs_00108.wav,16000,16000,2.841
data\raw\gary_stafford\real\gs_00109.wav,C:\Users\Akasdip\morph\data\interim\gary_stafford_real_16k\gs_00109.wav,16000,16000,2.921
data\raw\gary_stafford\real\gs_00110.wav,C:\Users\Akasdip\morph\data\interim\gary_stafford_real_16k\gs_00110.wav,16000,16000,4.156
data\raw\gary_stafford\real\gs_00111.wav,C:\Users\Akasdip\morph\data\interim\gary_stafford_real_16k\gs_00111.wav,16000,16000,7.567
data\raw\gary_stafford\real\gs_00112.wav,C:\Users\Akasdip\morph\data\interim\gary_stafford_real_16k\gs_00112.wav,16000,16000,2.56
data\raw\gary_stafford\real\gs_00113.wav,C:\Users\Akasdip\morph\data\interim\gary_stafford_real_16k\gs_00113.wav,16000,16000,3.1220625
data\raw\gary_stafford\real\gs_00114.wav,C:\Users\Akasdip\morph\data\interim\gary_stafford_real_16k\gs_00114.wav,16000,16000,7.239
data\raw\gary_stafford\real\gs_00115.wav,C:\Users\Akasdip\morph\data\interim\gary_stafford_real_16k\gs_00115.wav,16000,16000,9.1740625
data\raw\gary_stafford\real\gs_00116.wav,C:\Users\Akasdip\morph\data\interim\gary_stafford_real_16k\gs_00116.wav,16000,16000,4.9750625
data\raw\gary_stafford\real\gs_00117.wav,C:\Users\Akasdip\morph\data\interim\gary_stafford_real_16k\gs_00117.wav,16000,16000,3.7580625
data\raw\gary_stafford\real\gs_00118.wav,C:\Users\Akasdip\morph\data\interim\gary_stafford_real_16k\gs_00118.wav,16000,16000,2.753
data\raw\gary_stafford\real\gs_00119.wav,C:\Users\Akasdip\morph\data\interim\gary_stafford_real_16k\gs_00119.wav,16000,16000,4.239
data\raw\gary_stafford\real\gs_00120.wav,C:\Users\Akasdip\morph\data\interim\gary_stafford_real_16k\gs_00120.wav,16000,16000,6.222
data\raw\gary_stafford\real\gs_00121.wav,C:\Users\Akasdip\morph\data\interim\gary_stafford_real_16k\gs_00121.wav,16000,16000,4.732
data\raw\gary_stafford\real\gs_00122.wav,C:\Users\Akasdip\morph\data\interim\gary_stafford_real_16k\gs_00122.wav,16000,16000,8.5290625
data\raw\gary_stafford\real\gs_00123.wav,C:\Users\Akasdip\morph\data\interim\gary_stafford_real_16k\gs_00123.wav,16000,16000,3.436
data\raw\gary_stafford\real\gs_00124.wav,C:\Users\Akasdip\morph\data\interim\gary_stafford_real_16k\gs_00124.wav,16000,16000,4.161
data\raw\gary_stafford\real\gs_00125.wav,C:\Users\Akasdip\morph\data\interim\gary_stafford_real_16k\gs_00125.wav,16000,16000,2.5630625
data\raw\gary_stafford\real\gs_00126.wav,C:\Users\Akasdip\morph\data\interim\gary_stafford_real_16k\gs_00126.wav,16000,16000,3.5460625
data\raw\gary_stafford\real\gs_00127.wav,C:\Users\Akasdip\morph\data\interim\gary_stafford_real_16k\gs_00127.wav,16000,16000,2.871
data\raw\gary_stafford\real\gs_00128.wav,C:\Users\Akasdip\morph\data\interim\gary_stafford_real_16k\gs_00128.wav,16000,16000,2.613
data\raw\gary_stafford\real\gs_00129.wav,C:\Users\Akasdip\morph\data\interim\gary_stafford_real_16k\gs_00129.wav,16000,16000,5.823
data\raw\gary_stafford\real\gs_00130.wav,C:\Users\Akasdip\morph\data\interim\gary_stafford_real_16k\gs_00130.wav,16000,16000,4.4460625
data\raw\gary_stafford\real\gs_00131.wav,C:\Users\Akasdip\morph\data\interim\gary_stafford_real_16k\gs_00131.wav,16000,16000,3.1760625
data\raw\gary_stafford\real\gs_00132.wav,C:\Users\Akasdip\morph\data\interim\gary_stafford_real_16k\gs_00132.wav,16000,16000,3.7580625
data\raw\gary_stafford\real\gs_00133.wav,C:\Users\Akasdip\morph\data\interim\gary_stafford_real_16k\gs_00133.wav,16000,16000,3.813
data\raw\gary_stafford\real\gs_00134.wav,C:\Users\Akasdip\morph\data\interim\gary_stafford_real_16k\gs_00134.wav,16000,16000,3.8090625
data\raw\gary_stafford\real\gs_00135.wav,C:\Users\Akasdip\morph\data\interim\gary_stafford_real_16k\gs_00135.wav,16000,16000,3.008
data\raw\gary_stafford\real\gs_00136.wav,C:\Users\Akasdip\morph\data\interim\gary_stafford_real_16k\gs_00136.wav,16000,16000,3.237
data\raw\gary_stafford\real\gs_00137.wav,C:\Users\Akasdip\morph\data\interim\gary_stafford_real_16k\gs_00137.wav,16000,16000,4.93
data\raw\gary_stafford\real\gs_00138.wav,C:\Users\Akasdip\morph\data\interim\gary_stafford_real_16k\gs_00138.wav,16000,16000,2.7650625
data\raw\gary_stafford\real\gs_00139.wav,C:\Users\Akasdip\morph\data\interim\gary_stafford_real_16k\gs_00139.wav,16000,16000,2.7490625
data\raw\gary_stafford\real\gs_00140.wav,C:\Users\Akasdip\morph\data\interim\gary_stafford_real_16k\gs_00140.wav,16000,16000,3.11
data\raw\gary_stafford\real\gs_00141.wav,C:\Users\Akasdip\morph\data\interim\gary_stafford_real_16k\gs_00141.wav,16000,16000,2.6180625
data\raw\gary_stafford\real\gs_00142.wav,C:\Users\Akasdip\morph\data\interim\gary_stafford_real_16k\gs_00142.wav,16000,16000,3.002
data\raw\gary_stafford\real\gs_00143.wav,C:\Users\Akasdip\morph\data\interim\gary_stafford_real_16k\gs_00143.wav,16000,16000,3.5570625
data\raw\gary_stafford\real\gs_00144.wav,C:\Users\Akasdip\morph\data\interim\gary_stafford_real_16k\gs_00144.wav,16000,16000,3.2660625
data\raw\gary_stafford\real\gs_00145.wav,C:\Users\Akasdip\morph\data\interim\gary_stafford_real_16k\gs_00145.wav,16000,16000,2.7570625
data\raw\gary_stafford\real\gs_00146.wav,C:\Users\Akasdip\morph\data\interim\gary_stafford_real_16k\gs_00146.wav,16000,16000,6.331
data\raw\gary_stafford\real\gs_00147.wav,C:\Users\Akasdip\morph\data\interim\gary_stafford_real_16k\gs_00147.wav,16000,16000,3.8510625
data\raw\gary_stafford\real\gs_00148.wav,C:\Users\Akasdip\morph\data\interim\gary_stafford_real_16k\gs_00148.wav,16000,16000,2.964
data\raw\gary_stafford\real\gs_00149.wav,C:\Users\Akasdip\morph\data\interim\gary_stafford_real_16k\gs_00149.wav,16000,16000,4.025
data\raw\gary_stafford\real\gs_00150.wav,C:\Users\Akasdip\morph\data\interim\gary_stafford_real_16k\gs_00150.wav,16000,16000,2.782
data\raw\gary_stafford\real\gs_00151.wav,C:\Users\Akasdip\morph\data\interim\gary_stafford_real_16k\gs_00151.wav,16000,16000,4.985
data\raw\gary_stafford\real\gs_00152.wav,C:\Users\Akasdip\morph\data\interim\gary_stafford_real_16k\gs_00152.wav,16000,16000,7.557
data\raw\gary_stafford\real\gs_00153.wav,C:\Users\Akasdip\morph\data\interim\gary_stafford_real_16k\gs_00153.wav,16000,16000,5.9480625
data\raw\gary_stafford\real\gs_00154.wav,C:\Users\Akasdip\morph\data\interim\gary_stafford_real_16k\gs_00154.wav,16000,16000,2.709
data\raw\gary_stafford\real\gs_00155.wav,C:\Users\Akasdip\morph\data\interim\gary_stafford_real_16k\gs_00155.wav,16000,16000,5.292
data\raw\gary_stafford\real\gs_00156.wav,C:\Users\Akasdip\morph\data\interim\gary_stafford_real_16k\gs_00156.wav,16000,16000,4.912
data\raw\gary_stafford\real\gs_00157.wav,C:\Users\Akasdip\morph\data\interim\gary_stafford_real_16k\gs_00157.wav,16000,16000,3.6590625
data\raw\gary_stafford\real\gs_00158.wav,C:\Users\Akasdip\morph\data\interim\gary_stafford_real_16k\gs_00158.wav,16000,16000,2.61
data\raw\gary_stafford\real\gs_00159.wav,C:\Users\Akasdip\morph\data\interim\gary_stafford_real_16k\gs_00159.wav,16000,16000,6.965
data\raw\gary_stafford\real\gs_00160.wav,C:\Users\Akasdip\morph\data\interim\gary_stafford_real_16k\gs_00160.wav,16000,16000,6.21
data\raw\gary_stafford\real\gs_00161.wav,C:\Users\Akasdip\morph\data\interim\gary_stafford_real_16k\gs_00161.wav,16000,16000,2.825
data\raw\gary_stafford\real\gs_00162.wav,C:\Users\Akasdip\morph\data\interim\gary_stafford_real_16k\gs_00162.wav,16000,16000,2.9470625
data\raw\gary_stafford\real\gs_00163.wav,C:\Users\Akasdip\morph\data\interim\gary_stafford_real_16k\gs_00163.wav,16000,16000,3.052
data\raw\gary_stafford\real\gs_00164.wav,C:\Users\Akasdip\morph\data\interim\gary_stafford_real_16k\gs_00164.wav,16000,16000,3.2680625
data\raw\gary_stafford\real\gs_00165.wav,C:\Users\Akasdip\morph\data\interim\gary_stafford_real_16k\gs_00165.wav,16000,16000,2.91
data\raw\gary_stafford\real\gs_00166.wav,C:\Users\Akasdip\morph\data\interim\gary_stafford_real_16k\gs_00166.wav,16000,16000,5.3680625
data\raw\gary_stafford\real\gs_00167.wav,C:\Users\Akasdip\morph\data\interim\gary_stafford_real_16k\gs_00167.wav,16000,16000,2.8080625
data\raw\gary_stafford\real\gs_00168.wav,C:\Users\Akasdip\morph\data\interim\gary_stafford_real_16k\gs_00168.wav,16000,16000,2.8540625
data\raw\gary_stafford\real\gs_00169.wav,C:\Users\Akasdip\morph\data\interim\gary_stafford_real_16k\gs_00169.wav,16000,16000,8.0040625
data\raw\gary_stafford\real\gs_00170.wav,C:\Users\Akasdip\morph\data\interim\gary_stafford_real_16k\gs_00170.wav,16000,16000,4.923
data\raw\gary_stafford\real\gs_00171.wav,C:\Users\Akasdip\morph\data\interim\gary_stafford_real_16k\gs_00171.wav,16000,16000,6.8880625
data\raw\gary_stafford\real\gs_00172.wav,C:\Users\Akasdip\morph\data\interim\gary_stafford_real_16k\gs_00172.wav,16000,16000,4.512
data\raw\gary_stafford\real\gs_00173.wav,C:\Users\Akasdip\morph\data\interim\gary_stafford_real_16k\gs_00173.wav,16000,16000,3.113
data\raw\gary_stafford\real\gs_00174.wav,C:\Users\Akasdip\morph\data\interim\gary_stafford_real_16k\gs_00174.wav,16000,16000,5.5330625
data\raw\gary_stafford\real\gs_00175.wav,C:\Users\Akasdip\morph\data\interim\gary_stafford_real_16k\gs_00175.wav,16000,16000,8.891
data\raw\gary_stafford\real\gs_00176.wav,C:\Users\Akasdip\morph\data\interim\gary_stafford_real_16k\gs_00176.wav,16000,16000,3.0340625
data\raw\gary_stafford\real\gs_00177.wav,C:\Users\Akasdip\morph\data\interim\gary_stafford_real_16k\gs_00177.wav,16000,16000,2.9460625
data\raw\gary_stafford\real\gs_00178.wav,C:\Users\Akasdip\morph\data\interim\gary_stafford_real_16k\gs_00178.wav,16000,16000,7.07
data\raw\gary_stafford\real\gs_00179.wav,C:\Users\Akasdip\morph\data\interim\gary_stafford_real_16k\gs_00179.wav,16000,16000,4.238
data\raw\gary_stafford\real\gs_00180.wav,C:\Users\Akasdip\morph\data\interim\gary_stafford_real_16k\gs_00180.wav,16000,16000,5.3980625
data\raw\gary_stafford\real\gs_00181.wav,C:\Users\Akasdip\morph\data\interim\gary_stafford_real_16k\gs_00181.wav,16000,16000,3.5310625
data\raw\gary_stafford\real\gs_00182.wav,C:\Users\Akasdip\morph\data\interim\gary_stafford_real_16k\gs_00182.wav,16000,16000,6.322
data\raw\gary_stafford\real\gs_00183.wav,C:\Users\Akasdip\morph\data\interim\gary_stafford_real_16k\gs_00183.wav,16000,16000,4.28
data\raw\gary_stafford\real\gs_00184.wav,C:\Users\Akasdip\morph\data\interim\gary_stafford_real_16k\gs_00184.wav,16000,16000,2.8580625
data\raw\gary_stafford\real\gs_00185.wav,C:\Users\Akasdip\morph\data\interim\gary_stafford_real_16k\gs_00185.wav,16000,16000,2.8480625
data\raw\gary_stafford\real\gs_00186.wav,C:\Users\Akasdip\morph\data\interim\gary_stafford_real_16k\gs_00186.wav,16000,16000,3.1360625
data\raw\gary_stafford\real\gs_00187.wav,C:\Users\Akasdip\morph\data\interim\gary_stafford_real_16k\gs_00187.wav,16000,16000,2.7870625
data\raw\gary_stafford\real\gs_00188.wav,C:\Users\Akasdip\morph\data\interim\gary_stafford_real_16k\gs_00188.wav,16000,16000,3.515
data\raw\gary_stafford\real\gs_00189.wav,C:\Users\Akasdip\morph\data\interim\gary_stafford_real_16k\gs_00189.wav,16000,16000,3.6260625
data\raw\gary_stafford\real\gs_00190.wav,C:\Users\Akasdip\morph\data\interim\gary_stafford_real_16k\gs_00190.wav,16000,16000,3.612
data\raw\gary_stafford\real\gs_00191.wav,C:\Users\Akasdip\morph\data\interim\gary_stafford_real_16k\gs_00191.wav,16000,16000,2.884
data\raw\gary_stafford\real\gs_00192.wav,C:\Users\Akasdip\morph\data\interim\gary_stafford_real_16k\gs_00192.wav,16000,16000,5.4020625
data\raw\gary_stafford\real\gs_00193.wav,C:\Users\Akasdip\morph\data\interim\gary_stafford_real_16k\gs_00193.wav,16000,16000,4.0470625
data\raw\gary_stafford\real\gs_00194.wav,C:\Users\Akasdip\morph\data\interim\gary_stafford_real_16k\gs_00194.wav,16000,16000,2.651
data\raw\gary_stafford\real\gs_00195.wav,C:\Users\Akasdip\morph\data\interim\gary_stafford_real_16k\gs_00195.wav,16000,16000,4.1430625
data\raw\gary_stafford\real\gs_00196.wav,C:\Users\Akasdip\morph\data\interim\gary_stafford_real_16k\gs_00196.wav,16000,16000,3.751
data\raw\gary_stafford\real\gs_00197.wav,C:\Users\Akasdip\morph\data\interim\gary_stafford_real_16k\gs_00197.wav,16000,16000,2.891
data\raw\gary_stafford\real\gs_00198.wav,C:\Users\Akasdip\morph\data\interim\gary_stafford_real_16k\gs_00198.wav,16000,16000,6.825
data\raw\gary_stafford\real\gs_00199.wav,C:\Users\Akasdip\morph\data\interim\gary_stafford_real_16k\gs_00199.wav,16000,16000,6.8260625
data\raw\gary_stafford\real\gs_00200.wav,C:\Users\Akasdip\morph\data\interim\gary_stafford_real_16k\gs_00200.wav,16000,16000,6.825
data\raw\gary_stafford\real\gs_00201.wav,C:\Users\Akasdip\morph\data\interim\gary_stafford_real_16k\gs_00201.wav,16000,16000,6.826
data\raw\gary_stafford\real\gs_00202.wav,C:\Users\Akasdip\morph\data\interim\gary_stafford_real_16k\gs_00202.wav,16000,16000,7.104
data\raw\gary_stafford\real\gs_00203.wav,C:\Users\Akasdip\morph\data\interim\gary_stafford_real_16k\gs_00203.wav,16000,16000,7.1050625
data\raw\gary_stafford\real\gs_00204.wav,C:\Users\Akasdip\morph\data\interim\gary_stafford_real_16k\gs_00204.wav,16000,16000,7.104
data\raw\gary_stafford\real\gs_00205.wav,C:\Users\Akasdip\morph\data\interim\gary_stafford_real_16k\gs_00205.wav,16000,16000,7.105
data\raw\gary_stafford\real\gs_00206.wav,C:\Users\Akasdip\morph\data\interim\gary_stafford_real_16k\gs_00206.wav,16000,16000,7.1040625
data\raw\gary_stafford\real\gs_00207.wav,C:\Users\Akasdip\morph\data\interim\gary_stafford_real_16k\gs_00207.wav,16000,16000,7.105
data\raw\gary_stafford\real\gs_00208.wav,C:\Users\Akasdip\morph\data\interim\gary_stafford_real_16k\gs_00208.wav,16000,16000,7.1050625
data\raw\gary_stafford\real\gs_00209.wav,C:\Users\Akasdip\morph\data\interim\gary_stafford_real_16k\gs_00209.wav,16000,16000,7.105
data\raw\gary_stafford\real\gs_00210.wav,C:\Users\Akasdip\morph\data\interim\gary_stafford_real_16k\gs_00210.wav,16000,16000,7.1040625
data\raw\gary_stafford\real\gs_00211.wav,C:\Users\Akasdip\morph\data\interim\gary_stafford_real_16k\gs_00211.wav,16000,16000,7.1050625
data\raw\gary_stafford\real\gs_00212.wav,C:\Users\Akasdip\morph\data\interim\gary_stafford_real_16k\gs_00212.wav,16000,16000,7.105
data\raw\gary_stafford\real\gs_00213.wav,C:\Users\Akasdip\morph\data\interim\gary_stafford_real_16k\gs_00213.wav,16000,16000,6.8
data\raw\gary_stafford\real\gs_00214.wav,C:\Users\Akasdip\morph\data\interim\gary_stafford_real_16k\gs_00214.wav,16000,16000,6.94
data\raw\gary_stafford\real\gs_00215.wav,C:\Users\Akasdip\morph\data\interim\gary_stafford_real_16k\gs_00215.wav,16000,16000,6.941
data\raw\gary_stafford\real\gs_00216.wav,C:\Users\Akasdip\morph\data\interim\gary_stafford_real_16k\gs_00216.wav,16000,16000,6.941
data\raw\gary_stafford\real\gs_00217.wav,C:\Users\Akasdip\morph\data\interim\gary_stafford_real_16k\gs_00217.wav,16000,16000,6.941
data\raw\gary_stafford\real\gs_00218.wav,C:\Users\Akasdip\morph\data\interim\gary_stafford_real_16k\gs_00218.wav,16000,16000,6.941
data\raw\gary_stafford\real\gs_00219.wav,C:\Users\Akasdip\morph\data\interim\gary_stafford_real_16k\gs_00219.wav,16000,16000,6.941
data\raw\gary_stafford\real\gs_00220.wav,C:\Users\Akasdip\morph\data\interim\gary_stafford_real_16k\gs_00220.wav,16000,16000,6.941
data\raw\gary_stafford\real\gs_00221.wav,C:\Users\Akasdip\morph\data\interim\gary_stafford_real_16k\gs_00221.wav,16000,16000,6.941
data\raw\gary_stafford\real\gs_00222.wav,C:\Users\Akasdip\morph\data\interim\gary_stafford_real_16k\gs_00222.wav,16000,16000,6.941
data\raw\gary_stafford\real\gs_00223.wav,C:\Users\Akasdip\morph\data\interim\gary_stafford_real_16k\gs_00223.wav,16000,16000,6.29
data\raw\gary_stafford\real\gs_00224.wav,C:\Users\Akasdip\morph\data\interim\gary_stafford_real_16k\gs_00224.wav,16000,16000,6.291
data\raw\gary_stafford\real\gs_00225.wav,C:\Users\Akasdip\morph\data\interim\gary_stafford_real_16k\gs_00225.wav,16000,16000,6.291
data\raw\gary_stafford\real\gs_00226.wav,C:\Users\Akasdip\morph\data\interim\gary_stafford_real_16k\gs_00226.wav,16000,16000,6.589
data\raw\gary_stafford\real\gs_00227.wav,C:\Users\Akasdip\morph\data\interim\gary_stafford_real_16k\gs_00227.wav,16000,16000,6.5890625
data\raw\gary_stafford\real\gs_00228.wav,C:\Users\Akasdip\morph\data\interim\gary_stafford_real_16k\gs_00228.wav,16000,16000,6.5890625
data\raw\gary_stafford\real\gs_00229.wav,C:\Users\Akasdip\morph\data\interim\gary_stafford_real_16k\gs_00229.wav,16000,16000,9.519
data\raw\gary_stafford\real\gs_00230.wav,C:\Users\Akasdip\morph\data\interim\gary_stafford_real_16k\gs_00230.wav,16000,16000,8.4290625
data\raw\gary_stafford\real\gs_00231.wav,C:\Users\Akasdip\morph\data\interim\gary_stafford_real_16k\gs_00231.wav,16000,16000,2.953
data\raw\gary_stafford\real\gs_00232.wav,C:\Users\Akasdip\morph\data\interim\gary_stafford_real_16k\gs_00232.wav,16000,16000,5.014
data\raw\gary_stafford\real\gs_00233.wav,C:\Users\Akasdip\morph\data\interim\gary_stafford_real_16k\gs_00233.wav,16000,16000,6.825
data\raw\gary_stafford\real\gs_00234.wav,C:\Users\Akasdip\morph\data\interim\gary_stafford_real_16k\gs_00234.wav,16000,16000,6.8250625
data\raw\gary_stafford\real\gs_00235.wav,C:\Users\Akasdip\morph\data\interim\gary_stafford_real_16k\gs_00235.wav,16000,16000,6.825
data\raw\gary_stafford\real\gs_00236.wav,C:\Users\Akasdip\morph\data\interim\gary_stafford_real_16k\gs_00236.wav,16000,16000,6.8250625
data\raw\gary_stafford\real\gs_00237.wav,C:\Users\Akasdip\morph\data\interim\gary_stafford_real_16k\gs_00237.wav,16000,16000,6.8250625
data\raw\gary_stafford\real\gs_00238.wav,C:\Users\Akasdip\morph\data\interim\gary_stafford_real_16k\gs_00238.wav,16000,16000,6.826
data\raw\gary_stafford\real\gs_00239.wav,C:\Users\Akasdip\morph\data\interim\gary_stafford_real_16k\gs_00239.wav,16000,16000,7.104
data\raw\gary_stafford\real\gs_00240.wav,C:\Users\Akasdip\morph\data\interim\gary_stafford_real_16k\gs_00240.wav,16000,16000,7.105
data\raw\gary_stafford\real\gs_00241.wav,C:\Users\Akasdip\morph\data\interim\gary_stafford_real_16k\gs_00241.wav,16000,16000,7.1050625
data\raw\gary_stafford\real\gs_00242.wav,C:\Users\Akasdip\morph\data\interim\gary_stafford_real_16k\gs_00242.wav,16000,16000,7.104
data\raw\gary_stafford\real\gs_00243.wav,C:\Users\Akasdip\morph\data\interim\gary_stafford_real_16k\gs_00243.wav,16000,16000,7.1050625
data\raw\gary_stafford\real\gs_00244.wav,C:\Users\Akasdip\morph\data\interim\gary_stafford_real_16k\gs_00244.wav,16000,16000,7.105
data\raw\gary_stafford\real\gs_00245.wav,C:\Users\Akasdip\morph\data\interim\gary_stafford_real_16k\gs_00245.wav,16000,16000,7.1050625
data\raw\gary_stafford\real\gs_00246.wav,C:\Users\Akasdip\morph\data\interim\gary_stafford_real_16k\gs_00246.wav,16000,16000,7.105
data\raw\gary_stafford\real\gs_00247.wav,C:\Users\Akasdip\morph\data\interim\gary_stafford_real_16k\gs_00247.wav,16000,16000,7.105
data\raw\gary_stafford\real\gs_00248.wav,C:\Users\Akasdip\morph\data\interim\gary_stafford_real_16k\gs_00248.wav,16000,16000,7.1050625
data\raw\gary_stafford\real\gs_00249.wav,C:\Users\Akasdip\morph\data\interim\gary_stafford_real_16k\gs_00249.wav,16000,16000,7.104
data\raw\gary_stafford\real\gs_00250.wav,C:\Users\Akasdip\morph\data\interim\gary_stafford_real_16k\gs_00250.wav,16000,16000,7.105
data\raw\gary_stafford\real\gs_00251.wav,C:\Users\Akasdip\morph\data\interim\gary_stafford_real_16k\gs_00251.wav,16000,16000,7.1050625
data\raw\gary_stafford\real\gs_00252.wav,C:\Users\Akasdip\morph\data\interim\gary_stafford_real_16k\gs_00252.wav,16000,16000,6.795
data\raw\gary_stafford\real\gs_00253.wav,C:\Users\Akasdip\morph\data\interim\gary_stafford_real_16k\gs_00253.wav,16000,16000,6.7950625
data\raw\gary_stafford\real\gs_00254.wav,C:\Users\Akasdip\morph\data\interim\gary_stafford_real_16k\gs_00254.wav,16000,16000,6.9390625
data\raw\gary_stafford\real\gs_00255.wav,C:\Users\Akasdip\morph\data\interim\gary_stafford_real_16k\gs_00255.wav,16000,16000,6.94
data\raw\gary_stafford\real\gs_00256.wav,C:\Users\Akasdip\morph\data\interim\gary_stafford_real_16k\gs_00256.wav,16000,16000,6.9390625
data\raw\gary_stafford\real\gs_00257.wav,C:\Users\Akasdip\morph\data\interim\gary_stafford_real_16k\gs_00257.wav,16000,16000,6.9390625
data\raw\gary_stafford\real\gs_00258.wav,C:\Users\Akasdip\morph\data\interim\gary_stafford_real_16k\gs_00258.wav,16000,16000,6.9390625
data\raw\gary_stafford\real\gs_00259.wav,C:\Users\Akasdip\morph\data\interim\gary_stafford_real_16k\gs_00259.wav,16000,16000,6.94
data\raw\gary_stafford\real\gs_00260.wav,C:\Users\Akasdip\morph\data\interim\gary_stafford_real_16k\gs_00260.wav,16000,16000,6.288
data\raw\gary_stafford\real\gs_00261.wav,C:\Users\Akasdip\morph\data\interim\gary_stafford_real_16k\gs_00261.wav,16000,16000,6.2890625
data\raw\gary_stafford\real\gs_00262.wav,C:\Users\Akasdip\morph\data\interim\gary_stafford_real_16k\gs_00262.wav,16000,16000,6.2890625
data\raw\gary_stafford\real\gs_00263.wav,C:\Users\Akasdip\morph\data\interim\gary_stafford_real_16k\gs_00263.wav,16000,16000,6.589
data\raw\gary_stafford\real\gs_00264.wav,C:\Users\Akasdip\morph\data\interim\gary_stafford_real_16k\gs_00264.wav,16000,16000,6.5890625
data\raw\gary_stafford\real\gs_00265.wav,C:\Users\Akasdip\morph\data\interim\gary_stafford_real_16k\gs_00265.wav,16000,16000,6.5890625
data\raw\gary_stafford\real\gs_00266.wav,C:\Users\Akasdip\morph\data\interim\gary_stafford_real_16k\gs_00266.wav,16000,16000,6.898
data\raw\gary_stafford\real\gs_00267.wav,C:\Users\Akasdip\morph\data\interim\gary_stafford_real_16k\gs_00267.wav,16000,16000,6.8980625
data\raw\gary_stafford\real\gs_00268.wav,C:\Users\Akasdip\morph\data\interim\gary_stafford_real_16k\gs_00268.wav,16000,16000,6.9570625
data\raw\gary_stafford\real\gs_00269.wav,C:\Users\Akasdip\morph\data\interim\gary_stafford_real_16k\gs_00269.wav,16000,16000,6.488
data\raw\gary_stafford\real\gs_00270.wav,C:\Users\Akasdip\morph\data\interim\gary_stafford_real_16k\gs_00270.wav,16000,16000,6.4890625
data\raw\gary_stafford\real\gs_00271.wav,C:\Users\Akasdip\morph\data\interim\gary_stafford_real_16k\gs_00271.wav,16000,16000,6.4880625
data\raw\gary_stafford\real\gs_00272.wav,C:\Users\Akasdip\morph\data\interim\gary_stafford_real_16k\gs_00272.wav,16000,16000,2.6790625
data\raw\gary_stafford\real\gs_00273.wav,C:\Users\Akasdip\morph\data\interim\gary_stafford_real_16k\gs_00273.wav,16000,16000,3.0260625
data\raw\gary_stafford\real\gs_00274.wav,C:\Users\Akasdip\morph\data\interim\gary_stafford_real_16k\gs_00274.wav,16000,16000,3.05
data\raw\gary_stafford\real\gs_00275.wav,C:\Users\Akasdip\morph\data\interim\gary_stafford_real_16k\gs_00275.wav,16000,16000,8.162
data\raw\gary_stafford\real\gs_00276.wav,C:\Users\Akasdip\morph\data\interim\gary_stafford_real_16k\gs_00276.wav,16000,16000,6.3750625
data\raw\gary_stafford\real\gs_00277.wav,C:\Users\Akasdip\morph\data\interim\gary_stafford_real_16k\gs_00277.wav,16000,16000,5.041
data\raw\gary_stafford\real\gs_00278.wav,C:\Users\Akasdip\morph\data\interim\gary_stafford_real_16k\gs_00278.wav,16000,16000,7.8520625
data\raw\gary_stafford\real\gs_00279.wav,C:\Users\Akasdip\morph\data\interim\gary_stafford_real_16k\gs_00279.wav,16000,16000,4.922
data\raw\gary_stafford\real\gs_00280.wav,C:\Users\Akasdip\morph\data\interim\gary_stafford_real_16k\gs_00280.wav,16000,16000,2.7990625
data\raw\gary_stafford\real\gs_00281.wav,C:\Users\Akasdip\morph\data\interim\gary_stafford_real_16k\gs_00281.wav,16000,16000,4.3880625
data\raw\gary_stafford\real\gs_00282.wav,C:\Users\Akasdip\morph\data\interim\gary_stafford_real_16k\gs_00282.wav,16000,16000,6.6290625
data\raw\gary_stafford\real\gs_00283.wav,C:\Users\Akasdip\morph\data\interim\gary_stafford_real_16k\gs_00283.wav,16000,16000,6.6290625
data\raw\gary_stafford\real\gs_00284.wav,C:\Users\Akasdip\morph\data\interim\gary_stafford_real_16k\gs_00284.wav,16000,16000,6.599
data\raw\gary_stafford\real\gs_00285.wav,C:\Users\Akasdip\morph\data\interim\gary_stafford_real_16k\gs_00285.wav,16000,16000,6.6
data\raw\gary_stafford\real\gs_00286.wav,C:\Users\Akasdip\morph\data\interim\gary_stafford_real_16k\gs_00286.wav,16000,16000,6.596
data\raw\gary_stafford\real\gs_00287.wav,C:\Users\Akasdip\morph\data\interim\gary_stafford_real_16k\gs_00287.wav,16000,16000,6.5960625
data\raw\gary_stafford\real\gs_00288.wav,C:\Users\Akasdip\morph\data\interim\gary_stafford_real_16k\gs_00288.wav,16000,16000,5.509
data\raw\gary_stafford\real\gs_00289.wav,C:\Users\Akasdip\morph\data\interim\gary_stafford_real_16k\gs_00289.wav,16000,16000,5.073
data\raw\gary_stafford\real\gs_00290.wav,C:\Users\Akasdip\morph\data\interim\gary_stafford_real_16k\gs_00290.wav,16000,16000,2.63
data\raw\gary_stafford\real\gs_00291.wav,C:\Users\Akasdip\morph\data\interim\gary_stafford_real_16k\gs_00291.wav,16000,16000,4.4390625
data\raw\gary_stafford\real\gs_00292.wav,C:\Users\Akasdip\morph\data\interim\gary_stafford_real_16k\gs_00292.wav,16000,16000,4.365
data\raw\gary_stafford\real\gs_00293.wav,C:\Users\Akasdip\morph\data\interim\gary_stafford_real_16k\gs_00293.wav,16000,16000,3.6770625
data\raw\gary_stafford\real\gs_00294.wav,C:\Users\Akasdip\morph\data\interim\gary_stafford_real_16k\gs_00294.wav,16000,16000,3.212
data\raw\gary_stafford\real\gs_00295.wav,C:\Users\Akasdip\morph\data\interim\gary_stafford_real_16k\gs_00295.wav,16000,16000,2.525
data\raw\gary_stafford\real\gs_00296.wav,C:\Users\Akasdip\morph\data\interim\gary_stafford_real_16k\gs_00296.wav,16000,16000,3.1710625
data\raw\gary_stafford\real\gs_00297.wav,C:\Users\Akasdip\morph\data\interim\gary_stafford_real_16k\gs_00297.wav,16000,16000,3.862
data\raw\gary_stafford\real\gs_00298.wav,C:\Users\Akasdip\morph\data\interim\gary_stafford_real_16k\gs_00298.wav,16000,16000,3.8110625
data\raw\gary_stafford\real\gs_00299.wav,C:\Users\Akasdip\morph\data\interim\gary_stafford_real_16k\gs_00299.wav,16000,16000,7.0790625
data\raw\gary_stafford\real\gs_00300.wav,C:\Users\Akasdip\morph\data\interim\gary_stafford_real_16k\gs_00300.wav,16000,16000,2.9240625
data\raw\gary_stafford\real\gs_00301.wav,C:\Users\Akasdip\morph\data\interim\gary_stafford_real_16k\gs_00301.wav,16000,16000,8.261
data\raw\gary_stafford\real\gs_00302.wav,C:\Users\Akasdip\morph\data\interim\gary_stafford_real_16k\gs_00302.wav,16000,16000,7.0270625
data\raw\gary_stafford\real\gs_00303.wav,C:\Users\Akasdip\morph\data\interim\gary_stafford_real_16k\gs_00303.wav,16000,16000,9.3710625
data\raw\gary_stafford\real\gs_00304.wav,C:\Users\Akasdip\morph\data\interim\gary_stafford_real_16k\gs_00304.wav,16000,16000,5.13
data\raw\gary_stafford\real\gs_00305.wav,C:\Users\Akasdip\morph\data\interim\gary_stafford_real_16k\gs_00305.wav,16000,16000,4.9690625
data\raw\gary_stafford\real\gs_00306.wav,C:\Users\Akasdip\morph\data\interim\gary_stafford_real_16k\gs_00306.wav,16000,16000,3.3060625
data\raw\gary_stafford\real\gs_00307.wav,C:\Users\Akasdip\morph\data\interim\gary_stafford_real_16k\gs_00307.wav,16000,16000,3.5540625
data\raw\gary_stafford\real\gs_00308.wav,C:\Users\Akasdip\morph\data\interim\gary_stafford_real_16k\gs_00308.wav,16000,16000,7.297
data\raw\gary_stafford\real\gs_00309.wav,C:\Users\Akasdip\morph\data\interim\gary_stafford_real_16k\gs_00309.wav,16000,16000,3.9870625
data\raw\gary_stafford\real\gs_00310.wav,C:\Users\Akasdip\morph\data\interim\gary_stafford_real_16k\gs_00310.wav,16000,16000,3.3580625
data\raw\gary_stafford\real\gs_00311.wav,C:\Users\Akasdip\morph\data\interim\gary_stafford_real_16k\gs_00311.wav,16000,16000,3.2380625
data\raw\gary_stafford\real\gs_00312.wav,C:\Users\Akasdip\morph\data\interim\gary_stafford_real_16k\gs_00312.wav,16000,16000,3.193
data\raw\gary_stafford\real\gs_00313.wav,C:\Users\Akasdip\morph\data\interim\gary_stafford_real_16k\gs_00313.wav,16000,16000,3.3120625
data\raw\gary_stafford\real\gs_00314.wav,C:\Users\Akasdip\morph\data\interim\gary_stafford_real_16k\gs_00314.wav,16000,16000,5.7350625
data\raw\gary_stafford\real\gs_00315.wav,C:\Users\Akasdip\morph\data\interim\gary_stafford_real_16k\gs_00315.wav,16000,16000,6.944
data\raw\gary_stafford\real\gs_00316.wav,C:\Users\Akasdip\morph\data\interim\gary_stafford_real_16k\gs_00316.wav,16000,16000,5.6370625
data\raw\gary_stafford\real\gs_00317.wav,C:\Users\Akasdip\morph\data\interim\gary_stafford_real_16k\gs_00317.wav,16000,16000,3.4070625
data\raw\gary_stafford\real\gs_00318.wav,C:\Users\Akasdip\morph\data\interim\gary_stafford_real_16k\gs_00318.wav,16000,16000,6.358
data\raw\gary_stafford\real\gs_00319.wav,C:\Users\Akasdip\morph\data\interim\gary_stafford_real_16k\gs_00319.wav,16000,16000,2.9350625
data\raw\gary_stafford\real\gs_00320.wav,C:\Users\Akasdip\morph\data\interim\gary_stafford_real_16k\gs_00320.wav,16000,16000,2.891
data\raw\gary_stafford\real\gs_00321.wav,C:\Users\Akasdip\morph\data\interim\gary_stafford_real_16k\gs_00321.wav,16000,16000,10.0970625
data\raw\gary_stafford\real\gs_00322.wav,C:\Users\Akasdip\morph\data\interim\gary_stafford_real_16k\gs_00322.wav,16000,16000,7.9650625
data\raw\gary_stafford\real\gs_00323.wav,C:\Users\Akasdip\morph\data\interim\gary_stafford_real_16k\gs_00323.wav,16000,16000,6.3530625
data\raw\gary_stafford\real\gs_00324.wav,C:\Users\Akasdip\morph\data\interim\gary_stafford_real_16k\gs_00324.wav,16000,16000,3.357
data\raw\gary_stafford\real\gs_00325.wav,C:\Users\Akasdip\morph\data\interim\gary_stafford_real_16k\gs_00325.wav,16000,16000,3.0980625
data\raw\gary_stafford\real\gs_00326.wav,C:\Users\Akasdip\morph\data\interim\gary_stafford_real_16k\gs_00326.wav,16000,16000,4.152
data\raw\gary_stafford\real\gs_00327.wav,C:\Users\Akasdip\morph\data\interim\gary_stafford_real_16k\gs_00327.wav,16000,16000,8.9950625
data\raw\gary_stafford\real\gs_00328.wav,C:\Users\Akasdip\morph\data\interim\gary_stafford_real_16k\gs_00328.wav,16000,16000,2.512
data\raw\gary_stafford\real\gs_00329.wav,C:\Users\Akasdip\morph\data\interim\gary_stafford_real_16k\gs_00329.wav,16000,16000,3.4890625
data\raw\gary_stafford\real\gs_00330.wav,C:\Users\Akasdip\morph\data\interim\gary_stafford_real_16k\gs_00330.wav,16000,16000,6.3160625
data\raw\gary_stafford\real\gs_00331.wav,C:\Users\Akasdip\morph\data\interim\gary_stafford_real_16k\gs_00331.wav,16000,16000,6.3740625
data\raw\gary_stafford\real\gs_00332.wav,C:\Users\Akasdip\morph\data\interim\gary_stafford_real_16k\gs_00332.wav,16000,16000,7.038
data\raw\gary_stafford\real\gs_00333.wav,C:\Users\Akasdip\morph\data\interim\gary_stafford_real_16k\gs_00333.wav,16000,16000,3.4190625
data\raw\gary_stafford\real\gs_00334.wav,C:\Users\Akasdip\morph\data\interim\gary_stafford_real_16k\gs_00334.wav,16000,16000,5.261
data\raw\gary_stafford\real\gs_00335.wav,C:\Users\Akasdip\morph\data\interim\gary_stafford_real_16k\gs_00335.wav,16000,16000,10.1690625
data\raw\gary_stafford\real\gs_00336.wav,C:\Users\Akasdip\morph\data\interim\gary_stafford_real_16k\gs_00336.wav,16000,16000,3.5450625
data\raw\gary_stafford\real\gs_00337.wav,C:\Users\Akasdip\morph\data\interim\gary_stafford_real_16k\gs_00337.wav,16000,16000,4.512
data\raw\gary_stafford\real\gs_00338.wav,C:\Users\Akasdip\morph\data\interim\gary_stafford_real_16k\gs_00338.wav,16000,16000,2.643
data\raw\gary_stafford\real\gs_00339.wav,C:\Users\Akasdip\morph\data\interim\gary_stafford_real_16k\gs_00339.wav,16000,16000,2.684
data\raw\gary_stafford\real\gs_00340.wav,C:\Users\Akasdip\morph\data\interim\gary_stafford_real_16k\gs_00340.wav,16000,16000,5.8470625
data\raw\gary_stafford\real\gs_00341.wav,C:\Users\Akasdip\morph\data\interim\gary_stafford_real_16k\gs_00341.wav,16000,16000,7.933
data\raw\gary_stafford\real\gs_00342.wav,C:\Users\Akasdip\morph\data\interim\gary_stafford_real_16k\gs_00342.wav,16000,16000,3.75
data\raw\gary_stafford\real\gs_00343.wav,C:\Users\Akasdip\morph\data\interim\gary_stafford_real_16k\gs_00343.wav,16000,16000,2.681
data\raw\gary_stafford\real\gs_00344.wav,C:\Users\Akasdip\morph\data\interim\gary_stafford_real_16k\gs_00344.wav,16000,16000,4.835
data\raw\gary_stafford\real\gs_00345.wav,C:\Users\Akasdip\morph\data\interim\gary_stafford_real_16k\gs_00345.wav,16000,16000,3.886
data\raw\gary_stafford\real\gs_00346.wav,C:\Users\Akasdip\morph\data\interim\gary_stafford_real_16k\gs_00346.wav,16000,16000,5.361
data\raw\gary_stafford\real\gs_00347.wav,C:\Users\Akasdip\morph\data\interim\gary_stafford_real_16k\gs_00347.wav,16000,16000,3.633
data\raw\gary_stafford\real\gs_00348.wav,C:\Users\Akasdip\morph\data\interim\gary_stafford_real_16k\gs_00348.wav,16000,16000,4.816
data\raw\gary_stafford\real\gs_00349.wav,C:\Users\Akasdip\morph\data\interim\gary_stafford_real_16k\gs_00349.wav,16000,16000,2.572
data\raw\gary_stafford\real\gs_00350.wav,C:\Users\Akasdip\morph\data\interim\gary_stafford_real_16k\gs_00350.wav,16000,16000,3.0990625
data\raw\gary_stafford\real\gs_00351.wav,C:\Users\Akasdip\morph\data\interim\gary_stafford_real_16k\gs_00351.wav,16000,16000,3.131
data\raw\gary_stafford\real\gs_00352.wav,C:\Users\Akasdip\morph\data\interim\gary_stafford_real_16k\gs_00352.wav,16000,16000,2.941
data\raw\gary_stafford\real\gs_00353.wav,C:\Users\Akasdip\morph\data\interim\gary_stafford_real_16k\gs_00353.wav,16000,16000,4.3990625
data\raw\gary_stafford\real\gs_00354.wav,C:\Users\Akasdip\morph\data\interim\gary_stafford_real_16k\gs_00354.wav,16000,16000,3.4950625
data\raw\gary_stafford\real\gs_00355.wav,C:\Users\Akasdip\morph\data\interim\gary_stafford_real_16k\gs_00355.wav,16000,16000,2.743
data\raw\gary_stafford\real\gs_00356.wav,C:\Users\Akasdip\morph\data\interim\gary_stafford_real_16k\gs_00356.wav,16000,16000,2.8690625
data\raw\gary_stafford\real\gs_00357.wav,C:\Users\Akasdip\morph\data\interim\gary_stafford_real_16k\gs_00357.wav,16000,16000,2.9590625
data\raw\gary_stafford\real\gs_00358.wav,C:\Users\Akasdip\morph\data\interim\gary_stafford_real_16k\gs_00358.wav,16000,16000,2.651
data\raw\gary_stafford\real\gs_00359.wav,C:\Users\Akasdip\morph\data\interim\gary_stafford_real_16k\gs_00359.wav,16000,16000,4.346
data\raw\gary_stafford\real\gs_00360.wav,C:\Users\Akasdip\morph\data\interim\gary_stafford_real_16k\gs_00360.wav,16000,16000,4.853
data\raw\gary_stafford\real\gs_00361.wav,C:\Users\Akasdip\morph\data\interim\gary_stafford_real_16k\gs_00361.wav,16000,16000,4.585
data\raw\gary_stafford\real\gs_00362.wav,C:\Users\Akasdip\morph\data\interim\gary_stafford_real_16k\gs_00362.wav,16000,16000,2.9780625
data\raw\gary_stafford\real\gs_00363.wav,C:\Users\Akasdip\morph\data\interim\gary_stafford_real_16k\gs_00363.wav,16000,16000,3.3830625
data\raw\gary_stafford\real\gs_00364.wav,C:\Users\Akasdip\morph\data\interim\gary_stafford_real_16k\gs_00364.wav,16000,16000,2.502
data\raw\gary_stafford\real\gs_00365.wav,C:\Users\Akasdip\morph\data\interim\gary_stafford_real_16k\gs_00365.wav,16000,16000,4.7480625
data\raw\gary_stafford\real\gs_00366.wav,C:\Users\Akasdip\morph\data\interim\gary_stafford_real_16k\gs_00366.wav,16000,16000,3.171
data\raw\gary_stafford\real\gs_00367.wav,C:\Users\Akasdip\morph\data\interim\gary_stafford_real_16k\gs_00367.wav,16000,16000,3.534
data\raw\gary_stafford\real\gs_00368.wav,C:\Users\Akasdip\morph\data\interim\gary_stafford_real_16k\gs_00368.wav,16000,16000,2.922
data\raw\gary_stafford\real\gs_00369.wav,C:\Users\Akasdip\morph\data\interim\gary_stafford_real_16k\gs_00369.wav,16000,16000,4.6580625
data\raw\gary_stafford\real\gs_00370.wav,C:\Users\Akasdip\morph\data\interim\gary_stafford_real_16k\gs_00370.wav,16000,16000,8.5770625
data\raw\gary_stafford\real\gs_00371.wav,C:\Users\Akasdip\morph\data\interim\gary_stafford_real_16k\gs_00371.wav,16000,16000,5.043
data\raw\gary_stafford\real\gs_00372.wav,C:\Users\Akasdip\morph\data\interim\gary_stafford_real_16k\gs_00372.wav,16000,16000,5.9030625
data\raw\gary_stafford\real\gs_00373.wav,C:\Users\Akasdip\morph\data\interim\gary_stafford_real_16k\gs_00373.wav,16000,16000,4.4540625
data\raw\gary_stafford\real\gs_00374.wav,C:\Users\Akasdip\morph\data\interim\gary_stafford_real_16k\gs_00374.wav,16000,16000,4.744
data\raw\gary_stafford\real\gs_00375.wav,C:\Users\Akasdip\morph\data\interim\gary_stafford_real_16k\gs_00375.wav,16000,16000,5.932
data\raw\gary_stafford\real\gs_00376.wav,C:\Users\Akasdip\morph\data\interim\gary_stafford_real_16k\gs_00376.wav,16000,16000,4.046
data\raw\gary_stafford\real\gs_00377.wav,C:\Users\Akasdip\morph\data\interim\gary_stafford_real_16k\gs_00377.wav,16000,16000,4.166
data\raw\gary_stafford\real\gs_00378.wav,C:\Users\Akasdip\morph\data\interim\gary_stafford_real_16k\gs_00378.wav,16000,16000,7.4840625
data\raw\gary_stafford\real\gs_00379.wav,C:\Users\Akasdip\morph\data\interim\gary_stafford_real_16k\gs_00379.wav,16000,16000,5.222
data\raw\gary_stafford\real\gs_00380.wav,C:\Users\Akasdip\morph\data\interim\gary_stafford_real_16k\gs_00380.wav,16000,16000,3.4390625
data\raw\gary_stafford\real\gs_00381.wav,C:\Users\Akasdip\morph\data\interim\gary_stafford_real_16k\gs_00381.wav,16000,16000,3.774
data\raw\gary_stafford\real\gs_00382.wav,C:\Users\Akasdip\morph\data\interim\gary_stafford_real_16k\gs_00382.wav,16000,16000,6.843
data\raw\gary_stafford\real\gs_00383.wav,C:\Users\Akasdip\morph\data\interim\gary_stafford_real_16k\gs_00383.wav,16000,16000,4.0780625
data\raw\gary_stafford\real\gs_00384.wav,C:\Users\Akasdip\morph\data\interim\gary_stafford_real_16k\gs_00384.wav,16000,16000,4.1890625
data\raw\gary_stafford\real\gs_00385.wav,C:\Users\Akasdip\morph\data\interim\gary_stafford_real_16k\gs_00385.wav,16000,16000,4.2080625
data\raw\gary_stafford\real\gs_00386.wav,C:\Users\Akasdip\morph\data\interim\gary_stafford_real_16k\gs_00386.wav,16000,16000,4.676
data\raw\gary_stafford\real\gs_00387.wav,C:\Users\Akasdip\morph\data\interim\gary_stafford_real_16k\gs_00387.wav,16000,16000,4.1490625
data\raw\gary_stafford\real\gs_00388.wav,C:\Users\Akasdip\morph\data\interim\gary_stafford_real_16k\gs_00388.wav,16000,16000,5.014
data\raw\gary_stafford\real\gs_00389.wav,C:\Users\Akasdip\morph\data\interim\gary_stafford_real_16k\gs_00389.wav,16000,16000,2.68
data\raw\gary_stafford\real\gs_00390.wav,C:\Users\Akasdip\morph\data\interim\gary_stafford_real_16k\gs_00390.wav,16000,16000,2.874
data\raw\gary_stafford\real\gs_00391.wav,C:\Users\Akasdip\morph\data\interim\gary_stafford_real_16k\gs_00391.wav,16000,16000,7.1750625
data\raw\gary_stafford\real\gs_00392.wav,C:\Users\Akasdip\morph\data\interim\gary_stafford_real_16k\gs_00392.wav,16000,16000,2.8290625
data\raw\gary_stafford\real\gs_00393.wav,C:\Users\Akasdip\morph\data\interim\gary_stafford_real_16k\gs_00393.wav,16000,16000,12.5260625
data\raw\gary_stafford\real\gs_00394.wav,C:\Users\Akasdip\morph\data\interim\gary_stafford_real_16k\gs_00394.wav,16000,16000,3.2190625
data\raw\gary_stafford\real\gs_00395.wav,C:\Users\Akasdip\morph\data\interim\gary_stafford_real_16k\gs_00395.wav,16000,16000,7.8480625
data\raw\gary_stafford\real\gs_00396.wav,C:\Users\Akasdip\morph\data\interim\gary_stafford_real_16k\gs_00396.wav,16000,16000,5.1530625
data\raw\gary_stafford\real\gs_00397.wav,C:\Users\Akasdip\morph\data\interim\gary_stafford_real_16k\gs_00397.wav,16000,16000,8.9070625
data\raw\gary_stafford\real\gs_00398.wav,C:\Users\Akasdip\morph\data\interim\gary_stafford_real_16k\gs_00398.wav,16000,16000,3.45
data\raw\gary_stafford\real\gs_00399.wav,C:\Users\Akasdip\morph\data\interim\gary_stafford_real_16k\gs_00399.wav,16000,16000,5.582
data\raw\gary_stafford\real\gs_00400.wav,C:\Users\Akasdip\morph\data\interim\gary_stafford_real_16k\gs_00400.wav,16000,16000,3.155
data\raw\gary_stafford\real\gs_00401.wav,C:\Users\Akasdip\morph\data\interim\gary_stafford_real_16k\gs_00401.wav,16000,16000,4.183
data\raw\gary_stafford\real\gs_00402.wav,C:\Users\Akasdip\morph\data\interim\gary_stafford_real_16k\gs_00402.wav,16000,16000,7.2260625
data\raw\gary_stafford\real\gs_00403.wav,C:\Users\Akasdip\morph\data\interim\gary_stafford_real_16k\gs_00403.wav,16000,16000,7.5390625
data\raw\gary_stafford\real\gs_00404.wav,C:\Users\Akasdip\morph\data\interim\gary_stafford_real_16k\gs_00404.wav,16000,16000,6.7590625
data\raw\gary_stafford\real\gs_00405.wav,C:\Users\Akasdip\morph\data\interim\gary_stafford_real_16k\gs_00405.wav,16000,16000,3.1650625
data\raw\gary_stafford\real\gs_00406.wav,C:\Users\Akasdip\morph\data\interim\gary_stafford_real_16k\gs_00406.wav,16000,16000,2.661
data\raw\gary_stafford\real\gs_00407.wav,C:\Users\Akasdip\morph\data\interim\gary_stafford_real_16k\gs_00407.wav,16000,16000,2.7470625
data\raw\gary_stafford\real\gs_00408.wav,C:\Users\Akasdip\morph\data\interim\gary_stafford_real_16k\gs_00408.wav,16000,16000,7.987
data\raw\gary_stafford\real\gs_00409.wav,C:\Users\Akasdip\morph\data\interim\gary_stafford_real_16k\gs_00409.wav,16000,16000,9.114
data\raw\gary_stafford\real\gs_00410.wav,C:\Users\Akasdip\morph\data\interim\gary_stafford_real_16k\gs_00410.wav,16000,16000,7.383
data\raw\gary_stafford\real\gs_00411.wav,C:\Users\Akasdip\morph\data\interim\gary_stafford_real_16k\gs_00411.wav,16000,16000,9.262
data\raw\gary_stafford\real\gs_00412.wav,C:\Users\Akasdip\morph\data\interim\gary_stafford_real_16k\gs_00412.wav,16000,16000,2.791
data\raw\gary_stafford\real\gs_00413.wav,C:\Users\Akasdip\morph\data\interim\gary_stafford_real_16k\gs_00413.wav,16000,16000,4.3980625
data\raw\gary_stafford\real\gs_00414.wav,C:\Users\Akasdip\morph\data\interim\gary_stafford_real_16k\gs_00414.wav,16000,16000,7.1960625
data\raw\gary_stafford\real\gs_00415.wav,C:\Users\Akasdip\morph\data\interim\gary_stafford_real_16k\gs_00415.wav,16000,16000,3.531
data\raw\gary_stafford\real\gs_00416.wav,C:\Users\Akasdip\morph\data\interim\gary_stafford_real_16k\gs_00416.wav,16000,16000,6.452
data\raw\gary_stafford\real\gs_00417.wav,C:\Users\Akasdip\morph\data\interim\gary_stafford_real_16k\gs_00417.wav,16000,16000,4.18
data\raw\gary_stafford\real\gs_00418.wav,C:\Users\Akasdip\morph\data\interim\gary_stafford_real_16k\gs_00418.wav,16000,16000,4.0480625
data\raw\gary_stafford\real\gs_00419.wav,C:\Users\Akasdip\morph\data\interim\gary_stafford_real_16k\gs_00419.wav,16000,16000,3.061
data\raw\gary_stafford\real\gs_00420.wav,C:\Users\Akasdip\morph\data\interim\gary_stafford_real_16k\gs_00420.wav,16000,16000,2.771
data\raw\gary_stafford\real\gs_00421.wav,C:\Users\Akasdip\morph\data\interim\gary_stafford_real_16k\gs_00421.wav,16000,16000,5.1690625
data\raw\gary_stafford\real\gs_00422.wav,C:\Users\Akasdip\morph\data\interim\gary_stafford_real_16k\gs_00422.wav,16000,16000,9.952
data\raw\gary_stafford\real\gs_00423.wav,C:\Users\Akasdip\morph\data\interim\gary_stafford_real_16k\gs_00423.wav,16000,16000,5.2340625
data\raw\gary_stafford\real\gs_00424.wav,C:\Users\Akasdip\morph\data\interim\gary_stafford_real_16k\gs_00424.wav,16000,16000,4.482
data\raw\gary_stafford\real\gs_00425.wav,C:\Users\Akasdip\morph\data\interim\gary_stafford_real_16k\gs_00425.wav,16000,16000,3.822
data\raw\gary_stafford\real\gs_00426.wav,C:\Users\Akasdip\morph\data\interim\gary_stafford_real_16k\gs_00426.wav,16000,16000,2.76
data\raw\gary_stafford\real\gs_00427.wav,C:\Users\Akasdip\morph\data\interim\gary_stafford_real_16k\gs_00427.wav,16000,16000,3.245
data\raw\gary_stafford\real\gs_00428.wav,C:\Users\Akasdip\morph\data\interim\gary_stafford_real_16k\gs_00428.wav,16000,16000,4.603
data\raw\gary_stafford\real\gs_00429.wav,C:\Users\Akasdip\morph\data\interim\gary_stafford_real_16k\gs_00429.wav,16000,16000,3.024
data\raw\gary_stafford\real\gs_00430.wav,C:\Users\Akasdip\morph\data\interim\gary_stafford_real_16k\gs_00430.wav,16000,16000,2.542
data\raw\gary_stafford\real\gs_00431.wav,C:\Users\Akasdip\morph\data\interim\gary_stafford_real_16k\gs_00431.wav,16000,16000,9.4550625
data\raw\gary_stafford\real\gs_00432.wav,C:\Users\Akasdip\morph\data\interim\gary_stafford_real_16k\gs_00432.wav,16000,16000,2.9560625
data\raw\gary_stafford\real\gs_00433.wav,C:\Users\Akasdip\morph\data\interim\gary_stafford_real_16k\gs_00433.wav,16000,16000,5.9190625
data\raw\gary_stafford\real\gs_00434.wav,C:\Users\Akasdip\morph\data\interim\gary_stafford_real_16k\gs_00434.wav,16000,16000,2.7790625
data\raw\gary_stafford\real\gs_00435.wav,C:\Users\Akasdip\morph\data\interim\gary_stafford_real_16k\gs_00435.wav,16000,16000,3.4420625
data\raw\gary_stafford\real\gs_00436.wav,C:\Users\Akasdip\morph\data\interim\gary_stafford_real_16k\gs_00436.wav,16000,16000,2.6520625
data\raw\gary_stafford\real\gs_00437.wav,C:\Users\Akasdip\morph\data\interim\gary_stafford_real_16k\gs_00437.wav,16000,16000,4.0360625
data\raw\gary_stafford\real\gs_00438.wav,C:\Users\Akasdip\morph\data\interim\gary_stafford_real_16k\gs_00438.wav,16000,16000,8.821
data\raw\gary_stafford\real\gs_00439.wav,C:\Users\Akasdip\morph\data\interim\gary_stafford_real_16k\gs_00439.wav,16000,16000,2.601
data\raw\gary_stafford\real\gs_00440.wav,C:\Users\Akasdip\morph\data\interim\gary_stafford_real_16k\gs_00440.wav,16000,16000,2.611
data\raw\gary_stafford\real\gs_00441.wav,C:\Users\Akasdip\morph\data\interim\gary_stafford_real_16k\gs_00441.wav,16000,16000,3.2680625
data\raw\gary_stafford\real\gs_00442.wav,C:\Users\Akasdip\morph\data\interim\gary_stafford_real_16k\gs_00442.wav,16000,16000,3.483
data\raw\gary_stafford\real\gs_00443.wav,C:\Users\Akasdip\morph\data\interim\gary_stafford_real_16k\gs_00443.wav,16000,16000,7.422
data\raw\gary_stafford\real\gs_00444.wav,C:\Users\Akasdip\morph\data\interim\gary_stafford_real_16k\gs_00444.wav,16000,16000,7.422
data\raw\gary_stafford\real\gs_00445.wav,C:\Users\Akasdip\morph\data\interim\gary_stafford_real_16k\gs_00445.wav,16000,16000,5.522
data\raw\gary_stafford\real\gs_00446.wav,C:\Users\Akasdip\morph\data\interim\gary_stafford_real_16k\gs_00446.wav,16000,16000,5.833
data\raw\gary_stafford\real\gs_00447.wav,C:\Users\Akasdip\morph\data\interim\gary_stafford_real_16k\gs_00447.wav,16000,16000,5.833
data\raw\gary_stafford\real\gs_00448.wav,C:\Users\Akasdip\morph\data\interim\gary_stafford_real_16k\gs_00448.wav,16000,16000,5.122
data\raw\gary_stafford\real\gs_00449.wav,C:\Users\Akasdip\morph\data\interim\gary_stafford_real_16k\gs_00449.wav,16000,16000,5.2570625
data\raw\gary_stafford\real\gs_00450.wav,C:\Users\Akasdip\morph\data\interim\gary_stafford_real_16k\gs_00450.wav,16000,16000,4.8030625
data\raw\gary_stafford\real\gs_00451.wav,C:\Users\Akasdip\morph\data\interim\gary_stafford_real_16k\gs_00451.wav,16000,16000,3.5560625
data\raw\gary_stafford\real\gs_00452.wav,C:\Users\Akasdip\morph\data\interim\gary_stafford_real_16k\gs_00452.wav,16000,16000,3.24
data\raw\gary_stafford\real\gs_00453.wav,C:\Users\Akasdip\morph\data\interim\gary_stafford_real_16k\gs_00453.wav,16000,16000,5.2560625
data\raw\gary_stafford\real\gs_00454.wav,C:\Users\Akasdip\morph\data\interim\gary_stafford_real_16k\gs_00454.wav,16000,16000,2.88
data\raw\gary_stafford\real\gs_00455.wav,C:\Users\Akasdip\morph\data\interim\gary_stafford_real_16k\gs_00455.wav,16000,16000,4.6480625
data\raw\gary_stafford\real\gs_00456.wav,C:\Users\Akasdip\morph\data\interim\gary_stafford_real_16k\gs_00456.wav,16000,16000,2.505
data\raw\gary_stafford\real\gs_00457.wav,C:\Users\Akasdip\morph\data\interim\gary_stafford_real_16k\gs_00457.wav,16000,16000,5.103
data\raw\gary_stafford\real\gs_00458.wav,C:\Users\Akasdip\morph\data\interim\gary_stafford_real_16k\gs_00458.wav,16000,16000,5.754
data\raw\gary_stafford\real\gs_00459.wav,C:\Users\Akasdip\morph\data\interim\gary_stafford_real_16k\gs_00459.wav,16000,16000,2.721
data\raw\gary_stafford\real\gs_00460.wav,C:\Users\Akasdip\morph\data\interim\gary_stafford_real_16k\gs_00460.wav,16000,16000,8.566
data\raw\gary_stafford\real\gs_00461.wav,C:\Users\Akasdip\morph\data\interim\gary_stafford_real_16k\gs_00461.wav,16000,16000,3.2860625
data\raw\gary_stafford\real\gs_00462.wav,C:\Users\Akasdip\morph\data\interim\gary_stafford_real_16k\gs_00462.wav,16000,16000,6.2690625
data\raw\gary_stafford\real\gs_00463.wav,C:\Users\Akasdip\morph\data\interim\gary_stafford_real_16k\gs_00463.wav,16000,16000,4.842
data\raw\gary_stafford\real\gs_00464.wav,C:\Users\Akasdip\morph\data\interim\gary_stafford_real_16k\gs_00464.wav,16000,16000,3.5780625
data\raw\gary_stafford\real\gs_00465.wav,C:\Users\Akasdip\morph\data\interim\gary_stafford_real_16k\gs_00465.wav,16000,16000,5.1150625
data\raw\gary_stafford\real\gs_00466.wav,C:\Users\Akasdip\morph\data\interim\gary_stafford_real_16k\gs_00466.wav,16000,16000,2.6280625
data\raw\gary_stafford\real\gs_00467.wav,C:\Users\Akasdip\morph\data\interim\gary_stafford_real_16k\gs_00467.wav,16000,16000,4.4990625
data\raw\gary_stafford\real\gs_00468.wav,C:\Users\Akasdip\morph\data\interim\gary_stafford_real_16k\gs_00468.wav,16000,16000,3.8480625
data\raw\gary_stafford\real\gs_00469.wav,C:\Users\Akasdip\morph\data\interim\gary_stafford_real_16k\gs_00469.wav,16000,16000,5.544
data\raw\gary_stafford\real\gs_00470.wav,C:\Users\Akasdip\morph\data\interim\gary_stafford_real_16k\gs_00470.wav,16000,16000,2.8330625
data\raw\gary_stafford\real\gs_00471.wav,C:\Users\Akasdip\morph\data\interim\gary_stafford_real_16k\gs_00471.wav,16000,16000,3.051
data\raw\gary_stafford\real\gs_00472.wav,C:\Users\Akasdip\morph\data\interim\gary_stafford_real_16k\gs_00472.wav,16000,16000,5.5240625
data\raw\gary_stafford\real\gs_00473.wav,C:\Users\Akasdip\morph\data\interim\gary_stafford_real_16k\gs_00473.wav,16000,16000,2.7520625
data\raw\gary_stafford\real\gs_00474.wav,C:\Users\Akasdip\morph\data\interim\gary_stafford_real_16k\gs_00474.wav,16000,16000,4.729
data\raw\gary_stafford\real\gs_00475.wav,C:\Users\Akasdip\morph\data\interim\gary_stafford_real_16k\gs_00475.wav,16000,16000,6.481
data\raw\gary_stafford\real\gs_00476.wav,C:\Users\Akasdip\morph\data\interim\gary_stafford_real_16k\gs_00476.wav,16000,16000,3.4690625
data\raw\gary_stafford\real\gs_00477.wav,C:\Users\Akasdip\morph\data\interim\gary_stafford_real_16k\gs_00477.wav,16000,16000,2.8880625
data\raw\gary_stafford\real\gs_00478.wav,C:\Users\Akasdip\morph\data\interim\gary_stafford_real_16k\gs_00478.wav,16000,16000,3.581
data\raw\gary_stafford\real\gs_00479.wav,C:\Users\Akasdip\morph\data\interim\gary_stafford_real_16k\gs_00479.wav,16000,16000,3.3570625
data\raw\gary_stafford\real\gs_00480.wav,C:\Users\Akasdip\morph\data\interim\gary_stafford_real_16k\gs_00480.wav,16000,16000,5.1560625
data\raw\gary_stafford\real\gs_00481.wav,C:\Users\Akasdip\morph\data\interim\gary_stafford_real_16k\gs_00481.wav,16000,16000,2.6790625
data\raw\gary_stafford\real\gs_00482.wav,C:\Users\Akasdip\morph\data\interim\gary_stafford_real_16k\gs_00482.wav,16000,16000,8.9070625
data\raw\gary_stafford\real\gs_00483.wav,C:\Users\Akasdip\morph\data\interim\gary_stafford_real_16k\gs_00483.wav,16000,16000,2.78
data\raw\gary_stafford\real\gs_00484.wav,C:\Users\Akasdip\morph\data\interim\gary_stafford_real_16k\gs_00484.wav,16000,16000,4.452
data\raw\gary_stafford\real\gs_00485.wav,C:\Users\Akasdip\morph\data\interim\gary_stafford_real_16k\gs_00485.wav,16000,16000,6.574
data\raw\gary_stafford\real\gs_00486.wav,C:\Users\Akasdip\morph\data\interim\gary_stafford_real_16k\gs_00486.wav,16000,16000,3.387
data\raw\gary_stafford\real\gs_00487.wav,C:\Users\Akasdip\morph\data\interim\gary_stafford_real_16k\gs_00487.wav,16000,16000,3.2180625
data\raw\gary_stafford\real\gs_00488.wav,C:\Users\Akasdip\morph\data\interim\gary_stafford_real_16k\gs_00488.wav,16000,16000,4.271
data\raw\gary_stafford\real\gs_00489.wav,C:\Users\Akasdip\morph\data\interim\gary_stafford_real_16k\gs_00489.wav,16000,16000,3.0090625
data\raw\gary_stafford\real\gs_00490.wav,C:\Users\Akasdip\morph\data\interim\gary_stafford_real_16k\gs_00490.wav,16000,16000,3.2470625
data\raw\gary_stafford\real\gs_00491.wav,C:\Users\Akasdip\morph\data\interim\gary_stafford_real_16k\gs_00491.wav,16000,16000,3.03
data\raw\gary_stafford\real\gs_00492.wav,C:\Users\Akasdip\morph\data\interim\gary_stafford_real_16k\gs_00492.wav,16000,16000,3.2950625
data\raw\gary_stafford\real\gs_00493.wav,C:\Users\Akasdip\morph\data\interim\gary_stafford_real_16k\gs_00493.wav,16000,16000,4.484
data\raw\gary_stafford\real\gs_00494.wav,C:\Users\Akasdip\morph\data\interim\gary_stafford_real_16k\gs_00494.wav,16000,16000,3.697
data\raw\gary_stafford\real\gs_00495.wav,C:\Users\Akasdip\morph\data\interim\gary_stafford_real_16k\gs_00495.wav,16000,16000,3.496
data\raw\gary_stafford\real\gs_00496.wav,C:\Users\Akasdip\morph\data\interim\gary_stafford_real_16k\gs_00496.wav,16000,16000,4.5690625
data\raw\gary_stafford\real\gs_00497.wav,C:\Users\Akasdip\morph\data\interim\gary_stafford_real_16k\gs_00497.wav,16000,16000,3.38
data\raw\gary_stafford\real\gs_00498.wav,C:\Users\Akasdip\morph\data\interim\gary_stafford_real_16k\gs_00498.wav,16000,16000,3.3970625
data\raw\gary_stafford\real\gs_00499.wav,C:\Users\Akasdip\morph\data\interim\gary_stafford_real_16k\gs_00499.wav,16000,16000,2.7850625
data\raw\gary_stafford\real\gs_00500.wav,C:\Users\Akasdip\morph\data\interim\gary_stafford_real_16k\gs_00500.wav,16000,16000,5.681
data\raw\gary_stafford\real\gs_00501.wav,C:\Users\Akasdip\morph\data\interim\gary_stafford_real_16k\gs_00501.wav,16000,16000,2.9690625
data\raw\gary_stafford\real\gs_00502.wav,C:\Users\Akasdip\morph\data\interim\gary_stafford_real_16k\gs_00502.wav,16000,16000,3.0290625
data\raw\gary_stafford\real\gs_00503.wav,C:\Users\Akasdip\morph\data\interim\gary_stafford_real_16k\gs_00503.wav,16000,16000,2.71
data\raw\gary_stafford\real\gs_00504.wav,C:\Users\Akasdip\morph\data\interim\gary_stafford_real_16k\gs_00504.wav,16000,16000,2.881
data\raw\gary_stafford\real\gs_00505.wav,C:\Users\Akasdip\morph\data\interim\gary_stafford_real_16k\gs_00505.wav,16000,16000,2.7470625
data\raw\gary_stafford\real\gs_00506.wav,C:\Users\Akasdip\morph\data\interim\gary_stafford_real_16k\gs_00506.wav,16000,16000,2.9070625
data\raw\gary_stafford\real\gs_00507.wav,C:\Users\Akasdip\morph\data\interim\gary_stafford_real_16k\gs_00507.wav,16000,16000,3.741
data\raw\gary_stafford\real\gs_00508.wav,C:\Users\Akasdip\morph\data\interim\gary_stafford_real_16k\gs_00508.wav,16000,16000,4.214
data\raw\gary_stafford\real\gs_00509.wav,C:\Users\Akasdip\morph\data\interim\gary_stafford_real_16k\gs_00509.wav,16000,16000,2.5570625
data\raw\gary_stafford\real\gs_00510.wav,C:\Users\Akasdip\morph\data\interim\gary_stafford_real_16k\gs_00510.wav,16000,16000,7.126
data\raw\gary_stafford\real\gs_00511.wav,C:\Users\Akasdip\morph\data\interim\gary_stafford_real_16k\gs_00511.wav,16000,16000,3.5950625
data\raw\gary_stafford\real\gs_00512.wav,C:\Users\Akasdip\morph\data\interim\gary_stafford_real_16k\gs_00512.wav,16000,16000,4.2690625
data\raw\gary_stafford\real\gs_00513.wav,C:\Users\Akasdip\morph\data\interim\gary_stafford_real_16k\gs_00513.wav,16000,16000,3.3550625
data\raw\gary_stafford\real\gs_00514.wav,C:\Users\Akasdip\morph\data\interim\gary_stafford_real_16k\gs_00514.wav,16000,16000,4.783
data\raw\gary_stafford\real\gs_00515.wav,C:\Users\Akasdip\morph\data\interim\gary_stafford_real_16k\gs_00515.wav,16000,16000,3.293
data\raw\gary_stafford\real\gs_00516.wav,C:\Users\Akasdip\morph\data\interim\gary_stafford_real_16k\gs_00516.wav,16000,16000,3.7130625
data\raw\gary_stafford\real\gs_00517.wav,C:\Users\Akasdip\morph\data\interim\gary_stafford_real_16k\gs_00517.wav,16000,16000,3.553
data\raw\gary_stafford\real\gs_00518.wav,C:\Users\Akasdip\morph\data\interim\gary_stafford_real_16k\gs_00518.wav,16000,16000,5.0950625
data\raw\gary_stafford\real\gs_00519.wav,C:\Users\Akasdip\morph\data\interim\gary_stafford_real_16k\gs_00519.wav,16000,16000,3.3370625
data\raw\gary_stafford\real\gs_00520.wav,C:\Users\Akasdip\morph\data\interim\gary_stafford_real_16k\gs_00520.wav,16000,16000,4.1340625
data\raw\gary_stafford\real\gs_00521.wav,C:\Users\Akasdip\morph\data\interim\gary_stafford_real_16k\gs_00521.wav,16000,16000,4.5580625
data\raw\gary_stafford\real\gs_00522.wav,C:\Users\Akasdip\morph\data\interim\gary_stafford_real_16k\gs_00522.wav,16000,16000,4.001
data\raw\gary_stafford\real\gs_00523.wav,C:\Users\Akasdip\morph\data\interim\gary_stafford_real_16k\gs_00523.wav,16000,16000,3.432
data\raw\gary_stafford\real\gs_00524.wav,C:\Users\Akasdip\morph\data\interim\gary_stafford_real_16k\gs_00524.wav,16000,16000,3.9370625
data\raw\gary_stafford\real\gs_00525.wav,C:\Users\Akasdip\morph\data\interim\gary_stafford_real_16k\gs_00525.wav,16000,16000,2.5290625
data\raw\gary_stafford\real\gs_00526.wav,C:\Users\Akasdip\morph\data\interim\gary_stafford_real_16k\gs_00526.wav,16000,16000,4.5270625
data\raw\gary_stafford\real\gs_00527.wav,C:\Users\Akasdip\morph\data\interim\gary_stafford_real_16k\gs_00527.wav,16000,16000,4.513
data\raw\gary_stafford\real\gs_00528.wav,C:\Users\Akasdip\morph\data\interim\gary_stafford_real_16k\gs_00528.wav,16000,16000,5.9080625
data\raw\gary_stafford\real\gs_00529.wav,C:\Users\Akasdip\morph\data\interim\gary_stafford_real_16k\gs_00529.wav,16000,16000,3.8760625
data\raw\gary_stafford\real\gs_00530.wav,C:\Users\Akasdip\morph\data\interim\gary_stafford_real_16k\gs_00530.wav,16000,16000,3.2550625
data\raw\gary_stafford\real\gs_00531.wav,C:\Users\Akasdip\morph\data\interim\gary_stafford_real_16k\gs_00531.wav,16000,16000,6.673
data\raw\gary_stafford\real\gs_00532.wav,C:\Users\Akasdip\morph\data\interim\gary_stafford_real_16k\gs_00532.wav,16000,16000,2.6070625
data\raw\gary_stafford\real\gs_00533.wav,C:\Users\Akasdip\morph\data\interim\gary_stafford_real_16k\gs_00533.wav,16000,16000,2.8480625
data\raw\gary_stafford\real\gs_00534.wav,C:\Users\Akasdip\morph\data\interim\gary_stafford_real_16k\gs_00534.wav,16000,16000,2.7460625
data\raw\gary_stafford\real\gs_00535.wav,C:\Users\Akasdip\morph\data\interim\gary_stafford_real_16k\gs_00535.wav,16000,16000,7.647
data\raw\gary_stafford\real\gs_00536.wav,C:\Users\Akasdip\morph\data\interim\gary_stafford_real_16k\gs_00536.wav,16000,16000,3.77
data\raw\gary_stafford\real\gs_00537.wav,C:\Users\Akasdip\morph\data\interim\gary_stafford_real_16k\gs_00537.wav,16000,16000,5.6750625
data\raw\gary_stafford\real\gs_00538.wav,C:\Users\Akasdip\morph\data\interim\gary_stafford_real_16k\gs_00538.wav,16000,16000,5.156
data\raw\gary_stafford\real\gs_00539.wav,C:\Users\Akasdip\morph\data\interim\gary_stafford_real_16k\gs_00539.wav,16000,16000,9.454
data\raw\gary_stafford\real\gs_00540.wav,C:\Users\Akasdip\morph\data\interim\gary_stafford_real_16k\gs_00540.wav,16000,16000,3.11
data\raw\gary_stafford\real\gs_00541.wav,C:\Users\Akasdip\morph\data\interim\gary_stafford_real_16k\gs_00541.wav,16000,16000,2.9250625
data\raw\gary_stafford\real\gs_00542.wav,C:\Users\Akasdip\morph\data\interim\gary_stafford_real_16k\gs_00542.wav,16000,16000,3.3080625
data\raw\gary_stafford\real\gs_00543.wav,C:\Users\Akasdip\morph\data\interim\gary_stafford_real_16k\gs_00543.wav,16000,16000,2.981
data\raw\gary_stafford\real\gs_00544.wav,C:\Users\Akasdip\morph\data\interim\gary_stafford_real_16k\gs_00544.wav,16000,16000,4.6080625
data\raw\gary_stafford\real\gs_00545.wav,C:\Users\Akasdip\morph\data\interim\gary_stafford_real_16k\gs_00545.wav,16000,16000,3.4880625
data\raw\gary_stafford\real\gs_00546.wav,C:\Users\Akasdip\morph\data\interim\gary_stafford_real_16k\gs_00546.wav,16000,16000,3.761
data\raw\gary_stafford\real\gs_00547.wav,C:\Users\Akasdip\morph\data\interim\gary_stafford_real_16k\gs_00547.wav,16000,16000,2.801
data\raw\gary_stafford\real\gs_00548.wav,C:\Users\Akasdip\morph\data\interim\gary_stafford_real_16k\gs_00548.wav,16000,16000,3.6420625
data\raw\gary_stafford\real\gs_00549.wav,C:\Users\Akasdip\morph\data\interim\gary_stafford_real_16k\gs_00549.wav,16000,16000,2.7630625
data\raw\gary_stafford\real\gs_00550.wav,C:\Users\Akasdip\morph\data\interim\gary_stafford_real_16k\gs_00550.wav,16000,16000,4.395
data\raw\gary_stafford\real\gs_00551.wav,C:\Users\Akasdip\morph\data\interim\gary_stafford_real_16k\gs_00551.wav,16000,16000,5.8080625
data\raw\gary_stafford\real\gs_00552.wav,C:\Users\Akasdip\morph\data\interim\gary_stafford_real_16k\gs_00552.wav,16000,16000,4.4780625
data\raw\gary_stafford\real\gs_00553.wav,C:\Users\Akasdip\morph\data\interim\gary_stafford_real_16k\gs_00553.wav,16000,16000,3.1750625
data\raw\gary_stafford\real\gs_00554.wav,C:\Users\Akasdip\morph\data\interim\gary_stafford_real_16k\gs_00554.wav,16000,16000,3.08
data\raw\gary_stafford\real\gs_00555.wav,C:\Users\Akasdip\morph\data\interim\gary_stafford_real_16k\gs_00555.wav,16000,16000,3.3150625
data\raw\gary_stafford\real\gs_00556.wav,C:\Users\Akasdip\morph\data\interim\gary_stafford_real_16k\gs_00556.wav,16000,16000,3.3240625
data\raw\gary_stafford\real\gs_00557.wav,C:\Users\Akasdip\morph\data\interim\gary_stafford_real_16k\gs_00557.wav,16000,16000,2.8580625
data\raw\gary_stafford\real\gs_00558.wav,C:\Users\Akasdip\morph\data\interim\gary_stafford_real_16k\gs_00558.wav,16000,16000,4.2440625
data\raw\gary_stafford\real\gs_00559.wav,C:\Users\Akasdip\morph\data\interim\gary_stafford_real_16k\gs_00559.wav,16000,16000,6.0090625
data\raw\gary_stafford\real\gs_00560.wav,C:\Users\Akasdip\morph\data\interim\gary_stafford_real_16k\gs_00560.wav,16000,16000,2.9090625
data\raw\gary_stafford\real\gs_00561.wav,C:\Users\Akasdip\morph\data\interim\gary_stafford_real_16k\gs_00561.wav,16000,16000,2.71
data\raw\gary_stafford\real\gs_00562.wav,C:\Users\Akasdip\morph\data\interim\gary_stafford_real_16k\gs_00562.wav,16000,16000,5.3670625
data\raw\gary_stafford\real\gs_00563.wav,C:\Users\Akasdip\morph\data\interim\gary_stafford_real_16k\gs_00563.wav,16000,16000,4.358
data\raw\gary_stafford\real\gs_00564.wav,C:\Users\Akasdip\morph\data\interim\gary_stafford_real_16k\gs_00564.wav,16000,16000,3.0
data\raw\gary_stafford\real\gs_00565.wav,C:\Users\Akasdip\morph\data\interim\gary_stafford_real_16k\gs_00565.wav,16000,16000,3.0740625
data\raw\gary_stafford\real\gs_00566.wav,C:\Users\Akasdip\morph\data\interim\gary_stafford_real_16k\gs_00566.wav,16000,16000,3.2850625
data\raw\gary_stafford\real\gs_00567.wav,C:\Users\Akasdip\morph\data\interim\gary_stafford_real_16k\gs_00567.wav,16000,16000,5.542
data\raw\gary_stafford\real\gs_00568.wav,C:\Users\Akasdip\morph\data\interim\gary_stafford_real_16k\gs_00568.wav,16000,16000,3.2090625
data\raw\gary_stafford\real\gs_00569.wav,C:\Users\Akasdip\morph\data\interim\gary_stafford_real_16k\gs_00569.wav,16000,16000,2.7950625
data\raw\gary_stafford\real\gs_00570.wav,C:\Users\Akasdip\morph\data\interim\gary_stafford_real_16k\gs_00570.wav,16000,16000,4.3670625
data\raw\gary_stafford\real\gs_00571.wav,C:\Users\Akasdip\morph\data\interim\gary_stafford_real_16k\gs_00571.wav,16000,16000,3.235
data\raw\gary_stafford\real\gs_00572.wav,C:\Users\Akasdip\morph\data\interim\gary_stafford_real_16k\gs_00572.wav,16000,16000,4.16
data\raw\gary_stafford\real\gs_00573.wav,C:\Users\Akasdip\morph\data\interim\gary_stafford_real_16k\gs_00573.wav,16000,16000,3.4730625
data\raw\gary_stafford\real\gs_00574.wav,C:\Users\Akasdip\morph\data\interim\gary_stafford_real_16k\gs_00574.wav,16000,16000,3.191
data\raw\gary_stafford\real\gs_00575.wav,C:\Users\Akasdip\morph\data\interim\gary_stafford_real_16k\gs_00575.wav,16000,16000,6.934
data\raw\gary_stafford\real\gs_00576.wav,C:\Users\Akasdip\morph\data\interim\gary_stafford_real_16k\gs_00576.wav,16000,16000,3.3990625
data\raw\gary_stafford\real\gs_00577.wav,C:\Users\Akasdip\morph\data\interim\gary_stafford_real_16k\gs_00577.wav,16000,16000,2.5980625
data\raw\gary_stafford\real\gs_00578.wav,C:\Users\Akasdip\morph\data\interim\gary_stafford_real_16k\gs_00578.wav,16000,16000,2.7830625
data\raw\gary_stafford\real\gs_00579.wav,C:\Users\Akasdip\morph\data\interim\gary_stafford_real_16k\gs_00579.wav,16000,16000,4.533
data\raw\gary_stafford\real\gs_00580.wav,C:\Users\Akasdip\morph\data\interim\gary_stafford_real_16k\gs_00580.wav,16000,16000,3.31
data\raw\gary_stafford\real\gs_00581.wav,C:\Users\Akasdip\morph\data\interim\gary_stafford_real_16k\gs_00581.wav,16000,16000,8.915
data\raw\gary_stafford\real\gs_00582.wav,C:\Users\Akasdip\morph\data\interim\gary_stafford_real_16k\gs_00582.wav,16000,16000,2.691
data\raw\gary_stafford\real\gs_00583.wav,C:\Users\Akasdip\morph\data\interim\gary_stafford_real_16k\gs_00583.wav,16000,16000,4.1070625
data\raw\gary_stafford\real\gs_00584.wav,C:\Users\Akasdip\morph\data\interim\gary_stafford_real_16k\gs_00584.wav,16000,16000,3.855
data\raw\gary_stafford\real\gs_00585.wav,C:\Users\Akasdip\morph\data\interim\gary_stafford_real_16k\gs_00585.wav,16000,16000,5.7060625
data\raw\gary_stafford\real\gs_00586.wav,C:\Users\Akasdip\morph\data\interim\gary_stafford_real_16k\gs_00586.wav,16000,16000,2.8930625
data\raw\gary_stafford\real\gs_00587.wav,C:\Users\Akasdip\morph\data\interim\gary_stafford_real_16k\gs_00587.wav,16000,16000,3.845
data\raw\gary_stafford\real\gs_00588.wav,C:\Users\Akasdip\morph\data\interim\gary_stafford_real_16k\gs_00588.wav,16000,16000,5.097
data\raw\gary_stafford\real\gs_00589.wav,C:\Users\Akasdip\morph\data\interim\gary_stafford_real_16k\gs_00589.wav,16000,16000,6.0390625
data\raw\gary_stafford\real\gs_00590.wav,C:\Users\Akasdip\morph\data\interim\gary_stafford_real_16k\gs_00590.wav,16000,16000,3.123
data\raw\gary_stafford\real\gs_00591.wav,C:\Users\Akasdip\morph\data\interim\gary_stafford_real_16k\gs_00591.wav,16000,16000,3.6540625
data\raw\gary_stafford\real\gs_00592.wav,C:\Users\Akasdip\morph\data\interim\gary_stafford_real_16k\gs_00592.wav,16000,16000,4.624
data\raw\gary_stafford\real\gs_00593.wav,C:\Users\Akasdip\morph\data\interim\gary_stafford_real_16k\gs_00593.wav,16000,16000,5.896
data\raw\gary_stafford\real\gs_00594.wav,C:\Users\Akasdip\morph\data\interim\gary_stafford_real_16k\gs_00594.wav,16000,16000,3.512
data\raw\gary_stafford\real\gs_00595.wav,C:\Users\Akasdip\morph\data\interim\gary_stafford_real_16k\gs_00595.wav,16000,16000,8.655
data\raw\gary_stafford\real\gs_00596.wav,C:\Users\Akasdip\morph\data\interim\gary_stafford_real_16k\gs_00596.wav,16000,16000,3.86
data\raw\gary_stafford\real\gs_00597.wav,C:\Users\Akasdip\morph\data\interim\gary_stafford_real_16k\gs_00597.wav,16000,16000,3.066
data\raw\gary_stafford\real\gs_00598.wav,C:\Users\Akasdip\morph\data\interim\gary_stafford_real_16k\gs_00598.wav,16000,16000,2.81
data\raw\gary_stafford\real\gs_00599.wav,C:\Users\Akasdip\morph\data\interim\gary_stafford_real_16k\gs_00599.wav,16000,16000,2.9360625
data\raw\gary_stafford\real\gs_00600.wav,C:\Users\Akasdip\morph\data\interim\gary_stafford_real_16k\gs_00600.wav,16000,16000,3.24
data\raw\gary_stafford\real\gs_00601.wav,C:\Users\Akasdip\morph\data\interim\gary_stafford_real_16k\gs_00601.wav,16000,16000,3.6720625
data\raw\gary_stafford\real\gs_00602.wav,C:\Users\Akasdip\morph\data\interim\gary_stafford_real_16k\gs_00602.wav,16000,16000,3.544
data\raw\gary_stafford\real\gs_00603.wav,C:\Users\Akasdip\morph\data\interim\gary_stafford_real_16k\gs_00603.wav,16000,16000,5.334
data\raw\gary_stafford\real\gs_00604.wav,C:\Users\Akasdip\morph\data\interim\gary_stafford_real_16k\gs_00604.wav,16000,16000,4.136
data\raw\gary_stafford\real\gs_00605.wav,C:\Users\Akasdip\morph\data\interim\gary_stafford_real_16k\gs_00605.wav,16000,16000,3.4190625
data\raw\gary_stafford\real\gs_00606.wav,C:\Users\Akasdip\morph\data\interim\gary_stafford_real_16k\gs_00606.wav,16000,16000,7.642
data\raw\gary_stafford\real\gs_00607.wav,C:\Users\Akasdip\morph\data\interim\gary_stafford_real_16k\gs_00607.wav,16000,16000,2.574
data\raw\gary_stafford\real\gs_00608.wav,C:\Users\Akasdip\morph\data\interim\gary_stafford_real_16k\gs_00608.wav,16000,16000,2.61
data\raw\gary_stafford\real\gs_00609.wav,C:\Users\Akasdip\morph\data\interim\gary_stafford_real_16k\gs_00609.wav,16000,16000,3.071
data\raw\gary_stafford\real\gs_00610.wav,C:\Users\Akasdip\morph\data\interim\gary_stafford_real_16k\gs_00610.wav,16000,16000,3.029
data\raw\gary_stafford\real\gs_00611.wav,C:\Users\Akasdip\morph\data\interim\gary_stafford_real_16k\gs_00611.wav,16000,16000,3.692
data\raw\gary_stafford\real\gs_00612.wav,C:\Users\Akasdip\morph\data\interim\gary_stafford_real_16k\gs_00612.wav,16000,16000,4.195
data\raw\gary_stafford\real\gs_00613.wav,C:\Users\Akasdip\morph\data\interim\gary_stafford_real_16k\gs_00613.wav,16000,16000,3.3790625
data\raw\gary_stafford\real\gs_00614.wav,C:\Users\Akasdip\morph\data\interim\gary_stafford_real_16k\gs_00614.wav,16000,16000,2.8370625
data\raw\gary_stafford\real\gs_00615.wav,C:\Users\Akasdip\morph\data\interim\gary_stafford_real_16k\gs_00615.wav,16000,16000,2.8560625
data\raw\gary_stafford\real\gs_00616.wav,C:\Users\Akasdip\morph\data\interim\gary_stafford_real_16k\gs_00616.wav,16000,16000,3.495
data\raw\gary_stafford\real\gs_00617.wav,C:\Users\Akasdip\morph\data\interim\gary_stafford_real_16k\gs_00617.wav,16000,16000,4.4730625
data\raw\gary_stafford\real\gs_00618.wav,C:\Users\Akasdip\morph\data\interim\gary_stafford_real_16k\gs_00618.wav,16000,16000,4.1670625
data\raw\gary_stafford\real\gs_00619.wav,C:\Users\Akasdip\morph\data\interim\gary_stafford_real_16k\gs_00619.wav,16000,16000,6.573
data\raw\gary_stafford\real\gs_00620.wav,C:\Users\Akasdip\morph\data\interim\gary_stafford_real_16k\gs_00620.wav,16000,16000,4.461
data\raw\gary_stafford\real\gs_00621.wav,C:\Users\Akasdip\morph\data\interim\gary_stafford_real_16k\gs_00621.wav,16000,16000,3.451
data\raw\gary_stafford\real\gs_00622.wav,C:\Users\Akasdip\morph\data\interim\gary_stafford_real_16k\gs_00622.wav,16000,16000,2.6150625
data\raw\gary_stafford\real\gs_00623.wav,C:\Users\Akasdip\morph\data\interim\gary_stafford_real_16k\gs_00623.wav,16000,16000,2.6250625
data\raw\gary_stafford\real\gs_00624.wav,C:\Users\Akasdip\morph\data\interim\gary_stafford_real_16k\gs_00624.wav,16000,16000,3.238
data\raw\gary_stafford\real\gs_00625.wav,C:\Users\Akasdip\morph\data\interim\gary_stafford_real_16k\gs_00625.wav,16000,16000,4.673
data\raw\gary_stafford\real\gs_00626.wav,C:\Users\Akasdip\morph\data\interim\gary_stafford_real_16k\gs_00626.wav,16000,16000,8.7430625
data\raw\gary_stafford\real\gs_00627.wav,C:\Users\Akasdip\morph\data\interim\gary_stafford_real_16k\gs_00627.wav,16000,16000,2.621
data\raw\gary_stafford\real\gs_00628.wav,C:\Users\Akasdip\morph\data\interim\gary_stafford_real_16k\gs_00628.wav,16000,16000,3.4690625
data\raw\gary_stafford\real\gs_00629.wav,C:\Users\Akasdip\morph\data\interim\gary_stafford_real_16k\gs_00629.wav,16000,16000,3.071
data\raw\gary_stafford\real\gs_00630.wav,C:\Users\Akasdip\morph\data\interim\gary_stafford_real_16k\gs_00630.wav,16000,16000,3.745
data\raw\gary_stafford\real\gs_00631.wav,C:\Users\Akasdip\morph\data\interim\gary_stafford_real_16k\gs_00631.wav,16000,16000,5.1050625
data\raw\gary_stafford\real\gs_00632.wav,C:\Users\Akasdip\morph\data\interim\gary_stafford_real_16k\gs_00632.wav,16000,16000,2.515
data\raw\gary_stafford\real\gs_00633.wav,C:\Users\Akasdip\morph\data\interim\gary_stafford_real_16k\gs_00633.wav,16000,16000,3.033
data\raw\gary_stafford\real\gs_00634.wav,C:\Users\Akasdip\morph\data\interim\gary_stafford_real_16k\gs_00634.wav,16000,16000,6.532
data\raw\gary_stafford\real\gs_00635.wav,C:\Users\Akasdip\morph\data\interim\gary_stafford_real_16k\gs_00635.wav,16000,16000,3.965
data\raw\gary_stafford\real\gs_00636.wav,C:\Users\Akasdip\morph\data\interim\gary_stafford_real_16k\gs_00636.wav,16000,16000,2.6890625
data\raw\gary_stafford\real\gs_00637.wav,C:\Users\Akasdip\morph\data\interim\gary_stafford_real_16k\gs_00637.wav,16000,16000,2.534
data\raw\gary_stafford\real\gs_00638.wav,C:\Users\Akasdip\morph\data\interim\gary_stafford_real_16k\gs_00638.wav,16000,16000,3.6370625
data\raw\gary_stafford\real\gs_00639.wav,C:\Users\Akasdip\morph\data\interim\gary_stafford_real_16k\gs_00639.wav,16000,16000,4.133
data\raw\gary_stafford\real\gs_00640.wav,C:\Users\Akasdip\morph\data\interim\gary_stafford_real_16k\gs_00640.wav,16000,16000,2.678
data\raw\gary_stafford\real\gs_00641.wav,C:\Users\Akasdip\morph\data\interim\gary_stafford_real_16k\gs_00641.wav,16000,16000,8.0530625
data\raw\gary_stafford\real\gs_00642.wav,C:\Users\Akasdip\morph\data\interim\gary_stafford_real_16k\gs_00642.wav,16000,16000,3.4280625
data\raw\gary_stafford\real\gs_00643.wav,C:\Users\Akasdip\morph\data\interim\gary_stafford_real_16k\gs_00643.wav,16000,16000,2.726
data\raw\gary_stafford\real\gs_00644.wav,C:\Users\Akasdip\morph\data\interim\gary_stafford_real_16k\gs_00644.wav,16000,16000,3.324
data\raw\gary_stafford\real\gs_00645.wav,C:\Users\Akasdip\morph\data\interim\gary_stafford_real_16k\gs_00645.wav,16000,16000,2.652
data\raw\gary_stafford\real\gs_00646.wav,C:\Users\Akasdip\morph\data\interim\gary_stafford_real_16k\gs_00646.wav,16000,16000,2.9370625
data\raw\gary_stafford\real\gs_00647.wav,C:\Users\Akasdip\morph\data\interim\gary_stafford_real_16k\gs_00647.wav,16000,16000,2.5390625
data\raw\gary_stafford\real\gs_00648.wav,C:\Users\Akasdip\morph\data\interim\gary_stafford_real_16k\gs_00648.wav,16000,16000,9.762
data\raw\gary_stafford\real\gs_00649.wav,C:\Users\Akasdip\morph\data\interim\gary_stafford_real_16k\gs_00649.wav,16000,16000,3.556
data\raw\gary_stafford\real\gs_00650.wav,C:\Users\Akasdip\morph\data\interim\gary_stafford_real_16k\gs_00650.wav,16000,16000,5.791
data\raw\gary_stafford\real\gs_00651.wav,C:\Users\Akasdip\morph\data\interim\gary_stafford_real_16k\gs_00651.wav,16000,16000,5.0330625
data\raw\gary_stafford\real\gs_00652.wav,C:\Users\Akasdip\morph\data\interim\gary_stafford_real_16k\gs_00652.wav,16000,16000,3.448
data\raw\gary_stafford\real\gs_00653.wav,C:\Users\Akasdip\morph\data\interim\gary_stafford_real_16k\gs_00653.wav,16000,16000,3.5330625
data\raw\gary_stafford\real\gs_00654.wav,C:\Users\Akasdip\morph\data\interim\gary_stafford_real_16k\gs_00654.wav,16000,16000,4.026
data\raw\gary_stafford\real\gs_00655.wav,C:\Users\Akasdip\morph\data\interim\gary_stafford_real_16k\gs_00655.wav,16000,16000,2.724
data\raw\gary_stafford\real\gs_00656.wav,C:\Users\Akasdip\morph\data\interim\gary_stafford_real_16k\gs_00656.wav,16000,16000,3.44
data\raw\gary_stafford\real\gs_00657.wav,C:\Users\Akasdip\morph\data\interim\gary_stafford_real_16k\gs_00657.wav,16000,16000,2.504
data\raw\gary_stafford\real\gs_00658.wav,C:\Users\Akasdip\morph\data\interim\gary_stafford_real_16k\gs_00658.wav,16000,16000,3.9170625
data\raw\gary_stafford\real\gs_00659.wav,C:\Users\Akasdip\morph\data\interim\gary_stafford_real_16k\gs_00659.wav,16000,16000,2.5210625
data\raw\gary_stafford\real\gs_00660.wav,C:\Users\Akasdip\morph\data\interim\gary_stafford_real_16k\gs_00660.wav,16000,16000,6.4150625
data\raw\gary_stafford\real\gs_00661.wav,C:\Users\Akasdip\morph\data\interim\gary_stafford_real_16k\gs_00661.wav,16000,16000,6.841
data\raw\gary_stafford\real\gs_00662.wav,C:\Users\Akasdip\morph\data\interim\gary_stafford_real_16k\gs_00662.wav,16000,16000,6.842
data\raw\gary_stafford\real\gs_00663.wav,C:\Users\Akasdip\morph\data\interim\gary_stafford_real_16k\gs_00663.wav,16000,16000,6.936
data\raw\gary_stafford\real\gs_00664.wav,C:\Users\Akasdip\morph\data\interim\gary_stafford_real_16k\gs_00664.wav,16000,16000,6.75
data\raw\gary_stafford\real\gs_00665.wav,C:\Users\Akasdip\morph\data\interim\gary_stafford_real_16k\gs_00665.wav,16000,16000,3.6320625
data\raw\gary_stafford\real\gs_00666.wav,C:\Users\Akasdip\morph\data\interim\gary_stafford_real_16k\gs_00666.wav,16000,16000,2.9520625
data\raw\gary_stafford\real\gs_00667.wav,C:\Users\Akasdip\morph\data\interim\gary_stafford_real_16k\gs_00667.wav,16000,16000,3.523
data\raw\gary_stafford\real\gs_00668.wav,C:\Users\Akasdip\morph\data\interim\gary_stafford_real_16k\gs_00668.wav,16000,16000,3.608
data\raw\gary_stafford\real\gs_00669.wav,C:\Users\Akasdip\morph\data\interim\gary_stafford_real_16k\gs_00669.wav,16000,16000,2.554
data\raw\gary_stafford\real\gs_00670.wav,C:\Users\Akasdip\morph\data\interim\gary_stafford_real_16k\gs_00670.wav,16000,16000,4.4140625
data\raw\gary_stafford\real\gs_00671.wav,C:\Users\Akasdip\morph\data\interim\gary_stafford_real_16k\gs_00671.wav,16000,16000,4.2250625
data\raw\gary_stafford\real\gs_00672.wav,C:\Users\Akasdip\morph\data\interim\gary_stafford_real_16k\gs_00672.wav,16000,16000,2.8440625
data\raw\gary_stafford\real\gs_00673.wav,C:\Users\Akasdip\morph\data\interim\gary_stafford_real_16k\gs_00673.wav,16000,16000,3.9460625
data\raw\gary_stafford\real\gs_00674.wav,C:\Users\Akasdip\morph\data\interim\gary_stafford_real_16k\gs_00674.wav,16000,16000,3.61
data\raw\gary_stafford\real\gs_00675.wav,C:\Users\Akasdip\morph\data\interim\gary_stafford_real_16k\gs_00675.wav,16000,16000,6.8030625
data\raw\gary_stafford\real\gs_00676.wav,C:\Users\Akasdip\morph\data\interim\gary_stafford_real_16k\gs_00676.wav,16000,16000,6.684
data\raw\gary_stafford\real\gs_00677.wav,C:\Users\Akasdip\morph\data\interim\gary_stafford_real_16k\gs_00677.wav,16000,16000,2.861
data\raw\gary_stafford\real\gs_00678.wav,C:\Users\Akasdip\morph\data\interim\gary_stafford_real_16k\gs_00678.wav,16000,16000,2.6080625
data\raw\gary_stafford\real\gs_00679.wav,C:\Users\Akasdip\morph\data\interim\gary_stafford_real_16k\gs_00679.wav,16000,16000,2.9230625
data\raw\gary_stafford\real\gs_00680.wav,C:\Users\Akasdip\morph\data\interim\gary_stafford_real_16k\gs_00680.wav,16000,16000,2.9630625
data\raw\gary_stafford\real\gs_00681.wav,C:\Users\Akasdip\morph\data\interim\gary_stafford_real_16k\gs_00681.wav,16000,16000,4.39
data\raw\gary_stafford\real\gs_00682.wav,C:\Users\Akasdip\morph\data\interim\gary_stafford_real_16k\gs_00682.wav,16000,16000,4.035
data\raw\gary_stafford\real\gs_00683.wav,C:\Users\Akasdip\morph\data\interim\gary_stafford_real_16k\gs_00683.wav,16000,16000,4.967
data\raw\gary_stafford\real\gs_00684.wav,C:\Users\Akasdip\morph\data\interim\gary_stafford_real_16k\gs_00684.wav,16000,16000,7.5960625
data\raw\gary_stafford\real\gs_00685.wav,C:\Users\Akasdip\morph\data\interim\gary_stafford_real_16k\gs_00685.wav,16000,16000,4.184
data\raw\gary_stafford\real\gs_00686.wav,C:\Users\Akasdip\morph\data\interim\gary_stafford_real_16k\gs_00686.wav,16000,16000,8.1
data\raw\gary_stafford\real\gs_00687.wav,C:\Users\Akasdip\morph\data\interim\gary_stafford_real_16k\gs_00687.wav,16000,16000,4.032
data\raw\gary_stafford\real\gs_00688.wav,C:\Users\Akasdip\morph\data\interim\gary_stafford_real_16k\gs_00688.wav,16000,16000,3.843
data\raw\gary_stafford\real\gs_00689.wav,C:\Users\Akasdip\morph\data\interim\gary_stafford_real_16k\gs_00689.wav,16000,16000,2.6060625
data\raw\gary_stafford\real\gs_00690.wav,C:\Users\Akasdip\morph\data\interim\gary_stafford_real_16k\gs_00690.wav,16000,16000,4.701
data\raw\gary_stafford\real\gs_00691.wav,C:\Users\Akasdip\morph\data\interim\gary_stafford_real_16k\gs_00691.wav,16000,16000,3.2670625
data\raw\gary_stafford\real\gs_00692.wav,C:\Users\Akasdip\morph\data\interim\gary_stafford_real_16k\gs_00692.wav,16000,16000,8.809
data\raw\gary_stafford\real\gs_00693.wav,C:\Users\Akasdip\morph\data\interim\gary_stafford_real_16k\gs_00693.wav,16000,16000,2.6350625
data\raw\gary_stafford\real\gs_00694.wav,C:\Users\Akasdip\morph\data\interim\gary_stafford_real_16k\gs_00694.wav,16000,16000,4.5380625
data\raw\gary_stafford\real\gs_00695.wav,C:\Users\Akasdip\morph\data\interim\gary_stafford_real_16k\gs_00695.wav,16000,16000,3.2380625
data\raw\gary_stafford\real\gs_00696.wav,C:\Users\Akasdip\morph\data\interim\gary_stafford_real_16k\gs_00696.wav,16000,16000,3.9280625
data\raw\gary_stafford\real\gs_00697.wav,C:\Users\Akasdip\morph\data\interim\gary_stafford_real_16k\gs_00697.wav,16000,16000,4.4480625
data\raw\gary_stafford\real\gs_00698.wav,C:\Users\Akasdip\morph\data\interim\gary_stafford_real_16k\gs_00698.wav,16000,16000,7.094
data\raw\gary_stafford\real\gs_00699.wav,C:\Users\Akasdip\morph\data\interim\gary_stafford_real_16k\gs_00699.wav,16000,16000,3.983
data\raw\gary_stafford\real\gs_00700.wav,C:\Users\Akasdip\morph\data\interim\gary_stafford_real_16k\gs_00700.wav,16000,16000,3.786
data\raw\gary_stafford\real\gs_00701.wav,C:\Users\Akasdip\morph\data\interim\gary_stafford_real_16k\gs_00701.wav,16000,16000,6.7260625
data\raw\gary_stafford\real\gs_00702.wav,C:\Users\Akasdip\morph\data\interim\gary_stafford_real_16k\gs_00702.wav,16000,16000,2.52
data\raw\gary_stafford\real\gs_00703.wav,C:\Users\Akasdip\morph\data\interim\gary_stafford_real_16k\gs_00703.wav,16000,16000,3.894
data\raw\gary_stafford\real\gs_00704.wav,C:\Users\Akasdip\morph\data\interim\gary_stafford_real_16k\gs_00704.wav,16000,16000,4.142
data\raw\gary_stafford\real\gs_00705.wav,C:\Users\Akasdip\morph\data\interim\gary_stafford_real_16k\gs_00705.wav,16000,16000,7.0950625
data\raw\gary_stafford\real\gs_00706.wav,C:\Users\Akasdip\morph\data\interim\gary_stafford_real_16k\gs_00706.wav,16000,16000,5.135
data\raw\gary_stafford\real\gs_00707.wav,C:\Users\Akasdip\morph\data\interim\gary_stafford_real_16k\gs_00707.wav,16000,16000,4.051
data\raw\gary_stafford\real\gs_00708.wav,C:\Users\Akasdip\morph\data\interim\gary_stafford_real_16k\gs_00708.wav,16000,16000,4.2420625
data\raw\gary_stafford\real\gs_00709.wav,C:\Users\Akasdip\morph\data\interim\gary_stafford_real_16k\gs_00709.wav,16000,16000,5.4870625
data\raw\gary_stafford\real\gs_00710.wav,C:\Users\Akasdip\morph\data\interim\gary_stafford_real_16k\gs_00710.wav,16000,16000,3.043
data\raw\gary_stafford\real\gs_00711.wav,C:\Users\Akasdip\morph\data\interim\gary_stafford_real_16k\gs_00711.wav,16000,16000,3.1870625
data\raw\gary_stafford\real\gs_00712.wav,C:\Users\Akasdip\morph\data\interim\gary_stafford_real_16k\gs_00712.wav,16000,16000,5.743
data\raw\gary_stafford\real\gs_00713.wav,C:\Users\Akasdip\morph\data\interim\gary_stafford_real_16k\gs_00713.wav,16000,16000,4.7090625
data\raw\gary_stafford\real\gs_00714.wav,C:\Users\Akasdip\morph\data\interim\gary_stafford_real_16k\gs_00714.wav,16000,16000,4.1150625
data\raw\gary_stafford\real\gs_00715.wav,C:\Users\Akasdip\morph\data\interim\gary_stafford_real_16k\gs_00715.wav,16000,16000,2.502
data\raw\gary_stafford\real\gs_00716.wav,C:\Users\Akasdip\morph\data\interim\gary_stafford_real_16k\gs_00716.wav,16000,16000,3.0080625
data\raw\gary_stafford\real\gs_00717.wav,C:\Users\Akasdip\morph\data\interim\gary_stafford_real_16k\gs_00717.wav,16000,16000,3.61
data\raw\gary_stafford\real\gs_00718.wav,C:\Users\Akasdip\morph\data\interim\gary_stafford_real_16k\gs_00718.wav,16000,16000,3.5060625
data\raw\gary_stafford\real\gs_00719.wav,C:\Users\Akasdip\morph\data\interim\gary_stafford_real_16k\gs_00719.wav,16000,16000,4.4020625
data\raw\gary_stafford\real\gs_00720.wav,C:\Users\Akasdip\morph\data\interim\gary_stafford_real_16k\gs_00720.wav,16000,16000,10.861
data\raw\gary_stafford\real\gs_00721.wav,C:\Users\Akasdip\morph\data\interim\gary_stafford_real_16k\gs_00721.wav,16000,16000,6.0780625
data\raw\gary_stafford\real\gs_00722.wav,C:\Users\Akasdip\morph\data\interim\gary_stafford_real_16k\gs_00722.wav,16000,16000,2.623
data\raw\gary_stafford\real\gs_00723.wav,C:\Users\Akasdip\morph\data\interim\gary_stafford_real_16k\gs_00723.wav,16000,16000,5.132
data\raw\gary_stafford\real\gs_00724.wav,C:\Users\Akasdip\morph\data\interim\gary_stafford_real_16k\gs_00724.wav,16000,16000,7.565
data\raw\gary_stafford\real\gs_00725.wav,C:\Users\Akasdip\morph\data\interim\gary_stafford_real_16k\gs_00725.wav,16000,16000,7.213
data\raw\gary_stafford\real\gs_00726.wav,C:\Users\Akasdip\morph\data\interim\gary_stafford_real_16k\gs_00726.wav,16000,16000,4.485
data\raw\gary_stafford\real\gs_00727.wav,C:\Users\Akasdip\morph\data\interim\gary_stafford_real_16k\gs_00727.wav,16000,16000,6.565
data\raw\gary_stafford\real\gs_00728.wav,C:\Users\Akasdip\morph\data\interim\gary_stafford_real_16k\gs_00728.wav,16000,16000,4.936
data\raw\gary_stafford\real\gs_00729.wav,C:\Users\Akasdip\morph\data\interim\gary_stafford_real_16k\gs_00729.wav,16000,16000,3.192
data\raw\gary_stafford\real\gs_00730.wav,C:\Users\Akasdip\morph\data\interim\gary_stafford_real_16k\gs_00730.wav,16000,16000,5.833
data\raw\gary_stafford\real\gs_00731.wav,C:\Users\Akasdip\morph\data\interim\gary_stafford_real_16k\gs_00731.wav,16000,16000,3.8690625
data\raw\gary_stafford\real\gs_00732.wav,C:\Users\Akasdip\morph\data\interim\gary_stafford_real_16k\gs_00732.wav,16000,16000,9.4890625
data\raw\gary_stafford\real\gs_00733.wav,C:\Users\Akasdip\morph\data\interim\gary_stafford_real_16k\gs_00733.wav,16000,16000,6.2780625
data\raw\gary_stafford\real\gs_00734.wav,C:\Users\Akasdip\morph\data\interim\gary_stafford_real_16k\gs_00734.wav,16000,16000,6.433
data\raw\gary_stafford\real\gs_00735.wav,C:\Users\Akasdip\morph\data\interim\gary_stafford_real_16k\gs_00735.wav,16000,16000,2.913
data\raw\gary_stafford\real\gs_00736.wav,C:\Users\Akasdip\morph\data\interim\gary_stafford_real_16k\gs_00736.wav,16000,16000,3.552
data\raw\gary_stafford\real\gs_00737.wav,C:\Users\Akasdip\morph\data\interim\gary_stafford_real_16k\gs_00737.wav,16000,16000,5.0990625
data\raw\gary_stafford\real\gs_00738.wav,C:\Users\Akasdip\morph\data\interim\gary_stafford_real_16k\gs_00738.wav,16000,16000,9.951
data\raw\gary_stafford\real\gs_00739.wav,C:\Users\Akasdip\morph\data\interim\gary_stafford_real_16k\gs_00739.wav,16000,16000,7.4490625
data\raw\gary_stafford\real\gs_00740.wav,C:\Users\Akasdip\morph\data\interim\gary_stafford_real_16k\gs_00740.wav,16000,16000,3.3340625
data\raw\gary_stafford\real\gs_00741.wav,C:\Users\Akasdip\morph\data\interim\gary_stafford_real_16k\gs_00741.wav,16000,16000,2.94
data\raw\gary_stafford\real\gs_00742.wav,C:\Users\Akasdip\morph\data\interim\gary_stafford_real_16k\gs_00742.wav,16000,16000,3.693
data\raw\gary_stafford\real\gs_00743.wav,C:\Users\Akasdip\morph\data\interim\gary_stafford_real_16k\gs_00743.wav,16000,16000,7.644
data\raw\gary_stafford\real\gs_00744.wav,C:\Users\Akasdip\morph\data\interim\gary_stafford_real_16k\gs_00744.wav,16000,16000,4.7090625
data\raw\gary_stafford\real\gs_00745.wav,C:\Users\Akasdip\morph\data\interim\gary_stafford_real_16k\gs_00745.wav,16000,16000,6.451
data\raw\gary_stafford\real\gs_00746.wav,C:\Users\Akasdip\morph\data\interim\gary_stafford_real_16k\gs_00746.wav,16000,16000,5.72
data\raw\gary_stafford\real\gs_00747.wav,C:\Users\Akasdip\morph\data\interim\gary_stafford_real_16k\gs_00747.wav,16000,16000,5.1090625
data\raw\gary_stafford\real\gs_00748.wav,C:\Users\Akasdip\morph\data\interim\gary_stafford_real_16k\gs_00748.wav,16000,16000,3.443
data\raw\gary_stafford\real\gs_00749.wav,C:\Users\Akasdip\morph\data\interim\gary_stafford_real_16k\gs_00749.wav,16000,16000,2.8850625
data\raw\gary_stafford\real\gs_00750.wav,C:\Users\Akasdip\morph\data\interim\gary_stafford_real_16k\gs_00750.wav,16000,16000,5.4770625
data\raw\gary_stafford\real\gs_00751.wav,C:\Users\Akasdip\morph\data\interim\gary_stafford_real_16k\gs_00751.wav,16000,16000,4.125
data\raw\gary_stafford\real\gs_00752.wav,C:\Users\Akasdip\morph\data\interim\gary_stafford_real_16k\gs_00752.wav,16000,16000,2.663
data\raw\gary_stafford\real\gs_00753.wav,C:\Users\Akasdip\morph\data\interim\gary_stafford_real_16k\gs_00753.wav,16000,16000,8.063
data\raw\gary_stafford\real\gs_00754.wav,C:\Users\Akasdip\morph\data\interim\gary_stafford_real_16k\gs_00754.wav,16000,16000,3.87
data\raw\gary_stafford\real\gs_00755.wav,C:\Users\Akasdip\morph\data\interim\gary_stafford_real_16k\gs_00755.wav,16000,16000,4.292
data\raw\gary_stafford\real\gs_00756.wav,C:\Users\Akasdip\morph\data\interim\gary_stafford_real_16k\gs_00756.wav,16000,16000,5.06
data\raw\gary_stafford\real\gs_00757.wav,C:\Users\Akasdip\morph\data\interim\gary_stafford_real_16k\gs_00757.wav,16000,16000,4.9320625
data\raw\gary_stafford\real\gs_00758.wav,C:\Users\Akasdip\morph\data\interim\gary_stafford_real_16k\gs_00758.wav,16000,16000,6.819
data\raw\gary_stafford\real\gs_00759.wav,C:\Users\Akasdip\morph\data\interim\gary_stafford_real_16k\gs_00759.wav,16000,16000,5.814
data\raw\gary_stafford\real\gs_00760.wav,C:\Users\Akasdip\morph\data\interim\gary_stafford_real_16k\gs_00760.wav,16000,16000,3.18
data\raw\gary_stafford\real\gs_00761.wav,C:\Users\Akasdip\morph\data\interim\gary_stafford_real_16k\gs_00761.wav,16000,16000,3.923
data\raw\gary_stafford\real\gs_00762.wav,C:\Users\Akasdip\morph\data\interim\gary_stafford_real_16k\gs_00762.wav,16000,16000,3.255
data\raw\gary_stafford\real\gs_00763.wav,C:\Users\Akasdip\morph\data\interim\gary_stafford_real_16k\gs_00763.wav,16000,16000,2.77
data\raw\gary_stafford\real\gs_00764.wav,C:\Users\Akasdip\morph\data\interim\gary_stafford_real_16k\gs_00764.wav,16000,16000,9.823
data\raw\gary_stafford\real\gs_00765.wav,C:\Users\Akasdip\morph\data\interim\gary_stafford_real_16k\gs_00765.wav,16000,16000,3.2160625
data\raw\gary_stafford\real\gs_00766.wav,C:\Users\Akasdip\morph\data\interim\gary_stafford_real_16k\gs_00766.wav,16000,16000,5.483
data\raw\gary_stafford\real\gs_00767.wav,C:\Users\Akasdip\morph\data\interim\gary_stafford_real_16k\gs_00767.wav,16000,16000,5.483
data\raw\gary_stafford\real\gs_00768.wav,C:\Users\Akasdip\morph\data\interim\gary_stafford_real_16k\gs_00768.wav,16000,16000,6.651
data\raw\gary_stafford\real\gs_00769.wav,C:\Users\Akasdip\morph\data\interim\gary_stafford_real_16k\gs_00769.wav,16000,16000,6.651
data\raw\gary_stafford\real\gs_00770.wav,C:\Users\Akasdip\morph\data\interim\gary_stafford_real_16k\gs_00770.wav,16000,16000,6.82
data\raw\gary_stafford\real\gs_00771.wav,C:\Users\Akasdip\morph\data\interim\gary_stafford_real_16k\gs_00771.wav,16000,16000,5.5690625
data\raw\gary_stafford\real\gs_00772.wav,C:\Users\Akasdip\morph\data\interim\gary_stafford_real_16k\gs_00772.wav,16000,16000,4.6470625
data\raw\gary_stafford\real\gs_00773.wav,C:\Users\Akasdip\morph\data\interim\gary_stafford_real_16k\gs_00773.wav,16000,16000,6.174
data\raw\gary_stafford\real\gs_00774.wav,C:\Users\Akasdip\morph\data\interim\gary_stafford_real_16k\gs_00774.wav,16000,16000,5.5570625
data\raw\gary_stafford\real\gs_00775.wav,C:\Users\Akasdip\morph\data\interim\gary_stafford_real_16k\gs_00775.wav,16000,16000,2.608
data\raw\gary_stafford\real\gs_00776.wav,C:\Users\Akasdip\morph\data\interim\gary_stafford_real_16k\gs_00776.wav,16000,16000,4.0640625
data\raw\gary_stafford\real\gs_00777.wav,C:\Users\Akasdip\morph\data\interim\gary_stafford_real_16k\gs_00777.wav,16000,16000,5.1150625
data\raw\gary_stafford\real\gs_00778.wav,C:\Users\Akasdip\morph\data\interim\gary_stafford_real_16k\gs_00778.wav,16000,16000,3.49
data\raw\gary_stafford\real\gs_00779.wav,C:\Users\Akasdip\morph\data\interim\gary_stafford_real_16k\gs_00779.wav,16000,16000,3.262
data\raw\gary_stafford\real\gs_00780.wav,C:\Users\Akasdip\morph\data\interim\gary_stafford_real_16k\gs_00780.wav,16000,16000,3.463
data\raw\gary_stafford\real\gs_00781.wav,C:\Users\Akasdip\morph\data\interim\gary_stafford_real_16k\gs_00781.wav,16000,16000,4.0190625
data\raw\gary_stafford\real\gs_00782.wav,C:\Users\Akasdip\morph\data\interim\gary_stafford_real_16k\gs_00782.wav,16000,16000,7.6330625
data\raw\gary_stafford\real\gs_00783.wav,C:\Users\Akasdip\morph\data\interim\gary_stafford_real_16k\gs_00783.wav,16000,16000,3.5620625
data\raw\gary_stafford\real\gs_00784.wav,C:\Users\Akasdip\morph\data\interim\gary_stafford_real_16k\gs_00784.wav,16000,16000,3.273
data\raw\gary_stafford\real\gs_00785.wav,C:\Users\Akasdip\morph\data\interim\gary_stafford_real_16k\gs_00785.wav,16000,16000,10.0420625
data\raw\gary_stafford\real\gs_00786.wav,C:\Users\Akasdip\morph\data\interim\gary_stafford_real_16k\gs_00786.wav,16000,16000,4.7330625
data\raw\gary_stafford\real\gs_00787.wav,C:\Users\Akasdip\morph\data\interim\gary_stafford_real_16k\gs_00787.wav,16000,16000,6.351
data\raw\gary_stafford\real\gs_00788.wav,C:\Users\Akasdip\morph\data\interim\gary_stafford_real_16k\gs_00788.wav,16000,16000,4.012
data\raw\gary_stafford\real\gs_00789.wav,C:\Users\Akasdip\morph\data\interim\gary_stafford_real_16k\gs_00789.wav,16000,16000,5.044
data\raw\gary_stafford\real\gs_00790.wav,C:\Users\Akasdip\morph\data\interim\gary_stafford_real_16k\gs_00790.wav,16000,16000,4.0780625
data\raw\gary_stafford\real\gs_00791.wav,C:\Users\Akasdip\morph\data\interim\gary_stafford_real_16k\gs_00791.wav,16000,16000,4.2480625
data\raw\gary_stafford\real\gs_00792.wav,C:\Users\Akasdip\morph\data\interim\gary_stafford_real_16k\gs_00792.wav,16000,16000,4.691
data\raw\gary_stafford\real\gs_00793.wav,C:\Users\Akasdip\morph\data\interim\gary_stafford_real_16k\gs_00793.wav,16000,16000,8.4280625
data\raw\gary_stafford\real\gs_00794.wav,C:\Users\Akasdip\morph\data\interim\gary_stafford_real_16k\gs_00794.wav,16000,16000,4.424
data\raw\gary_stafford\real\gs_00795.wav,C:\Users\Akasdip\morph\data\interim\gary_stafford_real_16k\gs_00795.wav,16000,16000,3.717
data\raw\gary_stafford\real\gs_00796.wav,C:\Users\Akasdip\morph\data\interim\gary_stafford_real_16k\gs_00796.wav,16000,16000,3.8260625
data\raw\gary_stafford\real\gs_00797.wav,C:\Users\Akasdip\morph\data\interim\gary_stafford_real_16k\gs_00797.wav,16000,16000,6.744
data\raw\gary_stafford\real\gs_00798.wav,C:\Users\Akasdip\morph\data\interim\gary_stafford_real_16k\gs_00798.wav,16000,16000,4.2540625
data\raw\gary_stafford\real\gs_00799.wav,C:\Users\Akasdip\morph\data\interim\gary_stafford_real_16k\gs_00799.wav,16000,16000,3.212
data\raw\gary_stafford\real\gs_00800.wav,C:\Users\Akasdip\morph\data\interim\gary_stafford_real_16k\gs_00800.wav,16000,16000,8.0920625
data\raw\gary_stafford\real\gs_00801.wav,C:\Users\Akasdip\morph\data\interim\gary_stafford_real_16k\gs_00801.wav,16000,16000,8.45
data\raw\gary_stafford\real\gs_00802.wav,C:\Users\Akasdip\morph\data\interim\gary_stafford_real_16k\gs_00802.wav,16000,16000,5.7690625
data\raw\gary_stafford\real\gs_00803.wav,C:\Users\Akasdip\morph\data\interim\gary_stafford_real_16k\gs_00803.wav,16000,16000,5.852
data\raw\gary_stafford\real\gs_00804.wav,C:\Users\Akasdip\morph\data\interim\gary_stafford_real_16k\gs_00804.wav,16000,16000,4.064
data\raw\gary_stafford\real\gs_00805.wav,C:\Users\Akasdip\morph\data\interim\gary_stafford_real_16k\gs_00805.wav,16000,16000,5.264
data\raw\gary_stafford\real\gs_00806.wav,C:\Users\Akasdip\morph\data\interim\gary_stafford_real_16k\gs_00806.wav,16000,16000,3.082
data\raw\gary_stafford\real\gs_00807.wav,C:\Users\Akasdip\morph\data\interim\gary_stafford_real_16k\gs_00807.wav,16000,16000,4.847
data\raw\gary_stafford\real\gs_00808.wav,C:\Users\Akasdip\morph\data\interim\gary_stafford_real_16k\gs_00808.wav,16000,16000,5.9050625
data\raw\gary_stafford\real\gs_00809.wav,C:\Users\Akasdip\morph\data\interim\gary_stafford_real_16k\gs_00809.wav,16000,16000,2.9860625
data\raw\gary_stafford\real\gs_00810.wav,C:\Users\Akasdip\morph\data\interim\gary_stafford_real_16k\gs_00810.wav,16000,16000,2.615
data\raw\gary_stafford\real\gs_00811.wav,C:\Users\Akasdip\morph\data\interim\gary_stafford_real_16k\gs_00811.wav,16000,16000,4.5260625
data\raw\gary_stafford\real\gs_00812.wav,C:\Users\Akasdip\morph\data\interim\gary_stafford_real_16k\gs_00812.wav,16000,16000,4.282
data\raw\gary_stafford\real\gs_00813.wav,C:\Users\Akasdip\morph\data\interim\gary_stafford_real_16k\gs_00813.wav,16000,16000,3.15
data\raw\gary_stafford\real\gs_00814.wav,C:\Users\Akasdip\morph\data\interim\gary_stafford_real_16k\gs_00814.wav,16000,16000,4.0970625
data\raw\gary_stafford\real\gs_00815.wav,C:\Users\Akasdip\morph\data\interim\gary_stafford_real_16k\gs_00815.wav,16000,16000,2.942
data\raw\gary_stafford\real\gs_00816.wav,C:\Users\Akasdip\morph\data\interim\gary_stafford_real_16k\gs_00816.wav,16000,16000,4.776
data\raw\gary_stafford\real\gs_00817.wav,C:\Users\Akasdip\morph\data\interim\gary_stafford_real_16k\gs_00817.wav,16000,16000,11.325
data\raw\gary_stafford\real\gs_00818.wav,C:\Users\Akasdip\morph\data\interim\gary_stafford_real_16k\gs_00818.wav,16000,16000,4.8320625
data\raw\gary_stafford\real\gs_00819.wav,C:\Users\Akasdip\morph\data\interim\gary_stafford_real_16k\gs_00819.wav,16000,16000,2.5610625
data\raw\gary_stafford\real\gs_00820.wav,C:\Users\Akasdip\morph\data\interim\gary_stafford_real_16k\gs_00820.wav,16000,16000,3.223
data\raw\gary_stafford\real\gs_00821.wav,C:\Users\Akasdip\morph\data\interim\gary_stafford_real_16k\gs_00821.wav,16000,16000,2.9650625
data\raw\gary_stafford\real\gs_00822.wav,C:\Users\Akasdip\morph\data\interim\gary_stafford_real_16k\gs_00822.wav,16000,16000,5.422
data\raw\gary_stafford\real\gs_00823.wav,C:\Users\Akasdip\morph\data\interim\gary_stafford_real_16k\gs_00823.wav,16000,16000,6.483
data\raw\gary_stafford\real\gs_00824.wav,C:\Users\Akasdip\morph\data\interim\gary_stafford_real_16k\gs_00824.wav,16000,16000,5.7260625
data\raw\gary_stafford\real\gs_00825.wav,C:\Users\Akasdip\morph\data\interim\gary_stafford_real_16k\gs_00825.wav,16000,16000,3.329
data\raw\gary_stafford\real\gs_00826.wav,C:\Users\Akasdip\morph\data\interim\gary_stafford_real_16k\gs_00826.wav,16000,16000,4.581
data\raw\gary_stafford\real\gs_00827.wav,C:\Users\Akasdip\morph\data\interim\gary_stafford_real_16k\gs_00827.wav,16000,16000,3.322
data\raw\gary_stafford\real\gs_00828.wav,C:\Users\Akasdip\morph\data\interim\gary_stafford_real_16k\gs_00828.wav,16000,16000,4.5870625
data\raw\gary_stafford\real\gs_00829.wav,C:\Users\Akasdip\morph\data\interim\gary_stafford_real_16k\gs_00829.wav,16000,16000,3.7160625
data\raw\gary_stafford\real\gs_00830.wav,C:\Users\Akasdip\morph\data\interim\gary_stafford_real_16k\gs_00830.wav,16000,16000,7.301
data\raw\gary_stafford\real\gs_00831.wav,C:\Users\Akasdip\morph\data\interim\gary_stafford_real_16k\gs_00831.wav,16000,16000,2.892
data\raw\gary_stafford\real\gs_00832.wav,C:\Users\Akasdip\morph\data\interim\gary_stafford_real_16k\gs_00832.wav,16000,16000,3.9780625
data\raw\gary_stafford\real\gs_00833.wav,C:\Users\Akasdip\morph\data\interim\gary_stafford_real_16k\gs_00833.wav,16000,16000,3.2150625
data\raw\gary_stafford\real\gs_00834.wav,C:\Users\Akasdip\morph\data\interim\gary_stafford_real_16k\gs_00834.wav,16000,16000,4.0850625
data\raw\gary_stafford\real\gs_00835.wav,C:\Users\Akasdip\morph\data\interim\gary_stafford_real_16k\gs_00835.wav,16000,16000,7.621
data\raw\gary_stafford\real\gs_00836.wav,C:\Users\Akasdip\morph\data\interim\gary_stafford_real_16k\gs_00836.wav,16000,16000,5.291
data\raw\gary_stafford\real\gs_00837.wav,C:\Users\Akasdip\morph\data\interim\gary_stafford_real_16k\gs_00837.wav,16000,16000,7.0240625
data\raw\gary_stafford\real\gs_00838.wav,C:\Users\Akasdip\morph\data\interim\gary_stafford_real_16k\gs_00838.wav,16000,16000,2.903
data\raw\gary_stafford\real\gs_00839.wav,C:\Users\Akasdip\morph\data\interim\gary_stafford_real_16k\gs_00839.wav,16000,16000,2.5280625
data\raw\gary_stafford\real\gs_00840.wav,C:\Users\Akasdip\morph\data\interim\gary_stafford_real_16k\gs_00840.wav,16000,16000,3.6390625
data\raw\gary_stafford\real\gs_00841.wav,C:\Users\Akasdip\morph\data\interim\gary_stafford_real_16k\gs_00841.wav,16000,16000,4.583
data\raw\gary_stafford\real\gs_00842.wav,C:\Users\Akasdip\morph\data\interim\gary_stafford_real_16k\gs_00842.wav,16000,16000,5.547
data\raw\gary_stafford\real\gs_00843.wav,C:\Users\Akasdip\morph\data\interim\gary_stafford_real_16k\gs_00843.wav,16000,16000,6.005
data\raw\gary_stafford\real\gs_00844.wav,C:\Users\Akasdip\morph\data\interim\gary_stafford_real_16k\gs_00844.wav,16000,16000,5.261
data\raw\gary_stafford\real\gs_00845.wav,C:\Users\Akasdip\morph\data\interim\gary_stafford_real_16k\gs_00845.wav,16000,16000,7.483
data\raw\gary_stafford\real\gs_00846.wav,C:\Users\Akasdip\morph\data\interim\gary_stafford_real_16k\gs_00846.wav,16000,16000,3.186
data\raw\gary_stafford\real\gs_00847.wav,C:\Users\Akasdip\morph\data\interim\gary_stafford_real_16k\gs_00847.wav,16000,16000,4.8790625
data\raw\gary_stafford\real\gs_00848.wav,C:\Users\Akasdip\morph\data\interim\gary_stafford_real_16k\gs_00848.wav,16000,16000,4.9350625
data\raw\gary_stafford\real\gs_00849.wav,C:\Users\Akasdip\morph\data\interim\gary_stafford_real_16k\gs_00849.wav,16000,16000,6.0
data\raw\gary_stafford\real\gs_00850.wav,C:\Users\Akasdip\morph\data\interim\gary_stafford_real_16k\gs_00850.wav,16000,16000,3.445
data\raw\gary_stafford\real\gs_00851.wav,C:\Users\Akasdip\morph\data\interim\gary_stafford_real_16k\gs_00851.wav,16000,16000,4.823
data\raw\gary_stafford\real\gs_00852.wav,C:\Users\Akasdip\morph\data\interim\gary_stafford_real_16k\gs_00852.wav,16000,16000,2.5
data\raw\gary_stafford\real\gs_00853.wav,C:\Users\Akasdip\morph\data\interim\gary_stafford_real_16k\gs_00853.wav,16000,16000,2.98
data\raw\gary_stafford\real\gs_00854.wav,C:\Users\Akasdip\morph\data\interim\gary_stafford_real_16k\gs_00854.wav,16000,16000,2.701
data\raw\gary_stafford\real\gs_00855.wav,C:\Users\Akasdip\morph\data\interim\gary_stafford_real_16k\gs_00855.wav,16000,16000,3.414
data\raw\gary_stafford\real\gs_00856.wav,C:\Users\Akasdip\morph\data\interim\gary_stafford_real_16k\gs_00856.wav,16000,16000,4.3860625
data\raw\gary_stafford\real\gs_00857.wav,C:\Users\Akasdip\morph\data\interim\gary_stafford_real_16k\gs_00857.wav,16000,16000,4.232
data\raw\gary_stafford\real\gs_00858.wav,C:\Users\Akasdip\morph\data\interim\gary_stafford_real_16k\gs_00858.wav,16000,16000,6.43
data\raw\gary_stafford\real\gs_00859.wav,C:\Users\Akasdip\morph\data\interim\gary_stafford_real_16k\gs_00859.wav,16000,16000,6.102
data\raw\gary_stafford\real\gs_00860.wav,C:\Users\Akasdip\morph\data\interim\gary_stafford_real_16k\gs_00860.wav,16000,16000,6.952
data\raw\gary_stafford\real\gs_00861.wav,C:\Users\Akasdip\morph\data\interim\gary_stafford_real_16k\gs_00861.wav,16000,16000,5.839
data\raw\gary_stafford\real\gs_00862.wav,C:\Users\Akasdip\morph\data\interim\gary_stafford_real_16k\gs_00862.wav,16000,16000,3.5580625
data\raw\gary_stafford\real\gs_00863.wav,C:\Users\Akasdip\morph\data\interim\gary_stafford_real_16k\gs_00863.wav,16000,16000,5.7390625
data\raw\gary_stafford\real\gs_00864.wav,C:\Users\Akasdip\morph\data\interim\gary_stafford_real_16k\gs_00864.wav,16000,16000,10.203
data\raw\gary_stafford\real\gs_00865.wav,C:\Users\Akasdip\morph\data\interim\gary_stafford_real_16k\gs_00865.wav,16000,16000,6.6130625
data\raw\gary_stafford\real\gs_00866.wav,C:\Users\Akasdip\morph\data\interim\gary_stafford_real_16k\gs_00866.wav,16000,16000,4.063
data\raw\gary_stafford\real\gs_00867.wav,C:\Users\Akasdip\morph\data\interim\gary_stafford_real_16k\gs_00867.wav,16000,16000,6.734
data\raw\gary_stafford\real\gs_00868.wav,C:\Users\Akasdip\morph\data\interim\gary_stafford_real_16k\gs_00868.wav,16000,16000,5.713
data\raw\gary_stafford\real\gs_00869.wav,C:\Users\Akasdip\morph\data\interim\gary_stafford_real_16k\gs_00869.wav,16000,16000,7.18
data\raw\gary_stafford\real\gs_00870.wav,C:\Users\Akasdip\morph\data\interim\gary_stafford_real_16k\gs_00870.wav,16000,16000,6.7680625
data\raw\gary_stafford\real\gs_00871.wav,C:\Users\Akasdip\morph\data\interim\gary_stafford_real_16k\gs_00871.wav,16000,16000,6.7680625
data\raw\gary_stafford\real\gs_00872.wav,C:\Users\Akasdip\morph\data\interim\gary_stafford_real_16k\gs_00872.wav,16000,16000,4.385
data\raw\gary_stafford\real\gs_00873.wav,C:\Users\Akasdip\morph\data\interim\gary_stafford_real_16k\gs_00873.wav,16000,16000,5.6990625
data\raw\gary_stafford\real\gs_00874.wav,C:\Users\Akasdip\morph\data\interim\gary_stafford_real_16k\gs_00874.wav,16000,16000,3.574
data\raw\gary_stafford\real\gs_00875.wav,C:\Users\Akasdip\morph\data\interim\gary_stafford_real_16k\gs_00875.wav,16000,16000,3.88
data\raw\gary_stafford\real\gs_00876.wav,C:\Users\Akasdip\morph\data\interim\gary_stafford_real_16k\gs_00876.wav,16000,16000,5.6490625
data\raw\gary_stafford\real\gs_00877.wav,C:\Users\Akasdip\morph\data\interim\gary_stafford_real_16k\gs_00877.wav,16000,16000,4.92
data\raw\gary_stafford\real\gs_00878.wav,C:\Users\Akasdip\morph\data\interim\gary_stafford_real_16k\gs_00878.wav,16000,16000,2.9670625
data\raw\gary_stafford\real\gs_00879.wav,C:\Users\Akasdip\morph\data\interim\gary_stafford_real_16k\gs_00879.wav,16000,16000,4.786
data\raw\gary_stafford\real\gs_00880.wav,C:\Users\Akasdip\morph\data\interim\gary_stafford_real_16k\gs_00880.wav,16000,16000,5.562
data\raw\gary_stafford\real\gs_00881.wav,C:\Users\Akasdip\morph\data\interim\gary_stafford_real_16k\gs_00881.wav,16000,16000,2.8260625
data\raw\gary_stafford\real\gs_00882.wav,C:\Users\Akasdip\morph\data\interim\gary_stafford_real_16k\gs_00882.wav,16000,16000,3.732
data\raw\gary_stafford\real\gs_00883.wav,C:\Users\Akasdip\morph\data\interim\gary_stafford_real_16k\gs_00883.wav,16000,16000,2.513
data\raw\gary_stafford\real\gs_00884.wav,C:\Users\Akasdip\morph\data\interim\gary_stafford_real_16k\gs_00884.wav,16000,16000,2.834
data\raw\gary_stafford\real\gs_00885.wav,C:\Users\Akasdip\morph\data\interim\gary_stafford_real_16k\gs_00885.wav,16000,16000,4.391
data\raw\gary_stafford\real\gs_00886.wav,C:\Users\Akasdip\morph\data\interim\gary_stafford_real_16k\gs_00886.wav,16000,16000,2.726
data\raw\gary_stafford\real\gs_00887.wav,C:\Users\Akasdip\morph\data\interim\gary_stafford_real_16k\gs_00887.wav,16000,16000,3.216
data\raw\gary_stafford\real\gs_00888.wav,C:\Users\Akasdip\morph\data\interim\gary_stafford_real_16k\gs_00888.wav,16000,16000,2.6630625
data\raw\gary_stafford\real\gs_00889.wav,C:\Users\Akasdip\morph\data\interim\gary_stafford_real_16k\gs_00889.wav,16000,16000,3.643
data\raw\gary_stafford\real\gs_00890.wav,C:\Users\Akasdip\morph\data\interim\gary_stafford_real_16k\gs_00890.wav,16000,16000,6.865
data\raw\gary_stafford\real\gs_00891.wav,C:\Users\Akasdip\morph\data\interim\gary_stafford_real_16k\gs_00891.wav,16000,16000,3.6590625
data\raw\gary_stafford\real\gs_00892.wav,C:\Users\Akasdip\morph\data\interim\gary_stafford_real_16k\gs_00892.wav,16000,16000,4.9690625
data\raw\gary_stafford\real\gs_00893.wav,C:\Users\Akasdip\morph\data\interim\gary_stafford_real_16k\gs_00893.wav,16000,16000,3.18
data\raw\gary_stafford\real\gs_00894.wav,C:\Users\Akasdip\morph\data\interim\gary_stafford_real_16k\gs_00894.wav,16000,16000,3.4730625
data\raw\gary_stafford\real\gs_00895.wav,C:\Users\Akasdip\morph\data\interim\gary_stafford_real_16k\gs_00895.wav,16000,16000,2.586
data\raw\gary_stafford\real\gs_00896.wav,C:\Users\Akasdip\morph\data\interim\gary_stafford_real_16k\gs_00896.wav,16000,16000,2.9380625
data\raw\gary_stafford\real\gs_00897.wav,C:\Users\Akasdip\morph\data\interim\gary_stafford_real_16k\gs_00897.wav,16000,16000,3.5960625
data\raw\gary_stafford\real\gs_00898.wav,C:\Users\Akasdip\morph\data\interim\gary_stafford_real_16k\gs_00898.wav,16000,16000,6.27
data\raw\gary_stafford\real\gs_00899.wav,C:\Users\Akasdip\morph\data\interim\gary_stafford_real_16k\gs_00899.wav,16000,16000,4.9690625
data\raw\gary_stafford\real\gs_00900.wav,C:\Users\Akasdip\morph\data\interim\gary_stafford_real_16k\gs_00900.wav,16000,16000,4.523
data\raw\gary_stafford\real\gs_00901.wav,C:\Users\Akasdip\morph\data\interim\gary_stafford_real_16k\gs_00901.wav,16000,16000,6.7340625
data\raw\gary_stafford\real\gs_00902.wav,C:\Users\Akasdip\morph\data\interim\gary_stafford_real_16k\gs_00902.wav,16000,16000,9.2180625
data\raw\gary_stafford\real\gs_00903.wav,C:\Users\Akasdip\morph\data\interim\gary_stafford_real_16k\gs_00903.wav,16000,16000,3.8930625
data\raw\gary_stafford\real\gs_00904.wav,C:\Users\Akasdip\morph\data\interim\gary_stafford_real_16k\gs_00904.wav,16000,16000,5.7870625
data\raw\gary_stafford\real\gs_00905.wav,C:\Users\Akasdip\morph\data\interim\gary_stafford_real_16k\gs_00905.wav,16000,16000,4.101
data\raw\gary_stafford\real\gs_00906.wav,C:\Users\Akasdip\morph\data\interim\gary_stafford_real_16k\gs_00906.wav,16000,16000,6.521
data\raw\gary_stafford\real\gs_00907.wav,C:\Users\Akasdip\morph\data\interim\gary_stafford_real_16k\gs_00907.wav,16000,16000,4.963
data\raw\gary_stafford\real\gs_00908.wav,C:\Users\Akasdip\morph\data\interim\gary_stafford_real_16k\gs_00908.wav,16000,16000,3.262
data\raw\gary_stafford\real\gs_00909.wav,C:\Users\Akasdip\morph\data\interim\gary_stafford_real_16k\gs_00909.wav,16000,16000,4.1060625
data\raw\gary_stafford\real\gs_00910.wav,C:\Users\Akasdip\morph\data\interim\gary_stafford_real_16k\gs_00910.wav,16000,16000,4.044
data\raw\gary_stafford\real\gs_00911.wav,C:\Users\Akasdip\morph\data\interim\gary_stafford_real_16k\gs_00911.wav,16000,16000,3.191
data\raw\gary_stafford\real\gs_00912.wav,C:\Users\Akasdip\morph\data\interim\gary_stafford_real_16k\gs_00912.wav,16000,16000,6.258
data\raw\gary_stafford\real\gs_00913.wav,C:\Users\Akasdip\morph\data\interim\gary_stafford_real_16k\gs_00913.wav,16000,16000,4.2370625
data\raw\gary_stafford\real\gs_00914.wav,C:\Users\Akasdip\morph\data\interim\gary_stafford_real_16k\gs_00914.wav,16000,16000,5.7760625
data\raw\gary_stafford\real\gs_00915.wav,C:\Users\Akasdip\morph\data\interim\gary_stafford_real_16k\gs_00915.wav,16000,16000,3.585
data\raw\gary_stafford\real\gs_00916.wav,C:\Users\Akasdip\morph\data\interim\gary_stafford_real_16k\gs_00916.wav,16000,16000,2.6150625
data\raw\gary_stafford\real\gs_00917.wav,C:\Users\Akasdip\morph\data\interim\gary_stafford_real_16k\gs_00917.wav,16000,16000,5.508
data\raw\gary_stafford\real\gs_00918.wav,C:\Users\Akasdip\morph\data\interim\gary_stafford_real_16k\gs_00918.wav,16000,16000,4.532
data\raw\gary_stafford\real\gs_00919.wav,C:\Users\Akasdip\morph\data\interim\gary_stafford_real_16k\gs_00919.wav,16000,16000,4.232
data\raw\gary_stafford\real\gs_00920.wav,C:\Users\Akasdip\morph\data\interim\gary_stafford_real_16k\gs_00920.wav,16000,16000,4.6790625
data\raw\gary_stafford\real\gs_00921.wav,C:\Users\Akasdip\morph\data\interim\gary_stafford_real_16k\gs_00921.wav,16000,16000,4.92
data\raw\gary_stafford\real\gs_00922.wav,C:\Users\Akasdip\morph\data\interim\gary_stafford_real_16k\gs_00922.wav,16000,16000,6.624
data\raw\gary_stafford\real\gs_00923.wav,C:\Users\Akasdip\morph\data\interim\gary_stafford_real_16k\gs_00923.wav,16000,16000,6.9090625
data\raw\gary_stafford\real\gs_00924.wav,C:\Users\Akasdip\morph\data\interim\gary_stafford_real_16k\gs_00924.wav,16000,16000,3.9180625
data\raw\gary_stafford\real\gs_00925.wav,C:\Users\Akasdip\morph\data\interim\gary_stafford_real_16k\gs_00925.wav,16000,16000,3.79
data\raw\gary_stafford\real\gs_00926.wav,C:\Users\Akasdip\morph\data\interim\gary_stafford_real_16k\gs_00926.wav,16000,16000,3.3790625
data\raw\gary_stafford\real\gs_00927.wav,C:\Users\Akasdip\morph\data\interim\gary_stafford_real_16k\gs_00927.wav,16000,16000,8.56
data\raw\gary_stafford\real\gs_00928.wav,C:\Users\Akasdip\morph\data\interim\gary_stafford_real_16k\gs_00928.wav,16000,16000,4.3320625
data\raw\gary_stafford\real\gs_00929.wav,C:\Users\Akasdip\morph\data\interim\gary_stafford_real_16k\gs_00929.wav,16000,16000,2.65
data\raw\gary_stafford\real\gs_00930.wav,C:\Users\Akasdip\morph\data\interim\gary_stafford_real_16k\gs_00930.wav,16000,16000,4.892
data\raw\gary_stafford\real\gs_00931.wav,C:\Users\Akasdip\morph\data\interim\gary_stafford_real_16k\gs_00931.wav,16000,16000,3.582
data\raw\gary_stafford\real\gs_00932.wav,C:\Users\Akasdip\morph\data\interim\gary_stafford_real_16k\gs_00932.wav,16000,16000,3.5820625
